<?xml version="1.0" encoding="UTF-8"?>
<kml xmlns="http://www.opengis.net/kml/2.2">
  <Document>
    <Placemark>
      <name>Fault Line 1</name>
      <LineString>
        <coordinates>37.112471,-33.139421,0 37.10204,-33.082124,0 37.091611,-33.024835,0 37.081183,-32.967554,0 37.070757,-32.91028,0 37.060194,-32.853053,0 37.049608,-32.79584,0 37.039024,-32.738634,0 37.028144,-32.681525,0 37.016918,-32.624529,0 37.005693,-32.567542,0 36.994469,-32.510562,0</coordinates>
      </LineString>
    </Placemark>
    <Placemark>
      <name>Fault Line 2</name>
      <LineString>
        <coordinates>37.210783,-32.840068,0 37.201385,-32.786187,0 37.191989,-32.732312,0 37.182593,-32.678444,0 37.173199,-32.624582,0 37.164453,-32.570555,0 37.15636,-32.516374,0 37.148268,-32.462198,0 37.140711,-32.407906,0 37.133319,-32.353584,0 37.125928,-32.299267,0 37.118538,-32.244956,0 37.111149,-32.190651,0</coordinates>
      </LineString>
    </Placemark>
    <Placemark>
      <name>Fault Line 3</name>
      <LineString>
        <coordinates>37.434967,-32.478846,0 37.423919,-32.424111,0 37.412872,-32.369383,0 37.401826,-32.314663,0 37.390782,-32.25995,0 37.37974,-32.205245,0 37.368699,-32.150548,0 37.35766,-32.095858,0 37.350041,-32.040259,0 37.343047,-31.984535,0 37.336054,-31.928816,0 37.329061,-31.873102,0 37.322069,-31.817392,0 37.315077,-31.761687,0 37.308087,-31.705988,0 37.30073,-31.65037,0 37.293327,-31.594768,0 37.285924,-31.539171,0 37.278522,-31.48358,0 37.27112,-31.427994,0 37.263719,-31.372413,0 37.25632,-31.316842,0</coordinates>
      </LineString>
    </Placemark>
    <Placemark>
      <name>Fault Line 4</name>
      <LineString>
        <coordinates>37.722205,-31.577966,0 37.717992,-31.521992,0 37.713778,-31.466021,0 37.709565,-31.410053,0 37.705352,-31.354088,0 37.701029,-31.29814,0 37.695972,-31.242294,0 37.690915,-31.186452,0 37.686121,-31.130576,0 37.681427,-31.074689,0 37.676734,-31.018805,0 37.672041,-30.962924,0 37.667348,-30.907047,0 37.662655,-30.85117,0</coordinates>
      </LineString>
    </Placemark>
    <Placemark>
      <name>Fault Line 5</name>
      <LineString>
        <coordinates>38.422781,-30.81635,0 38.418416,-30.756152,0 38.414052,-30.695958,0 38.409531,-30.635787,0 38.403771,-30.575791,0 38.398011,-30.515799,0 38.392251,-30.455812,0 38.386492,-30.39583,0 38.381046,-30.335807,0 38.375641,-30.275782,0 38.370237,-30.215762,0</coordinates>
      </LineString>
    </Placemark>
    <Placemark>
      <name>Fault Line 6</name>
      <LineString>
        <coordinates>39.368561,-30.150482,0 39.373301,-30.093973,0 39.377958,-30.037447,0 39.382391,-29.980889,0 39.386825,-29.924327,0 39.39126,-29.867761,0 39.395694,-29.811192,0 39.400129,-29.754619,0 39.404564,-29.698043,0 39.408775,-29.641435,0 39.412883,-29.584812,0 39.416992,-29.528185,0 39.421101,-29.471554,0</coordinates>
      </LineString>
    </Placemark>
    <Placemark>
      <name>Fault Line 7</name>
      <LineString>
        <coordinates>40.64343,-29.83008,0 40.635175,-29.77175,0 40.62692,-29.713428,0 40.618667,-29.655112,0 40.610415,-29.596803,0 40.600969,-29.538816,0 40.591503,-29.480842,0 40.582038,-29.422876,0 40.572574,-29.364919,0 40.563112,-29.306969,0 40.55598,-29.248451,0 40.549385,-29.189832,0 40.542791,-29.131217,0 40.536197,-29.072606,0</coordinates>
      </LineString>
    </Placemark>
    <Placemark>
      <name>Fault Line 8</name>
      <LineString>
        <coordinates>42.270488,-29.712497,0 42.273093,-29.652058,0 42.275699,-29.591616,0 42.277929,-29.531144,0 42.27968,-29.470642,0 42.281431,-29.410138,0 42.283182,-29.349632,0 42.284933,-29.289125,0 42.286684,-29.228616,0 42.288435,-29.168105,0 42.288825,-29.10755,0 42.288703,-29.046992,0 42.288581,-28.986434,0</coordinates>
      </LineString>
    </Placemark>
    <Placemark>
      <name>Fault Line 9</name>
      <LineString>
        <coordinates>68.898722,-17.583145,0 68.88873,-17.456481,0 68.878742,-17.329871,0 68.868758,-17.203316,0 68.858779,-17.076815,0 68.84878,-16.950383,0 68.838654,-16.824086,0 68.828533,-16.697844,0 68.818281,-16.57174,0 68.808001,-16.445712,0 68.797726,-16.319739,0 68.787455,-16.193822,0 68.777188,-16.067949,0</coordinates>
      </LineString>
    </Placemark>
    <Placemark>
      <name>Fault Line 10</name>
      <LineString>
        <coordinates>52.707599,-35.439964,0 52.706987,-35.365858,0 52.706374,-35.291753,0 52.705762,-35.217649,0 52.705149,-35.143546,0 52.702347,-35.069584,0 52.699354,-34.995647,0 52.696361,-34.921715,0 52.693368,-34.847788,0 52.690376,-34.773866,0 52.687384,-34.699949,0 52.684391,-34.626037,0 52.681246,-34.552146,0 52.677679,-34.478315,0 52.674112,-34.40449,0 52.670545,-34.330671,0 52.666979,-34.256858,0 52.663413,-34.183052,0 52.660838,-34.109138,0 52.658393,-34.035215,0 52.655948,-33.961296,0 52.653504,-33.887382,0 52.651059,-33.813472,0 52.648615,-33.739565,0 52.645298,-33.665757,0 52.641459,-33.592022,0 52.637621,-33.518294,0 52.633783,-33.444572,0 52.629946,-33.370857,0 52.626519,-33.297094,0 52.623473,-33.22329,0 52.620428,-33.149491,0 52.617382,-33.075697,0 52.613415,-33.002028,0 52.606709,-32.928909,0 52.600004,-32.855802,0 52.5933,-32.782706,0 52.586597,-32.709621,0 52.579975,-32.636527,0 52.57376,-32.563344,0 52.567547,-32.490171,0 52.561334,-32.417009,0 52.554803,-32.343934,0 52.547041,-32.271195,0 52.53928,-32.198469,0 52.53152,-32.125756,0 52.523762,-32.053055,0 52.516005,-31.980367,0 52.508249,-31.907691,0 52.500053,-31.835161,0 52.491266,-31.762832,0 52.48248,-31.690517,0 52.473695,-31.618215,0 52.464913,-31.545928,0 52.457762,-31.47317,0 52.450708,-31.400397,0 52.443655,-31.327636,0 52.436603,-31.254885,0 52.429552,-31.182146,0 52.422503,-31.109418,0 52.415454,-31.036702,0 52.408406,-30.963993,0</coordinates>
      </LineString>
    </Placemark>
    <Placemark>
      <name>Fault Line 11</name>
      <LineString>
        <coordinates>52.120194,-31.561707,0 52.117382,-31.488675,0 52.11457,-31.415648,0 52.111758,-31.342625,0 52.108946,-31.269607,0 52.104672,-31.196783,0 52.100373,-31.12397,0 52.096074,-31.051164,0 52.091776,-30.978365,0 52.087478,-30.905573,0 52.08318,-30.832788,0 52.078883,-30.76001,0 52.074587,-30.687239,0 52.070291,-30.614475,0 52.065995,-30.541718,0 52.0617,-30.468968,0 52.057405,-30.396225,0 52.05311,-30.323489,0 52.048779,-30.250765,0 52.044439,-30.17805,0 52.040099,-30.105342,0 52.035759,-30.032641,0 52.03142,-29.959947,0 52.027082,-29.88726,0 52.022743,-29.81458,0 52.018406,-29.741915,0</coordinates>
      </LineString>
    </Placemark>
    <Placemark>
      <name>Fault Line 12</name>
      <LineString>
        <coordinates>70.90245,-14.349128,0 70.883636,-14.223146,0 70.864837,-14.097263,0 70.846053,-13.971478,0 70.827283,-13.845792,0 70.808528,-13.720204,0 70.789788,-13.594713,0 70.771062,-13.46932,0 70.7516,-13.345084,0 70.731132,-13.222467,0 70.71068,-13.09995,0 70.690245,-12.977532,0 70.669826,-12.855215,0 70.649409,-12.733019,0 70.627714,-12.612975,0 70.606037,-12.493031,0 70.584378,-12.373186,0 70.562736,-12.253442,0 70.541113,-12.133796,0 70.519508,-12.014248,0 70.49792,-11.894799,0 70.47635,-11.775448,0</coordinates>
      </LineString>
    </Placemark>
    <Placemark>
      <name>Fault Line 13</name>
      <LineString>
        <coordinates>71.33885,-12.856182,0 71.31492,-12.732406,0 71.291011,-12.608742,0 71.267124,-12.485188,0 71.243258,-12.361745,0 71.219413,-12.238412,0 71.19559,-12.115191,0 71.171789,-11.992081,0 71.148009,-11.869082,0 71.125068,-11.744716,0 71.102177,-11.620409,0 71.079306,-11.496212,0 71.056455,-11.372124,0 71.033624,-11.248145,0 71.010814,-11.124274,0 70.988023,-11.000513,0 70.96525,-10.876848,0</coordinates>
      </LineString>
    </Placemark>
    <Placemark>
      <name>Fault Line 14</name>
      <LineString>
        <coordinates>71.86105,-11.866582,0 71.840226,-11.738996,0 71.819418,-11.611505,0 71.798627,-11.484126,0 71.777855,-11.356856,0 71.757101,-11.229696,0 71.736364,-11.102647,0 71.715646,-10.975707,0 71.694945,-10.848876,0 71.674262,-10.722154,0 71.653597,-10.59554,0 71.632949,-10.469036,0 71.612305,-10.342662,0 71.59156,-10.216593,0 71.570833,-10.090631,0 71.550123,-9.964777,0 71.529431,-9.83903,0 71.508757,-9.713389,0 71.4881,-9.587855,0 71.46746,-9.462428,0 71.446822,-9.337134,0 71.42618,-9.21198,0 71.405556,-9.086931,0 71.38495,-8.961987,0 71.36436,-8.837149,0 71.343788,-8.712415,0 71.323233,-8.587786,0 71.302696,-8.46326,0 71.282175,-8.338838,0 71.261672,-8.21452,0 71.241185,-8.090306,0 71.220716,-7.966195,0 71.199724,-7.84306,0 71.178614,-7.720252,0 71.157522,-7.597547,0 71.136447,-7.474945,0 71.11539,-7.352446,0 71.094351,-7.23005,0 71.07333,-7.107757,0 71.052326,-6.985566,0 71.03134,-6.863477,0</coordinates>
      </LineString>
    </Placemark>
    <Placemark>
      <name>Fault Line 15</name>
      <LineString>
        <coordinates>71.638882,-6.180397,0 71.614809,-6.061921,0 71.590757,-5.943546,0 71.566726,-5.825277,0 71.542717,-5.707113,0 71.518729,-5.589055,0 71.494762,-5.471102,0 71.470817,-5.353254,0 71.446893,-5.23551,0 71.422463,-5.118944,0 71.397022,-5.004675,0 71.371604,-4.890507,0 71.346208,-4.776441,0 71.320835,-4.662476,0 71.295484,-4.548612,0 71.270156,-4.434848,0 71.24485,-4.321184,0 71.219566,-4.207621,0</coordinates>
      </LineString>
    </Placemark>
    <Placemark>
      <name>Fault Line 16</name>
      <LineString>
        <coordinates>79.162634,2.677927,0 79.13172,2.849357,0 79.100851,3.020535,0 79.070028,3.191463,0 79.039249,3.362139,0 79.008516,3.532569,0 78.977827,3.702749,0 78.947244,3.87299,0 78.917325,4.045955,0 78.88745,4.218664,0 78.857619,4.391117,0 78.827832,4.563316,0 78.79785,4.734163,0 78.767242,4.901582,0 78.736677,5.068762,0 78.706156,5.235706,0 78.675678,5.402412,0 78.645243,5.56888,0 78.616172,5.741087,0 78.587362,5.913988,0 78.558593,6.086637,0 78.529866,6.259038,0 78.50118,6.431186,0 78.472536,6.603085,0 78.443934,6.774735,0 78.412614,6.933682,0 78.381324,7.092353,0 78.350077,7.25081,0 78.318871,7.409052,0 78.287708,7.567083,0 78.256586,7.7249,0 78.225506,7.882508,0 78.194467,8.039904,0 78.163471,8.197089,0 78.132516,8.354059,0 78.101594,8.510865,0</coordinates>
      </LineString>
    </Placemark>
    <Placemark>
      <name>Fault Line 17</name>
      <LineString>
        <coordinates>80.473058,-3.267705,0 80.448115,-3.04002,0 80.423217,-2.812745,0 80.398363,-2.585877,0 80.373554,-2.359413,0 80.348789,-2.133352,0 80.324067,-1.907693,0 80.298822,-1.684668,0 80.272665,-1.465968,0 80.246555,-1.247653,0 80.22049,-1.029723,0 80.1968,-0.803144,0 80.17408,-0.573689,0 80.151398,-0.344626,0 80.125795,-0.126901,0 80.098271,0.082123,0 80.070795,0.290785,0 80.043366,0.499085,0 80.015708,0.705801,0 79.98765,0.910148,0 79.95964,1.114147,0 79.931677,1.3178,0 79.903611,1.520423,0 79.874858,1.719326,0 79.846154,1.917898,0 79.817497,2.116138,0 79.788888,2.314049,0 79.761291,2.515941,0 79.734205,2.71948,0 79.707164,2.922677,0 79.680169,3.125535,0 79.653462,3.329062,0 79.62811,3.537392,0 79.6028,3.745379,0 79.577532,3.953021,0 79.552306,4.160319,0 79.527121,4.367274,0 79.501978,4.57389,0 79.476876,4.780167,0 79.451815,4.986106,0 79.426794,5.191719,0</coordinates>
      </LineString>
    </Placemark>
    <Placemark>
      <name>Fault Line 18</name>
      <LineString>
        <coordinates>80.879356,-4.385236,0 80.857947,-4.134323,0 80.836577,-3.88386,0 80.815245,-3.633845,0 80.793951,-3.384275,0 80.770128,-3.144412,0 80.746123,-2.905866,0 80.722162,-2.667758,0 80.698245,-2.43009,0 80.674372,-2.192859,0 80.650543,-1.956062,0 80.626758,-1.719698,0 80.603016,-1.483766,0 80.579317,-1.248262,0 80.555661,-1.013183,0 80.532046,-0.778516,0</coordinates>
      </LineString>
    </Placemark>
    <Placemark>
      <name>Fault Line 19</name>
      <LineString>
        <coordinates>81.469596,-5.6749,0 81.444055,-5.416011,0 81.418566,-5.157654,0 81.39313,-4.899825,0 81.367745,-4.642523,0 81.342412,-4.385742,0 81.31713,-4.129481,0 81.291899,-3.873735,0 81.266718,-3.618502,0 81.24044,-3.368867,0 81.212189,-3.129474,0 81.183994,-2.890561,0 81.155855,-2.652124,0 81.127772,-2.414159,0 81.099745,-2.176664,0 81.071772,-1.939638,0 81.043855,-1.703074,0 81.016004,-1.467076,0</coordinates>
      </LineString>
    </Placemark>
    <Placemark>
      <name>Fault Line 20</name>
      <LineString>
        <coordinates>82.097793,-5.849767,0 82.059017,-5.688784,0 82.020288,-5.52799,0 81.981604,-5.367391,0 81.942968,-5.206984,0 81.904379,-5.046774,0 81.865836,-4.886759,0 81.82734,-4.726936,0 81.78889,-4.567306,0 81.750487,-4.407867,0 81.71213,-4.248621,0 81.673819,-4.089566,0 81.635554,-3.930704,0 81.597336,-3.772036,0 81.559165,-3.613561,0 81.52104,-3.45528,0 81.482962,-3.297191,0 81.444924,-3.139271,0</coordinates>
      </LineString>
    </Placemark>
    <Placemark>
      <name>Fault Line 21</name>
      <LineString>
        <coordinates>82.8685,-7.2124,0 82.835759,-6.963663,0 82.803089,-6.715458,0 82.770489,-6.467786,0 82.737958,-6.220643,0 82.705496,-5.974022,0 82.669749,-5.758571,0 82.631751,-5.569323,0 82.59381,-5.380352,0 82.555925,-5.191663,0 82.518236,-5.001588,0 82.485004,-4.76846,0 82.451839,-4.535799,0 82.41874,-4.303604,0 82.385707,-4.07187,0 82.352739,-3.840596,0 82.319837,-3.609784,0 82.287001,-3.379434,0 82.254231,-3.149543,0 82.221525,-2.920111,0 82.188891,-2.691175,0</coordinates>
      </LineString>
    </Placemark>
    <Placemark>
      <name>Fault Line 22</name>
      <LineString>
        <coordinates>23.951103,-46.670093,0 23.942693,-46.621612,0 23.934284,-46.573134,0 23.925876,-46.52466,0 23.917468,-46.476189,0 23.909113,-46.42771,0 23.90076,-46.379234,0 23.892408,-46.330761,0 23.884056,-46.282291,0 23.875704,-46.233824,0 23.867353,-46.18536,0 23.859003,-46.136899,0 23.850653,-46.088441,0 23.842304,-46.039986,0 23.833955,-45.991534,0 23.825607,-45.943085,0 23.817259,-45.894639,0 23.808912,-45.846196,0 23.800565,-45.797757,0 23.792219,-45.74932,0 23.783873,-45.700886,0 23.775283,-45.652505,0 23.766686,-45.604128,0 23.758089,-45.555754,0 23.749492,-45.507383,0 23.740896,-45.459016,0 23.732301,-45.410652,0 23.723706,-45.362291,0 23.715111,-45.313933,0 23.706517,-45.265578,0 23.697924,-45.217226,0 23.689332,-45.168877,0 23.680739,-45.120531,0 23.672148,-45.072188,0 23.663557,-45.023848,0 23.654966,-44.975511,0 23.646376,-44.927178,0 23.637012,-44.879019,0 23.627604,-44.830875,0 23.618196,-44.782733,0 23.608789,-44.734593,0</coordinates>
      </LineString>
    </Placemark>
    <Placemark>
      <name>Fault Line 23</name>
      <LineString>
        <coordinates>33.799812,-39.613049,0 33.791705,-39.559254,0 33.7836,-39.505471,0 33.775496,-39.451693,0 33.767376,-39.397923,0 33.758644,-39.344297,0 33.749914,-39.290675,0 33.741184,-39.237059,0 33.732455,-39.183448,0 33.723727,-39.129843,0 33.714999,-39.076243,0 33.706273,-39.022648,0 33.697547,-38.969058,0 33.688822,-38.915473,0 33.680098,-38.861894,0 33.671375,-38.80832,0 33.662653,-38.754751,0 33.653932,-38.701187,0 33.645211,-38.647629,0 33.63647,-38.594081,0 33.627392,-38.540621,0 33.618315,-38.487166,0 33.609238,-38.433717,0 33.600163,-38.380273,0 33.591088,-38.326834,0 33.582015,-38.273401,0 33.572942,-38.219973,0 33.56387,-38.166551,0 33.554799,-38.113134,0 33.545729,-38.059722,0 33.53666,-38.006316,0 33.527592,-37.952915,0 33.518524,-37.89952,0 33.509458,-37.84613,0 33.500418,-37.792739,0 33.491636,-37.739291,0 33.482854,-37.685848,0 33.474074,-37.63241,0 33.465294,-37.578977,0</coordinates>
      </LineString>
    </Placemark>
    <Placemark>
      <name>Fault Line 24</name>
      <LineString>
        <coordinates>35.315823,-36.590564,0 35.306815,-36.536186,0 35.297808,-36.481808,0 35.288801,-36.427436,0 35.279795,-36.37307,0 35.270974,-36.318664,0 35.262153,-36.264264,0 35.253333,-36.20987,0 35.244514,-36.155481,0 35.235696,-36.101098,0 35.226879,-36.046721,0 35.218063,-35.99235,0 35.209248,-35.937984,0 35.200434,-35.883624,0 35.191621,-35.82927,0 35.182808,-35.774921,0 35.173996,-35.720578,0 35.165186,-35.66624,0 35.156376,-35.611908,0 35.147562,-35.557583,0 35.138379,-35.503356,0 35.129198,-35.449135,0 35.120017,-35.39492,0 35.110838,-35.34071,0 35.101659,-35.286506,0 35.092481,-35.232308,0 35.083305,-35.178116,0 35.074129,-35.12393,0 35.064955,-35.069749,0 35.055781,-35.015574,0 35.046608,-34.961406,0 35.037436,-34.907243,0 35.028266,-34.853086,0 35.019096,-34.798935,0 35.009934,-34.744788,0 35.000993,-34.690592,0 34.992053,-34.636402,0 34.983113,-34.582217,0 34.974175,-34.528038,0</coordinates>
      </LineString>
    </Placemark>
    <Placemark>
      <name>Fault Line 25</name>
      <LineString>
        <coordinates>57.275594,-33.82681,0 57.27529,-33.742524,0 57.274986,-33.658242,0 57.274681,-33.573961,0 57.274377,-33.489681,0 57.274073,-33.405401,0 57.273803,-33.321121,0 57.274049,-33.236841,0 57.274295,-33.15256,0 57.27454,-33.068278,0 57.274786,-32.983996,0 57.275031,-32.899713,0 57.275277,-32.81543,0</coordinates>
      </LineString>
    </Placemark>
    <Placemark>
      <name>Fault Line 26</name>
      <LineString>
        <coordinates>56.935603,-34.297004,0 56.927212,-34.217602,0 56.918825,-34.138247,0 56.91044,-34.058909,0 56.902057,-33.979588,0 56.896391,-33.899482,0 56.890777,-33.819375,0 56.885164,-33.73928,0 56.879552,-33.659197,0 56.873952,-33.579123,0 56.868452,-33.499037,0 56.862953,-33.418962,0 56.857455,-33.338898,0 56.851957,-33.258846,0</coordinates>
      </LineString>
    </Placemark>
    <Placemark>
      <name>Fault Line 27</name>
      <LineString>
        <coordinates>54.353843,-35.799611,0 54.348398,-35.724301,0 54.342954,-35.649001,0 54.337511,-35.573711,0 54.332069,-35.498431,0 54.327117,-35.423063,0 54.322247,-35.347688,0 54.317377,-35.272322,0 54.312508,-35.196964,0 54.30764,-35.121615,0 54.301998,-35.046434,0 54.29635,-34.971265,0 54.290703,-34.896106,0 54.285057,-34.820956,0</coordinates>
      </LineString>
    </Placemark>
    <Placemark>
      <name>Fault Line 28</name>
      <LineString>
        <coordinates>55.904081,-35.176307,0 55.889814,-35.09958,0 55.875553,-35.022887,0 55.861297,-34.946219,0 55.847284,-34.869434,0 55.835396,-34.791547,0 55.823512,-34.713682,0 55.811587,-34.635861,0 55.797763,-34.559068,0 55.783944,-34.482299,0 55.770129,-34.405555,0 55.756319,-34.328835,0</coordinates>
      </LineString>
    </Placemark>
    <Placemark>
      <name>Fault Line 29</name>
      <LineString>
        <coordinates>49.665187,-29.133444,0 49.663062,-29.062217,0 49.660937,-28.990993,0 49.658811,-28.919772,0 49.656687,-28.848554,0 49.654562,-28.77734,0 49.652241,-28.706143,0 49.64897,-28.635038,0 49.6457,-28.563937,0 49.642429,-28.492841,0 49.639159,-28.42175,0 49.635889,-28.350664,0 49.63262,-28.279589,0</coordinates>
      </LineString>
    </Placemark>
    <Placemark>
      <name>Fault Line 30</name>
      <LineString>
        <coordinates>48.575512,-28.283938,0 48.581439,-28.213915,0 48.587367,-28.143883,0 48.593296,-28.073843,0 48.599225,-28.003795,0 48.605155,-27.933739,0 48.611061,-27.86367,0 48.616923,-27.793584,0 48.622787,-27.72349,0 48.628651,-27.653388,0 48.634516,-27.583278,0 48.640381,-27.513159,0</coordinates>
      </LineString>
    </Placemark>
    <Placemark>
      <name>Fault Line 31</name>
      <LineString>
        <coordinates>43.76884,-29.061753,0 43.768683,-29.000292,0 43.768527,-28.938834,0 43.76837,-28.877376,0 43.768214,-28.815918,0 43.768057,-28.75446,0 43.767901,-28.693002,0 43.767744,-28.631544,0 43.767588,-28.570087,0 43.767431,-28.50863,0 43.767275,-28.447173,0 43.767118,-28.385716,0 43.766962,-28.324259,0 43.766805,-28.262802,0</coordinates>
      </LineString>
    </Placemark>
    <Placemark>
      <name>Fault Line 32</name>
      <LineString>
        <coordinates>37.443053,-1.739363,0 37.482178,-1.722022,0 37.520231,-1.701125,0 37.555876,-1.674303,0 37.586852,-1.639444,0</coordinates>
      </LineString>
    </Placemark>
    <Placemark>
      <name>Fault Line 33</name>
      <LineString>
        <coordinates>36.968201,-33.44858,0 36.96162,-33.392657,0 36.95504,-33.336742,0 36.94846,-33.280832,0 36.941881,-33.224927,0 36.935302,-33.169027,0 36.928724,-33.113131,0 36.922147,-33.05724,0 36.91557,-33.001354,0 36.908994,-32.945472,0 36.902418,-32.889595,0 36.895843,-32.833723,0 36.889268,-32.777855,0</coordinates>
      </LineString>
    </Placemark>
    <Placemark>
      <name>Fault Line 34</name>
      <LineString>
        <coordinates>36.780453,-33.813312,0 36.770514,-33.75798,0 36.760576,-33.702658,0 36.750639,-33.647343,0 36.740704,-33.592034,0 36.73077,-33.536733,0 36.720837,-33.481438,0 36.710905,-33.42615,0 36.700975,-33.370869,0 36.691046,-33.315594,0 36.681118,-33.260326,0 36.671191,-33.205065,0 36.661265,-33.149811,0 36.651341,-33.094564,0</coordinates>
      </LineString>
    </Placemark>
    <Placemark>
      <name>Fault Line 35</name>
      <LineString>
        <coordinates>36.259423,-34.200676,0 36.250217,-34.146548,0 36.241013,-34.092428,0 36.23181,-34.038315,0 36.222607,-33.984208,0 36.213406,-33.930107,0 36.204206,-33.876012,0 36.195007,-33.821923,0 36.185809,-33.76784,0 36.176612,-33.713764,0 36.167416,-33.659693,0 36.158221,-33.605628,0 36.149027,-33.55157,0</coordinates>
      </LineString>
    </Placemark>
    <Placemark>
      <name>Fault Line 36</name>
      <LineString>
        <coordinates>34.584881,-37.27058,0 34.580847,-37.216902,0 34.576814,-37.163227,0 34.572781,-37.109554,0 34.568747,-37.055884,0 34.564715,-37.002217,0 34.560682,-36.948552,0 34.556649,-36.89489,0 34.552617,-36.84123,0 34.548585,-36.787573,0 34.544553,-36.733919,0 34.540521,-36.680267,0 34.53649,-36.626618,0</coordinates>
      </LineString>
    </Placemark>
    <Placemark>
      <name>Fault Line 37</name>
      <LineString>
        <coordinates>31.274568,-41.639048,0 31.26518,-41.586921,0 31.255794,-41.534804,0 31.246409,-41.482692,0 31.237025,-41.430585,0 31.227641,-41.378482,0 31.218259,-41.326384,0 31.208877,-41.274292,0 31.199496,-41.222205,0 31.190116,-41.170123,0 31.180737,-41.118045,0 31.171359,-41.065972,0 31.161982,-41.013904,0 31.152606,-40.961842,0</coordinates>
      </LineString>
    </Placemark>
    <Placemark>
      <name>Fault Line 38</name>
      <LineString>
        <coordinates>30.101124,-42.935153,0 30.09296,-42.884255,0 30.084796,-42.83336,0 30.076633,-42.782469,0 30.068471,-42.731582,0 30.060309,-42.680699,0 30.052148,-42.62982,0 30.043988,-42.578945,0 30.035828,-42.528074,0 30.027669,-42.477207,0 30.019511,-42.426344,0 30.011353,-42.375485,0 30.003196,-42.32463,0 29.995039,-42.273779,0 29.986884,-42.222933,0 29.978728,-42.172091,0 29.970574,-42.121252,0 29.96242,-42.070417,0 29.954266,-42.019586,0 29.946114,-41.968759,0 29.937962,-41.917937,0</coordinates>
      </LineString>
    </Placemark>
    <Placemark>
      <name>Fault Line 39</name>
      <LineString>
        <coordinates>26.110979,-45.293783,0 26.103735,-45.243656,0 26.096491,-45.193531,0 26.089248,-45.143409,0 26.082006,-45.09329,0 26.074763,-45.043175,0 26.067521,-44.993062,0 26.06028,-44.942952,0 26.053039,-44.892845,0 26.045798,-44.842741,0 26.038558,-44.79264,0 26.031318,-44.742542,0 26.024079,-44.692447,0</coordinates>
      </LineString>
    </Placemark>
    <Placemark>
      <name>Fault Line 40</name>
      <LineString>
        <coordinates>25.295661,-45.987843,0 25.285066,-45.938641,0 25.274473,-45.889444,0 25.26388,-45.840251,0 25.253289,-45.791062,0 25.242698,-45.741878,0 25.232108,-45.692697,0 25.221519,-45.64352,0 25.210931,-45.594348,0 25.200344,-45.54518,0 25.189758,-45.496015,0 25.179172,-45.446855,0 25.168588,-45.397699,0 25.158004,-45.348547,0 25.147421,-45.299399,0</coordinates>
      </LineString>
    </Placemark>
    <Placemark>
      <name>Fault Line 41</name>
      <LineString>
        <coordinates>20.651703,-45.959507,0 20.644233,-45.910057,0 20.636765,-45.860611,0 20.629296,-45.811167,0 20.621828,-45.761726,0 20.61436,-45.712287,0 20.606893,-45.662851,0 20.599426,-45.613417,0 20.59196,-45.563985,0 20.584494,-45.514556,0 20.577028,-45.465129,0 20.569562,-45.415705,0 20.562097,-45.366283,0</coordinates>
      </LineString>
    </Placemark>
    <Placemark>
      <name>Fault Line 42</name>
      <LineString>
        <coordinates>15.484303,-46.951607,0 15.475865,-46.90509,0 15.467438,-46.858629,0 15.459011,-46.812169,0 15.450584,-46.765711,0 15.442157,-46.719255,0 15.433731,-46.672801,0 15.425305,-46.626349,0 15.416888,-46.579897,0 15.412685,-46.532834,0 15.408481,-46.485772,0 15.404277,-46.438711,0 15.400073,-46.391651,0 15.39587,-46.344592,0 15.391667,-46.297534,0 15.387463,-46.250477,0 15.38326,-46.203421,0 15.379057,-46.156366,0 15.374854,-46.109312,0 15.370651,-46.062259,0 15.366448,-46.015207,0 15.362245,-45.968156,0 15.357369,-45.921175,0 15.351967,-45.874257,0 15.346566,-45.82734,0 15.341164,-45.780424,0 15.335763,-45.73351,0 15.330362,-45.686597,0 15.324961,-45.639685,0 15.31956,-45.592774,0 15.314159,-45.545865,0 15.308759,-45.498957,0 15.303358,-45.45205,0 15.297958,-45.405144,0 15.292558,-45.358239,0 15.287158,-45.311336,0 15.281758,-45.264434,0 15.276358,-45.217533,0 15.270959,-45.170633,0 15.265559,-45.123734,0 15.26016,-45.076837,0 15.254761,-45.029941,0 15.249362,-44.983046,0 15.243963,-44.936152,0</coordinates>
      </LineString>
    </Placemark>
    <Placemark>
      <name>Fault Line 43</name>
      <LineString>
        <coordinates>38.410179,-30.642536,0 38.451711,-30.620846,0 38.493247,-30.599155,0 38.534786,-30.577462,0 38.576329,-30.555767,0 38.617924,-30.534221,0 38.659526,-30.512684,0 38.701131,-30.491144,0 38.74274,-30.469603,0 38.784352,-30.44806,0 38.825967,-30.426515,0 38.867586,-30.404969,0 38.909208,-30.383421,0 38.950833,-30.361871,0 38.992551,-30.340611,0 39.034316,-30.319493,0 39.076084,-30.298373,0 39.117856,-30.277251,0 39.159631,-30.256127,0 39.201409,-30.235002,0 39.243191,-30.213875,0 39.284976,-30.192747,0 39.326764,-30.171617,0 39.368561,-30.150482,0</coordinates>
      </LineString>
    </Placemark>
    <Placemark>
      <name>Fault Line 44</name>
      <LineString>
        <coordinates>36.82489,-24.601,0 36.829022,-24.545156,0 36.833154,-24.489309,0 36.837287,-24.433459,0 36.84142,-24.377606,0 36.845553,-24.32175,0 36.849686,-24.265891,0 36.85382,-24.210029,0 36.857953,-24.154164,0 36.862087,-24.098296,0 36.866221,-24.042425,0 36.870356,-23.986551,0 36.87449,-23.930674,0 36.878625,-23.874794,0 36.88276,-23.818911,0 36.886895,-23.763025,0 36.891031,-23.707136,0 36.895167,-23.651244,0 36.899302,-23.595349,0 36.903439,-23.539451,0 36.907575,-23.48355,0 36.911577,-23.42763,0 36.915426,-23.37169,0 36.919275,-23.315747,0 36.923124,-23.259801,0 36.926973,-23.203853,0 36.930822,-23.147902,0 36.934672,-23.091948,0 36.938522,-23.035991,0 36.942372,-22.980031,0 36.946222,-22.924069,0 36.950072,-22.868104,0 36.953923,-22.812136,0 36.957773,-22.756165,0 36.961624,-22.700191,0 36.965476,-22.644214,0 36.969327,-22.588235,0 36.973178,-22.532253,0 36.97703,-22.476268,0 36.980882,-22.42028,0 36.984734,-22.364289,0 36.98877,-22.308316,0 36.993332,-22.252403,0 36.997893,-22.196487,0 37.002456,-22.140567,0 37.007018,-22.084644,0 37.011581,-22.028718,0 37.016144,-21.972788,0 37.020707,-21.916855,0 37.02527,-21.860919,0 37.029834,-21.80498,0 37.034398,-21.749037,0 37.038962,-21.693091,0 37.043527,-21.637142,0 37.048092,-21.58119,0 37.052657,-21.525234,0 37.057222,-21.469275,0 37.061788,-21.413313,0 37.066354,-21.357347,0 37.07092,-21.301378,0 37.075486,-21.245406,0 37.080053,-21.18943,0 37.084434,-21.133428,0 37.088058,-21.077339,0 37.091683,-21.021247,0 37.095307,-20.965152,0 37.098932,-20.909055,0 37.102557,-20.852955,0 37.106182,-20.796852,0 37.109807,-20.740747,0 37.113432,-20.684639,0 37.117058,-20.628528,0 37.120684,-20.572415,0 37.124309,-20.516299,0 37.127935,-20.46018,0 37.131562,-20.404059,0 37.135188,-20.347935,0 37.138815,-20.291808,0 37.142441,-20.235679,0 37.146068,-20.179547,0 37.149695,-20.123412,0 37.158697,-20.068232,0 37.173098,-20.014877,0 37.187502,-19.961512,0 37.201909,-19.908138,0 37.216318,-19.854755,0 37.230729,-19.801363,0 37.245143,-19.747962,0 37.259559,-19.694552,0 37.273978,-19.641132,0 37.288399,-19.587703,0 37.302823,-19.534265,0 37.317249,-19.480818,0 37.331678,-19.427361,0 37.346109,-19.373895,0 37.360543,-19.32042,0 37.374979,-19.266936,0 37.389418,-19.213443,0 37.403859,-19.15994,0 37.418302,-19.106428,0 37.432749,-19.052907,0 37.447197,-18.999376,0 37.461229,-18.94566,0 37.475025,-18.891836,0 37.488823,-18.838003,0 37.502624,-18.784161,0 37.516427,-18.73031,0 37.530232,-18.67645,0 37.54404,-18.622581,0 37.557849,-18.568703,0 37.571662,-18.514816,0 37.585476,-18.46092,0 37.599293,-18.407015,0 37.613112,-18.3531,0 37.626933,-18.299176,0 37.640757,-18.245244,0 37.654583,-18.191302,0 37.668412,-18.137351,0 37.682243,-18.083391,0 37.696076,-18.029422,0 37.709911,-17.975444,0 37.708026,-17.918751,0 37.699006,-17.863169,0 37.689988,-17.807594,0 37.680971,-17.752025,0 37.671955,-17.696463,0 37.66294,-17.640907,0 37.653925,-17.585358,0 37.644912,-17.529815,0 37.6359,-17.474279,0 37.626889,-17.418749,0 37.617879,-17.363226,0 37.608871,-17.307709,0 37.599863,-17.252199,0 37.590856,-17.196695,0 37.58185,-17.141198,0 37.572846,-17.085707,0 37.563842,-17.030222,0 37.55484,-16.974744,0 37.545838,-16.919272,0 37.536838,-16.863806,0 37.527838,-16.808347,0 37.518737,-16.752921,0 37.509625,-16.697505,0 37.500513,-16.642095,0 37.491403,-16.586691,0 37.482294,-16.531294,0 37.473186,-16.475904,0 37.464079,-16.42052,0 37.454973,-16.365143,0 37.445868,-16.309772,0 37.436764,-16.254407,0 37.427661,-16.199049,0 37.41856,-16.143697,0 37.409459,-16.088352,0 37.400359,-16.033013,0 37.391261,-15.97768,0 37.382163,-15.922354,0 37.373067,-15.867034,0 37.363971,-15.811721,0 37.354877,-15.756414,0 37.345784,-15.701114,0 37.331287,-15.647677,0 37.309066,-15.59863,0 37.286849,-15.549594,0 37.264638,-15.500569,0 37.242431,-15.451555,0 37.22023,-15.402552,0 37.198033,-15.35356,0 37.175841,-15.304579,0 37.153655,-15.255608,0 37.131473,-15.206649,0 37.109296,-15.1577,0 37.087124,-15.108763,0 37.064957,-15.059836,0 37.042795,-15.01092,0 37.020637,-14.962015,0 36.998485,-14.91312,0 36.976337,-14.864236,0 36.954195,-14.815363,0 36.93241,-14.76728,0</coordinates>
      </LineString>
    </Placemark>
    <Placemark>
      <name>Fault Line 45</name>
      <LineString>
        <coordinates>37.069173,-32.901578,0 37.116976,-32.883249,0 37.164359,-32.863275,0 37.210783,-32.840068,0</coordinates>
      </LineString>
    </Placemark>
    <Placemark>
      <name>Fault Line 46</name>
      <LineString>
        <coordinates>37.146365,-32.449458,0 37.095335,-32.46824,0 37.04471,-32.488688,0 36.994469,-32.510562,0</coordinates>
      </LineString>
    </Placemark>
    <Placemark>
      <name>Fault Line 47</name>
      <LineString>
        <coordinates>37.168497,-32.597626,0 37.213007,-32.578204,0 37.25752,-32.558781,0 37.302036,-32.539357,0 37.34651,-32.519772,0 37.390737,-32.49931,0 37.434967,-32.478846,0</coordinates>
      </LineString>
    </Placemark>
    <Placemark>
      <name>Fault Line 48</name>
      <LineString>
        <coordinates>37.355967,-32.08747,0 37.314926,-32.103839,0 37.273892,-32.120205,0 37.23286,-32.13657,0 37.191831,-32.152935,0 37.151481,-32.171768,0 37.111149,-32.190651,0</coordinates>
      </LineString>
    </Placemark>
    <Placemark>
      <name>Fault Line 49</name>
      <LineString>
        <coordinates>37.307273,-31.699506,0 37.35387,-31.688793,0 37.400468,-31.678079,0 37.447067,-31.667365,0 37.493525,-31.65571,0 37.539262,-31.640161,0 37.585001,-31.624611,0 37.630742,-31.609061,0 37.676485,-31.593509,0 37.722205,-31.577966,0</coordinates>
      </LineString>
    </Placemark>
    <Placemark>
      <name>Fault Line 50</name>
      <LineString>
        <coordinates>37.689517,-31.171014,0 37.645945,-31.184441,0 37.602378,-31.197866,0 37.558812,-31.21129,0 37.515248,-31.224714,0 37.472065,-31.239964,0 37.428912,-31.255341,0 37.385761,-31.270717,0 37.342612,-31.286093,0 37.299465,-31.301468,0 37.25632,-31.316842,0</coordinates>
      </LineString>
    </Placemark>
    <Placemark>
      <name>Fault Line 51</name>
      <LineString>
        <coordinates>37.70169,-31.305434,0 37.740961,-31.276574,0 37.780237,-31.24771,0 37.819519,-31.218842,0 37.858806,-31.18997,0 37.89893,-31.16299,0 37.939368,-31.136762,0 37.979811,-31.110531,0 38.020259,-31.084297,0 38.060712,-31.05806,0 38.101169,-31.031819,0 38.141631,-31.005576,0 38.181985,-30.979055,0 38.222105,-30.951946,0 38.26223,-30.924834,0 38.302359,-30.897718,0 38.342494,-30.8706,0 38.382633,-30.843478,0 38.422781,-30.81635,0</coordinates>
      </LineString>
    </Placemark>
    <Placemark>
      <name>Fault Line 52</name>
      <LineString>
        <coordinates>38.385834,-30.388978,0 38.345233,-30.413685,0 38.304637,-30.43839,0 38.264045,-30.463092,0 38.223457,-30.487792,0 38.183125,-30.513149,0 38.142887,-30.538733,0 38.102654,-30.564314,0 38.062425,-30.589892,0 38.022201,-30.615468,0 37.982152,-30.641471,0 37.942199,-30.667694,0 37.90225,-30.693914,0 37.862306,-30.720131,0 37.822367,-30.746345,0 37.782432,-30.772555,0 37.742502,-30.798763,0 37.702576,-30.824968,0 37.662655,-30.85117,0</coordinates>
      </LineString>
    </Placemark>
    <Placemark>
      <name>Fault Line 53</name>
      <LineString>
        <coordinates>39.405958,-29.680262,0 39.364313,-29.70111,0 39.322667,-29.721959,0 39.281024,-29.742806,0 39.239385,-29.763652,0 39.197884,-29.784941,0 39.156526,-29.806677,0 39.115171,-29.828411,0 39.07382,-29.850143,0 39.032472,-29.871873,0 38.991128,-29.893601,0 38.949787,-29.915327,0 38.90845,-29.937052,0 38.867116,-29.958775,0 38.825786,-29.980496,0 38.784389,-30.001998,0 38.742959,-30.023382,0 38.701532,-30.044764,0 38.660109,-30.066145,0 38.618689,-30.087524,0 38.577272,-30.108901,0 38.535858,-30.130277,0 38.494448,-30.151651,0 38.453041,-30.173023,0 38.411637,-30.194393,0 38.370237,-30.215762,0</coordinates>
      </LineString>
    </Placemark>
    <Placemark>
      <name>Fault Line 54</name>
      <LineString>
        <coordinates>39.376742,-30.052954,0 39.421738,-30.042279,0 39.466735,-30.031604,0 39.511733,-30.020929,0 39.556658,-30.009735,0 39.601437,-29.997589,0 39.646217,-29.985443,0 39.690998,-29.973296,0 39.73578,-29.96115,0 39.780563,-29.949003,0 39.825347,-29.936855,0 39.870133,-29.924708,0 39.91492,-29.91256,0 39.959708,-29.900411,0 40.004545,-29.888568,0 40.050202,-29.884852,0 40.095859,-29.881137,0 40.141517,-29.877422,0 40.187175,-29.873706,0 40.232833,-29.869991,0 40.278491,-29.866275,0 40.324149,-29.86256,0 40.369807,-29.858844,0 40.415465,-29.855129,0 40.461123,-29.851413,0 40.506731,-29.846747,0 40.552282,-29.841194,0 40.597833,-29.83564,0 40.64343,-29.83008,0</coordinates>
      </LineString>
    </Placemark>
    <Placemark>
      <name>Fault Line 55</name>
      <LineString>
        <coordinates>40.561347,-29.29616,0 40.517209,-29.300016,0 40.473036,-29.303876,0 40.428863,-29.307735,0 40.384686,-29.311502,0 40.340485,-29.314758,0 40.296284,-29.318015,0 40.252083,-29.321271,0 40.207846,-29.323523,0 40.163605,-29.325654,0 40.119364,-29.327786,0 40.075123,-29.329917,0 40.030882,-29.332048,0 39.986641,-29.334179,0 39.942573,-29.339685,0 39.899111,-29.350675,0 39.85565,-29.361665,0 39.812191,-29.372656,0 39.768732,-29.383645,0 39.725274,-29.394635,0 39.681817,-29.405624,0 39.638361,-29.416613,0 39.594907,-29.427602,0 39.551454,-29.43859,0 39.508002,-29.449578,0 39.464551,-29.460566,0 39.421101,-29.471554,0</coordinates>
      </LineString>
    </Placemark>
    <Placemark>
      <name>Fault Line 56</name>
      <LineString>
        <coordinates>40.610267,-29.595759,0 40.655187,-29.588708,0 40.700107,-29.581658,0 40.745027,-29.574607,0 40.789943,-29.567498,0 40.834845,-29.560224,0 40.879747,-29.55295,0 40.92465,-29.545676,0 40.969553,-29.538402,0 41.014527,-29.53194,0 41.059638,-29.527473,0 41.104749,-29.523007,0 41.149877,-29.518826,0 41.195013,-29.514808,0 41.240149,-29.51079,0 41.285285,-29.506772,0 41.330421,-29.502754,0 41.3756,-29.49968,0 41.420838,-29.49968,0 41.466076,-29.49968,0 41.511314,-29.49968,0 41.556552,-29.49968,0 41.601784,-29.498806,0 41.647014,-29.497671,0 41.692244,-29.496536,0 41.737474,-29.495401,0 41.782704,-29.494267,0 41.827934,-29.493132,0 41.873164,-29.491997,0 41.918354,-29.49475,0 41.963307,-29.501553,0 42.00826,-29.508355,0 42.053214,-29.515158,0 42.098131,-29.522398,0 42.142892,-29.531222,0 42.187653,-29.540045,0 42.232415,-29.548869,0 42.277161,-29.55769,0</coordinates>
      </LineString>
    </Placemark>
    <Placemark>
      <name>Fault Line 57</name>
      <LineString>
        <coordinates>42.288581,-28.986434,0 42.244,-28.976911,0 42.199324,-28.967368,0 42.154649,-28.957824,0 42.109974,-28.948281,0 42.065252,-28.939176,0 42.020432,-28.930996,0 41.975613,-28.922815,0 41.930794,-28.914635,0 41.885565,-28.915069,0 41.840383,-28.917846,0 41.795201,-28.920623,0 41.750019,-28.9234,0 41.704837,-28.926176,0 41.659695,-28.929932,0 41.614726,-28.93643,0 41.569757,-28.942929,0 41.524789,-28.949427,0 41.479707,-28.954308,0 41.434615,-28.959011,0 41.389523,-28.963715,0 41.344388,-28.967623,0 41.299202,-28.970269,0 41.254016,-28.972914,0 41.20883,-28.97556,0 41.163644,-28.978205,0 41.118458,-28.980851,0 41.073299,-28.984216,0 41.028143,-28.987645,0 40.982987,-28.991073,0 40.937832,-28.994502,0 40.892677,-28.99793,0 40.847531,-29.001554,0 40.80253,-29.007572,0 40.75753,-29.01359,0 40.71253,-29.019608,0 40.66804,-29.030351,0 40.624091,-29.044436,0 40.580143,-29.058521,0 40.536197,-29.072606,0</coordinates>
      </LineString>
    </Placemark>
    <Placemark>
      <name>Fault Line 58</name>
      <LineString>
        <coordinates>37.035502,-32.72046,0 36.986687,-32.740091,0 36.937875,-32.759721,0 36.889065,-32.77935,0</coordinates>
      </LineString>
    </Placemark>
    <Placemark>
      <name>Fault Line 59</name>
      <LineString>
        <coordinates>36.9408,-33.2246,0 36.983713,-33.203308,0 37.026629,-33.182014,0 37.069548,-33.160718,0 37.112471,-33.139421,0</coordinates>
      </LineString>
    </Placemark>
    <Placemark>
      <name>Fault Line 60</name>
      <LineString>
        <coordinates>36.9159,-33.0049,0 36.871802,-33.019846,0 36.827706,-33.034791,0 36.783612,-33.049735,0 36.73952,-33.064679,0 36.695429,-33.079622,0 36.651341,-33.094564,0</coordinates>
      </LineString>
    </Placemark>
    <Placemark>
      <name>Fault Line 61</name>
      <LineString>
        <coordinates>36.72942,-33.533435,0 36.777173,-33.516465,0 36.824927,-33.499495,0 36.872683,-33.482524,0 36.920441,-33.465553,0 36.968201,-33.44858,0</coordinates>
      </LineString>
    </Placemark>
    <Placemark>
      <name>Fault Line 62</name>
      <LineString>
        <coordinates>36.69747,-33.378079,0 36.651758,-33.392539,0 36.606047,-33.406999,0 36.560338,-33.421458,0 36.514631,-33.435917,0 36.468925,-33.450375,0 36.423221,-33.464833,0 36.377519,-33.47929,0 36.331818,-33.493747,0 36.286119,-33.508203,0 36.240422,-33.522659,0 36.194726,-33.537114,0 36.149027,-33.55157,0</coordinates>
      </LineString>
    </Placemark>
    <Placemark>
      <name>Fault Line 63</name>
      <LineString>
        <coordinates>36.22973,-33.988321,0 36.272087,-33.974861,0 36.314443,-33.961401,0 36.3568,-33.947941,0 36.399159,-33.93448,0 36.441519,-33.921019,0 36.483881,-33.907557,0 36.526244,-33.894095,0 36.568609,-33.880632,0 36.610975,-33.867169,0 36.653342,-33.853705,0 36.695711,-33.840241,0 36.738081,-33.826777,0 36.780453,-33.813312,0</coordinates>
      </LineString>
    </Placemark>
    <Placemark>
      <name>Fault Line 64</name>
      <LineString>
        <coordinates>36.187497,-33.764267,0 36.146532,-33.788626,0 36.105571,-33.812982,0 36.064614,-33.837336,0 36.023661,-33.861688,0 35.982712,-33.886038,0 35.941767,-33.910385,0 35.901313,-33.935944,0 35.861008,-33.961842,0 35.820707,-33.987736,0 35.78041,-34.013628,0 35.740118,-34.039518,0 35.69983,-34.065404,0 35.659546,-34.091288,0 35.619267,-34.117169,0 35.578992,-34.143047,0 35.538722,-34.168922,0 35.498456,-34.194795,0 35.458179,-34.22063,0 35.417822,-34.246262,0 35.377469,-34.271891,0 35.337121,-34.297518,0 35.296777,-34.323142,0 35.256437,-34.348763,0 35.216101,-34.374382,0 35.17577,-34.399998,0 35.135443,-34.425611,0 35.09512,-34.451221,0 35.054801,-34.476829,0 35.014487,-34.502435,0 34.974175,-34.528038,0</coordinates>
      </LineString>
    </Placemark>
    <Placemark>
      <name>Fault Line 65</name>
      <LineString>
        <coordinates>35.046916,-34.963223,0 35.088276,-34.940885,0 35.129626,-34.918552,0 35.170979,-34.896217,0 35.212336,-34.87388,0 35.253696,-34.851542,0 35.295059,-34.829201,0 35.336426,-34.806859,0 35.377796,-34.784515,0 35.41917,-34.76217,0 35.460547,-34.739822,0 35.501927,-34.717472,0 35.543311,-34.695121,0 35.584698,-34.672768,0 35.626089,-34.650413,0 35.667483,-34.628056,0 35.708881,-34.605697,0 35.750282,-34.583336,0 35.791061,-34.559291,0 35.829426,-34.529804,0 35.867796,-34.500314,0 35.906171,-34.470819,0 35.944551,-34.441321,0 35.982937,-34.411819,0 36.021327,-34.382312,0 36.059723,-34.352802,0 36.098124,-34.323288,0 36.13653,-34.293769,0 36.174941,-34.264247,0 36.213358,-34.234721,0 36.251779,-34.205191,0</coordinates>
      </LineString>
    </Placemark>
    <Placemark>
      <name>Fault Line 66</name>
      <LineString>
        <coordinates>35.244895,-36.157829,0 35.205503,-36.183897,0 35.166115,-36.209962,0 35.126731,-36.236024,0 35.087352,-36.262084,0 35.047977,-36.28814,0 35.008606,-36.314194,0 34.96924,-36.340245,0 34.929878,-36.366292,0 34.89052,-36.392337,0 34.851167,-36.41838,0 34.811818,-36.444419,0 34.772473,-36.470456,0 34.733132,-36.496489,0 34.693796,-36.52252,0 34.654464,-36.548548,0 34.615136,-36.574574,0 34.575812,-36.600596,0 34.53649,-36.626618,0</coordinates>
      </LineString>
    </Placemark>
    <Placemark>
      <name>Fault Line 67</name>
      <LineString>
        <coordinates>34.576743,-37.079422,0 34.615821,-37.054201,0 34.654902,-37.028978,0 34.693987,-37.003753,0 34.733076,-36.978525,0 34.772169,-36.953295,0 34.811266,-36.928062,0 34.850367,-36.902826,0 34.889294,-36.877185,0 34.928048,-36.851143,0 34.966806,-36.825098,0 35.005569,-36.79905,0 35.044336,-36.772999,0 35.083107,-36.746946,0 35.121882,-36.720889,0 35.160662,-36.69483,0 35.199446,-36.668768,0 35.238234,-36.642703,0 35.277026,-36.616635,0 35.315823,-36.590564,0</coordinates>
      </LineString>
    </Placemark>
    <Placemark>
      <name>Fault Line 68</name>
      <LineString>
        <coordinates>34.544357,-36.830769,0 34.504446,-36.854842,0 34.464539,-36.878912,0 34.424636,-36.90298,0 34.384737,-36.927046,0 34.344841,-36.951109,0 34.304949,-36.97517,0 34.265061,-36.999229,0 34.225177,-37.023285,0 34.185296,-37.04734,0 34.145419,-37.071392,0 34.105546,-37.095442,0 34.065677,-37.119489,0 34.025811,-37.143534,0 33.985949,-37.167577,0 33.946251,-37.192004,0 33.908205,-37.219978,0 33.870164,-37.247949,0 33.832127,-37.275916,0 33.794095,-37.30388,0 33.756068,-37.331841,0 33.718045,-37.359798,0 33.680027,-37.387752,0 33.6438,-37.418941,0 33.608087,-37.450959,0 33.572379,-37.482973,0 33.536676,-37.514981,0 33.500978,-37.546985,0 33.465294,-37.578977,0</coordinates>
      </LineString>
    </Placemark>
    <Placemark>
      <name>Fault Line 69</name>
      <LineString>
        <coordinates>33.54593,-38.007724,0 33.584502,-37.980727,0 33.623076,-37.953728,0 33.661654,-37.926726,0 33.700237,-37.899721,0 33.738824,-37.872713,0 33.777415,-37.845702,0 33.816011,-37.818688,0 33.854611,-37.791671,0 33.893216,-37.764651,0 33.931195,-37.736362,0 33.968945,-37.707618,0 34.0067,-37.678871,0 34.04446,-37.650121,0 34.082225,-37.621367,0 34.119994,-37.592609,0 34.157768,-37.563848,0 34.195547,-37.535082,0 34.233331,-37.506313,0 34.27112,-37.477541,0 34.310211,-37.451425,0 34.349437,-37.425599,0 34.388667,-37.399769,0 34.427901,-37.373937,0 34.46714,-37.348102,0 34.506383,-37.322264,0 34.54563,-37.296423,0 34.584881,-37.27058,0</coordinates>
      </LineString>
    </Placemark>
    <Placemark>
      <name>Fault Line 70</name>
      <LineString>
        <coordinates>33.72287,-39.192781,0 33.679568,-39.207262,0 33.636268,-39.221742,0 33.59297,-39.236221,0 33.549673,-39.2507,0 33.506378,-39.265179,0 33.463084,-39.279657,0 33.419792,-39.294134,0 33.376501,-39.308611,0 33.333212,-39.323088,0 33.289924,-39.337564,0 33.246638,-39.352039,0 33.203354,-39.366514,0 33.160071,-39.380989,0 33.116789,-39.395463,0 33.073509,-39.409936,0 33.030231,-39.424409,0 32.986954,-39.438881,0 32.943679,-39.453353,0 32.902991,-39.476102,0 32.865985,-39.506477,0 32.828984,-39.536849,0 32.791987,-39.567216,0 32.754996,-39.597579,0 32.71801,-39.627938,0 32.681029,-39.658293,0 32.644052,-39.688644,0 32.60708,-39.718991,0 32.570113,-39.749334,0 32.533151,-39.779673,0 32.496194,-39.810008,0 32.459242,-39.840339,0 32.422295,-39.870666,0 32.385353,-39.900989,0 32.348415,-39.931308,0 32.311482,-39.961623,0 32.274555,-39.991934,0 32.237632,-40.022241,0 32.200714,-40.052544,0 32.163801,-40.082843,0 32.126892,-40.113138,0 32.089989,-40.143429,0 32.05309,-40.173716,0 32.016196,-40.203999,0 31.979307,-40.234279,0 31.942423,-40.264554,0 31.905544,-40.294825,0 31.868669,-40.325092,0 31.831799,-40.355356,0 31.794934,-40.385616,0 31.758073,-40.415872,0 31.721217,-40.446124,0 31.684366,-40.476372,0 31.64752,-40.506616,0 31.61122,-40.537745,0 31.575911,-40.570396,0 31.540608,-40.603042,0 31.50531,-40.635684,0 31.470017,-40.668321,0 31.434729,-40.700953,0 31.399446,-40.73358,0 31.364169,-40.766202,0 31.328896,-40.79882,0 31.293629,-40.831433,0 31.258367,-40.864041,0 31.22311,-40.896645,0 31.187857,-40.929244,0 31.152606,-40.961842,0</coordinates>
      </LineString>
    </Placemark>
    <Placemark>
      <name>Fault Line 71</name>
      <LineString>
        <coordinates>31.237,-41.4304,0 31.273335,-41.399612,0 31.309644,-41.368845,0 31.345958,-41.338075,0 31.382277,-41.307301,0 31.4186,-41.276522,0 31.454928,-41.24574,0 31.491261,-41.214953,0 31.527599,-41.184162,0 31.563942,-41.153368,0 31.600289,-41.122569,0 31.636641,-41.091766,0 31.672998,-41.060959,0 31.70936,-41.030148,0 31.745727,-40.999333,0 31.782099,-40.968513,0 31.818476,-40.93769,0 31.854857,-40.906862,0 31.891243,-40.876031,0 31.927634,-40.845195,0 31.96403,-40.814355,0 32.001093,-40.784627,0 32.038665,-40.755785,0 32.076241,-40.72694,0 32.113822,-40.698091,0 32.151408,-40.669239,0 32.188998,-40.640383,0 32.226593,-40.611523,0 32.264192,-40.58266,0 32.301796,-40.553794,0 32.339405,-40.524924,0 32.377018,-40.49605,0 32.414636,-40.467173,0 32.452258,-40.438292,0 32.489885,-40.409408,0 32.527516,-40.38052,0 32.565152,-40.351629,0 32.602793,-40.322735,0 32.640438,-40.293836,0 32.678088,-40.264934,0 32.715743,-40.236029,0 32.753402,-40.20712,0 32.791066,-40.178207,0 32.828735,-40.149291,0 32.866408,-40.120371,0 32.904086,-40.091448,0 32.941768,-40.062521,0 32.979455,-40.033591,0 33.017147,-40.004656,0 33.054844,-39.975719,0 33.092545,-39.946778,0 33.130251,-39.917833,0 33.167962,-39.888884,0 33.209831,-39.869741,0 33.251957,-39.851412,0 33.294086,-39.833083,0 33.336217,-39.814752,0 33.37835,-39.79642,0 33.420486,-39.778088,0 33.462624,-39.759754,0 33.504764,-39.74142,0 33.546907,-39.723084,0 33.589052,-39.704748,0 33.631199,-39.68641,0 33.673349,-39.668071,0 33.715501,-39.649732,0 33.757655,-39.631391,0 33.799812,-39.613049,0</coordinates>
      </LineString>
    </Placemark>
    <Placemark>
      <name>Fault Line 72</name>
      <LineString>
        <coordinates>31.203297,-41.225126,0 31.162479,-41.247614,0 31.121664,-41.270101,0 31.080852,-41.292585,0 31.040044,-41.315068,0 30.999239,-41.337549,0 30.958437,-41.360029,0 30.917638,-41.382507,0 30.876842,-41.404982,0 30.83605,-41.427457,0 30.795261,-41.449929,0 30.754475,-41.472399,0 30.713692,-41.494868,0 30.672913,-41.517335,0 30.632137,-41.5398,0 30.591364,-41.562264,0 30.550594,-41.584725,0 30.50978,-41.607071,0 30.468916,-41.629286,0 30.428056,-41.6515,0 30.387199,-41.673712,0 30.346345,-41.695922,0 30.305494,-41.71813,0 30.264646,-41.740337,0 30.223801,-41.762542,0 30.182959,-41.784746,0 30.14212,-41.806947,0 30.101285,-41.829148,0 30.060452,-41.851346,0 30.019622,-41.873543,0 29.978796,-41.895738,0 29.937962,-41.917937,0</coordinates>
      </LineString>
    </Placemark>
    <Placemark>
      <name>Fault Line 73</name>
      <LineString>
        <coordinates>30.007003,-42.341674,0 30.047983,-42.319406,0 30.088978,-42.297129,0 30.129976,-42.274851,0 30.170977,-42.252572,0 30.211981,-42.230291,0 30.252988,-42.208008,0 30.293998,-42.185723,0 30.335012,-42.163437,0 30.376028,-42.141149,0 30.417048,-42.118859,0 30.458071,-42.096568,0 30.499097,-42.074275,0 30.540126,-42.05198,0 30.581158,-42.029683,0 30.622194,-42.007384,0 30.663233,-41.985084,0 30.704103,-41.962364,0 30.744829,-41.939282,0 30.785558,-41.916198,0 30.826291,-41.893113,0 30.867027,-41.870025,0 30.907766,-41.846936,0 30.948509,-41.823845,0 30.989255,-41.800752,0 31.030004,-41.777657,0 31.070756,-41.75456,0 31.111512,-41.731461,0 31.152271,-41.708361,0 31.193033,-41.685258,0 31.233799,-41.662154,0 31.274568,-41.639048,0</coordinates>
      </LineString>
    </Placemark>
    <Placemark>
      <name>Fault Line 74</name>
      <LineString>
        <coordinates>30.035997,-42.528383,0 29.995166,-42.550389,0 29.954338,-42.572394,0 29.913513,-42.594397,0 29.872691,-42.616399,0 29.831872,-42.638399,0 29.791056,-42.660397,0 29.750243,-42.682394,0 29.709433,-42.704389,0 29.668627,-42.726383,0 29.627823,-42.748374,0 29.587022,-42.770365,0 29.546224,-42.792353,0 29.505429,-42.81434,0 29.464637,-42.836326,0 29.423848,-42.85831,0 29.383062,-42.880292,0 29.342279,-42.902273,0 29.303054,-42.9277,0 29.264345,-42.954139,0 29.225639,-42.980575,0 29.186937,-43.007009,0 29.148239,-43.033441,0 29.109545,-43.059869,0 29.070855,-43.086295,0 29.032168,-43.112718,0 28.993485,-43.139139,0 28.954806,-43.165558,0 28.916131,-43.191974,0 28.877459,-43.218387,0 28.838791,-43.244798,0 28.800127,-43.271206,0 28.761467,-43.297611,0 28.72281,-43.324014,0 28.684157,-43.350415,0 28.645447,-43.376695,0 28.606308,-43.402127,0 28.567173,-43.427557,0 28.528042,-43.452985,0 28.488914,-43.478409,0 28.44979,-43.503832,0 28.410669,-43.529252,0 28.371552,-43.554671,0 28.332438,-43.580087,0 28.293328,-43.6055,0 28.254221,-43.630911,0 28.215118,-43.65632,0 28.176018,-43.681727,0 28.136922,-43.707132,0 28.097829,-43.732534,0 28.05874,-43.757934,0 28.019654,-43.783332,0 27.980572,-43.808727,0 27.940731,-43.832555,0 27.900057,-43.854493,0 27.859385,-43.876429,0 27.818716,-43.898364,0 27.77805,-43.920298,0 27.737387,-43.94223,0 27.696727,-43.96416,0 27.656069,-43.986088,0 27.615415,-44.008016,0 27.574347,-44.028931,0 27.533144,-44.049499,0 27.491943,-44.070065,0 27.450745,-44.09063,0 27.409549,-44.111194,0 27.368356,-44.131757,0 27.327165,-44.152319,0 27.285977,-44.172879,0 27.244791,-44.193438,0 27.203608,-44.213996,0 27.162427,-44.234553,0 27.121249,-44.255108,0 27.080177,-44.27592,0 27.040272,-44.299415,0 27.000369,-44.322907,0 26.96047,-44.346399,0 26.920574,-44.369888,0 26.880681,-44.393376,0 26.840791,-44.416861,0 26.800904,-44.440345,0 26.76102,-44.463827,0 26.721139,-44.487307,0 26.678337,-44.503067,0 26.634832,-44.516192,0 26.591328,-44.529315,0 26.547825,-44.542439,0 26.504323,-44.555562,0 26.460822,-44.568685,0 26.417323,-44.581807,0 26.373825,-44.594929,0 26.330328,-44.608051,0 26.286725,-44.62072,0 26.24296,-44.632672,0 26.199196,-44.644623,0 26.155433,-44.656575,0 26.111671,-44.668526,0 26.06791,-44.680477,0 26.024079,-44.692447,0</coordinates>
      </LineString>
    </Placemark>
    <Placemark>
      <name>Fault Line 75</name>
      <LineString>
        <coordinates>26.077943,-45.10112,0 26.122613,-45.094321,0 26.1674,-45.087505,0 26.212187,-45.080688,0 26.256974,-45.073872,0 26.301096,-45.06292,0 26.344233,-45.047854,0 26.387372,-45.032787,0 26.430512,-45.017719,0 26.473654,-45.002651,0 26.516797,-44.987583,0 26.559942,-44.972514,0 26.603088,-44.957444,0 26.646236,-44.942374,0 26.689385,-44.927303,0 26.732535,-44.912232,0 26.775687,-44.897161,0 26.81884,-44.882089,0 26.860283,-44.861863,0 26.901553,-44.841188,0 26.942825,-44.820511,0 26.9841,-44.799833,0 27.025377,-44.779153,0 27.066657,-44.758473,0 27.107939,-44.737791,0 27.149224,-44.717107,0 27.190512,-44.696423,0 27.231802,-44.675737,0 27.273095,-44.65505,0 27.31439,-44.634361,0 27.355688,-44.613672,0 27.396988,-44.592981,0 27.437755,-44.570984,0 27.477727,-44.547199,0 27.517703,-44.523412,0 27.557681,-44.499622,0 27.597663,-44.475831,0 27.637648,-44.452038,0 27.677636,-44.428244,0 27.717627,-44.404447,0 27.758305,-44.382175,0 27.799616,-44.361435,0 27.840929,-44.340693,0 27.882245,-44.31995,0 27.923563,-44.299206,0 27.964884,-44.278461,0 28.006207,-44.257714,0 28.047533,-44.236966,0 28.088862,-44.216217,0 28.130193,-44.195466,0 28.171527,-44.174715,0 28.212863,-44.153961,0 28.254202,-44.133207,0 28.293788,-44.108427,0 28.333137,-44.08316,0 28.37249,-44.057891,0 28.411847,-44.032619,0 28.451207,-44.007345,0 28.490571,-43.982069,0 28.529938,-43.956791,0 28.569309,-43.93151,0 28.608683,-43.906227,0 28.648061,-43.880941,0 28.687443,-43.855654,0 28.726828,-43.830364,0 28.766217,-43.805072,0 28.805609,-43.779777,0 28.845005,-43.75448,0 28.884405,-43.729181,0 28.923808,-43.703879,0 28.963015,-43.678171,0 29.00124,-43.65059,0 29.039469,-43.623005,0 29.077702,-43.595418,0 29.115939,-43.567828,0 29.15418,-43.540235,0 29.192425,-43.512639,0 29.230674,-43.48504,0 29.268927,-43.457438,0 29.307185,-43.429834,0 29.345446,-43.402226,0 29.383712,-43.374615,0 29.421982,-43.347001,0 29.460256,-43.319384,0 29.498534,-43.291764,0 29.536816,-43.264141,0 29.575103,-43.236516,0 29.613393,-43.208887,0 29.653958,-43.185941,0 29.694594,-43.163151,0 29.735233,-43.140359,0 29.775875,-43.117565,0 29.81652,-43.09477,0 29.857168,-43.071973,0 29.897819,-43.049174,0 29.938474,-43.026373,0 29.979132,-43.003571,0 30.019793,-42.980767,0 30.060457,-42.957961,0 30.101124,-42.935153,0</coordinates>
      </LineString>
    </Placemark>
    <Placemark>
      <name>Fault Line 76</name>
      <LineString>
        <coordinates>26.047697,-44.895729,0 26.004827,-44.915023,0 25.961959,-44.934317,0 25.919093,-44.953609,0 25.87623,-44.972901,0 25.833369,-44.992191,0 25.79051,-45.01148,0 25.747654,-45.030768,0 25.7048,-45.050055,0 25.661948,-45.069341,0 25.619098,-45.088627,0 25.57625,-45.107911,0 25.533363,-45.127081,0 25.490471,-45.146231,0 25.447581,-45.165381,0 25.404694,-45.18453,0 25.361809,-45.203677,0 25.318926,-45.222824,0 25.276045,-45.24197,0 25.233166,-45.261115,0 25.190289,-45.280259,0 25.147421,-45.299399,0</coordinates>
      </LineString>
    </Placemark>
    <Placemark>
      <name>Fault Line 77</name>
      <LineString>
        <coordinates>25.225503,-45.694771,0 25.267734,-45.675905,0 25.309963,-45.65704,0 25.352194,-45.638174,0 25.394426,-45.619307,0 25.436661,-45.600439,0 25.478898,-45.58157,0 25.521137,-45.562701,0 25.563378,-45.54383,0 25.605621,-45.524959,0 25.647866,-45.506086,0 25.690113,-45.487213,0 25.732239,-45.468005,0 25.774312,-45.448651,0 25.816388,-45.429296,0 25.858466,-45.40994,0 25.900546,-45.390583,0 25.942628,-45.371225,0 25.984712,-45.351866,0 26.026799,-45.332506,0 26.068888,-45.313145,0 26.110979,-45.293783,0</coordinates>
      </LineString>
    </Placemark>
    <Placemark>
      <name>Fault Line 78</name>
      <LineString>
        <coordinates>71.33885,-12.856182,0 71.379621,-12.784236,0 71.420422,-12.712238,0 71.461244,-12.640203,0 71.501382,-12.564301,0 71.540741,-12.484298,0 71.580124,-12.404247,0 71.619531,-12.324149,0 71.658961,-12.244003,0 71.698828,-12.165902,0 71.739351,-12.091132,0 71.779896,-12.016322,0 71.820462,-11.941472,0 71.86105,-11.866582,0</coordinates>
      </LineString>
    </Placemark>
    <Placemark>
      <name>Fault Line 79</name>
      <LineString>
        <coordinates>25.20947,-45.599917,0 25.168104,-45.621363,0 25.12674,-45.642808,0 25.085379,-45.664251,0 25.044021,-45.685693,0 25.002665,-45.707134,0 24.961311,-45.728573,0 24.91996,-45.750012,0 24.878611,-45.771449,0 24.837265,-45.792884,0 24.795922,-45.814319,0 24.754581,-45.835751,0 24.713243,-45.857183,0 24.671907,-45.878613,0 24.630574,-45.900042,0 24.589243,-45.92147,0 24.547915,-45.942896,0 24.506589,-45.964321,0 24.465266,-45.985745,0 24.423747,-46.006699,0 24.382137,-46.027426,0 24.340528,-46.048151,0 24.298922,-46.068876,0 24.257318,-46.089599,0 24.215717,-46.110321,0 24.174118,-46.131042,0 24.132521,-46.151762,0 24.090927,-46.172481,0 24.049335,-46.193198,0 24.007745,-46.213914,0 23.966158,-46.234629,0 23.924573,-46.255343,0 23.882982,-46.27606,0</coordinates>
      </LineString>
    </Placemark>
    <Placemark>
      <name>Fault Line 80</name>
      <LineString>
        <coordinates>23.939943,-46.672037,0 23.981831,-46.653274,0 24.023712,-46.634514,0 24.065595,-46.615754,0 24.10748,-46.596992,0 24.149367,-46.57823,0 24.191256,-46.559466,0 24.233147,-46.540702,0 24.27504,-46.521937,0 24.316935,-46.503171,0 24.358832,-46.484404,0 24.400731,-46.465636,0 24.442632,-46.446867,0 24.484535,-46.428098,0 24.52644,-46.409327,0 24.568347,-46.390556,0 24.610256,-46.371783,0 24.652167,-46.35301,0 24.69408,-46.334236,0 24.735995,-46.315461,0 24.776284,-46.29277,0 24.816219,-46.269324,0 24.856157,-46.245877,0 24.896097,-46.222427,0 24.936041,-46.198977,0 24.975987,-46.175524,0 25.015936,-46.15207,0 25.055888,-46.128614,0 25.095843,-46.105156,0 25.135801,-46.081697,0 25.175762,-46.058236,0 25.215725,-46.034773,0 25.255692,-46.011309,0 25.295661,-45.987843,0</coordinates>
      </LineString>
    </Placemark>
    <Placemark>
      <name>Fault Line 81</name>
      <LineString>
        <coordinates>23.608789,-44.734593,0 23.564195,-44.742128,0 23.519601,-44.749664,0 23.475008,-44.757199,0 23.430415,-44.764734,0 23.385822,-44.77227,0 23.34123,-44.779805,0 23.296638,-44.78734,0 23.252046,-44.794875,0 23.207455,-44.80241,0 23.162864,-44.809945,0 23.118273,-44.81748,0 23.073683,-44.825014,0 23.029093,-44.832549,0 22.984503,-44.840084,0 22.939914,-44.847618,0 22.895325,-44.855153,0 22.850832,-44.863324,0 22.806526,-44.872619,0 22.762221,-44.881914,0 22.717916,-44.891209,0 22.673611,-44.900504,0 22.629307,-44.909799,0 22.585003,-44.919093,0 22.5407,-44.928388,0 22.496397,-44.937682,0 22.452095,-44.946977,0 22.407793,-44.956271,0 22.363591,-44.966094,0 22.320774,-44.981497,0 22.277959,-44.9969,0 22.235145,-45.012303,0 22.192332,-45.027705,0 22.14952,-45.043106,0 22.10671,-45.058508,0 22.063901,-45.073908,0 22.021093,-45.089308,0 21.978287,-45.104708,0 21.935482,-45.120107,0 21.892678,-45.135506,0 21.849876,-45.150905,0 21.807075,-45.166302,0 21.764275,-45.1817,0 21.721476,-45.197097,0 21.678679,-45.212493,0 21.635883,-45.227889,0 21.591944,-45.238948,0 21.547779,-45.248911,0 21.503615,-45.258875,0 21.459451,-45.268838,0 21.415288,-45.278801,0 21.371126,-45.288765,0 21.326342,-45.294727,0 21.281386,-45.298937,0 21.23643,-45.303146,0 21.191474,-45.307355,0 21.146518,-45.311564,0 21.101563,-45.315773,0 21.056608,-45.319982,0 21.011653,-45.324192,0 20.966698,-45.328401,0 20.921743,-45.33261,0 20.876788,-45.336819,0 20.831833,-45.341028,0 20.786878,-45.345237,0 20.741923,-45.349446,0 20.696968,-45.353655,0 20.652013,-45.357864,0 20.607059,-45.362073,0 20.562097,-45.366283,0</coordinates>
      </LineString>
    </Placemark>
    <Placemark>
      <name>Fault Line 82</name>
      <LineString>
        <coordinates>20.629503,-45.747717,0 20.674493,-45.744827,0 20.719627,-45.741928,0 20.764761,-45.739028,0 20.809895,-45.736129,0 20.855029,-45.73323,0 20.900163,-45.73033,0 20.945297,-45.727431,0 20.990431,-45.724532,0 21.035565,-45.721632,0 21.080699,-45.718733,0 21.125833,-45.715834,0 21.170967,-45.712934,0 21.216101,-45.710035,0 21.261236,-45.707135,0 21.305974,-45.700103,0 21.350224,-45.69012,0 21.394474,-45.680138,0 21.438725,-45.670155,0 21.482976,-45.660172,0 21.527228,-45.650188,0 21.571481,-45.640205,0 21.615734,-45.630221,0 21.659988,-45.620238,0 21.704242,-45.610254,0 21.748497,-45.60027,0 21.792752,-45.590286,0 21.837008,-45.580302,0 21.880276,-45.566157,0 21.922586,-45.54897,0 21.964898,-45.531783,0 22.007211,-45.514594,0 22.049526,-45.497405,0 22.091843,-45.480216,0 22.134161,-45.463026,0 22.17648,-45.445835,0 22.218801,-45.428644,0 22.261124,-45.411452,0 22.303448,-45.394259,0 22.345774,-45.377066,0 22.388101,-45.359872,0 22.431627,-45.346627,0 22.476255,-45.338763,0 22.520883,-45.330898,0 22.565511,-45.323034,0 22.61014,-45.31517,0 22.654769,-45.307305,0 22.699398,-45.299441,0 22.744028,-45.291576,0 22.788658,-45.283711,0 22.833289,-45.275847,0 22.87792,-45.267982,0 22.922551,-45.260117,0 22.967183,-45.252252,0 23.011815,-45.244387,0 23.056448,-45.236522,0 23.100965,-45.227913,0 23.145473,-45.219245,0 23.189981,-45.210576,0 23.23449,-45.201908,0 23.278999,-45.193239,0 23.323509,-45.18457,0 23.368019,-45.175901,0 23.41253,-45.167232,0 23.457041,-45.158563,0 23.501553,-45.149894,0 23.546065,-45.141225,0 23.590577,-45.132556,0 23.63509,-45.123886,0 23.679603,-45.115217,0</coordinates>
      </LineString>
    </Placemark>
    <Placemark>
      <name>Fault Line 83</name>
      <LineString>
        <coordinates>20.584297,-45.587893,0 20.540232,-45.598023,0 20.496168,-45.608154,0 20.452104,-45.618284,0 20.408041,-45.628414,0 20.363978,-45.638543,0 20.319916,-45.648673,0 20.275855,-45.658803,0 20.231794,-45.668932,0 20.187734,-45.679061,0 20.143674,-45.689191,0 20.099615,-45.69932,0 20.055556,-45.709449,0 20.011498,-45.719578,0 19.96744,-45.729706,0 19.923383,-45.739835,0 19.879327,-45.749963,0 19.835271,-45.760091,0 19.791216,-45.77022,0 19.747161,-45.780348,0 19.703107,-45.790476,0 19.659666,-45.803241,0 19.616618,-45.817426,0 19.573571,-45.831611,0 19.530525,-45.845796,0 19.48748,-45.85998,0 19.444436,-45.874164,0 19.401393,-45.888348,0 19.358351,-45.902531,0 19.314566,-45.913874,0 19.27046,-45.92372,0 19.226354,-45.933565,0 19.182249,-45.943411,0 19.138144,-45.953257,0 19.09404,-45.963102,0 19.049936,-45.972947,0 19.005833,-45.982793,0 18.96173,-45.992638,0 18.917628,-46.002483,0 18.873526,-46.012328,0 18.829815,-46.023955,0 18.786959,-46.038712,0 18.744104,-46.053468,0 18.701251,-46.068224,0 18.658399,-46.082979,0 18.615548,-46.097734,0 18.572698,-46.112489,0 18.529849,-46.127243,0 18.487001,-46.141997,0 18.444154,-46.156751,0 18.401308,-46.171504,0 18.358463,-46.186257,0 18.315619,-46.20101,0 18.272776,-46.215762,0 18.228343,-46.223735,0 18.183824,-46.231165,0 18.139305,-46.238595,0 18.094787,-46.246024,0 18.050269,-46.253454,0 18.005751,-46.260883,0 17.961234,-46.268313,0 17.916717,-46.275742,0 17.8722,-46.283171,0 17.827683,-46.290601,0 17.783167,-46.29803,0 17.738651,-46.305459,0 17.693686,-46.308765,0 17.648613,-46.309021,0 17.60354,-46.309276,0 17.558467,-46.309531,0 17.513394,-46.309786,0 17.468321,-46.310041,0 17.423248,-46.310296,0 17.378175,-46.310551,0 17.333102,-46.310806,0 17.288029,-46.311062,0 17.242956,-46.311317,0 17.197883,-46.311572,0 17.15281,-46.311827,0 17.107737,-46.312082,0 17.062664,-46.312337,0 17.017671,-46.315152,0 16.972724,-46.318683,0 16.927777,-46.322214,0 16.88283,-46.325744,0 16.837884,-46.329275,0 16.792938,-46.332806,0 16.747992,-46.336337,0 16.703046,-46.339867,0 16.6581,-46.343398,0 16.613321,-46.348761,0 16.568903,-46.356751,0 16.524485,-46.364742,0 16.480067,-46.372732,0 16.43565,-46.380723,0 16.391233,-46.388713,0 16.346816,-46.396704,0 16.302399,-46.404694,0 16.257983,-46.412684,0 16.213567,-46.420674,0 16.169151,-46.428665,0 16.124735,-46.436655,0 16.08032,-46.444645,0 16.035905,-46.452635,0 15.99149,-46.460625,0 15.947258,-46.469645,0 15.90306,-46.478841,0 15.858863,-46.488037,0 15.814666,-46.497232,0 15.77047,-46.506428,0 15.726274,-46.515623,0 15.682078,-46.524819,0 15.637883,-46.534014,0 15.593688,-46.54321,0 15.549493,-46.552405,0 15.505299,-46.5616,0 15.461105,-46.570795,0 15.416897,-46.579993,0</coordinates>
      </LineString>
    </Placemark>
    <Placemark>
      <name>Fault Line 84</name>
      <LineString>
        <coordinates>71.443424,-5.224069,0 71.408474,-5.313315,0 71.375818,-5.410576,0 71.343189,-5.507758,0 71.314849,-5.617154,0 71.291727,-5.737773,0 71.268626,-5.858288,0 71.245545,-5.978696,0 71.222637,-6.099278,0 71.200092,-6.220382,0 71.177566,-6.341381,0 71.15506,-6.462276,0 71.129491,-6.577033,0 71.096743,-6.672606,0 71.06402,-6.768103,0 71.03134,-6.863477,0</coordinates>
      </LineString>
    </Placemark>
    <Placemark>
      <name>Fault Line 85</name>
      <LineString>
        <coordinates>15.484303,-46.951607,0 15.528447,-46.942422,0 15.572742,-46.933206,0 15.617038,-46.92399,0 15.661334,-46.914774,0 15.705631,-46.905557,0 15.749928,-46.896341,0 15.794225,-46.887124,0 15.838523,-46.877907,0 15.882821,-46.86869,0 15.92712,-46.859474,0 15.971419,-46.850257,0 16.015718,-46.84104,0 16.060148,-46.832531,0 16.105061,-46.827449,0 16.149974,-46.822368,0 16.194887,-46.817286,0 16.2398,-46.812205,0 16.284713,-46.807123,0 16.329626,-46.802042,0 16.37454,-46.79696,0 16.419454,-46.791879,0 16.464368,-46.786797,0 16.509282,-46.781716,0 16.554196,-46.776634,0 16.598953,-46.770214,0 16.643574,-46.762835,0 16.688196,-46.755455,0 16.732818,-46.748075,0 16.77744,-46.740695,0 16.822062,-46.733315,0 16.866685,-46.725935,0 16.911308,-46.718555,0 16.955931,-46.711175,0 17.000554,-46.703795,0 17.045178,-46.696415,0 17.089802,-46.689035,0 17.134791,-46.684716,0 17.17992,-46.686911,0 17.225049,-46.689106,0 17.270178,-46.6913,0 17.315307,-46.693495,0 17.360436,-46.695689,0 17.405565,-46.697884,0 17.450694,-46.700078,0 17.495823,-46.702273,0 17.540952,-46.704467,0 17.586081,-46.706662,0 17.631219,-46.704701,0 17.675909,-46.697759,0 17.720599,-46.690817,0 17.765289,-46.683876,0 17.80998,-46.676934,0 17.854671,-46.669992,0 17.899362,-46.66305,0 17.944053,-46.656108,0 17.988745,-46.649166,0 18.033437,-46.642224,0 18.078129,-46.635282,0 18.122821,-46.62834,0 18.167514,-46.621397,0 18.212207,-46.614455,0 18.2569,-46.607513,0 18.301593,-46.600571,0 18.346287,-46.593628,0 18.390981,-46.586686,0 18.435675,-46.579744,0 18.479177,-46.566898,0 18.522278,-46.552625,0 18.56538,-46.538353,0 18.608483,-46.52408,0 18.651587,-46.509806,0 18.694692,-46.495533,0 18.737798,-46.481259,0 18.780905,-46.466984,0 18.824013,-46.45271,0 18.867122,-46.438435,0 18.910232,-46.424159,0 18.953343,-46.409884,0 18.996455,-46.395608,0 19.039688,-46.381739,0 19.083395,-46.369647,0 19.127103,-46.357554,0 19.170812,-46.345461,0 19.214522,-46.333368,0 19.258232,-46.321274,0 19.301943,-46.309181,0 19.345655,-46.297087,0 19.389367,-46.284993,0 19.43316,-46.273223,0 19.477029,-46.261771,0 19.520898,-46.250319,0 19.564768,-46.238866,0 19.608639,-46.227414,0 19.65251,-46.215961,0 19.696382,-46.204508,0 19.740255,-46.193055,0 19.784128,-46.181602,0 19.828002,-46.170148,0 19.871877,-46.158695,0 19.915752,-46.147241,0 19.959647,-46.135872,0 20.003585,-46.124689,0 20.047523,-46.113505,0 20.091462,-46.102321,0 20.135402,-46.091137,0 20.179342,-46.079953,0 20.223283,-46.068768,0 20.267225,-46.057584,0 20.311167,-46.046399,0 20.35511,-46.035214,0 20.399054,-46.024029,0 20.442998,-46.012844,0 20.486943,-46.001658,0 20.530889,-45.990473,0 20.574835,-45.979287,0 20.618782,-45.968101,0 20.66273,-45.956915,0</coordinates>
      </LineString>
    </Placemark>
    <Placemark>
      <name>Fault Line 86</name>
      <LineString>
        <coordinates>43.767717,-28.541392,0 43.725808,-28.564762,0 43.683903,-28.58813,0 43.642002,-28.611496,0 43.600476,-28.636089,0 43.558881,-28.660446,0 43.515212,-28.676438,0 43.471545,-28.692429,0 43.428513,-28.711394,0 43.387245,-28.736714,0 43.347123,-28.76529,0 43.306248,-28.791752,0 43.263423,-28.81153,0 43.220601,-28.831307,0 43.177782,-28.851082,0 43.136935,-28.87755,0 43.099765,-28.912736,0 43.062602,-28.947915,0 43.025446,-28.983087,0 42.988298,-29.018253,0 42.951157,-29.053412,0 42.914023,-29.088563,0 42.869615,-29.099921,0 42.824898,-29.108731,0 42.779862,-29.103807,0 42.735126,-29.095182,0 42.69039,-29.086558,0 42.645376,-29.081251,0 42.601452,-29.095628,0 42.557489,-29.109776,0 42.513407,-29.123216,0 42.469326,-29.136655,0 42.424987,-29.148427,0 42.380569,-29.159618,0 42.336152,-29.170808,0 42.291696,-29.182008,0</coordinates>
      </LineString>
    </Placemark>
    <Placemark>
      <name>Fault Line 87</name>
      <LineString>
        <coordinates>42.279206,-29.674691,0 42.324769,-29.662118,0 42.369318,-29.649825,0 42.413868,-29.637531,0 42.458446,-29.625415,0 42.503125,-29.614,0 42.547806,-29.602585,0 42.592488,-29.591169,0 42.637328,-29.580957,0 42.681946,-29.592851,0 42.726565,-29.604745,0 42.77203,-29.605076,0 42.817033,-29.596257,0 42.862042,-29.587482,0 42.907161,-29.579828,0 42.952281,-29.572174,0 42.997401,-29.564519,0 43.041985,-29.55233,0 43.07815,-29.514616,0 43.114322,-29.476894,0 43.150502,-29.439164,0 43.18669,-29.401426,0 43.222886,-29.36368,0 43.25909,-29.325925,0 43.301866,-29.304763,0 43.344813,-29.28425,0 43.387764,-29.263735,0 43.430718,-29.243218,0 43.472291,-29.21786,0 43.513111,-29.190259,0 43.553936,-29.162654,0 43.597539,-29.144873,0 43.641487,-29.128779,0 43.684932,-29.110244,0 43.726884,-29.086,0 43.76884,-29.061753,0</coordinates>
      </LineString>
    </Placemark>
    <Placemark>
      <name>Fault Line 88</name>
      <LineString>
        <coordinates>48.640381,-27.513159,0 48.595694,-27.503656,0 48.551008,-27.494153,0 48.506266,-27.485296,0 48.461505,-27.476665,0 48.416745,-27.468033,0 48.371986,-27.459402,0 48.327136,-27.45192,0 48.282057,-27.448844,0 48.236978,-27.445769,0 48.193543,-27.427412,0 48.150203,-27.408569,0 48.105653,-27.397808,0 48.061004,-27.388023,0 48.016356,-27.378238,0 47.971446,-27.371669,0 47.926473,-27.366135,0 47.883351,-27.346298,0 47.841905,-27.319697,0 47.800465,-27.293098,0 47.758388,-27.268837,0 47.716083,-27.245489,0 47.673783,-27.222142,0 47.631487,-27.198799,0 47.58675,-27.19004,0 47.541648,-27.19222,0 47.496546,-27.194399,0 47.451453,-27.19692,0 47.40638,-27.200138,0 47.361307,-27.203356,0 47.316234,-27.206573,0 47.271326,-27.200065,0 47.228808,-27.177799,0 47.186294,-27.155535,0 47.143783,-27.133273,0 47.101276,-27.111012,0 47.058773,-27.088754,0 47.013661,-27.087176,0 46.968539,-27.087857,0 46.923417,-27.088537,0 46.878403,-27.093204,0 46.833701,-27.102226,0 46.789,-27.111247,0 46.744731,-27.124021,0 46.702225,-27.146121,0 46.659723,-27.168219,0 46.615718,-27.182771,0 46.571033,-27.191926,0 46.526348,-27.201081,0 46.481664,-27.210235,0 46.436823,-27.217561,0 46.391916,-27.223988,0 46.34701,-27.230415,0 46.302104,-27.236841,0 46.257198,-27.243268,0 46.212293,-27.249695,0 46.168046,-27.262489,0 46.127188,-27.290138,0 46.086336,-27.317783,0 46.04192,-27.329268,0 45.997182,-27.337758,0 45.952445,-27.346249,0 45.912924,-27.377567,0 45.874023,-27.410424,0 45.835129,-27.443275,0 45.796242,-27.47612,0 45.754845,-27.50187,0 45.710098,-27.510221,0 45.665422,-27.51932,0 45.620816,-27.529084,0 45.576211,-27.538847,0 45.532171,-27.552894,0 45.488854,-27.570937,0 45.446113,-27.591576,0 45.404794,-27.61742,0 45.36348,-27.643261,0 45.322171,-27.669099,0 45.280866,-27.694933,0 45.239566,-27.720765,0 45.194577,-27.725739,0 45.149505,-27.728869,0 45.104846,-27.738042,0 45.060188,-27.747214,0 45.016371,-27.762479,0 44.974872,-27.787544,0 44.933378,-27.812606,0 44.891889,-27.837666,0 44.849623,-27.859968,0 44.806128,-27.876911,0 44.762635,-27.893854,0 44.719144,-27.910796,0 44.675638,-27.927645,0 44.632126,-27.944453,0 44.588616,-27.961259,0 44.545109,-27.978065,0 44.501604,-27.99487,0 44.457512,-28.008322,0 44.41299,-28.01862,0 44.368469,-28.028917,0 44.324718,-28.044371,0 44.281199,-28.061041,0 44.2378,-28.078303,0 44.194501,-28.096032,0 44.151205,-28.11376,0 44.107911,-28.131487,0 44.069383,-28.164191,0 44.030889,-28.196952,0 43.989641,-28.222398,0 43.944518,-28.221924,0 43.899539,-28.226967,0 43.855244,-28.238926,0 43.81095,-28.250884,0 43.766805,-28.262802,0</coordinates>
      </LineString>
    </Placemark>
    <Placemark>
      <name>Fault Line 89</name>
      <LineString>
        <coordinates>54.285057,-34.820956,0 54.241013,-34.838499,0 54.196971,-34.856042,0 54.152932,-34.873583,0 54.108895,-34.891124,0 54.064861,-34.908663,0 54.021057,-34.927782,0 53.977256,-34.946901,0 53.933458,-34.966019,0 53.889663,-34.985135,0 53.845871,-35.00425,0 53.802082,-35.023364,0 53.758295,-35.042476,0 53.714512,-35.061588,0 53.670731,-35.080698,0 53.625841,-35.071492,0 53.581409,-35.057321,0 53.536979,-35.043151,0 53.492551,-35.028981,0 53.448124,-35.014812,0 53.403699,-35.000643,0 53.359275,-34.986475,0 53.31733,-34.958171,0 53.275868,-34.927975,0 53.234412,-34.897785,0 53.190701,-34.87844,0 53.145559,-34.874036,0 53.100417,-34.869632,0 53.055275,-34.865229,0 53.010133,-34.860825,0 52.964948,-34.857857,0 52.919742,-34.856035,0 52.874536,-34.854213,0 52.829395,-34.849793,0 52.784264,-34.845125,0 52.739133,-34.840457,0 52.693806,-34.835768,0</coordinates>
      </LineString>
    </Placemark>
    <Placemark>
      <name>Fault Line 90</name>
      <LineString>
        <coordinates>81.469596,-5.6749,0 81.51098,-5.563075,0 81.552378,-5.451214,0 81.593803,-5.339279,0 81.635255,-5.22727,0 81.67415,-5.077525,0 81.712816,-4.924282,0 81.751525,-4.770863,0 81.790279,-4.617271,0</coordinates>
      </LineString>
    </Placemark>
    <Placemark>
      <name>Fault Line 91</name>
      <LineString>
        <coordinates>43.7684,-28.7964,0 43.813742,-28.784671,0 43.857768,-28.773283,0 43.901832,-28.76217,0 43.945923,-28.751249,0 43.990572,-28.746384,0 44.035221,-28.74152,0 44.079019,-28.728494,0 44.122419,-28.713097,0 44.166349,-28.700951,0 44.210594,-28.691264,0 44.254681,-28.680257,0 44.289582,-28.641058,0 44.324491,-28.60185,0 44.362343,-28.568377,0 44.406168,-28.555457,0 44.449994,-28.542537,0 44.493822,-28.529617,0 44.537651,-28.516696,0 44.581068,-28.50127,0 44.624267,-28.484669,0 44.667468,-28.468068,0 44.710671,-28.451466,0 44.753877,-28.434863,0 44.797085,-28.418259,0 44.84052,-28.402861,0 44.885279,-28.405114,0 44.930039,-28.407368,0 44.974795,-28.405005,0 45.017964,-28.388136,0 45.061135,-28.371267,0 45.104308,-28.354396,0 45.147484,-28.337525,0 45.18871,-28.312699,0 45.226335,-28.278216,0 45.263967,-28.243726,0 45.308486,-28.236779,0 45.353114,-28.231428,0 45.396948,-28.218344,0 45.440236,-28.201971,0 45.483526,-28.185597,0 45.525522,-28.163395,0 45.564428,-28.13172,0 45.60334,-28.100039,0 45.642259,-28.068353,0 45.682529,-28.040306,0 45.727091,-28.033898,0 45.771653,-28.02749,0 45.816216,-28.021082,0 45.860779,-28.014674,0 45.904097,-27.998335,0 45.945533,-27.9739,0 45.985176,-27.94392,0 46.024825,-27.913935,0 46.06448,-27.883946,0 46.104141,-27.853952,0 46.146852,-27.834511,0 46.191447,-27.828548,0 46.235493,-27.816831,0 46.27625,-27.789981,0 46.317012,-27.763127,0 46.359964,-27.744751,0 46.404558,-27.738751,0 46.449153,-27.732751,0 46.493748,-27.726751,0 46.538343,-27.72075,0 46.582939,-27.71475,0 46.627535,-27.70875,0 46.672167,-27.703339,0 46.71684,-27.698672,0 46.761513,-27.694005,0 46.805481,-27.681552,0 46.847151,-27.657562,0 46.888825,-27.633569,0 46.931833,-27.615275,0 46.975477,-27.600542,0 47.019016,-27.615929,0 47.061222,-27.637916,0 47.103432,-27.659904,0 47.145645,-27.681894,0 47.187862,-27.703887,0 47.230083,-27.725881,0 47.274824,-27.728826,0 47.319528,-27.724834,0 47.364232,-27.720841,0 47.409015,-27.720049,0 47.453707,-27.724347,0 47.498399,-27.728645,0 47.541824,-27.744871,0 47.584234,-27.766205,0 47.626647,-27.787542,0 47.669064,-27.80888,0 47.711484,-27.830221,0 47.754366,-27.849434,0 47.798376,-27.861789,0 47.842387,-27.874144,0 47.886895,-27.881576,0 47.931502,-27.887554,0 47.976101,-27.893664,0 48.020518,-27.902242,0 48.064651,-27.913638,0 48.10775,-27.931871,0 48.150852,-27.950105,0 48.195065,-27.960818,0 48.239776,-27.964701,0 48.284487,-27.968585,0 48.329089,-27.974691,0 48.373499,-27.983402,0 48.41791,-27.992112,0 48.462322,-28.000823,0 48.506809,-28.008616,0 48.551451,-28.014029,0 48.596094,-28.019442,0</coordinates>
      </LineString>
    </Placemark>
    <Placemark>
      <name>Fault Line 92</name>
      <LineString>
        <coordinates>49.63262,-28.279589,0 49.590471,-28.256985,0 49.548326,-28.234383,0 49.50581,-28.213522,0 49.462055,-28.200058,0 49.418302,-28.186593,0 49.37455,-28.17313,0 49.333452,-28.146447,0 49.294299,-28.113617,0 49.255153,-28.080793,0 49.216015,-28.047975,0 49.176185,-28.017192,0 49.134227,-27.993974,0 49.092273,-27.970759,0 49.050323,-27.947546,0 49.008377,-27.924336,0 48.966728,-27.899931,0 48.926257,-27.871317,0 48.885792,-27.842707,0 48.84381,-27.819727,0 48.801007,-27.800583,0 48.758207,-27.781439,0 48.715215,-27.763328,0 48.671376,-27.750731,0 48.627543,-27.738135,0</coordinates>
      </LineString>
    </Placemark>
    <Placemark>
      <name>Fault Line 93</name>
      <LineString>
        <coordinates>48.575512,-28.283938,0 48.62038,-28.295885,0 48.664906,-28.311018,0 48.708665,-28.330632,0 48.751804,-28.353202,0 48.79317,-28.382445,0 48.834543,-28.411692,0 48.877483,-28.435174,0 48.920776,-28.457128,0 48.963187,-28.482778,0 49.00488,-28.511055,0 49.046579,-28.539335,0 49.087774,-28.569301,0 49.127868,-28.602593,0 49.167969,-28.635891,0 49.208077,-28.669195,0 49.250722,-28.694074,0 49.295413,-28.708226,0 49.340106,-28.722379,0 49.3848,-28.736533,0 49.429496,-28.750687,0 49.472493,-28.774207,0 49.515413,-28.798082,0 49.559601,-28.815649,0 49.604747,-28.825919,0 49.649894,-28.836189,0</coordinates>
      </LineString>
    </Placemark>
    <Placemark>
      <name>Fault Line 94</name>
      <LineString>
        <coordinates>52.018406,-29.741915,0 51.973546,-29.74769,0 51.928704,-29.741565,0 51.884221,-29.730539,0 51.839329,-29.725462,0 51.794345,-29.723548,0 51.749361,-29.721635,0 51.704377,-29.719721,0 51.659393,-29.717807,0 51.614405,-29.716149,0 51.569403,-29.716121,0 51.524401,-29.716093,0 51.479399,-29.716066,0 51.434397,-29.716038,0 51.389395,-29.71601,0 51.344393,-29.715982,0 51.299391,-29.715954,0 51.254396,-29.714733,0 51.20961,-29.707734,0 51.164824,-29.700736,0 51.120039,-29.693737,0 51.075202,-29.687615,0 51.030347,-29.681865,0 50.98578,-29.671945,0 50.942755,-29.651002,0 50.899734,-29.63006,0 50.85739,-29.605917,0 50.820855,-29.564314,0 50.784329,-29.522723,0 50.747813,-29.481143,0 50.711307,-29.439573,0 50.676225,-29.395082,0 50.641393,-29.350139,0 50.606571,-29.305209,0 50.571759,-29.260293,0 50.536958,-29.21539,0 50.500481,-29.173943,0 50.463651,-29.133305,0 50.426831,-29.092677,0 50.391565,-29.048817,0 50.357171,-29.003316,0 50.330437,-28.946595,0 50.303713,-28.889894,0 50.276999,-28.833214,0 50.244178,-28.785056,0 50.201123,-28.764597,0 50.158071,-28.74414,0 50.115023,-28.723684,0 50.071108,-28.708379,0 50.026439,-28.699873,0 49.981771,-28.691367,0 49.938449,-28.672439,0 49.897162,-28.64464,0 49.855729,-28.617388,0 49.812928,-28.595836,0 49.770131,-28.574286,0 49.727338,-28.552738,0 49.684548,-28.531192,0 49.642023,-28.509779,0</coordinates>
      </LineString>
    </Placemark>
    <Placemark>
      <name>Fault Line 95</name>
      <LineString>
        <coordinates>49.665187,-29.133444,0 49.707231,-29.148908,0 49.750844,-29.16495,0 49.792754,-29.189587,0 49.834171,-29.216167,0 49.876064,-29.240916,0 49.92045,-29.250687,0 49.964837,-29.260458,0 50.009224,-29.27023,0 50.050162,-29.29867,0 50.073869,-29.357939,0 50.107381,-29.404348,0 50.140903,-29.450772,0 50.174436,-29.497209,0 50.207979,-29.543661,0 50.242687,-29.588009,0 50.27766,-29.631878,0 50.312642,-29.675761,0 50.347634,-29.719656,0 50.383262,-29.762309,0 50.419035,-29.804697,0 50.454818,-29.847096,0 50.490653,-29.889418,0 50.526676,-29.931374,0 50.562708,-29.973342,0 50.59875,-30.015321,0 50.635167,-30.056522,0 50.673324,-30.093634,0 50.71149,-30.130754,0 50.753988,-30.153292,0 50.796632,-30.175157,0 50.839222,-30.197303,0 50.881802,-30.219517,0 50.924385,-30.241734,0 50.966972,-30.263952,0 51.011798,-30.263277,0 51.056623,-30.262447,0 51.10145,-30.261951,0 51.146065,-30.268921,0 51.19068,-30.275892,0 51.235295,-30.282862,0 51.280085,-30.285847,0 51.324915,-30.285847,0 51.369745,-30.285847,0 51.414575,-30.285847,0 51.459405,-30.285847,0 51.504235,-30.285847,0 51.549065,-30.285847,0 51.593895,-30.285847,0 51.638721,-30.286602,0 51.683535,-30.288459,0 51.728349,-30.290315,0 51.773163,-30.292172,0 51.817977,-30.294028,0 51.862615,-30.300703,0 51.906921,-30.311757,0 51.951504,-30.31939,0 51.996249,-30.314938,0 52.040994,-30.310485,0</coordinates>
      </LineString>
    </Placemark>
    <Placemark>
      <name>Fault Line 96</name>
      <LineString>
        <coordinates>52.408406,-30.963993,0 52.363974,-30.962471,0 52.319542,-30.96095,0 52.27511,-30.959428,0 52.230729,-30.963251,0 52.186353,-30.967198,0 52.141977,-30.971146,0 52.097606,-30.975093,0</coordinates>
      </LineString>
    </Placemark>
    <Placemark>
      <name>Fault Line 97</name>
      <LineString>
        <coordinates>52.120194,-31.561707,0 52.163247,-31.557315,0 52.206293,-31.552923,0 52.24934,-31.548532,0 52.292408,-31.552359,0 52.335405,-31.557912,0 52.378413,-31.552593,0 52.421421,-31.547273,0 52.46443,-31.541954,0</coordinates>
      </LineString>
    </Placemark>
    <Placemark>
      <name>Fault Line 98</name>
      <LineString>
        <coordinates>52.707599,-35.439964,0 52.752344,-35.445618,0 52.797227,-35.451289,0 52.84211,-35.45696,0 52.887099,-35.459476,0 52.932099,-35.461339,0 52.977099,-35.463202,0 53.019282,-35.48931,0 53.061105,-35.516998,0 53.102933,-35.54469,0 53.144767,-35.572386,0 53.186607,-35.600085,0 53.228581,-35.62724,0 53.272773,-35.641568,0 53.316967,-35.655897,0 53.361162,-35.670227,0 53.405359,-35.684556,0 53.449557,-35.698887,0 53.493757,-35.713218,0 53.537959,-35.727549,0 53.582162,-35.741881,0 53.626504,-35.728806,0 53.670055,-35.709599,0 53.713609,-35.690391,0 53.757166,-35.671181,0 53.800726,-35.651971,0 53.844288,-35.632759,0 53.887839,-35.61345,0 53.931364,-35.593955,0 53.974892,-35.574459,0 54.018423,-35.554962,0 54.061957,-35.535463,0 54.105494,-35.515963,0 54.149034,-35.496462,0 54.192773,-35.478288,0 54.236635,-35.460969,0 54.280499,-35.44365,0 54.324365,-35.42633,0</coordinates>
      </LineString>
    </Placemark>
    <Placemark>
      <name>Fault Line 99</name>
      <LineString>
        <coordinates>55.802783,-34.571679,0 55.758022,-34.587566,0 55.713515,-34.605552,0 55.672085,-34.63954,0 55.630662,-34.673521,0 55.587168,-34.69803,0 55.543406,-34.720966,0 55.499648,-34.7439,0 55.455894,-34.766831,0 55.412303,-34.790688,0 55.369016,-34.816177,0 55.325734,-34.841663,0 55.282457,-34.867147,0 55.238283,-34.887308,0 55.193973,-34.906517,0 55.149666,-34.925725,0 55.105361,-34.944932,0 55.059781,-34.949195,0 55.015947,-34.926983,0 54.972117,-34.904772,0 54.927249,-34.91936,0 54.884525,-34.947299,0 54.840439,-34.967849,0 54.794945,-34.974264,0 54.749525,-34.982089,0 54.706818,-35.009986,0 54.664117,-35.037879,0 54.620904,-35.063278,0 54.575926,-35.076695,0 54.53095,-35.090112,0 54.485975,-35.103528,0 54.441393,-35.120373,0 54.397033,-35.138853,0 54.352676,-35.157332,0 54.308903,-35.175567,0</coordinates>
      </LineString>
    </Placemark>
    <Placemark>
      <name>Fault Line 100</name>
      <LineString>
        <coordinates>54.353843,-35.799611,0 54.397884,-35.78199,0 54.441336,-35.764605,0 54.48479,-35.747219,0 54.528247,-35.729831,0 54.571928,-35.71419,0 54.615838,-35.700567,0 54.65975,-35.686944,0 54.703663,-35.67332,0 54.74697,-35.65475,0 54.788367,-35.625914,0 54.83028,-35.599385,0 54.874862,-35.602333,0 54.919341,-35.608338,0 54.9636,-35.618108,0 55.00786,-35.627878,0 55.052159,-35.637097,0 55.094321,-35.61162,0 55.136488,-35.58614,0 55.17866,-35.560657,0 55.221716,-35.54018,0 55.265102,-35.521952,0 55.308491,-35.503722,0 55.351882,-35.485492,0 55.394719,-35.463557,0 55.437069,-35.438841,0 55.479424,-35.414123,0 55.521783,-35.389402,0 55.564372,-35.365922,0 55.607114,-35.343302,0 55.64986,-35.32068,0 55.69261,-35.298055,0 55.735364,-35.275429,0 55.777037,-35.247118,0 55.81735,-35.213122,0 55.86031,-35.191691,0 55.904081,-35.176307,0</coordinates>
      </LineString>
    </Placemark>
    <Placemark>
      <name>Fault Line 101</name>
      <LineString>
        <coordinates>56.879357,-33.656005,0 56.835556,-33.672922,0 56.791757,-33.689837,0 56.748586,-33.711444,0 56.70741,-33.743464,0 56.666871,-33.77804,0 56.630559,-33.82566,0 56.594934,-33.874919,0 56.563081,-33.932025,0 56.531241,-33.989107,0 56.490099,-34.021082,0 56.446251,-34.037404,0 56.407108,-34.076685,0 56.367974,-34.115956,0 56.32885,-34.155218,0 56.285364,-34.174372,0 56.240738,-34.180729,0 56.196112,-34.187086,0 56.151895,-34.19966,0 56.107817,-34.213695,0 56.06374,-34.227729,0 56.019797,-34.24303,0 55.976671,-34.264498,0 55.933549,-34.285964,0 55.88975,-34.302486,0 55.845257,-34.311272,0 55.800764,-34.320058,0 55.756319,-34.328835,0</coordinates>
      </LineString>
    </Placemark>
    <Placemark>
      <name>Fault Line 102</name>
      <LineString>
        <coordinates>55.863399,-34.963038,0 55.907731,-34.953336,0 55.95201,-34.943645,0 55.9957,-34.927542,0 56.038672,-34.906123,0 56.081648,-34.884703,0 56.125195,-34.867358,0 56.169109,-34.853268,0 56.213025,-34.839179,0 56.257278,-34.82905,0 56.301726,-34.822201,0 56.346174,-34.815353,0 56.390423,-34.805136,0 56.43433,-34.790881,0 56.478239,-34.776625,0 56.522149,-34.762368,0 56.562273,-34.727005,0 56.600729,-34.685955,0 56.639373,-34.645447,0 56.680678,-34.614789,0 56.721989,-34.584126,0 56.763307,-34.553458,0 56.802403,-34.514243,0 56.835683,-34.459965,0 56.868977,-34.405667,0 56.902283,-34.351346,0 56.935603,-34.297004,0</coordinates>
      </LineString>
    </Placemark>
    <Placemark>
      <name>Fault Line 103</name>
      <LineString>
        <coordinates>57.275594,-33.16639,0 57.228232,-33.172071,0 57.18087,-33.177752,0 57.133508,-33.183433,0 57.086793,-33.198883,0 57.040187,-33.215393,0 56.993582,-33.231892,0 56.946519,-33.243148,0 56.89925,-33.250995,0 56.851957,-33.258846,0</coordinates>
      </LineString>
    </Placemark>
    <Placemark>
      <name>Fault Line 104</name>
      <LineString>
        <coordinates>56.897774,-33.913875,0 56.945233,-33.906547,0 56.992727,-33.899212,0 57.040045,-33.888681,0 57.086868,-33.8723,0 57.133693,-33.855919,0 57.18052,-33.839537,0 57.228034,-33.832603,0 57.275594,-33.82681,0</coordinates>
      </LineString>
    </Placemark>
    <Placemark>
      <name>Fault Line 105</name>
      <LineString>
        <coordinates>70.96525,-10.876848,0 70.927202,-10.94458,0 70.889173,-11.012279,0 70.851163,-11.079944,0 70.813171,-11.147576,0 70.775634,-11.217394,0 70.738858,-11.290724,0 70.702102,-11.364012,0 70.665367,-11.43726,0 70.628652,-11.510467,0 70.591034,-11.579246,0 70.552787,-11.644679,0 70.514558,-11.710081,0 70.47635,-11.775448,0</coordinates>
      </LineString>
    </Placemark>
    <Placemark>
      <name>Fault Line 106</name>
      <LineString>
        <coordinates>70.64965,-12.734352,0 70.687838,-12.668807,0 70.726028,-12.603257,0 70.764236,-12.537677,0 70.802462,-12.472067,0 70.839143,-12.39863,0 70.875826,-12.325069,0 70.91253,-12.251467,0 70.949254,-12.177823,0 70.986484,-12.106456,0 71.024473,-12.03883,0 71.06248,-11.97117,0 71.100506,-11.903477,0 71.13855,-11.835752,0</coordinates>
      </LineString>
    </Placemark>
    <Placemark>
      <name>Fault Line 107</name>
      <LineString>
        <coordinates>71.697817,-10.85624,0 71.658665,-10.928063,0 71.619533,-10.999849,0 71.580421,-11.071597,0 71.541329,-11.143309,0 71.502258,-11.214984,0 71.464013,-11.290808,0 71.42611,-11.368173,0 71.38823,-11.445492,0 71.350372,-11.522765,0 71.312536,-11.599992,0 71.273601,-11.671542,0 71.234324,-11.741112,0 71.195067,-11.810648,0 71.155824,-11.880158,0</coordinates>
      </LineString>
    </Placemark>
    <Placemark>
      <name>Fault Line 108</name>
      <LineString>
        <coordinates>71.21145,-7.867121,0 71.248613,-7.782227,0 71.281597,-7.681469,0 71.314609,-7.580628,0 71.347648,-7.479703,0 71.380715,-7.378694,0 71.413809,-7.277599,0 71.439452,-7.156912,0 71.46318,-7.032262,0 71.486929,-6.907498,0 71.5107,-6.782619,0 71.534493,-6.657626,0 71.558092,-6.532117,0 71.581547,-6.406186,0 71.605023,-6.280139,0 71.638882,-6.180397,0</coordinates>
      </LineString>
    </Placemark>
    <Placemark>
      <name>Fault Line 109</name>
      <LineString>
        <coordinates>78.079006,8.510865,0 78.034116,8.517167,0 77.989226,8.523468,0 77.944337,8.52977,0 77.899448,8.536071,0 77.854559,8.542373,0 77.80967,8.548675,0 77.764781,8.554976,0 77.719892,8.561278,0 77.674997,8.556106,0 77.630185,8.54232,0 77.585373,8.528534,0 77.540562,8.514747,0 77.495752,8.500961,0 77.450947,8.486844,0 77.406181,8.470413,0 77.361416,8.453982,0 77.316652,8.437552,0 77.271889,8.421122,0 77.227127,8.404692,0 77.182366,8.388263,0 77.137606,8.371834,0 77.092847,8.355405,0 77.048089,8.338977,0 77.003332,8.322549,0 76.958562,8.306885,0 76.913671,8.301404,0 76.86878,8.295923,0 76.823889,8.290442,0 76.778998,8.284962,0 76.734107,8.279481,0 76.689216,8.274,0 76.644325,8.268519,0 76.599434,8.263038,0 76.554543,8.257557,0 76.509653,8.252077,0 76.464763,8.246596,0 76.419875,8.240803,0 76.374993,8.23403,0 76.330111,8.227257,0 76.28523,8.220484,0 76.240349,8.213711,0 76.195468,8.206938,0 76.150587,8.200165,0 76.105691,8.204639,0 76.060855,8.215293,0 76.016019,8.225947,0 75.971184,8.2366,0 75.926349,8.247254,0 75.881515,8.257907,0 75.836681,8.26856,0 75.791848,8.279213,0 75.747158,8.297228,0 75.703511,8.340098,0 75.659872,8.382961,0 75.61624,8.425816,0 75.572615,8.468665,0 75.528997,8.511506,0 75.485386,8.554341,0 75.441782,8.597168,0 75.399397,8.656128,0 75.357664,8.721833,0 75.315946,8.787513,0 75.274244,8.853169,0 75.232558,8.9188,0 75.190887,8.984406,0 75.149232,9.049988,0 75.107593,9.115546,0 75.06597,9.181077,0 75.024363,9.246582,0 74.981627,9.299916,0 74.93785,9.338536,0 74.894079,9.377151,0 74.850314,9.415761,0 74.806555,9.454365,0 74.762803,9.492964,0 74.719057,9.531557,0 74.675318,9.570144,0 74.631585,9.608725,0 74.587858,9.647301,0 74.543433,9.672,0 74.499004,9.696528,0 74.454578,9.721054,0 74.410155,9.745578,0 74.365734,9.770101,0 74.321316,9.794622,0 74.276901,9.819142,0 74.232212,9.835471,0 74.187308,9.832819,0 74.142404,9.830167,0 74.0975,9.827516,0 74.052596,9.824864,0 74.007693,9.822212,0 73.96279,9.81956,0 73.917887,9.816909,0 73.872984,9.814257,0 73.828715,9.787092,0 73.786543,9.731728,0 73.744383,9.676382,0 73.702236,9.621051,0 73.660102,9.565738,0 73.617981,9.510442,0 73.575873,9.455162,0 73.533778,9.3999,0 73.491872,9.343003,0 73.460387,9.230413,0 73.428931,9.11793,0 73.397505,9.005552,0 73.366108,8.893279,0 73.336199,8.776351,0 73.309402,8.650774,0 73.282632,8.525323,0 73.255889,8.399998,0 73.229173,8.274798,0 73.202484,8.149724,0 73.175821,8.024775,0 73.149185,7.89995,0 73.122575,7.775249,0 73.095991,7.650671,0 73.069434,7.526216,0 73.044123,7.398923,0 73.020598,7.267842,0 72.997095,7.13689,0 72.973615,7.006065,0 72.950158,6.875366,0 72.926724,6.744795,0 72.903313,6.61435,0 72.879924,6.484032,0 72.856558,6.353839,0 72.833214,6.223772,0 72.809893,6.093829,0 72.786594,5.964011,0 72.763317,5.834317,0 72.740063,5.704747,0 72.71683,5.575301,0 72.69362,5.445977,0 72.670432,5.316776,0 72.647266,5.187698,0 72.624121,5.058742,0 72.600999,4.929907,0 72.577898,4.801195,0 72.55482,4.672604,0 72.531763,4.544136,0 72.508728,4.415789,0 72.485715,4.287563,0 72.462723,4.159458,0 72.439753,4.031472,0 72.416805,3.903607,0 72.393878,3.775862,0 72.370972,3.648236,0 72.348088,3.520728,0 72.325225,3.393339,0 72.302383,3.266068,0 72.279897,3.138266,0 72.261781,3.003321,0 72.24368,2.868488,0 72.225594,2.733767,0 72.207523,2.599156,0 72.189467,2.464656,0 72.171085,2.330761,0 72.148098,2.204835,0 72.125131,2.079026,0 72.102186,1.953332,0 72.079262,1.827753,0 72.056359,1.70229,0 72.033476,1.576942,0 72.010615,1.451707,0 71.987774,1.326586,0 71.964954,1.201579,0 71.942155,1.076685,0 71.919377,0.951905,0 71.896619,0.827238,0 71.873881,0.702683,0 71.851657,0.577322,0 71.830837,0.449646,0 71.810034,0.322081,0 71.78925,0.194626,0 71.768483,0.067282,0 71.747735,-0.059953,0 71.727004,-0.187077,0 71.706292,-0.314092,0 71.685597,-0.440997,0 71.66492,-0.567793,0 71.644261,-0.694481,0 71.623619,-0.82106,0 71.602995,-0.947532,0 71.582388,-1.073895,0 71.561799,-1.200152,0 71.541228,-1.326301,0 71.521182,-1.453155,0 71.501476,-1.580413,0 71.481787,-1.707567,0 71.462114,-1.834614,0 71.442458,-1.961556,0 71.422818,-2.088393,0 71.403194,-2.215124,0 71.383586,-2.341751,0 71.363995,-2.468274,0 71.344811,-2.595279,0 71.327227,-2.724411,0 71.309657,-2.853444,0 71.2921,-2.982377,0 71.274556,-3.111212,0 71.257026,-3.239948,0 71.240204,-3.369483,0 71.236776,-3.508704,0 71.233348,-3.6479,0 71.229921,-3.787072,0 71.226495,-3.92622,0 71.223069,-4.065343,0 71.219566,-4.207621,0</coordinates>
      </LineString>
    </Placemark>
    <Placemark>
      <name>Fault Line 110</name>
      <LineString>
        <coordinates>82.188891,-2.691175,0 82.146182,-2.821718,0 82.103507,-2.952156,0 82.060866,-3.08249,0 82.018258,-3.212721,0 81.975685,-3.342849,0 81.934333,-3.491121,0 81.893091,-3.640209,0 81.851892,-3.78914,0 81.811586,-3.949021,0 81.771883,-4.115402,0 81.732221,-4.281608,0</coordinates>
      </LineString>
    </Placemark>
    <Placemark>
      <name>Fault Line 111</name>
      <LineString>
        <coordinates>82.097793,-5.849767,0 82.13724,-5.722602,0 82.17672,-5.595331,0 82.216232,-5.467957,0 82.255776,-5.34048,0 82.295352,-5.2129,0 82.33496,-5.085217,0 82.374063,-4.948401,0 82.412625,-4.802455,0 82.451226,-4.656363,0</coordinates>
      </LineString>
    </Placemark>
    <Placemark>
      <name>Fault Line 112</name>
      <LineString>
        <coordinates>70.760219,-13.396713,0 70.719764,-13.457515,0 70.679325,-13.518292,0 70.637871,-13.572338,0 70.594923,-13.614352,0 70.551984,-13.656358,0 70.509054,-13.698354,0 70.466133,-13.740342,0 70.42378,-13.787114,0 70.382348,-13.840634,0 70.340929,-13.894136,0 70.299524,-13.947622,0 70.264357,-14.031568,0 70.23861,-14.141349,0 70.212885,-14.251038,0 70.187182,-14.360634,0 70.153729,-14.450037,0 70.114557,-14.516132,0 70.074373,-14.576627,0 70.033338,-14.631853,0 69.992317,-14.687059,0 69.95131,-14.742246,0 69.910317,-14.797414,0 69.869338,-14.852564,0 69.828372,-14.907695,0 69.787421,-14.962808,0 69.745797,-15.013419,0 69.703968,-15.062499,0 69.662151,-15.111566,0 69.620346,-15.160619,0 69.578553,-15.209657,0 69.536772,-15.258682,0 69.495002,-15.307692,0 69.453099,-15.355673,0 69.411054,-15.402538,0 69.36902,-15.449392,0 69.326997,-15.496233,0 69.284985,-15.543062,0 69.242984,-15.589879,0 69.200994,-15.636683,0 69.159103,-15.684104,0 69.11726,-15.731769,0 69.075429,-15.779421,0 69.033609,-15.82706,0 68.991801,-15.874686,0 68.949668,-15.919944,0 68.906521,-15.956969,0 68.863381,-15.993987,0 68.820248,-16.030999,0 68.777188,-16.067949,0</coordinates>
      </LineString>
    </Placemark>
    <Placemark>
      <name>Fault Line 113</name>
      <LineString>
        <coordinates>44.435646,6.924362,0 44.463146,6.875568,0 44.492509,6.82893,0 44.522923,6.78361,0 44.55455,6.739932,0 44.587178,6.697704,0 44.620176,6.65602,0 44.656347,6.619882,0 44.697783,6.597526,0 44.741171,6.584394,0 44.784915,6.573851,0 44.82878,6.564351,0 44.872665,6.55503,0 44.916258,6.543284,0 44.958875,6.525789,0 45.000223,6.502997,0 45.041321,6.478327,0</coordinates>
      </LineString>
    </Placemark>
    <Placemark>
      <name>Fault Line 114</name>
      <LineString>
        <coordinates>37.586852,-1.639444,0 37.621371,-1.598343,0 37.65342,-1.554173,0 37.67682,-1.50204,0 37.696793,-1.447662,0</coordinates>
      </LineString>
    </Placemark>
    <Placemark>
      <name>Fault Line 115</name>
      <LineString>
        <coordinates>71.456326,-5.240818,0 71.485236,-5.127254,0 71.51331,-5.016975,0 71.541409,-4.906597,0 71.569533,-4.79612,0 71.583491,-4.66121,0 71.591145,-4.521258,0 71.598801,-4.38125,0 71.606461,-4.241188,0 71.614124,-4.101072,0 71.62179,-3.9609,0 71.628825,-3.82034,0 71.635845,-3.67972,0 71.642868,-3.539049,0 71.649894,-3.398328,0 71.65933,-3.258979,0 71.679141,-3.130993,0 71.698969,-3.0029,0 71.718813,-2.874699,0 71.738674,-2.746391,0 71.758551,-2.617973,0 71.778446,-2.489448,0 71.798357,-2.360814,0 71.818285,-2.232071,0 71.83823,-2.103218,0 71.85895,-1.975491,0 71.879759,-1.847772,0 71.900586,-1.719941,0 71.921432,-1.592,0 71.942295,-1.463945,0 71.963178,-1.335779,0 71.984078,-1.207499,0 72.004997,-1.079107,0 72.025934,-0.950601,0 72.04689,-0.821981,0 72.067865,-0.693248,0 72.088858,-0.564401,0 72.109869,-0.435438,0 72.1309,-0.306362,0 72.151949,-0.17717,0 72.173723,-0.049113,0 72.196591,0.077044,0 72.219479,0.203318,0 72.242388,0.329709,0 72.265319,0.456217,0 72.288271,0.582842,0 72.311244,0.709586,0 72.334239,0.836447,0 72.357255,0.963427,0 72.380293,1.090524,0 72.403352,1.217741,0 72.426433,1.345077,0 72.449535,1.472534,0 72.472659,1.60011,0 72.494696,1.729944,0 72.512871,1.866375,0 72.531061,2.002922,0 72.549267,2.139584,0 72.567488,2.276362,0 72.585724,2.413256,0 72.606543,2.546117,0 72.627797,2.67836,0 72.649071,2.810724,0 72.670364,2.94321,0 72.691677,3.075819,0 72.71301,3.208549,0 72.734362,3.341403,0 72.755734,3.47438,0 72.777126,3.607481,0 72.798538,3.740706,0 72.821719,3.870674,0 72.846185,3.99809,0 72.870675,4.125628,0 72.895188,4.253291,0 72.919726,4.381077,0 72.944287,4.508988,0 72.968872,4.637023,0 72.993481,4.765183,0 73.018114,4.893469,0 73.042771,5.021882,0 73.067453,5.15042,0 73.092159,5.279085,0 73.116889,5.407878,0 73.141644,5.536799,0 73.166424,5.665847,0 73.192061,5.793072,0 73.217893,5.920013,0 73.243751,6.04708,0 73.269635,6.174275,0 73.295545,6.301597,0 73.321481,6.429046,0 73.347443,6.556622,0 73.373431,6.684327,0 73.399445,6.81216,0 73.425485,6.940124,0 73.451552,7.068216,0 73.477645,7.196439,0 73.503765,7.324792,0 73.529032,7.455442,0 73.55406,7.586861,0 73.579113,7.718416,0 73.604192,7.850107,0 73.629297,7.981932,0 73.654427,8.113891,0 73.695171,8.180697,0 73.736524,8.242734,0 73.777892,8.304794,0 73.819275,8.366877,0 73.860673,8.428982,0 73.905271,8.446511,0 73.950121,8.45036,0 73.994971,8.454209,0 74.039821,8.458058,0 74.084671,8.461908,0 74.129521,8.465757,0 74.174371,8.469606,0 74.219231,8.467869,0 74.263636,8.444337,0 74.308044,8.420805,0 74.352454,8.397271,0 74.396867,8.373736,0 74.441282,8.3502,0 74.4857,8.326662,0 74.529063,8.283602,0 74.571881,8.233345,0 74.61471,8.183076,0 74.657549,8.132794,0 74.700399,8.082501,0 74.743259,8.032194,0 74.78613,7.981876,0 74.829011,7.931546,0 74.871902,7.881204,0 74.914804,7.830849,0 74.957716,7.780482,0 75.000638,7.730103,0 75.04357,7.679713,0 75.086512,7.629312,0 75.128968,7.572904,0 75.171148,7.513279,0 75.213342,7.453636,0 75.255549,7.393973,0 75.29777,7.334291,0 75.340803,7.284258,0 75.384333,7.241291,0 75.42787,7.198316,0 75.471414,7.155335,0 75.514965,7.112346,0 75.558524,7.06935,0 75.60209,7.026347,0 75.645663,6.983337,0 75.689243,6.94032,0 75.733738,6.917104,0 75.778528,6.906761,0 75.823319,6.896417,0 75.86811,6.886073,0 75.912902,6.87573,0 75.957694,6.865386,0 76.002487,6.855042,0 76.04728,6.844698,0 76.092073,6.834354,0 76.136935,6.835098,0 76.181779,6.840536,0 76.226623,6.845973,0 76.271467,6.851411,0 76.316311,6.856848,0 76.361155,6.862286,0 76.405999,6.867723,0 76.450841,6.873483,0 76.495671,6.880868,0 76.540501,6.888253,0 76.585331,6.895638,0 76.630162,6.903023,0 76.674993,6.910408,0 76.719824,6.917793,0 76.764655,6.925179,0 76.809487,6.932564,0 76.854319,6.939949,0 76.899151,6.947334,0 76.943983,6.95472,0 76.988816,6.962105,0 77.033649,6.96949,0 77.078482,6.976876,0 77.123315,6.984261,0 77.168149,6.991647,0 77.21287,7.007678,0 77.257582,7.024282,0 77.302295,7.040888,0 77.347009,7.057493,0 77.391724,7.074099,0 77.43644,7.090706,0 77.481157,7.107312,0 77.525875,7.123919,0 77.570594,7.140527,0 77.615314,7.157135,0 77.660035,7.173743,0 77.704757,7.190351,0 77.749364,7.167822,0 77.793941,7.143959,0 77.83852,7.120096,0 77.883101,7.096231,0 77.927963,7.09493,0 77.972752,7.107215,0 78.017542,7.1195,0 78.062332,7.131784,0 78.107122,7.144119,0 78.151912,7.156538,0 78.196702,7.168957,0 78.241493,7.181377,0 78.286284,7.193796,0 78.331076,7.206216,0</coordinates>
      </LineString>
    </Placemark>
    <Placemark>
      <name>Fault Line 116</name>
      <LineString>
        <coordinates>79.426794,5.191719,0 79.381743,5.125965,0 79.336705,5.060231,0 79.29168,4.994516,0 79.246668,4.928819,0 79.201669,4.863142,0 79.157383,4.785151,0 79.114727,4.685013,0 79.072098,4.584936,0 79.029496,4.484924,0 78.986921,4.384977,0 78.945198,4.276027,0 78.907074,4.136718,0</coordinates>
      </LineString>
    </Placemark>
    <Placemark>
      <name>Fault Line 117</name>
      <LineString>
        <coordinates>79.162634,2.677927,0 79.20266,2.776321,0 79.242685,2.874714,0 79.282736,2.973169,0 79.324481,3.048955,0 79.366562,3.119428,0 79.408657,3.189927,0 79.450767,3.26045,0 79.492892,3.330998,0 79.535031,3.40157,0 79.577184,3.472164,0 79.61935,3.542781,0</coordinates>
      </LineString>
    </Placemark>
    <Placemark>
      <name>Fault Line 118</name>
      <LineString>
        <coordinates>80.532046,-0.778516,0 80.488071,-0.872607,0 80.444119,-0.966652,0 80.400189,-1.060647,0 80.357899,-1.178219,0 80.315952,-1.299578,0 80.274024,-1.420881,0</coordinates>
      </LineString>
    </Placemark>
    <Placemark>
      <name>Fault Line 119</name>
      <LineString>
        <coordinates>80.473058,-3.267705,0 80.512139,-3.15468,0 80.551243,-3.041588,0 80.590377,-2.928411,0 80.630482,-2.828286,0 80.670955,-2.733484,0 80.71145,-2.63863,0</coordinates>
      </LineString>
    </Placemark>
    <Placemark>
      <name>Fault Line 120</name>
      <LineString>
        <coordinates>81.016004,-1.467076,0 80.975574,-1.579417,0 80.935173,-1.691679,0 80.895129,-1.808494,0 80.855206,-1.926445,0 80.815314,-2.044301,0 80.775454,-2.162065,0 80.735625,-2.279735,0 80.695824,-2.397324,0</coordinates>
      </LineString>
    </Placemark>
    <Placemark>
      <name>Fault Line 121</name>
      <LineString>
        <coordinates>80.868783,-4.399424,0 80.907855,-4.285681,0 80.946952,-4.171865,0 80.986078,-4.057965,0 81.025233,-3.94398,0 81.064417,-3.82991,0 81.103752,-3.717497,0 81.143132,-3.605263,0 81.18254,-3.492949,0 81.221976,-3.380556,0</coordinates>
      </LineString>
    </Placemark>
    <Placemark>
      <name>Fault Line 122</name>
      <LineString>
        <coordinates>81.444924,-3.139271,0 81.401152,-3.244658,0 81.357664,-3.354648,0 81.315471,-3.484547,0 81.273324,-3.614306,0</coordinates>
      </LineString>
    </Placemark>
    <Placemark>
      <name>Fault Line 123</name>
      <LineString>
        <coordinates>57.296194,-33.569635,0 57.339294,-33.538995,0 57.381148,-33.509242,0 57.423008,-33.479484,0 57.464874,-33.449722,0 57.506746,-33.419955,0 57.548632,-33.390227,0 57.590525,-33.360498,0 57.632424,-33.330765,0 57.674329,-33.301027,0 57.71624,-33.271286,0 57.753108,-33.223535,0 57.785442,-33.165328,0 57.81779,-33.107097,0 57.855413,-33.061324,0 57.894238,-33.019198,0 57.933074,-32.977062,0 57.971785,-32.934478,0 58.009619,-32.889132,0 58.047465,-32.843772,0 58.08145,-32.78852,0 58.106517,-32.71821,0 58.131595,-32.647865,0 58.156686,-32.577487,0 58.181788,-32.507075,0 58.217686,-32.456136,0 58.255124,-32.409315,0 58.292574,-32.36248,0 58.330036,-32.315629,0 58.36751,-32.268763,0 58.404996,-32.221882,0 58.442908,-32.176212,0 58.482837,-32.137268,0 58.522775,-32.098315,0 58.560225,-32.051122,0 58.584384,-31.978713,0 58.608555,-31.906269,0 58.632738,-31.83379,0 58.656932,-31.761275,0 58.694129,-31.713164,0 58.733162,-31.670733,0 58.772205,-31.62829,0 58.811259,-31.585835,0 58.850324,-31.543368,0 58.889399,-31.50089,0 58.927784,-31.456066,0 58.965866,-31.410233,0 59.00396,-31.364387,0 59.042066,-31.318527,0 59.069234,-31.249194,0 59.0964,-31.179803,0 59.12358,-31.110377,0 59.150773,-31.040917,0 59.17798,-30.971422,0 59.214753,-30.921373,0 59.251885,-30.872291,0 59.28903,-30.823191,0 59.326188,-30.774075,0 59.366119,-30.734129,0 59.406071,-30.694218,0 59.446032,-30.654297,0 59.486003,-30.614367,0 59.525983,-30.574427,0 59.565973,-30.534477,0 59.605909,-30.494268,0 59.642232,-30.442327,0 59.678568,-30.390367,0 59.714917,-30.338387,0 59.75128,-30.286388,0 59.787656,-30.23437,0 59.824046,-30.182333,0 59.860449,-30.130276,0 59.896866,-30.0782,0 59.933296,-30.026104,0 59.96974,-29.97399,0 60.006197,-29.921856,0 60.042668,-29.869702,0 60.079275,-29.817873,0 60.116185,-29.766859,0 60.153108,-29.715827,0 60.190044,-29.664777,0 60.227401,-29.614924,0 60.26487,-29.565354,0 60.302352,-29.515768,0 60.339847,-29.466164,0 60.377355,-29.416541,0 60.414876,-29.366901,0 60.448646,-29.307169,0 60.476616,-29.236122,0 60.504602,-29.165039,0 60.538587,-29.105649,0 60.575517,-29.053973,0 60.61246,-29.002277,0 60.649417,-28.950563,0 60.686388,-28.89883,0 60.723372,-28.847077,0 60.76037,-28.795305,0 60.79654,-28.741075,0 60.832022,-28.684908,0 60.867518,-28.628718,0 60.903029,-28.572504,0 60.938555,-28.516268,0 60.974095,-28.460008,0 61.00965,-28.403724,0 61.04522,-28.347417,0 61.081445,-28.292854,0 61.118238,-28.23988,0 61.155044,-28.186885,0 61.191865,-28.133871,0 61.228699,-28.080837,0 61.265547,-28.027783,0 61.302409,-27.974708,0 61.339285,-27.921614,0 61.376175,-27.8685,0 61.413079,-27.815365,0 61.449997,-27.76221,0 61.486929,-27.709035,0 61.52449,-27.657761,0 61.562205,-27.606927,0 61.599934,-27.556076,0 61.637676,-27.505207,0 61.675431,-27.454319,0 61.7132,-27.403414,0 61.750982,-27.35249,0 61.788778,-27.301549,0 61.826587,-27.25059,0 61.864409,-27.199612,0 61.902245,-27.148616,0 61.9394,-27.095344,0 61.974218,-27.035298,0 62.009052,-26.975225,0 62.043901,-26.915124,0 62.078766,-26.854997,0 62.113647,-26.794842,0 62.148544,-26.73466,0 62.183456,-26.674451,0 62.218384,-26.614215,0 62.253328,-26.553952,0 62.288288,-26.493662,0 62.323263,-26.433345,0 62.358254,-26.373,0 62.393261,-26.312628,0 62.428284,-26.252228,0 62.463019,-26.190984,0 62.495464,-26.124054,0 62.527926,-26.057089,0 62.560405,-25.99009,0 62.5929,-25.923056,0 62.625412,-25.855987,0 62.657448,-25.787769,0 62.68869,-25.717753,0 62.719948,-25.647698,0 62.751224,-25.577606,0 62.782516,-25.507475,0 62.813826,-25.437307,0 62.845152,-25.367101,0 62.876046,-25.295906,0 62.906743,-25.224227,0 62.937457,-25.152508,0 62.968201,-25.080776,0 63.001379,-25.014423,0 63.034574,-24.948036,0</coordinates>
      </LineString>
    </Placemark>
    <Placemark>
      <name>Fault Line 124</name>
      <LineString>
        <coordinates>62.910371,-24.598994,0 62.87439,-24.658382,0 62.838425,-24.717743,0 62.802476,-24.777078,0 62.766543,-24.836386,0 62.728142,-24.887701,0 62.689426,-24.937811,0 62.650723,-24.987903,0 62.612033,-25.037978,0 62.573356,-25.088036,0 62.535325,-25.140306,0 62.497569,-25.193445,0 62.459827,-25.246563,0 62.422412,-25.300682,0 62.385577,-25.356561,0 62.348757,-25.412417,0 62.311952,-25.46825,0 62.275162,-25.52406,0 62.239008,-25.58169,0 62.202987,-25.639637,0 62.166981,-25.697559,0 62.130991,-25.755457,0 62.095016,-25.81333,0 62.059056,-25.871178,0 62.023112,-25.929001,0 61.987147,-25.986697,0 61.951182,-26.044324,0 61.915232,-26.101926,0 61.879297,-26.159504,0 61.843378,-26.217057,0 61.807474,-26.274585,0 61.771586,-26.332089,0 61.735713,-26.389567,0 61.699855,-26.447021,0 61.664013,-26.504451,0 61.627783,-26.560721,0 61.591315,-26.616242,0 61.554861,-26.67174,0 61.518422,-26.727217,0 61.481997,-26.782671,0 61.445587,-26.838103,0 61.409192,-26.893512,0 61.372723,-26.948642,0 61.335984,-27.002918,0 61.29926,-27.057174,0 61.26255,-27.111407,0 61.225854,-27.16562,0 61.189173,-27.219811,0 61.152506,-27.273981,0 61.115854,-27.32813,0 61.079216,-27.382257,0 61.042592,-27.436364,0 61.005982,-27.490449,0 60.969387,-27.544514,0 60.933133,-27.599485,0 60.896997,-27.654722,0 60.860876,-27.709938,0 60.824769,-27.76513,0 60.788677,-27.820301,0 60.752599,-27.87545,0 60.716535,-27.930576,0 60.680486,-27.985681,0 60.644451,-28.040764,0 60.608431,-28.095825,0 60.572114,-28.150007,0 60.535698,-28.203855,0 60.499296,-28.257681,0 60.462908,-28.311486,0 60.426534,-28.365271,0 60.390175,-28.419034,0 60.35383,-28.472776,0 60.317787,-28.527283,0 60.282598,-28.583958,0 60.247423,-28.640609,0 60.212263,-28.697237,0 60.177118,-28.753842,0 60.141988,-28.810423,0 60.106872,-28.866979,0 60.070734,-28.92082,0 60.033811,-28.972421,0 59.996902,-29.024004,0 59.960006,-29.075569,0 59.923124,-29.127115,0 59.886255,-29.178641,0 59.848868,-29.228602,0 59.811196,-29.277649,0 59.773536,-29.326679,0 59.736893,-29.378602,0 59.701519,-29.433828,0 59.666159,-29.489032,0 59.630814,-29.544214,0 59.595483,-29.599373,0 59.560166,-29.65451,0 59.524864,-29.709625,0 59.489576,-29.764717,0 59.454302,-29.819786,0 59.416171,-29.866853,0 59.376034,-29.906912,0 59.335907,-29.946962,0 59.29579,-29.987003,0 59.255683,-30.027034,0 59.215585,-30.067054,0 59.175497,-30.107065,0 59.135898,-30.148838,0 59.097049,-30.19316,0 59.058211,-30.237469,0 59.019385,-30.281765,0 58.98057,-30.326048,0 58.941766,-30.370319,0 58.902974,-30.414577,0 58.864199,-30.458841,0 58.837369,-30.52873,0 58.810552,-30.598584,0 58.783749,-30.668404,0 58.756959,-30.738188,0 58.730183,-30.807938,0 58.7013,-30.874442,0 58.662059,-30.916896,0 58.622829,-30.959338,0 58.583609,-31.001769,0 58.5444,-31.044188,0 58.505202,-31.086596,0 58.465977,-31.128866,0 58.426744,-31.171063,0 58.387522,-31.21325,0 58.34831,-31.255424,0 58.317993,-31.31882,0 58.295405,-31.392946,0 58.272827,-31.467037,0 58.25026,-31.541093,0 58.216541,-31.597752,0 58.179425,-31.6461,0 58.142322,-31.694432,0 58.105231,-31.742747,0 58.068153,-31.791047,0 58.029467,-31.834559,0 57.990122,-31.875865,0 57.950787,-31.91716,0 57.911462,-31.958444,0 57.885935,-32.028225,0 57.86051,-32.098088,0 57.835096,-32.167917,0 57.809695,-32.237713,0 57.78174,-32.303928,0 57.740198,-32.336454,0 57.698664,-32.368975,0 57.657137,-32.401491,0 57.615617,-32.434,0 57.574477,-32.468121,0 57.544158,-32.53016,0 57.513853,-32.592171,0 57.483561,-32.654154,0 57.444013,-32.69415,0 57.402027,-32.724327,0 57.360048,-32.754501,0 57.318075,-32.784669,0 57.275277,-32.81543,0</coordinates>
      </LineString>
    </Placemark>
    <Placemark>
      <name>Fault Line 125</name>
      <LineString>
        <coordinates>68.850324,-16.969641,0 68.891695,-16.920672,0 68.933464,-16.871233,0 68.975245,-16.821779,0 69.017069,-16.77252,0 69.059088,-16.72448,0 69.101118,-16.676426,0 69.14316,-16.628359,0 69.185432,-16.581823,0 69.227883,-16.536503,0 69.270344,-16.491172,0 69.312815,-16.44583,0 69.355173,-16.399551,0 69.397447,-16.352575,0 69.439732,-16.305586,0 69.482028,-16.258586,0 69.524335,-16.211573,0 69.566653,-16.164547,0 69.608983,-16.11751,0 69.652186,-16.077446,0 69.695917,-16.042367,0 69.739655,-16.007284,0 69.783399,-15.972195,0 69.82715,-15.937101,0 69.870907,-15.902001,0 69.914671,-15.866897,0 69.9571,-15.819836,0 69.999492,-15.772385,0 70.041895,-15.724923,0 70.084308,-15.677449,0 70.126732,-15.629963,0 70.169167,-15.582464,0 70.211613,-15.534953,0 70.253627,-15.484106,0 70.29509,-15.429323,0 70.336567,-15.374523,0 70.378057,-15.319704,0 70.419561,-15.264867,0 70.461079,-15.210012,0 70.492792,-15.112811,0 70.5177,-14.99908,0 70.542629,-14.885251,0 70.56758,-14.771325,0 70.609831,-14.721364,0 70.652489,-14.674525,0 70.695158,-14.627674,0 70.737837,-14.580812,0 70.780526,-14.533938,0 70.821619,-14.475264,0 70.862026,-14.41221,0 70.90245,-14.349128,0</coordinates>
      </LineString>
    </Placemark>
    <Placemark>
      <name>Fault Line 126</name>
      <LineString>
        <coordinates>47.708206,-1.800805,0 47.737028,-1.852209,0 47.769117,-1.899166,0 47.802628,-1.943903,0 47.836896,-1.987378,0 47.873155,-2.027138,0 47.910457,-2.064724,0 47.94791,-2.101997,0 47.985169,-2.13973,0 48.022147,-2.178102,0 48.05919,-2.216361,0 48.094934,-2.257319,0 48.130453,-2.298744,0 48.16598,-2.340182,0 48.201517,-2.381629,0 48.237063,-2.423087,0 48.272619,-2.464556,0 48.308184,-2.506036,0 48.343758,-2.547527,0 48.379341,-2.589029,0 48.41523,-2.629959,0 48.44619,-2.67921,0 48.485296,-2.712841,0 48.525056,-2.744705,0 48.568835,-2.760537,0 48.612849,-2.774827,0 48.656864,-2.789121,0 48.698691,-2.814325,0 48.739215,-2.84404,0 48.779514,-2.874473,0 48.819445,-2.906025,0 48.859483,-2.93729,0 48.899604,-2.968338,0 48.93988,-2.99934,0</coordinates>
      </LineString>
    </Placemark>
    <Placemark>
      <name>Fault Line 127</name>
      <LineString>
        <coordinates>48.994369,8.330434,0 48.953069,8.302674,0 48.911775,8.274917,0 48.870505,8.247098,0 48.829515,8.218362,0 48.788847,8.188616,0 48.749109,8.156128,0 48.712806,8.115454,0 48.678529,8.070954,0 48.644267,8.026458,0 48.610014,7.981976,0 48.575771,7.937507,0 48.541538,7.89305,0 48.499847,7.866923,0 48.460311,7.834057,0 48.424368,7.79289,0 48.38898,7.750675,0 48.353266,7.709116,0 48.314736,7.67374,0 48.271966,7.652041,0 48.228184,7.635532,0 48.183293,7.628406,0 48.138182,7.630908,0 48.093441,7.639887,0 48.048872,7.650603,0 48.004042,7.658507,0 47.958901,7.658264,0 47.914126,7.649705,0 47.870396,7.633009,0 47.828403,7.60833,0 47.787062,7.58134,0 47.744526,7.558858,0 47.700665,7.542994,0 47.655496,7.533234,0</coordinates>
      </LineString>
    </Placemark>
    <Placemark>
      <name>Fault Line 128</name>
      <LineString>
        <coordinates>45.753998,6.273414,0 45.791246,6.235736,0 45.830962,6.204265,0 45.868934,6.168615,0 45.902864,6.125344,0 45.934181,6.078155,0 45.966734,6.032699,0 46.00204,5.991689,0 46.039071,5.953939,0 46.075843,5.91564,0 46.1139,5.880017,0 46.154881,5.851922,0 46.197537,5.829598,0 46.239724,5.805471,0 46.282848,5.785074,0 46.328025,5.779025,0 46.373083,5.771316,0 46.41731,5.756633,0</coordinates>
      </LineString>
    </Placemark>
    <Placemark>
      <name>Fault Line 129</name>
      <LineString>
        <coordinates>45.884975,5.62971,0 45.871863,5.687973,0 45.854236,5.743707,0 45.831621,5.795578,0 45.799884,5.836409,0 45.763005,5.867064,0 45.724912,5.894523,0</coordinates>
      </LineString>
    </Placemark>
    <Placemark>
      <name>Fault Line 130</name>
      <LineString>
        <coordinates>45.762835,5.183497,0 45.814665,5.22072,0 45.866808,5.257063,0</coordinates>
      </LineString>
    </Placemark>
    <Placemark>
      <name>Fault Line 131</name>
      <LineString>
        <coordinates>44.730804,5.023776,0 44.774281,5.034704,0 44.817448,5.047854,0 44.859226,5.06805,0 44.899393,5.093958,0 44.930893,5.137669,0 44.962891,5.180676,0 44.999692,5.215192,0 45.035445,5.25187,0 45.072144,5.286648,0 45.109105,5.320887,0 45.14896,5.347854,0 45.186482,5.380893,0 45.224162,5.413587,0 45.25493,5.458582,0 45.27575,5.513921,0 45.299656,5.566702,0 45.329565,5.61291,0 45.367357,5.645427,0 45.408681,5.667613,0 45.449125,5.69289,0 45.490628,5.720773,0</coordinates>
      </LineString>
    </Placemark>
    <Placemark>
      <name>Fault Line 132</name>
      <LineString>
        <coordinates>45.286102,5.646456,0 45.328275,5.681445,0 45.366949,5.723855,0 45.403418,5.770083,0 45.448057,5.799798,0</coordinates>
      </LineString>
    </Placemark>
    <Placemark>
      <name>Fault Line 133</name>
      <LineString>
        <coordinates>45.010165,5.479001,0 45.056911,5.479154,0 45.102943,5.490686,0 45.1491,5.501179,0 45.194206,5.518591,0 45.238714,5.539149,0</coordinates>
      </LineString>
    </Placemark>
    <Placemark>
      <name>Fault Line 134</name>
      <LineString>
        <coordinates>44.390944,4.533932,0 44.427196,4.575804,0 44.462725,4.618722,0 44.497196,4.663327,0 44.528686,4.712099,0 44.559713,4.761476,0 44.593095,4.807755,0 44.62817,4.851522,0 44.6653,4.89183,0 44.704272,4.928569,0</coordinates>
      </LineString>
    </Placemark>
    <Placemark>
      <name>Fault Line 135</name>
      <LineString>
        <coordinates>43.807269,6.263227,0 43.845375,6.227527,0 43.889331,6.208753,0 43.934853,6.217867,0 43.979461,6.233434,0 44.025431,6.235435,0 44.070797,6.224909,0 44.111561,6.195256,0 44.154882,6.173736,0 44.1989,6.192327,0 44.244578,6.184841,0 44.290189,6.176581,0 44.336177,6.175559,0 44.380308,6.193674,0 44.425262,6.207279,0 44.469646,6.224169,0 44.515905,6.24646,0</coordinates>
      </LineString>
    </Placemark>
    <Placemark>
      <name>Fault Line 136</name>
      <LineString>
        <coordinates>44.054736,4.831543,0 44.054281,4.771448,0 44.054868,4.711355,0 44.060029,4.651684,0 44.070402,4.593255,0</coordinates>
      </LineString>
    </Placemark>
    <Placemark>
      <name>Fault Line 137</name>
      <LineString>
        <coordinates>44.790084,-1.16575,0 44.758541,-1.116745,0 44.72702,-1.067914,0 44.693756,-1.021457,0 44.657702,-0.979348,0 44.618893,-0.942418,0 44.583555,-0.899178,0 44.551025,-0.851818,0</coordinates>
      </LineString>
    </Placemark>
    <Placemark>
      <name>Fault Line 138</name>
      <LineString>
        <coordinates>45.04272,5.766902,0 45.081811,5.805287,0 45.121242,5.842998,0 45.159125,5.883796,0 45.196247,5.926003,0 45.23614,5.962801,0 45.278185,5.994424,0 45.320837,6.024382,0 45.36408,6.052594,0 45.407175,6.081602,0</coordinates>
      </LineString>
    </Placemark>
    <Placemark>
      <name>Fault Line 139</name>
      <LineString>
        <coordinates>44.237756,6.102826,0 44.200774,6.06544,0 44.157444,6.045333,0 44.113449,6.028274,0 44.075603,5.992685,0 44.040131,5.95266,0 44.000249,5.921722,0 43.957477,5.899486,0 43.914842,5.876758,0 43.876598,5.842122,0 43.839618,5.804958,0 43.802477,5.76813,0 43.767179,5.727997,0 43.733632,5.685103,0 43.706163,5.634623,0 43.678301,5.584583,0 43.642011,5.546263,0 43.601632,5.514424,0</coordinates>
      </LineString>
    </Placemark>
    <Placemark>
      <name>Fault Line 140</name>
      <LineString>
        <coordinates>43.628413,4.079972,0 43.657862,4.127985,0 43.687918,4.175219,0 43.718663,4.221621,0 43.749928,4.267376,0 43.780862,4.313586,0 43.810502,4.361419,0 43.838585,4.411047,0 43.864772,4.462651,0 43.88942,4.515715,0 43.914129,4.568747,0 43.939266,4.62141,0 43.96492,4.673613,0 43.99185,4.724584,0 44.018848,4.775508,0 44.04585,4.826452,0 44.073292,4.876964,0 44.102074,4.926033,0 44.13152,4.974355,0 44.159235,5.024648,0 44.185477,5.076478,0 44.209743,5.13017,0 44.23292,5.184811,0</coordinates>
      </LineString>
    </Placemark>
    <Placemark>
      <name>Fault Line 141</name>
      <LineString>
        <coordinates>43.661699,3.436215,0 43.700903,3.466528,0 43.738664,3.500183,0 43.77215,3.541629,0 43.803611,3.586035,0 43.833059,3.633043,0 43.862185,3.680455,0 43.89276,3.726104,0 43.923432,3.771651,0 43.953979,3.817383,0 43.983591,3.864309,0 44.013012,3.911491,0 44.043724,3.957078,0 44.075573,4.001153,0 44.108637,4.043482,0 44.143026,4.083738,0 44.178963,4.1213,0 44.21568,4.157388,0 44.25204,4.194196,0 44.286467,4.234486,0 44.318159,4.278963,0 44.347165,4.326909,0 44.37219,4.379079,0 44.396829,4.431629,0 44.422827,4.482902,0 44.450681,4.532252,0 44.483641,4.57501,0 44.518152,4.615317,0 44.55472,4.651907,0 44.593305,4.684185,0 44.633677,4.711847,0 44.676002,4.732982,0 44.718775,4.752512,0</coordinates>
      </LineString>
    </Placemark>
    <Placemark>
      <name>Fault Line 142</name>
      <LineString>
        <coordinates>47.707046,6.881639,0 47.732476,6.936929,0 47.75818,6.991966,0 47.785283,7.045528,0 47.813763,7.097509,0 47.844303,7.146857,0 47.877044,7.192996,0 47.912158,7.235109,0 47.950916,7.269408,0 47.991348,7.299117,0 48.034744,7.317248,0 48.079558,7.324287,0 48.124101,7.334459,0 48.16821,7.348259,0 48.210695,7.370772,0 48.253494,7.391926,0 48.296747,7.410901,0 48.340058,7.429597,0 48.383425,7.448009,0 48.427055,7.464967,0 48.470805,7.481224,0 48.515297,7.491981,0 48.559732,7.503264,0 48.603237,7.521003,0 48.643997,7.550062,0 48.683043,7.584114,0 48.723501,7.614172,0 48.765576,7.638628,0 48.809249,7.65546,0 48.852134,7.676469,0 48.892791,7.706001,0 48.931145,7.741982,0 48.967116,7.783306,0 48.999119,7.831638,0 49.030458,7.881002,0 49.062976,7.928591,0 49.098684,7.970548,0 49.140149,7.997496,0 49.183158,8.018039,0 49.227076,8.033465,0 49.270965,8.049093,0 49.314545,8.066649,0 49.357938,8.085279,0 49.400954,8.105881,0 49.444341,8.124578,0 49.488326,8.139619,0 49.5325,8.153303,0 49.576796,8.16603,0 49.620451,8.183251,0 49.662148,8.209623,0 49.70303,8.238908,0 49.744214,8.267192,0 49.786087,8.292954,0 49.828645,8.315891,0 49.871251,8.340514,0</coordinates>
      </LineString>
    </Placemark>
    <Placemark>
      <name>Fault Line 143</name>
      <LineString>
        <coordinates>50.099805,8.658689,0 50.056423,8.679235,0 50.013044,8.699779,0 49.967978,8.707527,0 49.922683,8.704372,0 49.878367,8.689488,0 49.834597,8.671135,0 49.791444,8.649571,0 49.746862,8.636783,0 49.701565,8.633724,0 49.656311,8.638064,0 49.611363,8.647251,0 49.566311,8.655134,0 49.521302,8.66358,0 49.476323,8.672383,0 49.431267,8.680182,0 49.386308,8.689203,0 49.341286,8.697442,0 49.295974,8.69993,0 49.251024,8.69083,0 49.208069,8.668603,0 49.168824,8.633859,0 49.131946,8.593531,0 49.094868,8.553662,0 49.057587,8.514268,0 49.020244,8.475041,0 48.982797,8.436076,0 48.944859,8.398257,0 48.90754,8.359067,0 48.871032,8.318177,0 48.835077,8.276198,0 48.799093,8.234306,0 48.760931,8.197153,0 48.721118,8.164254,0 48.680626,8.133343,0 48.640116,8.102513,0 48.599433,8.072233,0 48.559161,8.040747,0 48.518663,8.009954,0 48.477771,7.980397,0 48.434969,7.95784,0 48.390213,7.9469,0 48.344937,7.943225,0 48.299597,7.9436,0 48.254406,7.938069,0 48.209732,7.926439,0 48.165603,7.910822,0 48.121666,7.894048,0 48.077726,7.877304,0 48.034598,7.856364,0 47.992822,7.830021,0 47.95308,7.79742,0 47.914482,7.761912,0 47.875095,7.728415,0 47.833817,7.70046,0 47.78989,7.683732,0 47.744765,7.677167,0 47.699507,7.673111,0 47.654343,7.667159,0 47.609561,7.656619,0 47.565266,7.642267,0 47.520894,7.628452,0 47.474742,7.616706,0</coordinates>
      </LineString>
    </Placemark>
    <Placemark>
      <name>Fault Line 144</name>
      <LineString>
        <coordinates>43.55646,5.298506,0 43.554003,5.233923,0 43.548018,5.16986,0 43.536465,5.107273,0 43.530141,5.04329,0</coordinates>
      </LineString>
    </Placemark>
    <Placemark>
      <name>Fault Line 145</name>
      <LineString>
        <coordinates>44.165652,5.143324,0 44.196633,5.191767,0 44.211819,5.253149,0 44.200139,5.316006,0 44.182665,5.376179,0 44.177707,5.440717,0 44.181917,5.505358,0 44.177762,5.570006,0 44.169971,5.63399,0 44.160676,5.697573,0 44.152264,5.761385,0 44.148228,5.826016,0 44.145,5.890732,0 44.135467,5.955979,0</coordinates>
      </LineString>
    </Placemark>
    <Placemark>
      <name>Fault Line 146</name>
      <LineString>
        <coordinates>43.602521,5.476454,0 43.605878,5.417306,0 43.618998,5.360803,0 43.633851,5.305025,0</coordinates>
      </LineString>
    </Placemark>
    <Placemark>
      <name>Fault Line 147</name>
      <LineString>
        <coordinates>44.916272,5.604044,0 44.95263,5.551037,0 44.99106,5.501083,0 45.032135,5.455494,0</coordinates>
      </LineString>
    </Placemark>
    <Placemark>
      <name>Fault Line 148</name>
      <LineString>
        <coordinates>45.702146,5.831562,0 45.672897,5.879708,0 45.630616,5.899554,0</coordinates>
      </LineString>
    </Placemark>
    <Placemark>
      <name>Fault Line 149</name>
      <LineString>
        <coordinates>47.54229,-2.237364,0 47.512117,-2.186098,0 47.487144,-2.130531,0 47.475304,-2.066156,0 47.464014,-2.00158,0 47.463768,-1.934887,0 47.461913,-1.868251,0 47.462987,-1.801578,0 47.46088,-1.73496,0 47.454486,-1.668947,0 47.446073,-1.603441,0 47.431777,-1.540219,0 47.430938,-1.473576,0 47.430635,-1.406926,0 47.442793,-1.342736,0 47.451714,-1.277381,0 47.452246,-1.210707,0 47.449848,-1.144122,0 47.443848,-1.078043,0 47.432979,-1.013345,0 47.423828,-0.948083,0 47.411548,-0.883966,0 47.397038,-0.820891,0 47.380098,-0.75917,0 47.35743,-0.701621,0 47.333959,-0.644804,0 47.30824,-0.590172,0 47.283809,-0.534295,0 47.261074,-0.476909,0 47.234659,-0.423078,0 47.20906,-0.368427,0 47.184142,-0.313124,0 47.159874,-0.257225,0 47.138891,-0.198543,0 47.114312,-0.142983,0 47.09101,-0.086273,0 47.070321,-0.027442,0 47.048474,0.030459,0 47.030119,0.090892,0 47.007731,0.1483,0 46.98908,0.208489,0 46.970905,0.26897,0</coordinates>
      </LineString>
    </Placemark>
    <Placemark>
      <name>Fault Line 150</name>
      <LineString>
        <coordinates>47.089774,-1.05707,0 47.079573,-0.993874,0 47.069012,-0.930817,0 47.057019,-0.868329,0 47.046004,-0.805468,0 47.033921,-0.743043,0 47.019895,-0.681516,0 47.005635,-0.62012,0 46.990779,-0.559046,0 46.972634,-0.499931,0 46.948807,-0.445344,0 46.922918,-0.392834,0 46.895404,-0.342153,0 46.867166,-0.292359,0 46.840484,-0.240786,0 46.81101,-0.192598,0 46.780216,-0.146234,0 46.749596,-0.099651,0 46.719316,-0.052623,0 46.68935,-0.004948,0</coordinates>
      </LineString>
    </Placemark>
    <Placemark>
      <name>Fault Line 151</name>
      <LineString>
        <coordinates>47.078393,-1.058662,0 47.049274,-1.00797,0 47.019455,-0.958333,0 46.991849,-0.906041,0 46.965988,-0.851889,0 46.940741,-0.797145,0 46.919151,-0.739167,0 46.898966,-0.680137,0 46.879923,-0.620319,0 46.863428,-0.558925,0 46.842229,-0.500721,0 46.818224,-0.444919,0 46.790806,-0.392612,0 46.762613,-0.341218,0 46.73124,-0.29394,0 46.698449,-0.248787,0 46.66591,-0.203274,0 46.632634,-0.158937,0 46.599649,-0.114165,0 46.566847,-0.069139,0 46.534054,-0.024126,0 46.501337,0.020977,0 46.469026,0.066667,0 46.437443,0.113391,0 46.407698,0.162563,0 46.378871,0.212846,0 46.350462,0.263601,0 46.325573,0.31807,0 46.302096,0.373814,0</coordinates>
      </LineString>
    </Placemark>
    <Placemark>
      <name>Fault Line 152</name>
      <LineString>
        <coordinates>47.161219,-1.51532,0 47.135453,-1.458523,0 47.117306,-1.395703,0 47.103569,-1.330533,0 47.100632,-1.262456,0 47.100491,-1.194244,0 47.098178,-1.126118,0 47.090406,-1.058966,0</coordinates>
      </LineString>
    </Placemark>
    <Placemark>
      <name>Fault Line 153</name>
      <LineString>
        <coordinates>47.159165,-1.543046,0 47.126958,-1.496525,0 47.095989,-1.448251,0 47.065393,-1.399494,0 47.035196,-1.350228,0 47.004758,-1.301313,0 46.974367,-1.252364,0 46.944963,-1.202165,0 46.917051,-1.150196,0 46.890932,-1.096293,0 46.865609,-1.041608,0 46.8401,-0.987136,0 46.814404,-0.932876,0 46.788513,-0.878838,0 46.762038,-0.825436,0 46.735063,-0.772597,0 46.708007,-0.719871,0 46.681085,-0.667027,0 46.654898,-0.613431,0 46.629069,-0.559491,0 46.601878,-0.507015,0 46.57288,-0.456657,0 46.543096,-0.407308,0 46.513604,-0.357617,0 46.48492,-0.306965,0 46.45537,-0.257399,0 46.424657,-0.209373,0 46.393944,-0.161375,0 46.360845,-0.116864,0 46.325554,-0.076071,0 46.287696,-0.040453,0 46.247629,-0.010347,0 46.206663,0.017093,0 46.165245,0.043053,0 46.123297,0.067153,0 46.080725,0.088839,0 46.03784,0.109185,0 45.995966,0.133501,0 45.955103,0.161134,0 45.91569,0.192805,0 45.877407,0.2272,0 45.839743,0.262951,0 45.801395,0.297146,0 45.760247,0.323793,0 45.718367,0.348007,0</coordinates>
      </LineString>
    </Placemark>
    <Placemark>
      <name>Fault Line 154</name>
      <LineString>
        <coordinates>47.545275,-2.310902,0 47.515062,-2.260547,0 47.48538,-2.209533,0 47.459937,-2.153753,0 47.432318,-2.100316,0 47.406929,-2.044539,0 47.381208,-1.989124,0 47.357108,-1.932166,0 47.331674,-1.876513,0 47.304361,-1.822862,0 47.277683,-1.768547,0 47.253049,-1.712201,0 47.224401,-1.660164,0 47.196428,-1.607364,0 47.166866,-1.556396,0</coordinates>
      </LineString>
    </Placemark>
    <Placemark>
      <name>Fault Line 155</name>
      <LineString>
        <coordinates>48.03332,-5.042586,0 48.035789,-4.975225,0 48.037997,-4.907841,0 48.038387,-4.840378,0 48.0378,-4.772917,0 48.037789,-4.705449,0 48.037804,-4.637981,0 48.036615,-4.57054,0 48.03437,-4.50316,0 48.031643,-4.435825,0 48.028539,-4.368528,0 48.026816,-4.301125,0 48.02001,-4.234451,0 48.011546,-4.168211,0 47.999284,-4.103327,0 47.98762,-4.038209,0 47.97962,-3.971882,0 47.971823,-3.90551,0 47.959824,-3.840566,0 47.950509,-3.774659,0 47.937731,-3.710075,0 47.928762,-3.644091,0 47.918672,-3.578479,0 47.907946,-3.513106,0 47.897171,-3.447764,0 47.882152,-3.38433,0 47.868506,-3.320228,0 47.852435,-3.257403,0 47.832162,-3.197362,0 47.811039,-3.137996,0 47.790736,-3.078025,0 47.770452,-3.018063,0 47.75353,-2.955855,0 47.736635,-2.893651,0 47.71811,-2.832503,0 47.699147,-2.771675,0 47.679195,-2.711572,0 47.65774,-2.652647,0 47.635506,-2.594388,0 47.613039,-2.536348,0 47.591294,-2.477732,0 47.569791,-2.418945,0 47.545187,-2.362917,0 47.518757,-2.308503,0</coordinates>
      </LineString>
    </Placemark>
    <Placemark>
      <name>Fault Line 156</name>
      <LineString>
        <coordinates>46.419146,2.631119,0 46.407924,2.567723,0 46.396843,2.504287,0 46.391499,2.439318,0 46.381486,2.375529,0 46.374892,2.310822,0 46.359417,2.249389,0 46.344449,2.187712,0 46.33918,2.122793,0 46.330524,2.058647,0 46.324281,1.993925,0 46.315349,1.929878,0 46.304646,1.866414,0 46.299389,1.80154,0 46.29438,1.736631,0 46.288551,1.671872,0 46.284836,1.606793,0 46.286802,1.541556,0 46.293575,1.476991,0 46.306162,1.414267,0 46.322661,1.353458,0 46.337853,1.291921,0 46.352149,1.229688,0</coordinates>
      </LineString>
    </Placemark>
    <Placemark>
      <name>Fault Line 157</name>
      <LineString>
        <coordinates>46.505472,2.860631,0 46.550569,2.867445,0 46.5954,2.874344,0 46.640262,2.880786,0 46.685038,2.873184,0 46.730097,2.87117,0 46.77503,2.876464,0 46.819836,2.883709,0 46.863448,2.900391,0 46.907744,2.912635,0 46.952819,2.911703,0 46.997771,2.906744,0 47.042241,2.895905,0 47.086172,2.881053,0 47.130077,2.866026,0 47.174359,2.85361,0 47.219183,2.846543,0 47.264138,2.841614,0 47.309188,2.839152,0 47.354124,2.833861,0 47.398684,2.82378,0 47.442693,2.809344,0 47.485917,2.790411,0 47.528846,2.770044,0 47.572655,2.754295,0 47.617114,2.743246,0 47.662119,2.739395,0 47.70717,2.741819,0 47.752156,2.746123,0 47.797191,2.749111,0 47.842267,2.748349,0 47.887132,2.741813,0 47.93159,2.730685,0 47.976412,2.723498,0 48.021368,2.718522,0</coordinates>
      </LineString>
    </Placemark>
    <Placemark>
      <name>Fault Line 158</name>
      <LineString>
        <coordinates>51.052437,1.205988,0 51.02921,1.267066,0 51.008936,1.330719,0 50.995314,1.398674,0 50.987048,1.468757,0 50.969048,1.534056,0 50.948497,1.597402,0 50.924325,1.657409,0 50.894373,1.710418,0 50.871089,1.771233,0 50.847996,1.832203,0 50.832274,1.898772,0 50.821104,1.967588,0 50.798017,2.028498,0 50.762771,2.072443,0 50.732922,2.125414,0 50.698847,2.171546,0 50.665807,2.219485,0 50.638945,2.276194,0 50.608744,2.328526,0 50.575987,2.376856,0 50.542177,2.423319,0 50.508977,2.470823,0 50.48261,2.527918,0 50.459714,2.588568,0 50.43921,2.651267,0 50.413664,2.709191,0 50.385353,2.763827,0 50.356548,2.817791,0 50.326168,2.869554,0 50.292247,2.915573,0 50.255111,2.955009,0 50.215447,2.98908,0</coordinates>
      </LineString>
    </Placemark>
    <Placemark>
      <name>Fault Line 159</name>
      <LineString>
        <coordinates>42.647515,2.587942,0 42.624099,2.533821,0 42.598509,2.481569,0 42.570081,2.432119,0 42.54516,2.37932,0 42.532588,2.318996,0 42.524885,2.257194,0 42.512033,2.196998,0 42.492478,2.140234,0 42.466348,2.088588,0 42.438205,2.038946,0 42.415297,1.984605,0 42.394228,1.928934,0 42.367657,1.877783,0 42.349978,1.820033,0 42.349622,1.757533,0 42.357719,1.693434,0</coordinates>
      </LineString>
    </Placemark>
    <Placemark>
      <name>Fault Line 160</name>
      <LineString>
        <coordinates>36.067488,-2.469673,0 36.055428,-2.414213,0 36.043162,-2.358833,0 36.026951,-2.305036,0 36.010743,-2.251249,0 35.994538,-2.197472,0 35.976166,-2.144782,0 35.956843,-2.092626,0 35.937525,-2.04048,0 35.919565,-1.987611,0 35.900289,-1.935466,0 35.878285,-1.885007,0 35.855901,-1.834816,0 35.830064,-1.787252,0</coordinates>
      </LineString>
    </Placemark>
    <Placemark>
      <name>Fault Line 161</name>
      <LineString>
        <coordinates>35.675437,-1.056188,0 35.68493,-1.110735,0 35.694421,-1.165271,0 35.703913,-1.219813,0 35.713936,-1.274217,0 35.725376,-1.328202,0 35.736817,-1.382194,0 35.748003,-1.436276,0 35.758287,-1.490636,0 35.768572,-1.545003,0 35.778859,-1.599376,0 35.789147,-1.653756,0 35.799436,-1.708144,0 35.809726,-1.762538,0 35.820018,-1.816939,0 35.830311,-1.871346,0 35.841229,-1.925575,0 35.852616,-1.979663,0 35.870202,-2.031173,0 35.895798,-2.0773,0 35.921399,-2.123438,0 35.944385,-2.171644,0 35.962374,-2.223001,0 35.980367,-2.274367,0</coordinates>
      </LineString>
    </Placemark>
    <Placemark>
      <name>Fault Line 162</name>
      <LineString>
        <coordinates>35.447558,-3.74086,0 35.491461,-3.734914,0 35.535364,-3.728967,0 35.579268,-3.723021,0 35.61985,-3.701577,0 35.657539,-3.673239,0 35.690699,-3.637322,0 35.718213,-3.594772,0 35.756455,-3.567541,0 35.797535,-3.547538,0 35.83854,-3.527291,0 35.879458,-3.506766,0 35.920379,-3.48624,0 35.961302,-3.465712,0 36.001912,-3.444243,0 36.042507,-3.422721,0 36.083105,-3.401197,0 36.123706,-3.379671,0 36.163849,-3.358389,0</coordinates>
      </LineString>
    </Placemark>
    <Placemark>
      <name>Fault Line 163</name>
      <LineString>
        <coordinates>35.747576,-3.570591,0 35.787782,-3.54679,0 35.827992,-3.522986,0 35.863794,-3.490166,0 35.899504,-3.457177,0 35.925501,-3.412426,0 35.949575,-3.366049,0 35.968829,-3.316342,0 35.988087,-3.266626,0 36.007219,-3.216823,0 36.026197,-3.166918,0 36.045178,-3.117003,0 36.062326,-3.066072,0 36.076888,-3.013912,0 36.091452,-2.961744,0 36.099354,-2.907416,0 36.101628,-2.852283,0 36.103901,-2.797148,0 36.100395,-2.742114,0 36.095966,-2.687184,0 36.091538,-2.632257,0 36.08575,-2.577528,0 36.076604,-2.52351,0 36.067488,-2.469673,0</coordinates>
      </LineString>
    </Placemark>
    <Placemark>
      <name>Fault Line 164</name>
      <LineString>
        <coordinates>36.636184,-12.216624,0 36.624462,-12.163287,0 36.615703,-12.109012,0 36.613776,-12.053706,0 36.611849,-11.998402,0 36.620775,-11.944172,0 36.633518,-11.891131,0 36.646263,-11.838082,0 36.666023,-11.788473,0 36.686919,-11.739577,0 36.710866,-11.692896,0 36.737949,-11.648947,0 36.765038,-11.604988,0 36.792133,-11.56102,0 36.820616,-11.518424,0 36.85112,-11.478056,0 36.883048,-11.439427,0 36.912055,-11.397338,0 36.93736,-11.35165,0 36.962037,-11.305412,0 36.98672,-11.259164,0 37.012838,-11.214151,0 37.040912,-11.17101,0 37.072583,-11.131958,0 37.10426,-11.092897,0 37.129318,-11.04688,0 37.148685,-10.996713,0 37.170377,-10.948054,0 37.193804,-10.900663,0 37.215452,-10.851943,0 37.232657,-10.800493,0 37.253208,-10.751006,0 37.274456,-10.701972,0</coordinates>
      </LineString>
    </Placemark>
    <Placemark>
      <name>Fault Line 165</name>
      <LineString>
        <coordinates>35.81848,-10.478964,0 35.851889,-10.443124,0 35.88349,-10.404715,0 35.911121,-10.361881,0 35.931569,-10.313276,0 35.962189,-10.273635,0 35.992146,-10.233213,0 36.025784,-10.197471,0 36.064943,-10.171703,0 36.104034,-10.145767,0 36.136807,-10.108764,0 36.165978,-10.067381,0 36.190685,-10.021744,0 36.213974,-9.974962,0 36.246776,-9.937948,0 36.285163,-9.910381,0 36.323453,-9.882597,0 36.357394,-9.847143,0 36.392911,-9.814143,0 36.433029,-9.79063,0 36.469637,-9.759492,0 36.499524,-9.718727,0 36.529417,-9.677954,0</coordinates>
      </LineString>
    </Placemark>
    <Placemark>
      <name>Fault Line 166</name>
      <LineString>
        <coordinates>36.60099,-10.259958,0 36.637571,-10.223762,0 36.679212,-10.195995,0 36.722687,-10.172994,0 36.767332,-10.153782,0 36.812854,-10.138098,0 36.855816,-10.113606,0 36.898296,-10.087819,0 36.941641,-10.064377,0 36.985666,-10.042994,0 37.030878,-10.025921,0</coordinates>
      </LineString>
    </Placemark>
    <Placemark>
      <name>Fault Line 167</name>
      <LineString>
        <coordinates>35.829397,-10.812824,0 35.820774,-10.758215,0 35.812153,-10.703612,0 35.803532,-10.649015,0 35.794912,-10.594422,0 35.788332,-10.539407,0 35.77783,-10.485331,0 35.766466,-10.431528,0 35.758395,-10.376835,0 35.752186,-10.321778,0 35.745663,-10.266782,0 35.738223,-10.211968,0 35.734443,-10.156591,0 35.718845,-10.104453,0 35.706622,-10.050976,0 35.695654,-9.997095,0 35.679685,-9.945154,0 35.662897,-9.893616,0 35.648253,-9.841106,0 35.635149,-9.787993,0 35.622669,-9.734661,0 35.611716,-9.680832,0 35.601531,-9.626782,0 35.591347,-9.572739,0 35.58101,-9.518748,0 35.56931,-9.465185,0 35.557611,-9.411629,0 35.545914,-9.35808,0 35.534219,-9.304539,0 35.522525,-9.251005,0 35.510833,-9.197478,0 35.499142,-9.143958,0 35.487453,-9.090446,0 35.475765,-9.036941,0 35.46408,-8.983444,0 35.452395,-8.929953,0 35.440712,-8.87647,0 35.429031,-8.822994,0 35.417352,-8.769525,0 35.405674,-8.716063,0 35.393997,-8.662609,0 35.382322,-8.609162,0 35.370649,-8.555722,0 35.358977,-8.502289,0 35.347307,-8.448863,0 35.335638,-8.395445,0 35.323971,-8.342033,0 35.312306,-8.288629,0 35.300642,-8.235233,0 35.28898,-8.181844,0 35.277319,-8.128462,0 35.26566,-8.075087,0 35.254003,-8.021719,0 35.242346,-7.968358,0 35.230692,-7.915004,0 35.219039,-7.861658,0 35.207388,-7.808318,0 35.195738,-7.754986,0 35.18409,-7.701661,0 35.172443,-7.648343,0 35.160798,-7.595033,0 35.149155,-7.54173,0 35.137513,-7.488434,0 35.125873,-7.435145,0 35.114234,-7.381863,0 35.102597,-7.328588,0 35.090961,-7.275321,0 35.079327,-7.22206,0 35.067694,-7.168807,0 35.056063,-7.11556,0 35.044434,-7.062321,0 35.032806,-7.009089,0 35.021179,-6.955864,0 35.009555,-6.902646,0 34.997931,-6.849435,0 34.986322,-6.796288,0</coordinates>
      </LineString>
    </Placemark>
    <Placemark>
      <name>Fault Line 168</name>
      <LineString>
        <coordinates>37.719668,-1.451526,0 37.755126,-1.411706,0 37.793573,-1.376643,0 37.831606,-1.340847,0</coordinates>
      </LineString>
    </Placemark>
    <Placemark>
      <name>Fault Line 169</name>
      <LineString>
        <coordinates>35.53571,-11.173319,0 35.555351,-11.121027,0 35.562016,-11.064399,0 35.570424,-11.008118,0 35.578982,-10.951865,0 35.587313,-10.895555,0 35.60199,-10.841232,0 35.608244,-10.784501,0 35.620487,-10.72926,0 35.630143,-10.673239,0 35.630559,-10.615974,0</coordinates>
      </LineString>
    </Placemark>
    <Placemark>
      <name>Fault Line 170</name>
      <LineString>
        <coordinates>35.361387,-11.231381,0 35.36544,-11.175383,0 35.36741,-11.118589,0 35.373294,-11.0622,0 35.383556,-11.006756,0 35.395109,-10.951688,0 35.402406,-10.895527,0 35.40534,-10.838769,0 35.414319,-10.78297,0 35.428524,-10.728822,0 35.448207,-10.677307,0 35.47204,-10.628491,0 35.501119,-10.584153,0 35.528624,-10.538311,0 35.557014,-10.493274,0 35.585603,-10.44841,0 35.607923,-10.398443,0 35.624956,-10.345409,0 35.641992,-10.292365,0</coordinates>
      </LineString>
    </Placemark>
    <Placemark>
      <name>Fault Line 171</name>
      <LineString>
        <coordinates>39.965767,19.883833,0 39.986369,19.830215,0 40.006976,19.776584,0 40.027588,19.722941,0 40.051266,19.671481,0 40.077979,19.622607,0 40.108091,19.577211,0 40.140296,19.534323,0 40.172721,19.491697,0 40.20568,19.449758,0 40.240201,19.410011,0 40.276096,19.372391,0 40.311999,19.334764,0 40.350043,19.300926,0 40.392147,19.276726,0 40.434397,19.252952,0 40.477641,19.232479,0 40.520585,19.212147,0</coordinates>
      </LineString>
    </Placemark>
    <Placemark>
      <name>Fault Line 172</name>
      <LineString>
        <coordinates>40.869481,19.542573,0 40.913838,19.537995,0 40.958121,19.532298,0 41.000948,19.516325,0 41.043325,19.498357,0 41.086792,19.485766,0 41.127679,19.46248,0 41.168932,19.440343,0 41.210448,19.419079,0 41.251827,19.39734,0 41.293122,19.375303,0 41.335318,19.35652,0 41.376659,19.334611,0 41.418163,19.31324,0 41.460062,19.293277,0 41.502428,19.275138,0 41.545883,19.262386,0 41.590059,19.255211,0</coordinates>
      </LineString>
    </Placemark>
    <Placemark>
      <name>Fault Line 173</name>
      <LineString>
        <coordinates>40.567024,19.242907,0 40.601457,19.201495,0 40.635897,19.160073,0 40.672765,19.122431,0 40.713622,19.092776,0 40.756259,19.067842,0 40.799588,19.045071,0 40.843056,19.02275,0 40.887745,19.005125,0 40.932784,18.989116,0 40.97907,18.981569,0 41.025496,18.975083,0</coordinates>
      </LineString>
    </Placemark>
    <Placemark>
      <name>Fault Line 174</name>
      <LineString>
        <coordinates>41.228185,19.589029,0 41.263628,19.55373,0 41.299566,19.519309,0 41.337053,19.487931,0 41.377351,19.463487,0 41.418126,19.440471,0 41.459149,19.418237,0 41.500849,19.398363,0 41.54314,19.380841,0 41.585843,19.365196,0 41.628611,19.349834,0</coordinates>
      </LineString>
    </Placemark>
    <Placemark>
      <name>Fault Line 175</name>
      <LineString>
        <coordinates>40.63704,19.41275,0 40.679011,19.387003,0 40.722351,19.365548,0 40.767844,19.354246,0 40.813143,19.341644,0 40.858846,19.331917,0 40.904863,19.325255,0 40.951024,19.32065,0 40.997315,19.320374,0 41.043399,19.326179,0 41.088588,19.339738,0</coordinates>
      </LineString>
    </Placemark>
    <Placemark>
      <name>Fault Line 176</name>
      <LineString>
        <coordinates>46.543022,14.019432,0 46.547278,13.954399,0 46.549248,13.88913,0 46.550799,13.823832,0 46.553416,13.758606,0 46.560178,13.694008,0 46.568777,13.629862,0 46.579456,13.566371,0 46.590013,13.502825,0 46.600572,13.439267,0 46.608785,13.374969,0 46.61698,13.310656,0 46.625509,13.246424,0 46.635533,13.18264,0 46.645735,13.118904,0 46.656816,13.055469,0 46.66669,12.9916,0 46.676143,12.927584,0 46.683605,12.863003,0 46.689734,12.798115,0 46.695604,12.73317,0 46.700962,12.668123,0 46.707293,12.603255,0 46.714237,12.538512,0 46.72107,12.473737,0 46.727867,12.408946,0 46.734489,12.344109,0 46.741097,12.279261,0 46.74717,12.214293,0 46.752544,12.149186,0 46.761643,12.08496,0 46.776058,12.022828,0 46.790475,11.96068,0 46.798598,11.896131,0 46.805248,11.831215,0 46.813905,11.766795,0 46.824363,11.702938,0 46.836043,11.63952,0 46.847177,11.575881,0 46.857392,11.5119,0 46.873362,11.450473,0</coordinates>
      </LineString>
    </Placemark>
    <Placemark>
      <name>Fault Line 177</name>
      <LineString>
        <coordinates>47.316397,11.093027,0 47.301511,11.158027,0 47.285536,11.223,0 47.269501,11.287921,0 47.247467,11.34888,0 47.216745,11.401016,0 47.179445,11.442791,0 47.134986,11.464624,0 47.090038,11.484153,0 47.044279,11.499061,0 46.998059,11.487627,0 46.953044,11.468479,0 46.908408,11.447526,0 46.866061,11.418127,0</coordinates>
      </LineString>
    </Placemark>
    <Placemark>
      <name>Fault Line 178</name>
      <LineString>
        <coordinates>46.159478,7.219481,0 46.193563,7.261562,0 46.220205,7.313682,0 46.243312,7.36924,0 46.264266,7.426576,0 46.281327,7.486571,0 46.293061,7.549202,0 46.300387,7.613232,0 46.304933,7.677808,0 46.306225,7.742693,0 46.303579,7.807491,0 46.299549,7.872137,0 46.295009,7.936703,0</coordinates>
      </LineString>
    </Placemark>
    <Placemark>
      <name>Fault Line 179</name>
      <LineString>
        <coordinates>36.764656,3.239221,0 36.793273,3.283878,0 36.821915,3.328575,0 36.850563,3.373282,0 36.879218,3.418,0 36.906779,3.463797,0 36.933252,3.510602,0 36.959731,3.557418,0 36.986216,3.604244,0 37.012708,3.651082,0 37.039206,3.69793,0 37.060621,3.74871,0 37.081545,3.799824,0 37.102474,3.850949,0 37.120953,3.90355,0 37.138287,3.956773,0 37.155624,4.010006,0 37.172965,4.06325,0 37.188555,4.117352,0 37.202829,4.172034,0 37.217105,4.226725,0 37.229121,4.282276,0 37.24061,4.33801,0 37.2521,4.393753,0 37.263592,4.449503,0 37.275086,4.505261,0 37.283879,4.561799,0 37.290945,4.618724,0 37.298011,4.675654,0 37.305078,4.73259,0 37.312145,4.78953,0</coordinates>
      </LineString>
    </Placemark>
    <Placemark>
      <name>Fault Line 180</name>
      <LineString>
        <coordinates>37.010632,5.185164,0 37.032702,5.234277,0 37.054776,5.283401,0 37.076855,5.332535,0 37.096433,5.383323,0 37.111969,5.436272,0 37.127509,5.489231,0 37.143051,5.5422,0 37.158596,5.595178,0 37.174144,5.648166,0 37.188459,5.701708,0 37.201589,5.755738,0 37.214721,5.809776,0 37.227855,5.863823,0 37.240992,5.917878,0 37.25413,5.971943,0 37.263938,6.027118,0 37.272605,6.082601,0 37.281273,6.138091,0 37.289943,6.193587,0 37.298576,6.249099,0 37.307102,6.304643,0 37.31563,6.360193,0 37.324158,6.415749,0 37.332688,6.471311,0 37.341218,6.526879,0 37.349749,6.582453,0 37.358281,6.638034,0 37.361498,6.6945,0 37.362799,6.751089,0 37.3641,6.807679,0 37.365078,6.86428,0 37.365343,6.920893,0 37.365607,6.977506,0 37.365872,7.03412,0 37.366136,7.090734,0 37.3664,7.147348,0 37.366664,7.203962,0 37.366929,7.260576,0 37.367301,7.31719,0 37.3677,7.373803,0 37.368099,7.430417,0 37.368497,7.487031,0 37.368896,7.543645,0 37.374131,7.59988,0 37.38267,7.655477,0 37.391209,7.71108,0 37.399638,7.766715,0 37.407135,7.822566,0 37.414633,7.878422,0 37.422132,7.934284,0 37.429631,7.990151,0 37.437132,8.046024,0 37.444633,8.101903,0 37.452134,8.157787,0 37.459637,8.213676,0 37.46714,8.26957,0 37.489266,8.318941,0 37.517989,8.362601,0 37.546719,8.40627,0 37.5749,8.450522,0 37.603009,8.494863,0 37.631124,8.539214,0 37.659246,8.583575,0 37.687374,8.627947,0 37.715509,8.672329,0 37.746493,8.713584,0 37.77939,8.75242,0 37.812293,8.791264,0 37.845193,8.830128,0 37.877612,8.869654,0 37.910038,8.909188,0 37.94247,8.94873,0 37.974909,8.988281,0 38.007355,9.027839,0 38.039808,9.067406,0 38.072268,9.106981,0 38.101962,9.149934,0 38.127773,9.196782,0 38.15349,9.243729,0 38.178497,9.291307,0 38.20351,9.338896,0 38.22853,9.386497,0 38.253555,9.434109,0 38.278586,9.481732,0 38.303692,9.529309,0 38.328812,9.57689,0 38.353938,9.624483,0 38.37907,9.672087,0 38.400894,9.722291,0 38.422176,9.772887,0 38.443463,9.823494,0 38.464755,9.874112,0 38.486052,9.924742,0 38.507353,9.975384,0 38.528705,10.026006,0 38.550134,10.07659,0 38.571567,10.127186,0 38.593005,10.177793,0 38.613785,10.228863,0 38.628396,10.283336,0 38.643011,10.337818,0 38.657627,10.39231,0 38.672247,10.446813,0 38.686869,10.501326,0 38.701494,10.555849,0 38.715322,10.610722,0 38.728746,10.665769,0 38.742171,10.720825,0 38.755599,10.775891,0 38.769029,10.830967,0 38.782461,10.886052,0 38.795911,10.941208,0</coordinates>
      </LineString>
    </Placemark>
    <Placemark>
      <name>Fault Line 181</name>
      <LineString>
        <coordinates>45.810829,6.748404,0 45.85054,6.782481,0 45.8832,6.829547,0 45.913372,6.879948,0 45.952107,6.916333,0 45.992485,6.948837,0 46.029154,6.989461,0 46.063064,7.034813,0 46.096536,7.080862,0 46.129428,7.1278,0 46.158191,7.179879,0</coordinates>
      </LineString>
    </Placemark>
    <Placemark>
      <name>Fault Line 182</name>
      <LineString>
        <coordinates>38.804229,20.552848,0 38.842955,20.524365,0 38.881686,20.495878,0 38.920794,20.468237,0 38.960869,20.442973,0 38.999461,20.414129,0 39.03569,20.380576,0 39.071925,20.347018,0 39.109247,20.31548,0 39.14682,20.284426,0 39.182495,20.24983,0 39.214519,20.209711,0 39.24655,20.169583,0 39.27895,20.129937,0 39.306361,20.084422,0 39.32793,20.033913,0 39.352347,19.985604,0 39.37887,19.939172,0 39.411304,19.899495,0 39.44545,19.862281,0 39.484066,19.833289,0 39.521611,19.80201,0 39.558517,19.769461,0 39.594114,19.734527,0 39.629718,19.699586,0 39.660872,19.658078,0 39.690425,19.614621,0 39.718644,19.569674,0 39.749695,19.52798,0 39.785859,19.493947,0 39.822208,19.459741,0</coordinates>
      </LineString>
    </Placemark>
    <Placemark>
      <name>Fault Line 183</name>
      <LineString>
        <coordinates>38.569469,20.519696,0 38.612275,20.532924,0 38.655082,20.546153,0 38.697891,20.559382,0 38.740701,20.572612,0 38.783891,20.583633,0 38.827122,20.594405,0 38.870521,20.603997,0 38.913951,20.613357,0 38.957487,20.621871,0 39.001061,20.630065,0 39.044834,20.636257,0 39.088615,20.64237,0 39.132015,20.65199,0 39.175401,20.661718,0 39.218709,20.67202,0</coordinates>
      </LineString>
    </Placemark>
    <Placemark>
      <name>Fault Line 184</name>
      <LineString>
        <coordinates>37.695984,19.780975,0 37.732019,19.816364,0 37.768061,19.851758,0 37.804367,19.886733,0 37.841142,19.920932,0 37.879491,19.952253,0 37.917847,19.983578,0 37.956209,20.014908,0 37.992424,20.050124,0 38.028352,20.08583,0 38.066763,20.117109,0 38.105909,20.1469,0 38.142385,20.181752,0 38.178524,20.217184,0 38.214669,20.252622,0 38.252855,20.284424,0 38.291279,20.315773,0 38.329709,20.347127,0 38.368145,20.378486,0 38.407736,20.407432,0 38.447802,20.435309,0 38.487869,20.463198,0 38.527619,20.491832,0 38.567434,20.520513,0</coordinates>
      </LineString>
    </Placemark>
    <Placemark>
      <name>Fault Line 185</name>
      <LineString>
        <coordinates>38.510829,20.415778,0 38.543844,20.376414,0 38.576866,20.337041,0 38.609895,20.29766,0 38.648752,20.268237,0 38.689324,20.242872,0 38.730013,20.217807,0 38.771105,20.193831,0 38.812201,20.169854,0 38.847,20.132934,0 38.879397,20.092552,0 38.911802,20.052162,0 38.947402,20.01647,0 38.983099,19.980921,0 39.018819,19.945394,0 39.054817,19.910315,0 39.090051,19.873957,0 39.1196,19.82997,0 39.149157,19.785973,0 39.178721,19.741965,0 39.215647,19.708446,0 39.253543,19.676765,0 39.291445,19.645079,0 39.329753,19.614203,0 39.368655,19.584578,0 39.407562,19.554949,0 39.445591,19.523451,0 39.475293,19.479412,0 39.505002,19.435362,0 39.536615,19.393581,0 39.571068,19.355742,0 39.605528,19.317896,0 39.640563,19.280929,0 39.675663,19.244046,0 39.71137,19.208142,0 39.747017,19.172413,0</coordinates>
      </LineString>
    </Placemark>
    <Placemark>
      <name>Fault Line 186</name>
      <LineString>
        <coordinates>36.980437,20.385806,0 37.002333,20.336928,0 37.025725,20.289201,0 37.051266,20.243219,0 37.078375,20.198652,0 37.10554,20.154124,0 37.134738,20.11165,0 37.164883,20.070214,0 37.195193,20.028951,0 37.225162,19.98728,0 37.254676,19.945084,0 37.283865,19.902516,0 37.312386,19.859223,0 37.340956,19.815964,0 37.371021,19.774322,0 37.404578,19.737126,0 37.444725,19.712328,0 37.488445,19.700498,0 37.532807,19.693415,0 37.577504,19.691768,0</coordinates>
      </LineString>
    </Placemark>
    <Placemark>
      <name>Fault Line 187</name>
      <LineString>
        <coordinates>37.267591,20.592106,0 37.290394,20.543921,0 37.314697,20.496857,0 37.340036,20.450652,0 37.365768,20.404776,0 37.391909,20.359251,0 37.417478,20.313198,0 37.444097,20.268084,0 37.471772,20.223972,0 37.499684,20.180082,0 37.527254,20.135833,0 37.556648,20.093475,0 37.587777,20.05312,0 37.622347,20.017487,0 37.658836,19.985029,0 37.699179,19.96091,0 37.742982,19.95008,0 37.78722,19.942603,0 37.831788,19.939557,0</coordinates>
      </LineString>
    </Placemark>
    <Placemark>
      <name>Fault Line 188</name>
      <LineString>
        <coordinates>38.077991,-0.748232,0 38.093106,-0.664348,0</coordinates>
      </LineString>
    </Placemark>
    <Placemark>
      <name>Fault Line 189</name>
      <LineString>
        <coordinates>42.195489,18.474288,0 42.228832,18.432782,0 42.261713,18.390587,0 42.294611,18.348395,0 42.327593,18.3063,0 42.360107,18.263521,0 42.389604,18.216889,0 42.418896,18.169999,0 42.445205,18.119949,0 42.471521,18.069884,0 42.502595,18.025088,0 42.533726,17.980344,0 42.563276,17.933644,0 42.592244,17.886254,0 42.617125,17.834739,0 42.641176,17.782478,0 42.664734,17.729786,0 42.683407,17.673572,0 42.698712,17.615489,0 42.711442,17.556254,0 42.721027,17.495921,0 42.726336,17.434611,0 42.731803,17.373321,0 42.742605,17.31335,0 42.752941,17.253217,0 42.756365,17.191628,0 42.759795,17.129939,0</coordinates>
      </LineString>
    </Placemark>
    <Placemark>
      <name>Fault Line 190</name>
      <LineString>
        <coordinates>43.088637,17.316415,0 43.086536,17.255551,0 43.088351,17.194634,0 43.092099,17.13388,0 43.095848,17.073122,0 43.099657,17.012366,0 43.103532,16.951613,0 43.107406,16.890857,0 43.111872,16.830174,0 43.116934,16.769575,0 43.117079,16.708578,0 43.121553,16.647887,0 43.130923,16.588246,0 43.141914,16.529118,0 43.15634,16.47138,0 43.171824,16.414146,0 43.183923,16.355386,0 43.198749,16.2978,0 43.215072,16.240967,0 43.24187,16.192164,0 43.268675,16.143347,0</coordinates>
      </LineString>
    </Placemark>
    <Placemark>
      <name>Fault Line 191</name>
      <LineString>
        <coordinates>43.346751,17.474318,0 43.368709,17.421771,0 43.390669,17.369216,0 43.410338,17.314953,0 43.428849,17.259906,0 43.447504,17.204933,0 43.466537,17.150191,0 43.485673,17.095499,0 43.505521,17.041274,0 43.525375,16.987035,0 43.545193,16.932754,0 43.564349,16.878004,0 43.583508,16.823239,0 43.604336,16.76963,0 43.625325,16.716122,0</coordinates>
      </LineString>
    </Placemark>
    <Placemark>
      <name>Fault Line 192</name>
      <LineString>
        <coordinates>42.343354,17.788,0 42.355459,17.729047,0 42.367566,17.670084,0 42.378285,17.610619,0 42.381244,17.549534,0 42.384203,17.488446,0 42.387018,17.427344,0 42.389669,17.366225,0 42.39232,17.305103,0 42.394971,17.243979,0 42.399551,17.183061,0 42.40632,17.122513,0 42.413089,17.061958,0 42.42311,17.002228,0 42.439365,16.945055,0 42.455623,16.88787,0 42.472906,16.831226,0 42.491686,16.775448,0 42.51047,16.719656,0 42.531314,16.66521,0 42.552943,16.611312,0 42.574576,16.557398,0 42.596151,16.503422,0 42.617102,16.448976,0 42.63806,16.394516,0 42.659042,16.340055,0 42.68006,16.285602,0 42.702992,16.232578,0 42.731503,16.184804,0 42.760022,16.137016,0 42.788465,16.089356,0</coordinates>
      </LineString>
    </Placemark>
    <Placemark>
      <name>Fault Line 193</name>
      <LineString>
        <coordinates>42.880826,17.272037,0 42.882146,17.211328,0 42.883465,17.150648,0 42.884765,17.089966,0 42.885726,17.029271,0 42.886689,16.968575,0 42.887711,16.90788,0 42.888954,16.847192,0 42.890927,16.786538,0 42.897638,16.726514,0 42.906104,16.666896,0 42.916757,16.607927,0 42.926637,16.548698,0 42.936169,16.489355,0 42.945702,16.430002,0 42.955797,16.370813,0 42.966007,16.311652,0 42.976218,16.252481,0 42.981653,16.192132,0 42.984905,16.131488,0 42.988157,16.070841,0</coordinates>
      </LineString>
    </Placemark>
    <Placemark>
      <name>Fault Line 194</name>
      <LineString>
        <coordinates>43.373249,16.197779,0 43.390067,16.140442,0 43.407143,16.08323,0 43.42472,16.026288,0 43.442856,15.969664,0 43.462757,15.914158,0 43.483052,15.858904,0 43.504982,15.804831,0 43.526917,15.750743,0 43.548859,15.69664,0 43.572652,15.644025,0 43.597215,15.592068,0 43.621785,15.540097,0 43.646151,15.487922,0 43.670329,15.43556,0 43.694514,15.383184,0 43.719839,15.331827,0 43.745892,15.28115,0 43.771952,15.230457,0 43.801565,15.183631,0 43.835207,15.142336,0 43.868857,15.101031,0 43.901606,15.058331,0 43.933392,15.014224,0 43.970137,14.978283,0 44.006275,14.941153,0 44.040124,14.900041,0 44.074874,14.860388,0 44.11246,14.826086,0 44.150574,14.792907,0 44.19374,14.775471,0 44.236908,14.758034,0 44.280079,14.740596,0</coordinates>
      </LineString>
    </Placemark>
    <Placemark>
      <name>Fault Line 195</name>
      <LineString>
        <coordinates>42.939862,17.961619,0 42.95998,17.906934,0 42.98015,17.852261,0 43.000873,17.797959,0 43.021602,17.743643,0 43.042466,17.689404,0 43.064238,17.635818,0 43.086078,17.582265,0 43.107976,17.528738,0 43.132011,17.47694,0 43.15964,17.428601,0 43.187235,17.380203,0 43.214622,17.331565,0 43.24247,17.2834,0 43.27146,17.236498,0 43.300458,17.189583,0 43.329464,17.142656,0</coordinates>
      </LineString>
    </Placemark>
    <Placemark>
      <name>Fault Line 196</name>
      <LineString>
        <coordinates>41.955472,17.136485,0 41.969347,17.080216,0 41.983241,17.023868,0 41.997138,16.967509,0 42.013325,16.912255,0 42.032626,16.858826,0 42.052713,16.805908,0 42.075073,16.754653,0 42.097867,16.703727,0 42.1223,16.654184,0 42.146739,16.604627,0 42.171638,16.555469,0 42.196685,16.506429,0 42.221876,16.457503,0 42.247236,16.408717,0 42.272235,16.359573,0 42.296714,16.309934,0 42.322166,16.261178,0 42.350295,16.215172,0 42.379491,16.170377,0 42.414284,16.133606,0 42.449177,16.096991,0</coordinates>
      </LineString>
    </Placemark>
    <Placemark>
      <name>Fault Line 197</name>
      <LineString>
        <coordinates>43.663157,16.786187,0 43.693606,16.739544,0 43.7255,16.694761,0 43.758069,16.650893,0 43.790176,16.606351,0 43.822292,16.561796,0 43.854416,16.51723,0 43.887143,16.473492,0 43.920242,16.430273,0 43.953388,16.387099,0 43.986798,16.344297,0 44.021921,16.304206,0 44.056889,16.26383,0 44.091031,16.222083,0 44.124734,16.179625,0 44.158215,16.136806,0</coordinates>
      </LineString>
    </Placemark>
    <Placemark>
      <name>Fault Line 198</name>
      <LineString>
        <coordinates>43.431876,16.814312,0 43.440986,16.754012,0 43.450103,16.693666,0 43.45929,16.633331,0 43.468811,16.573085,0 43.478333,16.51283,0 43.489195,16.452995,0 43.503126,16.394369,0 43.517061,16.335732,0 43.531068,16.277114,0 43.547096,16.219474,0 43.563128,16.16182,0 43.580582,16.104943,0 43.601447,16.050282,0 43.622318,15.995607,0 43.647462,15.944458,0 43.673126,15.89378,0 43.699588,15.843872,0 43.726953,15.794883,0 43.754326,15.74588,0 43.783759,15.699199,0 43.814559,15.654218,0 43.844158,15.607692,0 43.873765,15.561153,0 43.903968,15.515334,0 43.934361,15.469733,0 43.965322,15.42485,0 43.999317,15.384403,0 44.033483,15.344212,0 44.067879,15.304379,0 44.101153,15.262716,0 44.132073,15.217653,0 44.163888,15.173793,0 44.200777,15.138465,0 44.237674,15.10313,0</coordinates>
      </LineString>
    </Placemark>
    <Placemark>
      <name>Fault Line 199</name>
      <LineString>
        <coordinates>43.734598,16.354446,0 43.757819,16.302659,0 43.781077,16.250788,0 43.808063,16.202485,0 43.835127,16.154243,0 43.863192,16.107092,0 43.892256,16.061096,0 43.921569,16.015384,0 43.95089,15.969659,0 43.979267,15.922774,0 44.003455,15.871536,0 44.02765,15.820283,0 44.054172,15.771283,0 44.082447,15.724199,0 44.110738,15.67711,0 44.141651,15.633313,0 44.177573,15.597678,0 44.213047,15.56116,0 44.248355,15.524307,0</coordinates>
      </LineString>
    </Placemark>
    <Placemark>
      <name>Fault Line 200</name>
      <LineString>
        <coordinates>42.562962,15.884817,0 42.552766,15.825095,0 42.547001,15.764951,0 42.541237,15.704812,0 42.548282,15.644923,0 42.5554,15.585044,0 42.562519,15.525158,0 42.58303,15.471256,0 42.604361,15.417926,0 42.625697,15.364581,0 42.647039,15.311222,0 42.672189,15.261002,0 42.697522,15.210933,0 42.722861,15.16085,0 42.754806,15.118316,0 42.789474,15.079915,0 42.824695,15.042438,0 42.861638,15.00816,0 42.898588,14.973875,0 42.936245,14.941036,0 42.974005,14.908399,0 43.011772,14.875756,0 43.049545,14.843107,0</coordinates>
      </LineString>
    </Placemark>
    <Placemark>
      <name>Fault Line 201</name>
      <LineString>
        <coordinates>43.551783,16.726834,0 43.573723,16.672354,0 43.589467,16.613648,0 43.599871,16.552704,0 43.610277,16.49175,0 43.623945,16.432026,0 43.638649,16.372757,0 43.651695,16.31274,0 43.664089,16.252446,0 43.676485,16.19214,0 43.692586,16.133518,0 43.715563,16.079439,0 43.740298,16.026841,0 43.768211,15.977362,0 43.798515,15.930634,0 43.831194,15.887062,0 43.863541,15.842996,0 43.894605,15.797162,0 43.925677,15.751315,0 43.957077,15.705877,0 43.988653,15.66065,0 44.020237,15.61541,0 44.051484,15.569697,0 44.082675,15.523887,0 44.113185,15.477172,0 44.14255,15.42903,0 44.171923,15.380874,0 44.20342,15.335374,0 44.235505,15.290657,0 44.266615,15.244595,0 44.297907,15.19875,0 44.333113,15.158801,0 44.371291,15.124579,0 44.413658,15.101948,0</coordinates>
      </LineString>
    </Placemark>
    <Placemark>
      <name>Fault Line 202</name>
      <LineString>
        <coordinates>42.265763,18.824196,0 42.299142,18.783889,0 42.330849,18.741018,0 42.359779,18.694674,0 42.386651,18.646093,0 42.408145,18.592814,0 42.429645,18.53952,0 42.454246,18.488727,0 42.479833,18.438817,0 42.508184,18.391712,0 42.534674,18.342633,0 42.559568,18.292018,0 42.588967,18.246049,0 42.618206,18.199872,0 42.642552,18.148699,0 42.665605,18.096412,0 42.689116,18.044485,0 42.715486,17.995142,0 42.742394,17.94632,0 42.770385,17.898619,0 42.799027,17.85162,0 42.828785,17.805905,0 42.857684,17.759154,0 42.885018,17.710663,0 42.908997,17.658949,0 42.93198,17.606379,0 42.956637,17.555224,0 42.980722,17.503543,0 43.004657,17.451711,0 43.031643,17.402738,0 43.058637,17.353752,0</coordinates>
      </LineString>
    </Placemark>
    <Placemark>
      <name>Fault Line 203</name>
      <LineString>
        <coordinates>43.084536,16.147005,0 43.094156,16.085974,0 43.106721,16.026007,0 43.12732,15.970349,0 43.153189,15.918967,0 43.183195,15.871977,0 43.219637,15.834484,0 43.255658,15.796212,0 43.291513,15.757622,0 43.333863,15.734569,0</coordinates>
      </LineString>
    </Placemark>
    <Placemark>
      <name>Fault Line 204</name>
      <LineString>
        <coordinates>42.857453,16.043524,0 42.871639,15.984628,0 42.885828,15.925719,0 42.902651,15.868101,0 42.922335,15.812181,0 42.942025,15.756247,0 42.958944,15.698628,0 42.975207,15.640642,0 42.993058,15.58352,0 43.013273,15.527873,0 43.033494,15.472211,0 43.052976,15.41604,0 43.072047,15.359588,0 43.088215,15.301446,0 43.103223,15.24271,0 43.119706,15.184705,0 43.137894,15.127648,0 43.156086,15.070577,0 43.177658,15.015745,0 43.199776,14.961302,0 43.221267,14.90637,0 43.237293,14.848013,0 43.25018,14.788152,0</coordinates>
      </LineString>
    </Placemark>
    <Placemark>
      <name>Fault Line 205</name>
      <LineString>
        <coordinates>43.297908,14.766253,0 43.330386,14.723415,0 43.362846,14.680527,0 43.394671,14.636723,0 43.426505,14.592908,0 43.459175,14.550255,0 43.492068,14.507904,0 43.524816,14.465319,0 43.557201,14.422184,0 43.589594,14.379038,0 43.623637,14.338362,0 43.658199,14.298506,0 43.692769,14.25864,0 43.728193,14.220212,0 43.763701,14.181909,0 43.799268,14.14369,0 43.835127,14.105976,0 43.870994,14.068253,0 43.90642,14.029713,0 43.940745,13.989279,0 43.975078,13.948835,0 44.009771,13.908965,0 44.045847,13.871519,0 44.081931,13.834065,0 44.117367,13.795405,0 44.152586,13.756344,0 44.188346,13.718224,0 44.2247,13.681189,0 44.261061,13.644145,0 44.29743,13.607093,0 44.335022,13.572484,0 44.374416,13.542017,0 44.413816,13.511544,0</coordinates>
      </LineString>
    </Placemark>
    <Placemark>
      <name>Fault Line 206</name>
      <LineString>
        <coordinates>44.381368,11.581817,0 44.358126,11.63794,0 44.338401,11.696617,0 44.322026,11.757256,0 44.307141,11.818625,0 44.291875,11.879795,0 44.269797,11.936743,0 44.239914,11.986239,0 44.207161,12.032035,0 44.174417,12.077817,0 44.141629,12.123661,0</coordinates>
      </LineString>
    </Placemark>
    <Placemark>
      <name>Fault Line 207</name>
      <LineString>
        <coordinates>45.423709,10.360387,0 45.411371,10.299596,0 45.411435,10.236322,0 45.414839,10.173233,0 45.416368,10.10999,0 45.413353,10.046858,0 45.409092,9.983877,0 45.400923,9.92169,0 45.395054,9.858986,0 45.393942,9.795752,0 45.399257,9.732949,0 45.412207,9.672429,0 45.425794,9.61218,0 45.443163,9.553919,0 45.475603,9.510657,0 45.51591,9.484028,0 45.558163,9.463947,0</coordinates>
      </LineString>
    </Placemark>
    <Placemark>
      <name>Fault Line 208</name>
      <LineString>
        <coordinates>41.709536,15.567158,0 41.706456,15.504483,0 41.703375,15.441811,0 41.700418,15.379132,0 41.697522,15.31645,0 41.694626,15.253771,0 41.69173,15.191095,0 41.688834,15.128422,0 41.685939,15.065752,0 41.681311,15.003272,0 41.678234,14.940624,0 41.67739,14.877851,0 41.678244,14.815078,0 41.678017,14.752326,0</coordinates>
      </LineString>
    </Placemark>
    <Placemark>
      <name>Fault Line 209</name>
      <LineString>
        <coordinates>37.877322,-1.321885,0 37.897175,-1.279247,0 37.909152,-1.232314,0 37.919657,-1.184811,0 37.931805,-1.137934,0</coordinates>
      </LineString>
    </Placemark>
    <Placemark>
      <name>Fault Line 210</name>
      <LineString>
        <coordinates>41.270183,16.521918,0 41.270283,16.463116,0 41.270383,16.404316,0 41.270484,16.345516,0 41.270585,16.286716,0 41.270685,16.227916,0 41.270785,16.169116,0 41.270885,16.110316,0 41.270985,16.051515,0 41.271086,15.992714,0 41.271186,15.933913,0 41.271287,15.875112,0 41.271387,15.816311,0 41.271487,15.75751,0 41.271587,15.698709,0 41.271687,15.639908,0 41.271788,15.581107,0 41.271889,15.522306,0 41.271989,15.463505,0 41.272089,15.404703,0</coordinates>
      </LineString>
    </Placemark>
    <Placemark>
      <name>Fault Line 211</name>
      <LineString>
        <coordinates>40.69561,15.577227,0 40.692918,15.635539,0 40.690226,15.693849,0 40.687534,15.752157,0 40.684843,15.810463,0 40.682152,15.868767,0 40.67946,15.927068,0 40.676769,15.985367,0 40.674077,16.043663,0 40.671386,16.101957,0 40.668695,16.160249,0 40.666004,16.218538,0 40.663313,16.276825,0 40.660622,16.33511,0 40.657932,16.393392,0 40.655242,16.451672,0 40.652551,16.50995,0 40.649861,16.568225,0 40.64717,16.626498,0 40.64448,16.684769,0 40.64179,16.743037,0 40.6391,16.801303,0 40.636411,16.859567,0 40.633721,16.917828,0 40.631032,16.976087,0 40.628343,17.034344,0 40.625653,17.0926,0</coordinates>
      </LineString>
    </Placemark>
    <Placemark>
      <name>Fault Line 212</name>
      <LineString>
        <coordinates>37.068041,14.221261,0 37.066123,14.165199,0 37.064206,14.109171,0 37.062288,14.053145,0 37.060371,13.99712,0 37.058454,13.941096,0 37.064943,13.885612,0 37.078198,13.832044,0 37.091455,13.778467,0 37.104714,13.724882,0 37.124786,13.674727,0 37.147564,13.626411,0 37.170347,13.578084,0 37.193135,13.529747,0 37.215928,13.481398,0 37.243139,13.436782,0 37.275388,13.397801,0 37.307644,13.358813,0 37.339906,13.319817,0 37.37302,13.281951,0 37.406643,13.244786,0 37.44075,13.208311,0 37.477104,13.175439,0 37.513464,13.142562,0</coordinates>
      </LineString>
    </Placemark>
    <Placemark>
      <name>Fault Line 213</name>
      <LineString>
        <coordinates>45.821047,12.017185,0 45.799374,11.958486,0 45.777709,11.899804,0 45.756049,11.841141,0 45.740621,11.778583,0 45.732184,11.713358,0 45.711579,11.653969,0 45.690979,11.594598,0 45.670385,11.535244,0 45.650152,11.476929,0</coordinates>
      </LineString>
    </Placemark>
    <Placemark>
      <name>Fault Line 214</name>
      <LineString>
        <coordinates>43.750843,13.280403,0 43.735337,13.339926,0 43.715523,13.396938,0 43.691713,13.450923,0 43.665409,13.502625,0 43.634677,13.549402,0 43.601395,13.592695,0 43.565761,13.632235,0 43.526311,13.664108,0 43.485755,13.693198,0 43.444158,13.719331,0 43.401913,13.743391,0 43.358775,13.76422,0 43.31414,13.777815,0</coordinates>
      </LineString>
    </Placemark>
    <Placemark>
      <name>Fault Line 215</name>
      <LineString>
        <coordinates>44.995277,10.043031,0 44.9667,10.094978,0 44.938132,10.146908,0 44.909573,10.198822,0 44.880266,10.249873,0 44.850908,10.300838,0 44.821828,10.352093,0 44.795438,10.406139,0 44.769056,10.460168,0 44.742682,10.51418,0 44.716312,10.568185,0</coordinates>
      </LineString>
    </Placemark>
    <Placemark>
      <name>Fault Line 216</name>
      <LineString>
        <coordinates>45.483012,10.319751,0 45.485111,10.257153,0 45.490466,10.194997,0 45.498216,10.13335,0 45.505052,10.071475,0 45.512271,10.009683,0 45.521515,9.948433,0 45.534952,9.888773,0 45.549298,9.82953,0 45.564874,9.770909,0 45.580987,9.71257,0 45.597104,9.654216,0 45.61128,9.594824,0 45.624964,9.535183,0 45.63865,9.475528,0 45.649791,9.414787,0 45.662625,9.354718,0</coordinates>
      </LineString>
    </Placemark>
    <Placemark>
      <name>Fault Line 217</name>
      <LineString>
        <coordinates>44.453236,11.867883,0 44.442764,11.927695,0 44.425392,11.984124,0 44.395083,12.028541,0 44.366935,12.07564,0 44.346124,12.129667,0 44.3201,12.179057,0 44.28448,12.21486,0 44.246519,12.245593,0</coordinates>
      </LineString>
    </Placemark>
    <Placemark>
      <name>Fault Line 218</name>
      <LineString>
        <coordinates>44.744756,11.522629,0 44.749557,11.58638,0 44.752501,11.650358,0 44.746987,11.713999,0 44.741473,11.777634,0 44.733147,11.84065,0 44.721587,11.902636,0 44.70657,11.963122,0 44.689133,12.022291,0 44.668804,12.079586,0 44.64197,12.131296,0 44.607882,12.173704,0 44.570288,12.209771,0 44.532701,12.24583,0 44.495122,12.281881,0 44.457635,12.317845,0</coordinates>
      </LineString>
    </Placemark>
    <Placemark>
      <name>Fault Line 219</name>
      <LineString>
        <coordinates>42.554168,13.156327,0 42.524243,13.202172,0 42.494326,13.248005,0 42.464558,13.293995,0 42.434811,13.339989,0 42.406026,13.387071,0 42.377406,13.434315,0 42.347947,13.480584,0 42.31736,13.525469,0 42.285002,13.568002,0 42.252248,13.609953,0 42.219278,13.651575,0 42.186316,13.693188,0 42.153194,13.734545,0 42.120037,13.775829,0 42.086678,13.816794,0 42.051071,13.854145,0 42.015463,13.891474,0 41.97823,13.925789,0 41.941004,13.960097,0 41.903785,13.994399,0 41.866573,14.028694,0 41.828998,14.062248,0 41.791375,14.095688,0</coordinates>
      </LineString>
    </Placemark>
    <Placemark>
      <name>Fault Line 220</name>
      <LineString>
        <coordinates>43.275167,12.736062,0 43.237248,12.767374,0 43.200133,12.80036,0 43.163025,12.833341,0 43.125903,12.866273,0 43.088546,12.898679,0 43.051195,12.931079,0 43.013851,12.963474,0 42.976513,12.995862,0 42.939182,13.028245,0 42.901368,13.059547,0 42.8634,13.090481,0 42.82272,13.114124,0 42.781626,13.136378,0 42.74024,13.157588,0 42.698857,13.178796,0 42.657478,13.200002,0 42.616102,13.221206,0</coordinates>
      </LineString>
    </Placemark>
    <Placemark>
      <name>Fault Line 221</name>
      <LineString>
        <coordinates>37.931805,-1.137934,0 37.950256,-1.09495,0 37.973312,-1.055561,0 37.999722,-1.019707,0</coordinates>
      </LineString>
    </Placemark>
    <Placemark>
      <name>Fault Line 222</name>
      <LineString>
        <coordinates>38.366264,11.56555,0 38.385574,11.617166,0 38.404877,11.668764,0 38.422802,11.721179,0 38.439514,11.774257,0 38.455966,11.827478,0 38.470861,11.881453,0 38.485759,11.935438,0 38.500897,11.989325,0 38.517523,12.042504,0 38.534152,12.095693,0 38.550785,12.148893,0 38.562928,12.204053,0 38.574167,12.259534,0 38.585408,12.315023,0 38.596438,12.37059,0 38.605596,12.42672,0 38.614755,12.482856,0 38.623914,12.538999,0 38.633075,12.595149,0 38.642128,12.651334,0 38.651094,12.707549,0 38.660061,12.76377,0 38.668612,12.820107,0 38.676081,12.8767,0 38.683551,12.933299,0 38.690926,12.989924,0 38.695152,13.047081,0 38.699377,13.104241,0 38.703603,13.161405,0 38.70613,13.218736,0 38.707953,13.276112,0 38.709776,13.333489,0 38.710866,13.390898,0 38.70959,13.448301,0 38.708315,13.505703,0 38.708573,13.563127,0 38.711224,13.620453,0 38.713875,13.677781,0 38.71657,13.735107,0 38.720875,13.792274,0 38.725181,13.849445,0 38.729487,13.906619,0 38.732207,13.963956,0 38.734428,14.021331,0 38.736649,14.078708,0 38.738871,14.136087,0 38.737014,14.193487,0 38.734388,14.250835,0 38.731762,14.308181,0 38.728128,14.365434,0 38.723195,14.422524,0 38.718264,14.47961,0 38.712538,14.53657,0 38.706363,14.593449,0 38.700188,14.650324,0</coordinates>
      </LineString>
    </Placemark>
    <Placemark>
      <name>Fault Line 223</name>
      <LineString>
        <coordinates>36.677436,14.65614,0 36.722567,14.669619,0 36.767699,14.683099,0 36.812833,14.696579,0 36.857968,14.710059,0 36.903104,14.72354,0 36.946184,14.745125,0 36.988505,14.768957,0 37.030829,14.792792,0 37.073206,14.816656,0</coordinates>
      </LineString>
    </Placemark>
    <Placemark>
      <name>Fault Line 224</name>
      <LineString>
        <coordinates>44.92087,8.985882,0 44.954675,9.031387,0 44.988726,9.076553,0 45.027435,9.113496,0 45.066152,9.150446,0 45.101716,9.193302,0 45.133897,9.241165,0</coordinates>
      </LineString>
    </Placemark>
    <Placemark>
      <name>Fault Line 225</name>
      <LineString>
        <coordinates>39.487893,17.212587,0 39.443751,17.22998,0 39.399611,17.247373,0 39.355473,17.264765,0 39.311337,17.282155,0 39.265283,17.285757,0 39.219146,17.285262,0 39.173009,17.284767,0 39.126872,17.284271,0 39.080735,17.283776,0 39.034598,17.283281,0 38.98903,17.273963,0 38.944838,17.256911,0 38.900648,17.23986,0 38.85646,17.22281,0 38.812274,17.205761,0 38.768121,17.188724,0</coordinates>
      </LineString>
    </Placemark>
    <Placemark>
      <name>Fault Line 226</name>
      <LineString>
        <coordinates>43.429203,13.429753,0 43.393249,13.465942,0 43.357303,13.502123,0 43.317282,13.529002,0 43.275223,13.549138,0 43.233953,13.572136,0 43.192935,13.595956,0 43.151921,13.619772,0 43.108617,13.634041,0 43.064473,13.642144,0 43.021491,13.658121,0 42.983868,13.690715,0 42.948658,13.727991,0 42.910198,13.75867,0 42.868778,13.781016,0 42.827099,13.802434,0 42.785424,13.82385,0 42.742909,13.841929,0 42.700012,13.858239,0 42.656992,13.873933,0 42.615113,13.894544,0 42.571373,13.905954,0 42.527089,13.908617,0</coordinates>
      </LineString>
    </Placemark>
    <Placemark>
      <name>Fault Line 227</name>
      <LineString>
        <coordinates>37.760701,13.067571,0 37.746554,13.01621,0 37.732321,12.964897,0 37.72124,12.912363,0 37.711814,12.859324,0 37.703463,12.806003,0 37.692042,12.753607,0 37.680553,12.701244,0 37.666946,12.64971,0</coordinates>
      </LineString>
    </Placemark>
    <Placemark>
      <name>Fault Line 228</name>
      <LineString>
        <coordinates>44.120595,8.750998,0 44.08713,8.709742,0 44.049507,8.676164,0 44.009454,8.648579,0 43.96867,8.623166,0 43.927739,8.598233,0 43.886812,8.573302,0 43.849989,8.538166,0 43.827323,8.484761,0 43.804742,8.431307,0 43.782402,8.377676,0 43.760069,8.32406,0 43.740349,8.268535,0 43.721296,8.212584,0 43.702248,8.156647,0 43.683349,8.100629,0 43.664502,8.044597,0 43.64566,7.988579,0 43.626822,7.932576,0 43.607417,7.876963,0 43.587859,7.821469,0 43.568307,7.765989,0 43.54676,7.711955,0 43.524903,7.658178,0 43.503051,7.604415,0 43.480345,7.551351,0 43.457445,7.498464,0 43.434552,7.445592,0 43.4061,7.398137,0 43.376211,7.352406,0 43.34457,7.308986,0 43.311808,7.267191,0 43.279054,7.225406,0 43.251525,7.17705,0 43.224046,7.128501,0</coordinates>
      </LineString>
    </Placemark>
    <Placemark>
      <name>Fault Line 229</name>
      <LineString>
        <coordinates>44.85061,7.194259,0 44.86853,7.251829,0 44.886449,7.309395,0 44.904373,7.366976,0 44.924285,7.423258,0 44.946173,7.478077,0 44.971167,7.530201,0 44.996767,7.581757,0 45.022794,7.632907,0 45.052591,7.679784,0 45.084841,7.723311,0 45.115699,7.768843,0 45.145834,7.815359,0 45.175978,7.861888,0</coordinates>
      </LineString>
    </Placemark>
    <Placemark>
      <name>Fault Line 230</name>
      <LineString>
        <coordinates>42.414358,13.034012,0 42.383039,13.079559,0 42.351723,13.125103,0 42.320415,13.170635,0 42.289115,13.216154,0 42.257824,13.261662,0 42.226541,13.307157,0 42.195266,13.352639,0 42.164,13.39811,0 42.132742,13.443569,0 42.101493,13.489015,0 42.069717,13.53377,0 42.037219,13.577555,0 42.00473,13.621328,0 41.97225,13.665091,0 41.939778,13.708843,0 41.907314,13.752582,0 41.874859,13.79631,0 41.843946,13.841987,0 41.81398,13.888766,0 41.784022,13.935532,0 41.754072,13.982286,0 41.723024,14.027712,0 41.691816,14.072919,0</coordinates>
      </LineString>
    </Placemark>
    <Placemark>
      <name>Fault Line 231</name>
      <LineString>
        <coordinates>44.1496,10.030988,0 44.183102,9.991648,0 44.21661,9.9523,0 44.250375,9.91336,0 44.284161,9.874435,0 44.317955,9.835501,0 44.351757,9.796557,0 44.385567,9.757605,0 44.419389,9.718651,0 44.453221,9.679691,0 44.487212,9.640978,0 44.52127,9.602357,0</coordinates>
      </LineString>
    </Placemark>
    <Placemark>
      <name>Fault Line 232</name>
      <LineString>
        <coordinates>45.291496,11.275158,0 45.272406,11.218203,0 45.254901,11.160257,0 45.237751,11.102116,0 45.220604,11.04399,0 45.203462,10.985879,0 45.186325,10.927783,0 45.169233,10.869677,0 45.154792,10.810156,0 45.142037,10.749881,0 45.129286,10.689618,0</coordinates>
      </LineString>
    </Placemark>
    <Placemark>
      <name>Fault Line 233</name>
      <LineString>
        <coordinates>37.711821,15.388455,0 37.670459,15.365009,0 37.632866,15.33301,0 37.60065,15.292748,0 37.571361,15.249086,0 37.54642,15.201336,0 37.526394,15.150049,0 37.507728,15.097966,0 37.489124,15.045861,0 37.470566,14.993742,0 37.452012,14.941634,0 37.432414,14.89015,0 37.411883,14.839259,0 37.391356,14.788379,0 37.370834,14.73751,0 37.348628,14.687789,0 37.322766,14.640963,0 37.296911,14.594147,0 37.271061,14.547343,0 37.245218,14.500549,0 37.218243,14.454791,0 37.189688,14.410586,0 37.161139,14.366392,0 37.132597,14.322206,0 37.104061,14.278031,0 37.075559,14.23391,0</coordinates>
      </LineString>
    </Placemark>
    <Placemark>
      <name>Fault Line 234</name>
      <LineString>
        <coordinates>44.1619,12.634045,0 44.129502,12.682601,0 44.098598,12.732983,0 44.067334,12.782908,0 44.033317,12.829134,0</coordinates>
      </LineString>
    </Placemark>
    <Placemark>
      <name>Fault Line 235</name>
      <LineString>
        <coordinates>43.713957,13.580776,0 43.685937,13.636149,0 43.654229,13.687336,0 43.617017,13.730846,0 43.575766,13.766713,0 43.530646,13.792176,0 43.486488,13.82065,0</coordinates>
      </LineString>
    </Placemark>
    <Placemark>
      <name>Fault Line 236</name>
      <LineString>
        <coordinates>43.979274,12.766049,0 43.959101,12.820662,0 43.938933,12.87526,0 43.908917,12.920269,0 43.878271,12.964431,0 43.848027,13.0091,0 43.821047,13.0576,0 43.798589,13.110321,0 43.776162,13.163048,0 43.748328,13.210555,0 43.716483,13.252938,0 43.683484,13.29357,0 43.650492,13.334191,0 43.619897,13.378229,0 43.591884,13.425174,0</coordinates>
      </LineString>
    </Placemark>
    <Placemark>
      <name>Fault Line 237</name>
      <LineString>
        <coordinates>36.935412,14.715289,0 36.979298,14.71729,0 37.023184,14.719291,0 37.06707,14.721293,0 37.110956,14.723294,0 37.154842,14.725295,0 37.198728,14.727296,0 37.242614,14.729298,0 37.2865,14.731299,0 37.330387,14.7333,0</coordinates>
      </LineString>
    </Placemark>
    <Placemark>
      <name>Fault Line 238</name>
      <LineString>
        <coordinates>37.129388,14.839836,0 37.154581,14.889933,0 37.179779,14.940042,0 37.204984,14.990163,0 37.230195,15.040296,0 37.255411,15.090441,0 37.280634,15.140597,0</coordinates>
      </LineString>
    </Placemark>
    <Placemark>
      <name>Fault Line 239</name>
      <LineString>
        <coordinates>42.478125,13.045338,0 42.507051,12.998554,0 42.535985,12.951756,0 42.567289,12.907835,0 42.599883,12.86566,0 42.635258,12.827822,0 42.67271,12.793858,0 42.710165,12.759877,0 42.748704,12.728198,0 42.78725,12.696515,0 42.825802,12.664825,0 42.864361,12.63313,0 42.902926,12.60143,0 42.941498,12.569725,0 42.980076,12.538014,0 43.018661,12.506298,0 43.057252,12.474576,0 43.095849,12.442849,0 43.134453,12.411117,0 43.173063,12.37938,0 43.21168,12.347638,0 43.250303,12.31589,0 43.288932,12.284137,0 43.327568,12.252379,0 43.36621,12.220616,0 43.404859,12.188848,0 43.439021,12.148479,0 43.471651,12.105752,0 43.504289,12.063015,0 43.536936,12.020267,0 43.564131,11.970765,0 43.581055,11.913184,0 43.597983,11.855589,0 43.614915,11.79798,0 43.649477,11.758121,0 43.685542,11.720871,0 43.721615,11.683614,0 43.757696,11.646349,0 43.793784,11.609076,0 43.82988,11.571795,0 43.865984,11.534505,0 43.893766,11.485358,0 43.915177,11.430394,0 43.936593,11.375415,0 43.958016,11.320421,0 43.979444,11.265411,0 44.000514,11.210113,0 44.020865,11.153961,0</coordinates>
      </LineString>
    </Placemark>
    <Placemark>
      <name>Fault Line 240</name>
      <LineString>
        <coordinates>44.191686,12.394104,0 44.161677,12.438738,0 44.131678,12.483357,0 44.101687,12.527963,0 44.071704,12.572557,0 44.041729,12.617139,0 44.011763,12.66171,0 43.981804,12.706269,0</coordinates>
      </LineString>
    </Placemark>
    <Placemark>
      <name>Fault Line 241</name>
      <LineString>
        <coordinates>42.429473,13.436513,0 42.401491,13.484388,0 42.373514,13.532252,0 42.345545,13.580104,0 42.317584,13.627943,0 42.28963,13.675768,0 42.261684,13.723581,0 42.230067,13.766997,0 42.198145,13.809984,0 42.166232,13.852961,0 42.134326,13.895927,0 42.102429,13.938882,0 42.070539,13.981826,0 42.038657,14.02476,0</coordinates>
      </LineString>
    </Placemark>
    <Placemark>
      <name>Fault Line 242</name>
      <LineString>
        <coordinates>43.623121,12.095656,0 43.591879,12.142537,0 43.560647,12.189404,0 43.529424,12.236258,0 43.498209,12.283098,0</coordinates>
      </LineString>
    </Placemark>
    <Placemark>
      <name>Fault Line 243</name>
      <LineString>
        <coordinates>38.467531,14.839952,0 38.437388,14.883119,0 38.406373,14.925248,0 38.373879,14.965503,0 38.342051,15.006595,0 38.31203,15.049824,0 38.282769,15.093874,0 38.252489,15.136776,0 38.221286,15.17857,0 38.191279,15.221742,0</coordinates>
      </LineString>
    </Placemark>
    <Placemark>
      <name>Fault Line 244</name>
      <LineString>
        <coordinates>44.028121,12.876758,0 44.020406,12.938589,0 44.008987,12.999534,0 43.9883,13.055546,0 43.962229,13.107014,0 43.925127,13.143098,0 43.88661,13.176175,0 43.849298,13.211791,0 43.811061,13.245444,0 43.775328,13.284004,0</coordinates>
      </LineString>
    </Placemark>
    <Placemark>
      <name>Fault Line 245</name>
      <LineString>
        <coordinates>38.03397,-0.98276,0 38.045641,-0.918413,0 38.048025,-0.852476,0</coordinates>
      </LineString>
    </Placemark>
    <Placemark>
      <name>Fault Line 246</name>
      <LineString>
        <coordinates>45.134877,9.249097,0 45.16766,9.290292,0 45.19999,9.332225,0 45.218573,9.388529,0 45.219421,9.450704,0 45.217181,9.512809,0 45.212849,9.574686,0 45.206393,9.636182,0 45.199938,9.697672,0 45.183,9.754993,0 45.165016,9.811652,0 45.146548,9.86798,0 45.128083,9.924292,0 45.109624,9.980589,0 45.091039,10.037269,0</coordinates>
      </LineString>
    </Placemark>
    <Placemark>
      <name>Fault Line 247</name>
      <LineString>
        <coordinates>44.978787,9.728034,0 44.959408,9.782787,0 44.940034,9.837525,0 44.920665,9.892248,0 44.891565,9.937547,0 44.858636,9.977255,0 44.825716,10.016956,0 44.792257,10.055727,0 44.75519,10.087295,0 44.718129,10.118857,0 44.68116,10.150341,0</coordinates>
      </LineString>
    </Placemark>
    <Placemark>
      <name>Fault Line 248</name>
      <LineString>
        <coordinates>44.685912,10.190075,0 44.681806,10.25139,0 44.677699,10.3127,0 44.669713,10.373242,0 44.653072,10.430186,0 44.636436,10.487116,0 44.62024,10.54428,0 44.604969,10.601929,0 44.589702,10.659565,0 44.572483,10.71609,0 44.552182,10.770543,0 44.534382,10.826677,0 44.516862,10.883064,0</coordinates>
      </LineString>
    </Placemark>
    <Placemark>
      <name>Fault Line 249</name>
      <LineString>
        <coordinates>44.515242,10.914507,0 44.514688,10.978322,0 44.514134,11.042136,0 44.51358,11.10595,0 44.511394,11.169693,0 44.508785,11.233403,0 44.506176,11.29711,0 44.500066,11.360339,0 44.480785,11.418125,0 44.458689,11.473875,0 44.430756,11.524198,0 44.40299,11.57422,0</coordinates>
      </LineString>
    </Placemark>
    <Placemark>
      <name>Fault Line 250</name>
      <LineString>
        <coordinates>46.085982,11.070047,0 46.047148,11.040172,0 46.009658,11.006949,0 45.97196,10.974238,0 45.934269,10.941532,0 45.896584,10.908833,0 45.856989,10.881204,0 45.819095,10.849056,0 45.781548,10.816103,0 45.743757,10.783748,0 45.705328,10.752995,0 45.668587,10.718293,0 45.63297,10.681286,0 45.599486,10.640436,0 45.566011,10.599596,0 45.536897,10.55245,0 45.51085,10.501802,0 45.490848,10.445855,0 45.483772,10.383883,0 45.482878,10.321137,0</coordinates>
      </LineString>
    </Placemark>
    <Placemark>
      <name>Fault Line 251</name>
      <LineString>
        <coordinates>44.803319,10.539997,0 44.817174,10.597317,0 44.825677,10.656671,0 44.822259,10.717034,0 44.808728,10.774497,0 44.793718,10.831211,0</coordinates>
      </LineString>
    </Placemark>
    <Placemark>
      <name>Fault Line 252</name>
      <LineString>
        <coordinates>45.01156,11.086554,0 44.998706,11.146522,0 44.985912,11.206213,0 44.97312,11.265892,0 44.960331,11.325558,0 44.947545,11.385212,0 44.94946,11.447477,0 44.952924,11.509611,0 44.946653,11.571303,0 44.928495,11.62809,0 44.910342,11.684862,0 44.892194,11.741619,0 44.87405,11.798362,0 44.855911,11.85509,0 44.837777,11.911803,0 44.819647,11.968501,0</coordinates>
      </LineString>
    </Placemark>
    <Placemark>
      <name>Fault Line 253</name>
      <LineString>
        <coordinates>44.863667,10.752544,0 44.892215,10.803113,0 44.90922,10.863174,0 44.919019,10.926373,0 44.919028,10.991077,0 44.904289,11.052332,0 44.884364,11.11057,0 44.866115,11.169872,0 44.847629,11.22901,0 44.82697,11.28668,0 44.809117,11.346164,0 44.794774,11.407489,0 44.780689,11.468918,0 44.766339,11.530287,0</coordinates>
      </LineString>
    </Placemark>
    <Placemark>
      <name>Fault Line 254</name>
      <LineString>
        <coordinates>42.959072,14.884643,0 42.934417,14.94004,0 42.892527,14.970494,0 42.851823,15.00379,0 42.81302,15.041049,0 42.776184,15.081827,0 42.736406,15.11708,0 42.692019,15.139931,0 42.64458,15.13818,0 42.59744,15.130745,0 42.550938,15.119127,0</coordinates>
      </LineString>
    </Placemark>
    <Placemark>
      <name>Fault Line 255</name>
      <LineString>
        <coordinates>43.415878,12.440055,0 43.383543,12.490359,0 43.35122,12.540648,0 43.318905,12.59092,0 43.286601,12.641178,0 43.254306,12.691421,0</coordinates>
      </LineString>
    </Placemark>
    <Placemark>
      <name>Fault Line 256</name>
      <LineString>
        <coordinates>41.198615,15.244018,0 41.204372,15.184539,0 41.210129,15.125056,0 41.215888,15.065569,0 41.221646,15.006076,0 41.227405,14.946579,0 41.233164,14.887076,0 41.238924,14.827568,0</coordinates>
      </LineString>
    </Placemark>
    <Placemark>
      <name>Fault Line 257</name>
      <LineString>
        <coordinates>41.689311,16.093386,0 41.698322,16.037063,0 41.706025,15.980387,0 41.709912,15.92301,0 41.706972,15.86553,0 41.704033,15.808053,0 41.700622,15.750627,0 41.70037,15.693022,0 41.703746,15.635593,0 41.707125,15.578103,0</coordinates>
      </LineString>
    </Placemark>
    <Placemark>
      <name>Fault Line 258</name>
      <LineString>
        <coordinates>41.633931,14.740184,0 41.633517,14.682789,0 41.633103,14.625394,0 41.632689,14.567999,0 41.632276,14.510605,0 41.631862,14.453211,0 41.631448,14.395817,0 41.631034,14.338424,0 41.63062,14.281032,0</coordinates>
      </LineString>
    </Placemark>
    <Placemark>
      <name>Fault Line 259</name>
      <LineString>
        <coordinates>42.222605,13.806227,0 42.224549,13.866709,0 42.2258,13.927226,0 42.225981,13.987767,0 42.223255,14.048194,0 42.217953,14.108306,0 42.212651,14.168413,0 42.207516,14.228541,0 42.202429,14.288671,0 42.197342,14.348796,0 42.193376,14.409072,0 42.189753,14.469382,0 42.18613,14.529689,0 42.182423,14.589983,0 42.178692,14.650272,0 42.174807,14.71054,0 42.170946,14.770807,0 42.167132,14.831076,0 42.163318,14.891341,0 42.159504,14.951602,0 42.15569,15.01186,0 42.151876,15.072114,0 42.148294,15.13239,0 42.144847,15.192676,0 42.141326,15.252951,0 42.137831,15.313225,0 42.134631,15.373527,0 42.131431,15.433826,0 42.128246,15.494124,0 42.125114,15.554424,0 42.121983,15.614722,0 42.118851,15.675022,0</coordinates>
      </LineString>
    </Placemark>
    <Placemark>
      <name>Fault Line 260</name>
      <LineString>
        <coordinates>46.149167,12.680736,0 46.112421,12.641269,0 46.076375,12.600352,0 46.040426,12.559287,0 46.00639,12.514991,0 45.972706,12.47017,0 45.939031,12.425361,0 45.905366,12.380564,0 45.87171,12.33578,0 45.844297,12.282965,0 45.822594,12.224959,0 45.800898,12.166971,0 45.779209,12.109,0 45.757526,12.051046,0</coordinates>
      </LineString>
    </Placemark>
    <Placemark>
      <name>Fault Line 261</name>
      <LineString>
        <coordinates>46.208223,13.400268,0 46.220538,13.333081,0 46.229815,13.264869,0 46.235575,13.195842,0 46.240658,13.126697,0 46.245741,13.057566,0</coordinates>
      </LineString>
    </Placemark>
    <Placemark>
      <name>Fault Line 262</name>
      <LineString>
        <coordinates>46.194763,12.99855,0 46.177655,12.941826,0 46.160569,12.885175,0 46.1494,12.82554,0 46.143829,12.764301,0 46.145269,12.702572,0</coordinates>
      </LineString>
    </Placemark>
    <Placemark>
      <name>Fault Line 263</name>
      <LineString>
        <coordinates>46.27811,13.42402,0 46.278542,13.355772,0 46.280528,13.287272,0 46.284605,13.21896,0 46.283552,13.15041,0 46.27556,13.082831,0 46.272512,13.014419,0 46.270015,12.945962,0 46.267518,12.877507,0 46.265021,12.809057,0 46.262524,12.740609,0</coordinates>
      </LineString>
    </Placemark>
    <Placemark>
      <name>Fault Line 264</name>
      <LineString>
        <coordinates>45.907388,13.412807,0 45.922669,13.347799,0 45.944475,13.287137,0 45.967157,13.227119,0 45.994949,13.171698,0 46.024492,13.118159,0 46.063944,13.080065,0</coordinates>
      </LineString>
    </Placemark>
    <Placemark>
      <name>Fault Line 265</name>
      <LineString>
        <coordinates>46.109589,13.442121,0 46.12958,13.38184,0 46.149062,13.32119,0 46.162163,13.257052,0 46.175269,13.1929,0 46.188376,13.128734,0 46.201487,13.064555,0 46.214592,13.000403,0</coordinates>
      </LineString>
    </Placemark>
    <Placemark>
      <name>Fault Line 266</name>
      <LineString>
        <coordinates>46.543374,13.134538,0 46.502436,13.117474,0 46.47438,13.073115,0 46.441755,13.035948,0 46.405105,13.007788,0</coordinates>
      </LineString>
    </Placemark>
    <Placemark>
      <name>Fault Line 267</name>
      <LineString>
        <coordinates>41.688429,16.100047,0 41.681652,16.161165,0 41.675634,16.222419,0 41.670059,16.283745,0 41.664533,16.345073,0 41.660199,16.406567,0 41.656257,16.468105,0 41.653431,16.529748,0 41.650987,16.59142,0 41.649373,16.653139,0 41.648431,16.71488,0 41.647218,16.776611,0 41.645924,16.838338,0 41.645715,16.900088,0 41.645647,16.96184,0 41.645577,17.023595,0</coordinates>
      </LineString>
    </Placemark>
    <Placemark>
      <name>Fault Line 268</name>
      <LineString>
        <coordinates>46.213858,12.986114,0 46.208476,12.921711,0 46.203095,12.857326,0 46.196458,12.793195,0 46.178057,12.734065,0 46.151981,12.681323,0</coordinates>
      </LineString>
    </Placemark>
    <Placemark>
      <name>Fault Line 269</name>
      <LineString>
        <coordinates>45.44219,9.871985,0 45.458196,9.932961,0 45.469749,9.995965,0 45.47377,10.060844,0 45.475364,10.12594,0 45.476118,10.191068,0 45.478112,10.256142,0 45.479609,10.321247,0 45.480894,10.386357,0</coordinates>
      </LineString>
    </Placemark>
    <Placemark>
      <name>Fault Line 270</name>
      <LineString>
        <coordinates>45.799682,11.01685,0 45.759573,10.98568,0 45.720013,10.953181,0 45.680448,10.920719,0 45.640771,10.888563,0 45.606004,10.846373,0 45.576429,10.796774,0</coordinates>
      </LineString>
    </Placemark>
    <Placemark>
      <name>Fault Line 271</name>
      <LineString>
        <coordinates>41.635129,16.815491,0 41.635478,16.753309,0 41.636529,16.691146,0 41.63778,16.628988,0 41.63975,16.566862,0 41.642345,16.504774,0 41.645557,16.442734,0 41.649928,16.380819,0 41.65476,16.318959,0 41.660857,16.257297,0</coordinates>
      </LineString>
    </Placemark>
    <Placemark>
      <name>Fault Line 272</name>
      <LineString>
        <coordinates>43.008139,14.11709,0 42.964015,14.135636,0 42.918376,14.145096,0 42.872215,14.144718,0 42.827321,14.130063,0 42.783188,14.111273,0</coordinates>
      </LineString>
    </Placemark>
    <Placemark>
      <name>Fault Line 273</name>
      <LineString>
        <coordinates>42.246399,13.950698,0 42.226775,14.003951,0 42.205878,14.056239,0 42.183425,14.107319,0 42.158316,14.156077,0 42.130704,14.202286,0 42.101915,14.247152,0 42.070862,14.289164,0 42.037355,14.327579,0 42.000963,14.360877,0 41.963395,14.391698,0 41.925567,14.421921,0 41.888194,14.453134,0</coordinates>
      </LineString>
    </Placemark>
    <Placemark>
      <name>Fault Line 274</name>
      <LineString>
        <coordinates>42.296081,14.148514,0 42.282911,14.204382,0 42.264297,14.257494,0 42.243455,14.309057,0 42.217736,14.356413,0 42.185153,14.395287,0 42.14978,14.429411,0 42.114925,14.464472,0</coordinates>
      </LineString>
    </Placemark>
    <Placemark>
      <name>Fault Line 275</name>
      <LineString>
        <coordinates>43.991575,10.582487,0 44.01708,10.530842,0 44.042591,10.479183,0 44.068109,10.427508,0 44.093635,10.375819,0 44.119168,10.324115,0 44.144709,10.272396,0 44.170257,10.220661,0 44.195813,10.168911,0</coordinates>
      </LineString>
    </Placemark>
    <Placemark>
      <name>Fault Line 276</name>
      <LineString>
        <coordinates>40.759296,13.933662,0 40.734484,13.88639,0 40.709678,13.839129,0</coordinates>
      </LineString>
    </Placemark>
    <Placemark>
      <name>Fault Line 277</name>
      <LineString>
        <coordinates>41.75276,12.808858,0 41.721473,12.761846,0 41.690914,12.714004,0 41.660679,12.665815,0 41.630452,12.617638,0</coordinates>
      </LineString>
    </Placemark>
    <Placemark>
      <name>Fault Line 278</name>
      <LineString>
        <coordinates>43.438078,10.487116,0 43.485614,10.463471,0 43.532889,10.438838,0 43.5802,10.414316,0</coordinates>
      </LineString>
    </Placemark>
    <Placemark>
      <name>Fault Line 279</name>
      <LineString>
        <coordinates>40.961752,16.209912,0 40.961687,16.149847,0 40.961622,16.089782,0 40.961557,16.029717,0 40.961493,15.969652,0 40.961428,15.909587,0 40.961363,15.849522,0 40.961298,15.789457,0 40.961234,15.729393,0 40.961169,15.669329,0 40.961103,15.609265,0 40.961039,15.549199,0</coordinates>
      </LineString>
    </Placemark>
    <Placemark>
      <name>Fault Line 280</name>
      <LineString>
        <coordinates>37.622962,12.161024,0 37.586638,12.125728,0 37.55032,12.090438,0 37.514009,12.055155,0 37.477705,12.019878,0 37.450932,11.972998,0 37.424549,11.925784,0 37.398284,11.878482,0 37.379224,11.82601,0 37.360168,11.773549,0 37.341116,11.721099,0 37.321752,11.668841,0 37.294511,11.622487,0 37.267277,11.576144,0 37.24005,11.529811,0 37.212828,11.483489,0 37.192228,11.432074,0 37.171645,11.380663,0 37.151066,11.329263,0 37.129837,11.278296,0 37.105435,11.229628,0 37.081039,11.180971,0 37.056416,11.131862,0</coordinates>
      </LineString>
    </Placemark>
    <Placemark>
      <name>Fault Line 281</name>
      <LineString>
        <coordinates>36.976314,11.783623,0 36.952645,11.831397,0 36.928982,11.879161,0 36.905304,11.926899,0 36.881547,11.974561,0 36.857795,12.022212,0 36.833281,12.069242,0 36.807634,12.115303,0 36.782132,12.161473,0 36.757027,12.207968,0 36.731927,12.254452,0 36.711092,12.304092,0 36.690843,12.354095,0 36.669432,12.403326,0 36.647459,12.452157,0 36.627416,12.502248,0 36.610278,12.553973,0 36.593144,12.605689,0 36.580861,12.659494,0 36.56988,12.713725,0 36.559215,12.768046,0 36.55258,12.823346,0 36.545945,12.878641,0 36.539481,12.933963,0 36.535255,12.989616,0 36.53103,13.045266,0 36.526804,13.100913,0 36.522579,13.156556,0 36.518355,13.212196,0 36.514131,13.267833,0 36.509907,13.323464,0</coordinates>
      </LineString>
    </Placemark>
    <Placemark>
      <name>Fault Line 282</name>
      <LineString>
        <coordinates>37.221281,17.151786,0 37.184981,17.118168,0 37.149873,17.08262,0 37.115647,17.045762,0 37.082486,17.007418,0 37.050361,16.967729,0 37.018998,16.92711,0 36.989975,16.883865,0 36.962237,16.839333,0 36.935972,16.793441,0 36.911736,16.745849,0 36.888443,16.69754,0 36.866598,16.648198,0 36.847453,16.597147,0 36.829873,16.545237,0 36.8144,16.492302,0 36.801537,16.438299,0 36.789631,16.383964,0 36.778902,16.329255,0 36.769698,16.274122,0 36.761173,16.218825,0 36.755127,16.163027,0 36.749301,16.107198,0</coordinates>
      </LineString>
    </Placemark>
    <Placemark>
      <name>Fault Line 283</name>
      <LineString>
        <coordinates>37.307375,17.023514,0 37.273234,16.98455,0 37.239556,16.945177,0 37.206152,16.905458,0 37.173195,16.865171,0 37.140723,16.824286,0 37.109389,16.782043,0 37.07875,16.739024,0 37.049039,16.695012,0 37.019538,16.650795,0 36.991577,16.605054,0 36.964384,16.558608,0 36.942969,16.50766,0 36.922733,16.455977,0 36.90802,16.401463,0 36.898119,16.345284,0 36.888851,16.288943,0 36.879692,16.232582,0 36.875716,16.175288,0 36.872411,16.11793,0 36.86999,16.060505,0</coordinates>
      </LineString>
    </Placemark>
    <Placemark>
      <name>Fault Line 284</name>
      <LineString>
        <coordinates>38.182832,18.473962,0 38.138403,18.46005,0 38.094059,18.44572,0 38.049884,18.430577,0 38.005848,18.414806,0 37.96232,18.396911,0 37.918954,18.378408,0 37.876232,18.357646,0 37.833513,18.336886,0 37.792451,18.311335,0 37.751402,18.285763,0 37.711506,18.257441,0 37.672228,18.227783,0 37.634691,18.194738,0 37.598802,18.158907,0 37.566562,18.117938,0 37.535382,18.075699,0 37.507142,18.030308,0 37.478909,17.984927,0 37.452294,17.938037,0 37.426188,17.89071,0 37.402524,17.841405,0 37.380502,17.790925,0 37.359618,17.739699,0 37.339527,17.687985,0 37.320184,17.635837,0 37.30177,17.583174,0 37.283827,17.530266,0 37.266382,17.477109,0 37.248941,17.423963,0 37.232301,17.370425,0 37.215752,17.317082,0</coordinates>
      </LineString>
    </Placemark>
    <Placemark>
      <name>Fault Line 285</name>
      <LineString>
        <coordinates>38.349352,17.693647,0 38.303528,17.685998,0 38.258208,17.674463,0 38.213277,17.660693,0 38.169029,17.643717,0 38.125671,17.623372,0 38.082799,17.601435,0 38.040725,17.577149,0 37.998457,17.553425,0 37.956645,17.528446,0 37.915021,17.502981,0 37.873901,17.476247,0 37.833711,17.447349,0 37.794328,17.416738,0 37.755594,17.384841,0 37.717948,17.350944,0 37.681686,17.314733,0 37.647537,17.275394,0 37.614422,17.234687,0 37.582936,17.19211,0</coordinates>
      </LineString>
    </Placemark>
    <Placemark>
      <name>Fault Line 286</name>
      <LineString>
        <coordinates>45.619382,13.854834,0 45.639325,13.799689,0 45.663752,13.748247,0 45.690716,13.699446,0 45.718453,13.651515,0 45.745999,13.603336,0 45.775076,13.557014,0 45.802803,13.508999,0 45.832514,13.463466,0</coordinates>
      </LineString>
    </Placemark>
    <Placemark>
      <name>Fault Line 287</name>
      <LineString>
        <coordinates>45.53145,13.855252,0 45.550049,13.795848,0 45.570401,13.737704,0 45.599138,13.68727,0 45.627697,13.636605,0 45.657661,13.587601,0 45.689404,13.540919,0 45.721084,13.494123,0</coordinates>
      </LineString>
    </Placemark>
    <Placemark>
      <name>Fault Line 288</name>
      <LineString>
        <coordinates>46.481788,13.830401,0 46.488332,13.761943,0 46.49305,13.693088,0 46.498542,13.624349,0 46.504662,13.555714,0 46.50635,13.486543,0 46.507023,13.417335,0 46.510945,13.348352,0 46.518147,13.279923,0 46.525232,13.211459,0 46.531078,13.142739,0</coordinates>
      </LineString>
    </Placemark>
    <Placemark>
      <name>Fault Line 289</name>
      <LineString>
        <coordinates>44.947558,11.046374,0 44.936487,11.110272,0 44.917744,11.170476,0 44.902502,11.232603,0 44.88618,11.294162,0 44.86837,11.354875,0 44.850211,11.415365,0 44.825966,11.471461,0</coordinates>
      </LineString>
    </Placemark>
    <Placemark>
      <name>Fault Line 290</name>
      <LineString>
        <coordinates>39.596552,17.088757,0 39.617302,17.036501,0 39.635682,16.982673,0 39.656013,16.930029,0 39.679093,16.879317,0 39.704751,16.830724,0 39.728449,16.78046,0 39.757415,16.73508,0 39.782998,16.686364,0 39.811588,16.640546,0 39.828234,16.585624,0 39.841032,16.528968,0 39.855076,16.472802,0 39.8716,16.417782,0 39.896534,16.368418,0 39.92091,16.318565,0</coordinates>
      </LineString>
    </Placemark>
    <Placemark>
      <name>Fault Line 291</name>
      <LineString>
        <coordinates>46.093869,12.345425,0 46.053412,12.324475,0 46.016267,12.291009,0 45.988472,12.242258,0 45.966955,12.187343,0 45.946065,12.131951,0 45.922162,12.079158,0 45.896961,12.027653,0 45.874983,11.973206,0 45.857018,11.915823,0 45.837385,11.859598,0 45.815431,11.80519,0 45.79858,11.747176,0 45.784997,11.687439,0</coordinates>
      </LineString>
    </Placemark>
    <Placemark>
      <name>Fault Line 292</name>
      <LineString>
        <coordinates>44.115283,12.983903,0 44.106865,13.044321,0 44.09011,13.101338,0 44.067904,13.154605,0 44.0425,13.205007,0 44.022887,13.260166,0 43.991361,13.30332,0 43.963911,13.351535,0 43.945596,13.407477,0 43.928496,13.46414,0 43.908275,13.518768,0 43.878225,13.563826,0 43.835286,13.578613,0 43.791868,13.590394,0 43.752534,13.618442,0 43.715176,13.651241,0</coordinates>
      </LineString>
    </Placemark>
    <Placemark>
      <name>Fault Line 293</name>
      <LineString>
        <coordinates>43.421022,13.950327,0 43.452495,13.895549,0 43.496842,13.861621,0 43.546584,13.847938,0 43.595124,13.830912,0</coordinates>
      </LineString>
    </Placemark>
    <Placemark>
      <name>Fault Line 294</name>
      <LineString>
        <coordinates>43.88802,13.787571,0 43.881922,13.853633,0 43.876521,13.919804,0 43.864984,13.984438,0 43.844,14.044309,0 43.816635,14.098823,0</coordinates>
      </LineString>
    </Placemark>
    <Placemark>
      <name>Fault Line 295</name>
      <LineString>
        <coordinates>45.152328,10.268355,0 45.135746,10.329803,0 45.109272,10.383815,0 45.078777,10.433361,0 45.041413,10.472316,0 44.999225,10.499795,0</coordinates>
      </LineString>
    </Placemark>
    <Placemark>
      <name>Fault Line 296</name>
      <LineString>
        <coordinates>45.577776,10.729131,0 45.542056,10.693165,0 45.505514,10.658946,0 45.472177,10.618633,0 45.448726,10.566054,0 45.437516,10.505846,0 45.432448,10.443985,0 45.435925,10.381881,0</coordinates>
      </LineString>
    </Placemark>
    <Placemark>
      <name>Fault Line 297</name>
      <LineString>
        <coordinates>45.560174,10.9041,0 45.518024,10.877533,0 45.477118,10.847286,0 45.438395,10.811691,0 45.411443,10.758446,0 45.398478,10.695474,0 45.394799,10.630069,0 45.393762,10.564403,0</coordinates>
      </LineString>
    </Placemark>
    <Placemark>
      <name>Fault Line 298</name>
      <LineString>
        <coordinates>38.067452,-0.859671,0 38.080068,-0.810093,0 38.081066,-0.757975,0</coordinates>
      </LineString>
    </Placemark>
    <Placemark>
      <name>Fault Line 299</name>
      <LineString>
        <coordinates>45.395065,9.951843,0 45.362995,9.905137,0 45.346436,9.84425,0 45.348819,9.779058,0 45.353031,9.714051,0 45.357853,9.649123,0 45.359673,9.583882,0 45.362378,9.518701,0 45.370406,9.454407,0 45.382777,9.391514,0 45.417202,9.348322,0 45.46001,9.324804,0 45.502582,9.30358,0</coordinates>
      </LineString>
    </Placemark>
    <Placemark>
      <name>Fault Line 300</name>
      <LineString>
        <coordinates>45.325869,10.317594,0 45.306164,10.254705,0 45.306115,10.185869,0 45.306476,10.117036,0 45.312648,10.048759,0 45.329055,9.983981,0 45.351317,9.922517,0</coordinates>
      </LineString>
    </Placemark>
    <Placemark>
      <name>Fault Line 301</name>
      <LineString>
        <coordinates>37.685777,12.824187,0 37.650845,12.795865,0 37.616931,12.765647,0 37.584147,12.733515,0 37.551689,12.700891,0</coordinates>
      </LineString>
    </Placemark>
    <Placemark>
      <name>Fault Line 302</name>
      <LineString>
        <coordinates>37.555546,12.728797,0 37.507714,12.727643,0 37.459962,12.723983,0 37.412146,12.722069,0 37.364515,12.71645,0 37.317487,12.70484,0</coordinates>
      </LineString>
    </Placemark>
    <Placemark>
      <name>Fault Line 303</name>
      <LineString>
        <coordinates>37.582268,13.347465,0 37.570578,13.294183,0 37.566807,13.239106,0 37.564709,13.183891,0 37.566644,13.128667,0 37.581113,13.076484,0 37.600141,13.026674,0 37.620087,12.977425,0 37.643933,12.931027,0</coordinates>
      </LineString>
    </Placemark>
    <Placemark>
      <name>Fault Line 304</name>
      <LineString>
        <coordinates>37.110865,15.773426,0 37.144167,15.738509,0 37.177487,15.70357,0 37.211127,15.669102,0 37.247092,15.638541,0 37.281683,15.605559,0 37.314736,15.57016,0</coordinates>
      </LineString>
    </Placemark>
    <Placemark>
      <name>Fault Line 305</name>
      <LineString>
        <coordinates>37.09024,15.913261,0 37.122166,15.873243,0 37.152173,15.830996,0 37.182613,15.789222,0 37.208244,15.742626,0 37.2341,15.696209,0 37.270197,15.662225,0 37.3063,15.628235,0 37.343027,15.595304,0</coordinates>
      </LineString>
    </Placemark>
    <Placemark>
      <name>Fault Line 306</name>
      <LineString>
        <coordinates>37.286179,15.968474,0 37.312359,15.921492,0 37.338665,15.874282,0 37.365462,15.827496,0 37.393924,15.782277,0 37.422393,15.737046,0 37.457933,15.700582,0 37.494744,15.666161,0 37.532829,15.633997,0 37.572011,15.603987,0 37.608745,15.569382,0 37.645317,15.534487,0 37.681895,15.499585,0 37.721025,15.469409,0</coordinates>
      </LineString>
    </Placemark>
    <Placemark>
      <name>Fault Line 307</name>
      <LineString>
        <coordinates>37.216253,15.895161,0 37.245863,15.847817,0 37.275466,15.800484,0 37.306043,15.754122,0 37.334359,15.705524,0 37.362682,15.656914,0 37.391012,15.608293,0 37.418886,15.559238,0 37.446242,15.509704,0</coordinates>
      </LineString>
    </Placemark>
    <Placemark>
      <name>Fault Line 308</name>
      <LineString>
        <coordinates>37.721999,15.431579,0 37.757177,15.397929,0 37.79102,15.362121,0 37.822962,15.323604,0 37.85576,15.286237,0 37.891321,15.253158,0 37.926888,15.220073,0 37.965872,15.193878,0 38.005137,15.168353,0 38.044192,15.142302,0 38.083778,15.117564,0 38.123866,15.094154,0 38.163338,15.069097,0</coordinates>
      </LineString>
    </Placemark>
    <Placemark>
      <name>Fault Line 309</name>
      <LineString>
        <coordinates>43.108016,13.068988,0 43.067899,13.101579,0 43.02595,13.129498,0 42.981741,13.14985,0 42.937536,13.1702,0 42.894162,13.193636,0 42.85127,13.218656,0 42.805937,13.233646,0 42.761303,13.215173,0 42.719204,13.186279,0</coordinates>
      </LineString>
    </Placemark>
    <Placemark>
      <name>Fault Line 310</name>
      <LineString>
        <coordinates>42.825185,13.249957,0 42.783044,13.258517,0 42.740924,13.26594,0 42.701002,13.285673,0 42.662054,13.308712,0 42.623186,13.331986,0</coordinates>
      </LineString>
    </Placemark>
    <Placemark>
      <name>Fault Line 311</name>
      <LineString>
        <coordinates>43.763562,12.366368,0 43.728621,12.407921,0 43.696328,12.452957,0 43.664325,12.498363,0 43.63233,12.543756,0 43.600345,12.589138,0 43.568368,12.634507,0 43.536399,12.679863,0 43.504439,12.725207,0 43.471241,12.768801,0 43.430312,12.797278,0 43.389389,12.825751,0 43.349074,12.855801,0 43.309114,12.886715,0 43.26916,12.917623,0 43.226587,12.941009,0 43.181157,12.949539,0 43.135357,12.952573,0 43.089557,12.955608,0</coordinates>
      </LineString>
    </Placemark>
    <Placemark>
      <name>Fault Line 312</name>
      <LineString>
        <coordinates>42.608597,13.309205,0 42.562602,13.330318,0 42.521356,13.366347,0 42.483264,13.408266,0 42.446784,13.452718,0</coordinates>
      </LineString>
    </Placemark>
    <Placemark>
      <name>Fault Line 313</name>
      <LineString>
        <coordinates>39.174293,18.867211,0 39.217175,18.842292,0 39.257592,18.809805,0 39.293496,18.769415,0 39.332697,18.734497,0 39.375385,18.707235,0 39.41805,18.679898,0 39.458974,18.648397,0 39.499904,18.616891,0 39.54084,18.58538,0 39.581782,18.553864,0</coordinates>
      </LineString>
    </Placemark>
    <Placemark>
      <name>Fault Line 314</name>
      <LineString>
        <coordinates>38.786257,19.191381,0 38.825661,19.160813,0 38.861362,19.122961,0 38.895104,19.082234,0 38.928854,19.041497,0 38.962611,19.000751,0 39.001055,18.967555,0 39.039821,18.934968,0 39.078413,18.902024,0 39.112439,18.861565,0 39.147221,18.822167,0 39.183746,18.785465,0 39.227069,18.764383,0</coordinates>
      </LineString>
    </Placemark>
    <Placemark>
      <name>Fault Line 315</name>
      <LineString>
        <coordinates>36.50048,16.217258,0 36.539745,16.191553,0 36.57917,16.165743,0 36.618599,16.139929,0 36.658033,16.114113,0 36.697471,16.088295,0 36.736835,16.062284,0 36.776171,16.036195,0 36.815512,16.010102,0 36.84889,15.97325,0 36.876482,15.929543,0 36.904079,15.885825,0 36.93203,15.842444,0 36.960413,15.799489,0 36.993069,15.761568,0 37.025625,15.723495,0 37.058467,15.685796,0 37.095035,15.653916,0 37.134509,15.628036,0 37.17224,15.59833,0 37.19783,15.552565,0 37.228619,15.512145,0 37.25723,15.469257,0 37.294192,15.438014,0 37.332678,15.409816,0</coordinates>
      </LineString>
    </Placemark>
    <Placemark>
      <name>Fault Line 316</name>
      <LineString>
        <coordinates>42.639302,13.888991,0 42.652591,13.945885,0 42.66501,14.003105,0 42.678676,14.05981,0 42.694336,14.115567,0 42.708945,14.171862,0 42.722419,14.228692,0 42.730427,14.287414,0 42.73187,14.347112,0 42.729896,14.406781,0</coordinates>
      </LineString>
    </Placemark>
    <Placemark>
      <name>Fault Line 317</name>
      <LineString>
        <coordinates>42.507783,13.398733,0 42.518818,13.460212,0 42.529853,13.521699,0 42.540891,13.583196,0 42.55193,13.644704,0 42.562971,13.706221,0 42.574015,13.767748,0 42.585059,13.829286,0 42.596106,13.890834,0</coordinates>
      </LineString>
    </Placemark>
    <Placemark>
      <name>Fault Line 318</name>
      <LineString>
        <coordinates>43.809538,12.409469,0 43.785026,12.461478,0 43.760588,12.513329,0 43.735332,12.5644,0 43.708,12.613359,0 43.680676,12.662304,0 43.652597,12.710405,0 43.623827,12.757696,0 43.595064,12.804973,0 43.566309,12.852237,0 43.529498,12.88725,0 43.492063,12.920958,0 43.454635,12.954659,0 43.417213,12.988354,0 43.379941,13.022339,0 43.342782,13.056538,0 43.304178,13.087541,0 43.26333,13.112517,0 43.222487,13.13749,0 43.181648,13.16246,0 43.140814,13.187428,0 43.096999,13.199625,0 43.05314,13.211516,0 43.009283,13.223407,0</coordinates>
      </LineString>
    </Placemark>
    <Placemark>
      <name>Fault Line 319</name>
      <LineString>
        <coordinates>37.308568,12.933061,0 37.35314,12.94977,0 37.395835,12.972951,0 37.438588,12.995977,0 37.482057,13.016781,0</coordinates>
      </LineString>
    </Placemark>
    <Placemark>
      <name>Fault Line 320</name>
      <LineString>
        <coordinates>37.301451,12.717783,0 37.25929,12.702162,0 37.2167,12.688559,0 37.173621,12.677663,0 37.130074,12.67026,0 37.086676,12.661588,0</coordinates>
      </LineString>
    </Placemark>
    <Placemark>
      <name>Fault Line 321</name>
      <LineString>
        <coordinates>37.055335,12.870975,0 37.102236,12.890583,0 37.147911,12.914287,0 37.193,12.939712,0 37.238871,12.962843,0 37.286104,12.981156,0</coordinates>
      </LineString>
    </Placemark>
    <Placemark>
      <name>Fault Line 322</name>
      <LineString>
        <coordinates>43.098206,14.505047,0 43.070299,14.552251,0 43.038746,14.594909,0 42.999455,14.623053,0 42.959384,14.649042,0 42.917929,14.670587,0 42.873802,14.676704,0 42.829687,14.682985,0 42.785598,14.689581,0 42.745237,14.71463,0 42.708264,14.74747,0</coordinates>
      </LineString>
    </Placemark>
    <Placemark>
      <name>Fault Line 323</name>
      <LineString>
        <coordinates>43.242031,14.409511,0 43.267597,14.354431,0 43.301026,14.30794,0 43.339227,14.268976,0 43.382461,14.241684,0 43.427801,14.221875,0 43.475052,14.214298,0 43.522155,14.206745,0</coordinates>
      </LineString>
    </Placemark>
    <Placemark>
      <name>Fault Line 324</name>
      <LineString>
        <coordinates>43.423751,13.93869,0 43.37838,13.950312,0 43.332465,13.956713,0 43.286463,13.961789,0 43.242552,13.981296,0 43.200185,14.00641,0 43.157328,14.029889,0 43.113219,14.048491,0 43.067227,14.053712,0 43.021108,14.057498,0</coordinates>
      </LineString>
    </Placemark>
    <Placemark>
      <name>Fault Line 325</name>
      <LineString>
        <coordinates>43.200654,14.446819,0 43.217346,14.391234,0 43.234042,14.335636,0 43.257451,14.284784,0 43.286698,14.239971,0 43.323897,14.208146,0 43.364869,14.186785,0 43.405951,14.165813,0 43.447152,14.145272,0 43.489133,14.127975,0 43.532526,14.119565,0 43.575839,14.11117,0</coordinates>
      </LineString>
    </Placemark>
    <Placemark>
      <name>Fault Line 326</name>
      <LineString>
        <coordinates>45.216191,11.943076,0 45.251613,11.905788,0 45.287046,11.868488,0 45.322486,11.831179,0 45.357935,11.793863,0 45.39235,11.754614,0 45.426291,11.714512,0 45.459878,11.673785,0 45.492634,11.631679,0 45.525399,11.589561,0 45.557727,11.546739,0 45.589849,11.503579,0 45.621979,11.460406,0 45.654358,11.417589,0 45.686755,11.374775,0 45.71916,11.33195,0 45.752283,11.290242,0 45.786373,11.250141,0 45.821593,11.212074,0 45.856837,11.174028,0</coordinates>
      </LineString>
    </Placemark>
    <Placemark>
      <name>Fault Line 327</name>
      <LineString>
        <coordinates>44.643347,7.485633,0 44.676577,7.526181,0 44.705264,7.573323,0 44.736748,7.616813,0 44.764916,7.664619,0 44.793804,7.711591,0 44.821695,7.759767,0</coordinates>
      </LineString>
    </Placemark>
    <Placemark>
      <name>Fault Line 328</name>
      <LineString>
        <coordinates>45.182261,7.92039,0 45.183308,7.986698,0 45.181654,8.053014,0 45.184323,8.119262,0 45.182054,8.18554,0 45.179659,8.251807,0 45.174245,8.317709,0 45.168645,8.383575,0 45.15601,8.44744,0 45.141169,8.510327,0 45.126018,8.573051,0</coordinates>
      </LineString>
    </Placemark>
    <Placemark>
      <name>Fault Line 329</name>
      <LineString>
        <coordinates>45.121759,8.602916,0 45.101056,8.662495,0 45.073935,8.71684,0 45.039596,8.762242,0 45.007385,8.810638,0 44.978671,8.863227,0 44.946475,8.911591,0 44.909595,8.952712,0</coordinates>
      </LineString>
    </Placemark>
    <Placemark>
      <name>Fault Line 330</name>
      <LineString>
        <coordinates>38.379331,14.427865,0 38.3839,14.37088,0 38.388468,14.31389,0 38.393037,14.256897,0 38.388738,14.19987,0 38.382415,14.143154,0 38.376092,14.086443,0 38.369337,14.029819,0 38.353196,13.97638,0 38.337058,13.922951,0 38.323347,13.868443,0 38.312763,13.812824,0 38.30218,13.757212,0 38.296536,13.700448,0 38.292708,13.643441,0 38.28888,13.586437,0 38.287418,13.529258,0 38.286598,13.472058,0 38.285779,13.414859,0 38.284959,13.357661,0 38.280818,13.3007,0 38.272881,13.244401,0 38.264945,13.188108,0 38.257009,13.131821,0 38.250883,13.075173,0 38.248486,13.018075,0 38.246088,12.960979,0 38.243691,12.903885,0 38.241293,12.84679,0</coordinates>
      </LineString>
    </Placemark>
    <Placemark>
      <name>Fault Line 331</name>
      <LineString>
        <coordinates>41.692874,19.469855,0 41.718168,19.419525,0 41.743468,19.369181,0 41.768774,19.318823,0 41.792654,19.267209,0 41.816612,19.21564,0 41.840893,19.164326,0 41.8655,19.113271,0 41.889259,19.06148,0 41.912171,19.008986,0 41.935667,18.956941,0 41.956733,18.903031,0 41.977376,18.848806,0 41.997705,18.794351,0 42.017794,18.739718,0 42.03531,18.683487,0 42.052325,18.626961,0 42.073101,18.572748,0 42.093882,18.518521,0 42.11504,18.464541,0 42.136572,18.410762,0</coordinates>
      </LineString>
    </Placemark>
    <Placemark>
      <name>Fault Line 332</name>
      <LineString>
        <coordinates>41.890449,19.347392,0 41.911067,19.29372,0 41.93236,19.240512,0 41.955926,19.189046,0 41.979314,19.137414,0 41.999,19.083041,0 42.022481,19.031452,0 42.052716,18.986662,0 42.082462,18.941262,0 42.107259,18.890733,0 42.129838,18.838329,0 42.151807,18.785438,0 42.175336,18.733763,0 42.204109,18.687148,0 42.239942,18.650495,0 42.2741,18.611013,0</coordinates>
      </LineString>
    </Placemark>
    <Placemark>
      <name>Fault Line 333</name>
      <LineString>
        <coordinates>36.503346,13.423315,0 36.469341,13.459644,0 36.435342,13.495967,0 36.401423,13.532389,0 36.367536,13.568843,0 36.332691,13.603861,0 36.296251,13.636263,0 36.259817,13.66866,0 36.224699,13.703204,0 36.193097,13.742609,0 36.161502,13.782006,0 36.129913,13.821395,0 36.098065,13.860446,0 36.06591,13.899094,0 36.03376,13.937733,0 36.001617,13.976365,0 35.969481,14.014989,0 35.937351,14.053606,0 35.905227,14.092214,0 35.87311,14.130815,0 35.840999,14.169409,0 35.810036,14.209389,0 35.782149,14.25266,0 35.754267,14.295921,0 35.726392,14.339173,0 35.698523,14.382416,0 35.670659,14.425649,0 35.642802,14.468874,0 35.61495,14.512089,0 35.59138,14.558987,0 35.567904,14.605942,0 35.544432,14.652887,0 35.520966,14.699822,0 35.497505,14.746747,0 35.474048,14.793662,0 35.450581,14.840599,0</coordinates>
      </LineString>
    </Placemark>
    <Placemark>
      <name>Fault Line 334</name>
      <LineString>
        <coordinates>46.239106,13.593977,0 46.253403,13.539715,0 46.266366,13.484743,0 46.27709,13.428743,0</coordinates>
      </LineString>
    </Placemark>
    <Placemark>
      <name>Fault Line 335</name>
      <LineString>
        <coordinates>36.558187,11.489122,0 36.529812,11.445729,0 36.50145,11.402355,0 36.473094,11.35899,0 36.444744,11.315635,0 36.422797,11.266892,0 36.402774,11.216899,0 36.382755,11.166917,0 36.37314,11.112393,0 36.364311,11.057671,0 36.355483,11.002955,0 36.345902,10.948441,0 36.326472,10.898138,0 36.307045,10.847846,0 36.287623,10.797563,0 36.268204,10.747291,0 36.244678,10.699809,0 36.21911,10.653992,0 36.193548,10.608185,0 36.169658,10.561026,0 36.147149,10.51285,0 36.124644,10.464684,0 36.099302,10.418746,0 36.073377,10.373323,0 36.047457,10.32791,0 36.019351,10.284548,0 35.98756,10.245283,0 35.954958,10.207066,0 35.922029,10.169293,0 35.885048,10.137772,0 35.846882,10.108494,0 35.808721,10.079219,0</coordinates>
      </LineString>
    </Placemark>
    <Placemark>
      <name>Fault Line 336</name>
      <LineString>
        <coordinates>41.105206,14.937545,0 41.134278,14.893122,0 41.163358,14.848688,0 41.192445,14.804242,0 41.22154,14.759785,0 41.250641,14.715316,0 41.27975,14.670837,0 41.308975,14.626475,0 41.340203,14.58458,0 41.376296,14.550294,0 41.411766,14.51485,0 41.440273,14.469574,0 41.466203,14.421602,0 41.492139,14.373617,0 41.518082,14.325619,0 41.544032,14.277608,0 41.569989,14.229585,0 41.595868,14.181706,0</coordinates>
      </LineString>
    </Placemark>
    <Placemark>
      <name>Fault Line 337</name>
      <LineString>
        <coordinates>36.260947,11.891021,0 36.24097,11.941724,0 36.220931,11.992582,0 36.200897,12.04343,0 36.180866,12.094267,0 36.165611,12.147573,0 36.154822,12.202519,0 36.144035,12.257459,0 36.133249,12.312391,0 36.122199,12.367236,0 36.111099,12.422058,0 36.09994,12.476854,0 36.088428,12.531529,0 36.076918,12.586196,0 36.062584,12.639823,0 36.048021,12.693345,0 36.03346,12.746858,0 36.018901,12.800362,0 36.004344,12.853857,0 35.98391,12.904318,0 35.962412,12.954087,0 35.94092,13.003846,0 35.918681,13.053088,0 35.891904,13.098742,0 35.865133,13.144386,0 35.838368,13.19002,0 35.812672,13.236563,0 35.79064,13.285867,0 35.768613,13.335161,0 35.746591,13.384444,0 35.726505,13.434955,0 35.707652,13.486168,0 35.688802,13.537371,0 35.669956,13.588564,0 35.651537,13.639981,0 35.633346,13.691508,0 35.615159,13.743025,0 35.596975,13.794532,0 35.578795,13.846029,0</coordinates>
      </LineString>
    </Placemark>
    <Placemark>
      <name>Fault Line 338</name>
      <LineString>
        <coordinates>35.075895,14.485405,0 35.085408,14.431371,0 35.094923,14.377325,0 35.101577,14.322639,0 35.103611,14.267404,0 35.105645,14.212168,0 35.112261,14.157468,0 35.119177,14.102818,0 35.126093,14.048164,0 35.133766,13.993656,0 35.142906,13.939482,0 35.152048,13.885302,0 35.164316,13.832047,0 35.178501,13.779501,0 35.192689,13.726947,0 35.207344,13.674574,0 35.222549,13.622428,0 35.237755,13.570274,0 35.255498,13.519323,0 35.275598,13.469691,0 35.295545,13.419954,0 35.31119,13.367946,0 35.326838,13.31593,0 35.342488,13.263905,0 35.358141,13.211871,0 35.373797,13.159828,0 35.389455,13.107776,0 35.405115,13.055715,0 35.420778,13.003646,0 35.439889,12.953327,0 35.460026,12.903605,0 35.478646,12.852987,0 35.495964,12.801666,0 35.513286,12.750336,0 35.531157,12.699279,0 35.549303,12.648358,0 35.567453,12.597427,0 35.583085,12.545238,0 35.597337,12.492446,0 35.611592,12.439646,0 35.627994,12.387787,0 35.646446,12.336968,0 35.664901,12.286139,0 35.683359,12.235301,0</coordinates>
      </LineString>
    </Placemark>
    <Placemark>
      <name>Fault Line 339</name>
      <LineString>
        <coordinates>39.604417,16.265008,0 39.561191,16.271605,0 39.517965,16.2782,0 39.474676,16.284066,0 39.431247,16.287792,0 39.38781,16.291338,0 39.344285,16.291338,0 39.300779,16.291312,0</coordinates>
      </LineString>
    </Placemark>
    <Placemark>
      <name>Fault Line 340</name>
      <LineString>
        <coordinates>37.89376,15.36116,0 37.931953,15.389246,0 37.970152,15.417334,0 38.008355,15.445426,0 38.046563,15.473524,0 38.084776,15.501625,0 38.122995,15.529728,0 38.161218,15.557837,0 38.199446,15.585949,0 38.237679,15.614064,0 38.275553,15.642972,0 38.31283,15.67313,0</coordinates>
      </LineString>
    </Placemark>
    <Placemark>
      <name>Fault Line 341</name>
      <LineString>
        <coordinates>39.88771,16.216167,0 39.842687,16.240182,0 39.797669,16.264196,0 39.752655,16.288207,0 39.70764,16.312218,0</coordinates>
      </LineString>
    </Placemark>
    <Placemark>
      <name>Fault Line 342</name>
      <LineString>
        <coordinates>38.077018,16.223833,0 38.098731,16.175639,0 38.120448,16.127436,0 38.142169,16.079221,0 38.163895,16.030996,0 38.185626,15.98276,0 38.207363,15.934514,0 38.229105,15.886257,0 38.250851,15.837989,0 38.272602,15.789709,0 38.294358,15.741419,0 38.316118,15.693117,0 38.337884,15.644805,0 38.359655,15.596482,0</coordinates>
      </LineString>
    </Placemark>
    <Placemark>
      <name>Fault Line 343</name>
      <LineString>
        <coordinates>38.900622,16.371227,0 38.893251,16.428434,0 38.885881,16.485635,0 38.878511,16.54283,0 38.871142,16.60002,0 38.863774,16.657204,0 38.856407,16.714382,0 38.84904,16.771554,0 38.841674,16.828722,0</coordinates>
      </LineString>
    </Placemark>
    <Placemark>
      <name>Fault Line 344</name>
      <LineString>
        <coordinates>38.545421,15.938969,0 38.522396,15.990602,0 38.499377,16.042222,0 38.476363,16.093829,0 38.453355,16.145424,0 38.430353,16.197006,0 38.407164,16.248437,0 38.383382,16.299407,0 38.359604,16.350364,0 38.335833,16.401309,0</coordinates>
      </LineString>
    </Placemark>
    <Placemark>
      <name>Fault Line 345</name>
      <LineString>
        <coordinates>38.717183,16.030879,0 38.755867,16.060488,0 38.794558,16.090101,0 38.833255,16.119718,0 38.871956,16.149341,0 38.910664,16.178967,0 38.949377,16.208598,0</coordinates>
      </LineString>
    </Placemark>
    <Placemark>
      <name>Fault Line 346</name>
      <LineString>
        <coordinates>39.042105,16.19419,0 39.089781,16.2112,0 39.13746,16.22821,0 39.185141,16.245223,0 39.232824,16.262235,0 39.280511,16.279249,0</coordinates>
      </LineString>
    </Placemark>
    <Placemark>
      <name>Fault Line 347</name>
      <LineString>
        <coordinates>38.275269,15.871745,0 38.31453,15.901063,0 38.354177,15.929536,0 38.393828,15.958015,0 38.433486,15.986495,0 38.473148,16.014981,0 38.510847,16.043177,0 38.548782,16.073533,0 38.586875,16.103583,0 38.625501,16.132513,0 38.664132,16.161448,0 38.702769,16.190386,0 38.741411,16.219328,0</coordinates>
      </LineString>
    </Placemark>
    <Placemark>
      <name>Fault Line 348</name>
      <LineString>
        <coordinates>39.559853,16.503903,0 39.511648,16.518867,0 39.463449,16.533828,0 39.415252,16.548789,0 39.367057,16.563749,0 39.318864,16.578709,0 39.286356,16.621784,0 39.252657,16.666437,0 39.203909,16.667133,0 39.155161,16.667829,0 39.106413,16.668524,0 39.057665,16.66922,0 39.008917,16.669916,0</coordinates>
      </LineString>
    </Placemark>
    <Placemark>
      <name>Fault Line 349</name>
      <LineString>
        <coordinates>40.233579,15.860393,0 40.266654,15.821201,0 40.299737,15.782001,0 40.332827,15.742792,0 40.36555,15.703039,0 40.397675,15.662433,0 40.432861,15.626446,0 40.470278,15.59456,0 40.505392,15.558412,0 40.539976,15.521373,0 40.57931,15.493713,0 40.623381,15.48474,0 40.653903,15.441894,0 40.682377,15.396645,0 40.711528,15.352132,0 40.740755,15.307685,0 40.769988,15.263226,0 40.79923,15.218757,0 40.828479,15.174275,0 40.857178,15.13063,0</coordinates>
      </LineString>
    </Placemark>
    <Placemark>
      <name>Fault Line 350</name>
      <LineString>
        <coordinates>39.840503,16.023637,0 39.881125,15.999251,0 39.921752,15.974863,0 39.962383,15.950473,0 40.003018,15.926079,0 40.043657,15.901684,0 40.0843,15.877285,0 40.124948,15.852885,0 40.1656,15.828482,0 40.206257,15.804075,0</coordinates>
      </LineString>
    </Placemark>
    <Placemark>
      <name>Fault Line 351</name>
      <LineString>
        <coordinates>40.759816,15.706558,0 40.778808,15.655587,0 40.797806,15.604605,0 40.816807,15.553611,0 40.835812,15.502605,0 40.854823,15.451588,0 40.873837,15.400558,0 40.892856,15.349517,0 40.91188,15.298464,0 40.930909,15.247394,0</coordinates>
      </LineString>
    </Placemark>
    <Placemark>
      <name>Fault Line 352</name>
      <LineString>
        <coordinates>41.539284,14.02367,0 41.513271,14.073142,0 41.487265,14.1226,0 41.461267,14.172046,0 41.435274,14.221478,0 41.409289,14.270897,0</coordinates>
      </LineString>
    </Placemark>
    <Placemark>
      <name>Fault Line 353</name>
      <LineString>
        <coordinates>40.972871,15.64566,0 40.980194,15.587331,0 40.987518,15.528996,0 40.994843,15.470655,0 41.002169,15.412308,0 41.009496,15.353954,0 41.016684,15.295563,0 41.020552,15.236616,0 41.024422,15.177666,0 41.028291,15.118712,0 41.03216,15.059755,0 41.03603,15.000794,0 41.0399,14.941822,0</coordinates>
      </LineString>
    </Placemark>
    <Placemark>
      <name>Fault Line 354</name>
      <LineString>
        <coordinates>40.922477,15.254298,0 40.894344,15.309102,0 40.866218,15.363889,0 40.8381,15.41866,0 40.809991,15.473417,0</coordinates>
      </LineString>
    </Placemark>
    <Placemark>
      <name>Fault Line 355</name>
      <LineString>
        <coordinates>37.679805,-1.694504,0 37.647922,-1.731208,0 37.614831,-1.766152,0 37.580892,-1.799757,0 37.543928,-1.82781,0 37.509021,-1.859768,0 37.478315,-1.897953,0 37.451844,-1.941095,0</coordinates>
      </LineString>
    </Placemark>
    <Placemark>
      <name>Fault Line 356</name>
      <LineString>
        <coordinates>37.76628,-1.504447,0 37.742864,-1.550714,0 37.719746,-1.597207,0 37.703179,-1.647959,0 37.679805,-1.694504,0</coordinates>
      </LineString>
    </Placemark>
    <Placemark>
      <name>Fault Line 357</name>
      <LineString>
        <coordinates>37.852136,-1.423804,0 37.814001,-1.466005,0 37.772333,-1.502574,0</coordinates>
      </LineString>
    </Placemark>
    <Placemark>
      <name>Fault Line 358</name>
      <LineString>
        <coordinates>38.003495,-1.230796,0 37.971903,-1.267747,0 37.943005,-1.308076,0 37.914111,-1.348394,0 37.883546,-1.386663,0 37.852136,-1.423804,0</coordinates>
      </LineString>
    </Placemark>
    <Placemark>
      <name>Fault Line 359</name>
      <LineString>
        <coordinates>36.29215,-3.059739,0 36.320147,-3.017832,0 36.34724,-2.974869,0 36.368382,-2.927021,0 36.389529,-2.879164,0 36.413128,-2.833097,0 36.436801,-2.787074,0 36.460479,-2.741041,0 36.484162,-2.694998,0</coordinates>
      </LineString>
    </Placemark>
    <Placemark>
      <name>Fault Line 360</name>
      <LineString>
        <coordinates>36.484162,-2.694998,0 36.513924,-2.653621,0 36.543691,-2.612238,0 36.573464,-2.570846,0 36.603243,-2.529445,0 36.633029,-2.488035,0 36.662821,-2.446616,0 36.69262,-2.405188,0 36.722425,-2.363751,0 36.752316,-2.322394,0 36.783206,-2.282181,0 36.814102,-2.24196,0 36.845005,-2.20173,0</coordinates>
      </LineString>
    </Placemark>
    <Placemark>
      <name>Fault Line 361</name>
      <LineString>
        <coordinates>36.845005,-2.20173,0 36.872231,-2.158017,0 36.899828,-2.114725,0 36.928067,-2.072069,0 36.956313,-2.029404,0 36.982768,-1.984962,0 37.013804,-1.945418,0 37.04007,-1.900767,0 37.063665,-1.853819,0</coordinates>
      </LineString>
    </Placemark>
    <Placemark>
      <name>Fault Line 362</name>
      <LineString>
        <coordinates>37.066488,-1.849313,0 37.11222,-1.839762,0 37.157636,-1.828127,0 37.203208,-1.817488,0 37.2488,-1.806979,0 37.29439,-1.796452,0 37.339288,-1.781956,0 37.383909,-1.766156,0 37.428183,-1.74887,0</coordinates>
      </LineString>
    </Placemark>
    <Placemark>
      <name>Fault Line 363</name>
      <LineString>
        <coordinates>38.091108,-0.656613,0 38.094668,-0.601078,0 38.099288,-0.54566,0 38.106665,-0.490723,0 38.113502,-0.435666,0 38.120448,-0.380627,0 38.122472,-0.324942,0</coordinates>
      </LineString>
    </Placemark>
    <Placemark>
      <name>Fault Line 364</name>
      <LineString>
        <coordinates>40.770544,20.933247,0 40.737731,20.893732,0 40.700625,20.861525,0 40.661572,20.833629,0 40.620593,20.811055,0 40.579122,20.790109,0 40.537364,20.770188,0 40.494456,20.755094,0 40.450933,20.743455,0 40.407403,20.731871,0 40.363548,20.722638,0 40.320019,20.711057,0 40.276492,20.699475,0 40.232966,20.687894,0 40.189455,20.676318,0</coordinates>
      </LineString>
    </Placemark>
    <Placemark>
      <name>Fault Line 365</name>
      <LineString>
        <coordinates>41.203411,20.210099,0 41.238971,20.250791,0 41.277199,20.286975,0 41.316458,20.321171,0 41.35489,20.357017,0 41.394766,20.389963,0 41.433869,20.424536,0 41.472643,20.459783,0 41.508282,20.50061,0</coordinates>
      </LineString>
    </Placemark>
    <Placemark>
      <name>Fault Line 366</name>
      <LineString>
        <coordinates>41.464996,20.318213,0 41.507474,20.29569,0 41.549727,20.27241,0 41.592067,20.249397,0 41.635171,20.229064,0 41.68034,20.219711,0 41.725839,20.213893,0 41.771448,20.209106,0</coordinates>
      </LineString>
    </Placemark>
    <Placemark>
      <name>Fault Line 367</name>
      <LineString>
        <coordinates>42.146608,20.538718,0 42.10875,20.500789,0 42.0682,20.468333,0 42.030807,20.429624,0 41.993004,20.391665,0 41.956082,20.352192,0 41.91642,20.317882,0 41.882275,20.27417,0 41.855638,20.221902,0 41.82659,20.172024,0 41.794074,20.126188,0 41.761764,20.080643,0</coordinates>
      </LineString>
    </Placemark>
    <Placemark>
      <name>Fault Line 368</name>
      <LineString>
        <coordinates>42.086873,20.663287,0 42.04584,20.63799,0 42.004469,20.613729,0 41.962197,20.592482,0 41.921163,20.567238,0 41.879738,20.543194,0 41.840964,20.512196,0 41.80339,20.478635,0</coordinates>
      </LineString>
    </Placemark>
    <Placemark>
      <name>Fault Line 369</name>
      <LineString>
        <coordinates>42.059843,19.828837,0 42.098127,19.85749,0 42.137008,19.884674,0 42.176991,19.908794,0 42.214705,19.938855,0 42.245609,19.980772,0 42.278627,20.019659,0 42.316539,20.049313,0 42.356081,20.074791,0 42.394396,20.10352,0</coordinates>
      </LineString>
    </Placemark>
    <Placemark>
      <name>Fault Line 370</name>
      <LineString>
        <coordinates>39.600642,20.30902,0 39.619914,20.254501,0 39.646114,20.205073,0 39.667286,20.151718,0 39.701293,20.11106,0 39.740285,20.078815,0 39.783774,20.058483,0 39.82689,20.036832,0 39.869346,20.013063,0 39.908927,19.981977,0 39.947993,19.949787,0 39.987369,19.918229,0 40.02822,19.890021,0 40.070588,19.865917,0 40.115213,19.850215,0 40.156873,19.824057,0 40.199458,19.800565,0 40.23863,19.768453,0 40.280785,19.74364,0 40.323914,19.721875,0 40.367367,19.699751,0</coordinates>
      </LineString>
    </Placemark>
    <Placemark>
      <name>Fault Line 371</name>
      <LineString>
        <coordinates>39.91227,20.387311,0 39.939075,20.340951,0 39.970505,20.299809,0 40.006906,20.266344,0 40.047662,20.242934,0 40.088422,20.219521,0 40.128848,20.195124,0 40.164314,20.159911,0 40.199788,20.124692,0 40.235268,20.089466,0 40.27178,20.056077,0 40.312537,20.032577,0 40.353319,20.009139,0 40.394305,19.986303,0 40.435691,19.964738,0 40.476727,19.942033,0 40.517202,19.917638,0 40.558073,19.894397,0 40.599198,19.871932,0 40.641055,19.851931,0 40.683043,19.832407,0 40.725442,19.814477,0 40.768364,19.798856,0 40.811041,19.782097,0 40.852704,19.761345,0 40.893531,19.737855,0 40.934397,19.714468,0 40.976075,19.69373,0 41.018426,19.675016,0</coordinates>
      </LineString>
    </Placemark>
    <Placemark>
      <name>Fault Line 372</name>
      <LineString>
        <coordinates>40.441865,20.272175,0 40.479746,20.240344,0 40.519264,20.212143,0 40.559314,20.185253,0 40.600356,20.161077,0 40.642128,20.139163,0 40.683432,20.115747,0 40.724363,20.091203,0 40.766029,20.068898,0 40.808884,20.050934,0 40.852454,20.036267,0 40.896477,20.02418,0 40.941101,20.016888,0 40.98587,20.011349,0</coordinates>
      </LineString>
    </Placemark>
    <Placemark>
      <name>Fault Line 373</name>
      <LineString>
        <coordinates>42.167534,19.89736,0 42.211019,19.86795,0 42.248423,19.82596,0 42.284449,19.7818,0 42.320745,19.73784,0</coordinates>
      </LineString>
    </Placemark>
    <Placemark>
      <name>Fault Line 374</name>
      <LineString>
        <coordinates>41.686142,19.526366,0 41.644607,19.549091,0 41.603081,19.571811,0 41.561559,19.594529,0 41.520041,19.617245,0 41.478527,19.639958,0 41.438063,19.665813,0 41.397526,19.691449,0 41.356745,19.71637,0 41.319359,19.749402,0 41.286538,19.790121,0 41.258052,19.836237,0</coordinates>
      </LineString>
    </Placemark>
    <Placemark>
      <name>Fault Line 375</name>
      <LineString>
        <coordinates>39.699341,20.465484,0 39.726197,20.417948,0 39.753708,20.37103,0 39.784179,20.327296,0 39.816076,20.285301,0 39.846331,20.241274,0 39.87661,20.197256,0 39.906594,20.152879,0 39.934825,20.106569,0 39.96337,20.060565,0 40.00012,20.025842,0 40.041489,20.001515,0 40.082869,19.977204,0 40.122513,19.948355,0 40.160943,19.916807,0 40.198247,19.883007,0 40.237832,19.853974,0 40.274777,19.819846,0</coordinates>
      </LineString>
    </Placemark>
    <Placemark>
      <name>Fault Line 376</name>
      <LineString>
        <coordinates>41.664405,19.727978,0 41.706971,19.69854,0 41.750343,19.672336,0 41.784349,19.627724,0 41.813128,19.576905,0 41.84063,19.524806,0 41.867328,19.471935,0 41.900466,19.426079,0 41.933519,19.380087,0</coordinates>
      </LineString>
    </Placemark>
    <Placemark>
      <name>Fault Line 377</name>
      <LineString>
        <coordinates>42.299878,20.04064,0 42.324835,19.987241,0 42.358489,19.943408,0 42.380407,19.88757,0 42.404825,19.833649,0 42.432449,19.782512,0</coordinates>
      </LineString>
    </Placemark>
    <Placemark>
      <name>Fault Line 378</name>
      <LineString>
        <coordinates>41.300549,19.948138,0 41.335357,19.911996,0 41.369673,19.87501,0 41.403247,19.836817,0 41.439752,19.803724,0 41.476292,19.770681,0 41.514138,19.740347,0 41.553487,19.713626,0 41.593743,19.689424,0 41.633982,19.665232,0</coordinates>
      </LineString>
    </Placemark>
    <Placemark>
      <name>Fault Line 379</name>
      <LineString>
        <coordinates>40.55761,19.587059,0 40.597201,19.553169,0 40.6368,19.519273,0 40.676406,19.485371,0 40.720157,19.461929,0 40.764284,19.439373,0</coordinates>
      </LineString>
    </Placemark>
    <Placemark>
      <name>Fault Line 380</name>
      <LineString>
        <coordinates>40.411153,19.67558,0 40.454555,19.663833,0 40.497855,19.651448,0 40.540922,19.637719,0 40.581229,19.613483,0 40.621427,19.588918,0 40.661561,19.564158,0 40.704099,19.547538,0</coordinates>
      </LineString>
    </Placemark>
    <Placemark>
      <name>Fault Line 381</name>
      <LineString>
        <coordinates>40.237834,19.610623,0 40.269784,19.566548,0 40.301742,19.522462,0 40.340107,19.488249,0 40.382559,19.46369,0 40.425721,19.441352,0 40.469068,19.419623,0 40.512512,19.39822,0 40.555929,19.376289,0</coordinates>
      </LineString>
    </Placemark>
    <Placemark>
      <name>Fault Line 382</name>
      <LineString>
        <coordinates>41.583103,20.418972,0 41.617871,20.386387,0 41.652657,20.35382,0 41.683886,20.315321,0 41.724716,20.299737,0 41.767656,20.295425,0</coordinates>
      </LineString>
    </Placemark>
    <Placemark>
      <name>Fault Line 383</name>
      <LineString>
        <coordinates>41.351168,20.101551,0 41.395641,20.085482,0 41.438857,20.064161,0 41.480323,20.037344,0 41.518746,20.003386,0 41.556316,19.967743,0 41.597469,19.940031,0 41.636885,19.908104,0 41.680445,19.887986,0 41.724909,19.871789,0 41.769011,19.85419,0</coordinates>
      </LineString>
    </Placemark>
    <Placemark>
      <name>Fault Line 384</name>
      <LineString>
        <coordinates>41.004894,20.521134,0 41.038464,20.481485,0 41.072905,20.443147,0 41.103582,20.399527,0 41.132807,20.354168,0 41.165022,20.31251,0 41.20098,20.27664,0</coordinates>
      </LineString>
    </Placemark>
    <Placemark>
      <name>Fault Line 385</name>
      <LineString>
        <coordinates>41.012845,19.927225,0 41.047678,19.96639,0 41.081103,20.007679,0 41.105859,20.058612,0 41.127803,20.111785,0 41.15447,20.161026,0 41.188752,20.201203,0</coordinates>
      </LineString>
    </Placemark>
    <Placemark>
      <name>Fault Line 386</name>
      <LineString>
        <coordinates>40.742548,19.586192,0 40.785867,19.583069,0 40.82871,19.574046,0 40.871627,19.565658,0</coordinates>
      </LineString>
    </Placemark>
    <Placemark>
      <name>Fault Line 387</name>
      <LineString>
        <coordinates>41.098814,19.995687,0 41.139722,19.963771,0 41.180076,19.930613,0 41.217662,19.89212,0 41.253502,19.850733,0</coordinates>
      </LineString>
    </Placemark>
    <Placemark>
      <name>Fault Line 388</name>
      <LineString>
        <coordinates>48.110343,16.5998,0 48.153519,16.59712,0 48.196731,16.597433,0 48.239623,16.605336,0 48.274601,16.643452,0 48.304606,16.690193,0 48.333856,16.738027,0 48.364425,16.783988,0 48.396841,16.826406,0</coordinates>
      </LineString>
    </Placemark>
    <Placemark>
      <name>Fault Line 389</name>
      <LineString>
        <coordinates>48.417948,16.633349,0 48.373778,16.615405,0 48.330458,16.593281,0 48.288755,16.565008,0 48.245399,16.543029,0</coordinates>
      </LineString>
    </Placemark>
    <Placemark>
      <name>Fault Line 390</name>
      <LineString>
        <coordinates>48.018549,16.438538,0 48.062891,16.429182,0 48.105668,16.409549,0 48.147156,16.384448,0 48.186429,16.352308,0 48.231093,16.348357,0 48.274722,16.363259,0 48.316473,16.38744,0 48.358118,16.412046,0 48.39979,16.436569,0 48.441466,16.461095,0 48.483147,16.485624,0</coordinates>
      </LineString>
    </Placemark>
    <Placemark>
      <name>Fault Line 391</name>
      <LineString>
        <coordinates>47.999271,16.188408,0 47.976653,16.129336,0 47.954156,16.07058,0 47.931666,16.011843,0 47.910473,15.952066,0 47.892831,15.889796,0 47.875315,15.827469,0 47.867182,15.761005,0 47.859049,15.694551,0 47.847672,15.629176,0 47.827884,15.568433,0 47.808103,15.507709,0 47.794307,15.443441,0 47.78669,15.376944,0 47.779074,15.310457,0 47.766881,15.24551,0 47.748377,15.18397,0 47.729878,15.122449,0 47.711385,15.060945,0 47.692897,14.99946,0 47.677286,14.936259,0 47.662157,14.87282,0 47.647223,14.809297,0 47.632587,14.745639,0 47.618296,14.681827,0 47.609692,14.61582,0 47.601091,14.549823,0 47.59249,14.483837,0 47.583891,14.417861,0 47.575535,14.351829,0 47.567479,14.285725,0 47.559424,14.219631,0</coordinates>
      </LineString>
    </Placemark>
    <Placemark>
      <name>Fault Line 392</name>
      <LineString>
        <coordinates>47.609608,14.269145,0 47.582437,14.216356,0 47.555275,14.163585,0 47.52792,14.111061,0 47.500537,14.058596,0 47.478632,14.000792,0 47.458594,13.941548,0 47.446523,13.877773,0 47.435927,13.813441,0 47.425333,13.749121,0 47.414741,13.684813,0 47.404151,13.620517,0 47.393563,13.556233,0 47.382067,13.492304,0 47.369577,13.428798,0 47.357091,13.365305,0 47.344606,13.301827,0 47.332125,13.238362,0 47.320298,13.17464,0 47.308667,13.110851,0 47.297039,13.047075,0 47.285413,12.983313,0 47.27964,12.91785,0 47.276881,12.851968,0 47.274122,12.786089,0 47.271363,12.720214,0 47.268605,12.654342,0 47.265846,12.588474,0 47.263088,12.522609,0 47.26033,12.456747,0 47.253623,12.39151,0 47.242902,12.327457,0 47.232183,12.263416,0 47.221467,12.199387,0 47.210752,12.135371,0 47.20004,12.071367,0 47.185048,12.009269,0 47.167559,11.948617,0 47.150075,11.887982,0 47.132596,11.827364,0 47.115122,11.766763,0 47.097691,11.706311,0</coordinates>
      </LineString>
    </Placemark>
    <Placemark>
      <name>Fault Line 393</name>
      <LineString>
        <coordinates>47.264424,11.349934,0 47.283428,11.410128,0 47.297416,11.473252,0 47.313773,11.535142,0 47.328423,11.597976,0 47.345541,11.659454,0 47.369208,11.716026,0 47.397009,11.768367,0 47.424819,11.820725,0 47.452567,11.873184,0 47.479727,11.926338,0 47.506896,11.97951,0 47.532432,12.034451,0 47.557698,12.089694,0 47.585084,12.142697,0 47.614738,12.192977,0 47.637914,12.250285,0 47.655305,12.311959,0 47.668463,12.375921,0 47.681625,12.439897,0 47.69479,12.503888,0 47.709458,12.567171,0 47.724791,12.630122,0 47.731954,12.696233,0 47.739118,12.762353,0 47.746339,12.828468,0 47.754227,12.894425,0</coordinates>
      </LineString>
    </Placemark>
    <Placemark>
      <name>Fault Line 394</name>
      <LineString>
        <coordinates>48.885117,16.280658,0 48.849329,16.238193,0 48.814382,16.194172,0 48.784381,16.142445,0 48.75771,16.086701,0 48.725004,16.038954,0 48.691693,15.992213,0 48.658013,15.946112,0 48.621704,15.904869,0 48.585125,15.864207,0 48.548556,15.823555,0 48.515132,15.777163,0 48.483303,15.728312,0 48.452302,15.678291,0 48.422755,15.62634,0 48.393217,15.574407,0 48.361691,15.525225,0 48.32947,15.477106,0 48.29639,15.430355,0 48.263327,15.383607,0 48.230394,15.336684,0 48.197471,15.289776,0 48.164558,15.242882,0 48.131636,15.195975,0</coordinates>
      </LineString>
    </Placemark>
    <Placemark>
      <name>Fault Line 395</name>
      <LineString>
        <coordinates>43.08102,18.939889,0 43.107504,18.889043,0 43.135361,18.839349,0 43.157951,18.784846,0 43.185083,18.734363,0 43.216634,18.688944,0 43.246142,18.640985,0 43.271661,18.588869,0 43.291608,18.532335,0 43.313248,18.476971,0 43.33547,18.422022,0 43.366501,18.375819,0 43.40155,18.335389,0 43.443128,18.30916,0 43.480151,18.272164,0</coordinates>
      </LineString>
    </Placemark>
    <Placemark>
      <name>Fault Line 396</name>
      <LineString>
        <coordinates>42.950182,18.431117,0 42.980991,18.386911,0 43.011786,18.342724,0 43.040159,18.295581,0 43.066502,18.24626,0 43.092293,18.196375,0 43.112753,18.142035,0 43.136494,18.090239,0 43.161258,18.039331,0 43.186029,17.988409,0 43.214331,17.941052,0 43.24281,17.893873,0 43.271501,17.846912,0 43.300163,17.799897,0 43.326545,17.750406,0 43.353503,17.701482,0 43.380719,17.652809,0 43.407667,17.603831,0 43.434848,17.555077,0</coordinates>
      </LineString>
    </Placemark>
    <Placemark>
      <name>Fault Line 397</name>
      <LineString>
        <coordinates>43.614901,17.050003,0 43.651451,17.01563,0 43.687414,16.980091,0 43.721409,16.941,0 43.75419,16.899949,0 43.786545,16.858232,0 43.817013,16.813853,0 43.847489,16.769462,0 43.880952,16.729395,0 43.915438,16.691012,0 43.951006,16.654559,0 43.986581,16.618099,0</coordinates>
      </LineString>
    </Placemark>
    <Placemark>
      <name>Fault Line 398</name>
      <LineString>
        <coordinates>43.997985,17.508261,0 44.037686,17.474667,0 44.077483,17.440992,0 44.117287,17.40731,0 44.157099,17.373623,0 44.196918,17.339929,0 44.237193,17.307282,0 44.278632,17.277588,0 44.320078,17.24789,0 44.364156,17.226839,0 44.40878,17.208159,0 44.453406,17.189477,0 44.497751,17.169508,0 44.54196,17.148944,0 44.585314,17.125047,0 44.62844,17.100331,0</coordinates>
      </LineString>
    </Placemark>
    <Placemark>
      <name>Fault Line 399</name>
      <LineString>
        <coordinates>43.812919,18.537424,0 43.842265,18.485535,0 43.87161,18.433647,0 43.898428,18.379169,0 43.924535,18.324005,0 43.955442,18.273825,0 43.9867,18.224037,0 44.016251,18.172252,0 44.045812,18.120451,0</coordinates>
      </LineString>
    </Placemark>
    <Placemark>
      <name>Fault Line 400</name>
      <LineString>
        <coordinates>44.445375,17.744202,0 44.474753,17.693514,0 44.50488,17.643612,0 44.535759,17.594597,0 44.566128,17.544933,0 44.595865,17.494495,0 44.627144,17.445904,0 44.658844,17.397827,0 44.690553,17.349736,0 44.722272,17.301631,0 44.758105,17.25961,0 44.795975,17.221269,0 44.838162,17.193246,0</coordinates>
      </LineString>
    </Placemark>
    <Placemark>
      <name>Fault Line 401</name>
      <LineString>
        <coordinates>44.879409,17.17526,0 44.898712,17.1179,0 44.9138,17.058059,0 44.926567,16.997136,0 44.943098,16.93803,0 44.959839,16.879024,0 44.981793,16.823518,0 45.004222,16.76837,0 45.030785,16.717003,0</coordinates>
      </LineString>
    </Placemark>
    <Placemark>
      <name>Fault Line 402</name>
      <LineString>
        <coordinates>44.37067,19.063289,0 44.38771,19.007179,0 44.404494,18.950898,0 44.420443,18.894128,0 44.435755,18.837,0 44.449237,18.778958,0 44.463733,18.721385,0 44.481602,18.665688,0 44.501662,18.61146,0 44.525059,18.559907,0 44.548463,18.508339,0 44.579435,18.465315,0 44.610515,18.422422,0</coordinates>
      </LineString>
    </Placemark>
    <Placemark>
      <name>Fault Line 403</name>
      <LineString>
        <coordinates>44.489707,16.204297,0 44.526526,16.166439,0 44.563377,16.128546,0 44.600237,16.090645,0 44.639134,16.056975,0 44.677766,16.022685,0 44.715217,15.98587,0 44.750515,15.945039,0 44.782207,15.898686,0 44.811621,15.849418,0 44.843318,15.803023,0 44.875781,15.75767,0 44.909125,15.71358,0 44.942646,15.669734,0</coordinates>
      </LineString>
    </Placemark>
    <Placemark>
      <name>Fault Line 404</name>
      <LineString>
        <coordinates>43.656042,17.377139,0 43.688204,17.333309,0 43.722623,17.292923,0 43.756778,17.252085,0 43.786787,17.2054,0 43.816442,17.158258,0 43.845864,17.110814,0 43.878204,17.067149,0 43.910552,17.023472,0 43.943145,16.980123,0 43.975836,16.936894,0 44.011196,16.897906,0 44.047035,16.859752,0 44.082883,16.82159,0</coordinates>
      </LineString>
    </Placemark>
    <Placemark>
      <name>Fault Line 405</name>
      <LineString>
        <coordinates>43.509541,19.318833,0 43.538197,19.273556,0 43.564633,19.225477,0 43.589741,19.176039,0 43.617733,19.129627,0 43.648095,19.086127,0 43.677,19.04075,0 43.69764,18.987422,0 43.718286,18.93408,0 43.738937,18.880723,0 43.763756,18.830866,0 43.791986,18.784595,0 43.820223,18.738311,0 43.850901,18.695093,0 43.882065,18.652525,0</coordinates>
      </LineString>
    </Placemark>
    <Placemark>
      <name>Fault Line 406</name>
      <LineString>
        <coordinates>44.104075,18.161099,0 44.124165,18.105032,0 44.144708,18.049265,0 44.168037,17.995648,0 44.191198,17.941866,0 44.212989,17.886962,0 44.234787,17.832043,0 44.257427,17.777772,0 44.28025,17.723631,0</coordinates>
      </LineString>
    </Placemark>
    <Placemark>
      <name>Fault Line 407</name>
      <LineString>
        <coordinates>43.875949,16.880071,0 43.907489,16.834645,0 43.939084,16.789141,0 43.975389,16.750987,0 44.012285,16.713921,0 44.048719,16.675958,0 44.082047,16.6328,0 44.111848,16.58488,0 44.139231,16.534216,0 44.167546,16.484535,0 44.198723,16.438277,0 44.231618,16.39437,0 44.266086,16.352856,0 44.301604,16.31308,0 44.337577,16.274085,0</coordinates>
      </LineString>
    </Placemark>
    <Placemark>
      <name>Fault Line 408</name>
      <LineString>
        <coordinates>43.92412,19.202441,0 43.962069,19.16551,0 43.998799,19.126546,0 44.034537,19.085814,0 44.062911,19.035071,0 44.091294,18.984313,0 44.117965,18.931764,0 44.144545,18.8791,0 44.174884,18.830515,0 44.205694,18.782486,0</coordinates>
      </LineString>
    </Placemark>
    <Placemark>
      <name>Fault Line 409</name>
      <LineString>
        <coordinates>42.716111,18.421781,0 42.751845,18.38396,0 42.785927,18.343392,0 42.820163,18.303043,0 42.853339,18.261058,0 42.883283,18.214754,0 42.912727,18.167833,0 42.94062,18.119153,0 42.97336,18.076455,0 43.009373,18.038977,0</coordinates>
      </LineString>
    </Placemark>
    <Placemark>
      <name>Fault Line 410</name>
      <LineString>
        <coordinates>42.946246,18.063742,0 42.965127,18.005878,0 42.988767,17.951605,0 43.012905,17.897722,0 43.036658,17.843498,0 43.06281,17.791362,0 43.090104,17.740311,0 43.119443,17.691409,0 43.148655,17.642341,0 43.173497,17.588921,0 43.199437,17.536468,0 43.228339,17.486991,0 43.259814,17.44054,0 43.290999,17.3937,0 43.318586,17.342755,0 43.344714,17.290354,0 43.3702,17.237336,0 43.395366,17.184005,0</coordinates>
      </LineString>
    </Placemark>
    <Placemark>
      <name>Fault Line 411</name>
      <LineString>
        <coordinates>42.618495,18.504005,0 42.638825,18.449126,0 42.665445,18.399493,0 42.692071,18.349846,0 42.719044,18.300526,0 42.747166,18.252389,0 42.775341,18.204287,0 42.803578,18.156231,0 42.830578,18.106849,0 42.855602,18.055549,0 42.883405,18.006961,0 42.915825,17.964008,0</coordinates>
      </LineString>
    </Placemark>
    <Placemark>
      <name>Fault Line 412</name>
      <LineString>
        <coordinates>41.844493,26.347992,0 41.85912,26.29138,0 41.873762,26.234713,0 41.88845,26.178055,0 41.902721,26.121193,0 41.910811,26.062168,0 41.918879,26.00313,0 41.926414,25.943957,0 41.93395,25.884777,0 41.940859,25.825452,0 41.944856,25.76564,0 41.948853,25.705825,0 41.955977,25.646533,0 41.968631,25.588924,0 41.981334,25.531323,0 41.994642,25.473957,0 42.007952,25.41658,0 42.023815,25.360378,0 42.040866,25.304797,0 42.058159,25.249336,0 42.075842,25.194083,0 42.093901,25.139035,0 42.11476,25.085797,0 42.135347,25.032352,0 42.154257,24.977771,0 42.174951,24.924366,0 42.197045,24.871975,0 42.21892,24.819398,0 42.238132,24.764941,0 42.257348,24.71047,0 42.278205,24.657093,0 42.299272,24.603849,0</coordinates>
      </LineString>
    </Placemark>
    <Placemark>
      <name>Fault Line 413</name>
      <LineString>
        <coordinates>42.229164,25.057872,0 42.230038,25.119843,0 42.228131,25.18177,0 42.226819,25.243723,0 42.226699,25.305702,0 42.22351,25.367531,0 42.220035,25.429326,0 42.216711,25.491134,0 42.213882,25.552983,0 42.210983,25.614823,0 42.207714,25.676628,0 42.204444,25.73843,0 42.198954,25.79994,0 42.192047,25.861182,0 42.186134,25.922607,0 42.182023,25.984296,0 42.178467,26.046042,0 42.175068,26.107801,0 42.171759,26.169562,0</coordinates>
      </LineString>
    </Placemark>
    <Placemark>
      <name>Fault Line 414</name>
      <LineString>
        <coordinates>42.326179,24.700097,0 42.319119,24.758883,0 42.309325,24.81694,0 42.298363,24.874604,0 42.287702,24.932363,0 42.279715,24.990895,0 42.28265,25.05028,0 42.287163,25.109489,0 42.288439,25.168987,0 42.288809,25.228509,0 42.290459,25.288145,0</coordinates>
      </LineString>
    </Placemark>
    <Placemark>
      <name>Fault Line 415</name>
      <LineString>
        <coordinates>42.367332,25.506821,0 42.394706,25.555834,0 42.422088,25.60486,0 42.445315,25.657694,0 42.46572,25.712644,0 42.48091,25.77063,0 42.496637,25.828367,0 42.512794,25.885901,0 42.534286,25.940144,0 42.552578,25.996523,0 42.565184,26.055719,0 42.579777,26.114111,0</coordinates>
      </LineString>
    </Placemark>
    <Placemark>
      <name>Fault Line 416</name>
      <LineString>
        <coordinates>42.043111,24.487249,0 42.057167,24.431064,0 42.073094,24.375778,0 42.090924,24.321542,0 42.107721,24.266696,0 42.124664,24.211917,0 42.14435,24.158816,0 42.164642,24.106115,0 42.185439,24.053756,0 42.203623,23.999639,0 42.221383,23.94525,0 42.237346,23.889839,0 42.254598,23.835122,0 42.273076,23.781126,0 42.291559,23.727117,0</coordinates>
      </LineString>
    </Placemark>
    <Placemark>
      <name>Fault Line 417</name>
      <LineString>
        <coordinates>41.711203,26.176791,0 41.72499,26.119586,0 41.738588,26.062263,0 41.746532,26.003053,0 41.747546,25.942905,0 41.745569,25.882801,0 41.745846,25.82264,0 41.756088,25.764059,0 41.773155,25.708399,0 41.796527,25.657005,0 41.817029,25.603433,0 41.83674,25.549311,0 41.853403,25.49336,0 41.869472,25.437081,0</coordinates>
      </LineString>
    </Placemark>
    <Placemark>
      <name>Fault Line 418</name>
      <LineString>
        <coordinates>41.834274,26.591698,0 41.869762,26.554373,0 41.905262,26.517035,0 41.942934,26.483742,0 41.98246,26.454569,0 42.02089,26.422842,0 42.058472,26.389305,0 42.095915,26.355464,0 42.129467,26.314862,0 42.160391,26.27061,0</coordinates>
      </LineString>
    </Placemark>
    <Placemark>
      <name>Fault Line 419</name>
      <LineString>
        <coordinates>42.214532,26.706521,0 42.213309,26.766793,0 42.209962,26.826916,0 42.20757,26.887121,0 42.204728,26.947286,0 42.196927,27.006643,0 42.189246,27.066022,0 42.181683,27.125419,0 42.175242,27.185063,0</coordinates>
      </LineString>
    </Placemark>
    <Placemark>
      <name>Fault Line 420</name>
      <LineString>
        <coordinates>42.326723,27.387615,0 42.324468,27.32654,0 42.326913,27.265496,0 42.33204,27.204754,0 42.334116,27.143679,0 42.328998,27.082934,0 42.325049,27.022031,0 42.322228,26.96102,0 42.319808,26.899977,0</coordinates>
      </LineString>
    </Placemark>
    <Placemark>
      <name>Fault Line 421</name>
      <LineString>
        <coordinates>42.651068,26.165951,0 42.657492,26.225647,0 42.663918,26.285349,0 42.669018,26.345293,0 42.669915,26.405628,0 42.669438,26.465971,0 42.667985,26.526285,0 42.665846,26.586559,0 42.662714,26.646751,0 42.657592,26.706685,0 42.653938,26.766813,0 42.650545,26.826966,0 42.649624,26.887281,0 42.644621,26.947283,0</coordinates>
      </LineString>
    </Placemark>
    <Placemark>
      <name>Fault Line 422</name>
      <LineString>
        <coordinates>42.715521,26.499822,0 42.730108,26.560884,0 42.744929,26.621853,0 42.76105,26.682225,0 42.772757,26.744467,0 42.782174,26.807436,0 42.786909,26.871383,0 42.791644,26.935335,0 42.788558,26.999474,0 42.784999,27.063564,0 42.781431,27.127818,0</coordinates>
      </LineString>
    </Placemark>
    <Placemark>
      <name>Fault Line 423</name>
      <LineString>
        <coordinates>42.733561,26.849346,0 42.734855,26.914033,0 42.736149,26.978721,0 42.737224,27.043418,0 42.73847,27.10811,0 42.74056,27.172763,0 42.742856,27.237407,0 42.742056,27.302119,0 42.738055,27.36652,0</coordinates>
      </LineString>
    </Placemark>
    <Placemark>
      <name>Fault Line 424</name>
      <LineString>
        <coordinates>42.862928,27.126404,0 42.851338,27.184868,0 42.839749,27.243322,0 42.828671,27.301948,0 42.82036,27.36141,0 42.813435,27.421195,0 42.807722,27.48121,0 42.800223,27.540852,0 42.789662,27.599618,0 42.774346,27.656395,0 42.754094,27.71021,0 42.73201,27.762654,0 42.717757,27.819889,0 42.707188,27.878574,0 42.696656,27.937048,0</coordinates>
      </LineString>
    </Placemark>
    <Placemark>
      <name>Fault Line 425</name>
      <LineString>
        <coordinates>42.809348,26.40949,0 42.824555,26.465044,0 42.839765,26.52061,0 42.851425,26.577761,0 42.86142,26.635507,0 42.868842,26.69398,0 42.876709,26.752351,0 42.884733,26.81069,0 42.892083,26.869201,0 42.897959,26.928028,0 42.903835,26.986861,0 42.909711,27.045692,0</coordinates>
      </LineString>
    </Placemark>
    <Placemark>
      <name>Fault Line 426</name>
      <LineString>
        <coordinates>42.589954,25.298918,0 42.597935,25.35862,0 42.603577,25.418819,0 42.604933,25.479479,0 42.605423,25.540164,0 42.612635,25.600061,0 42.617696,25.660369,0 42.624513,25.720363,0 42.62841,25.780843,0</coordinates>
      </LineString>
    </Placemark>
    <Placemark>
      <name>Fault Line 427</name>
      <LineString>
        <coordinates>43.099916,26.880115,0 43.095349,26.942046,0 43.090783,27.003973,0 43.083415,27.065385,0 43.076477,27.126884,0 43.070185,27.188507,0 43.063977,27.250139,0 43.056465,27.311491,0 43.047558,27.372485,0 43.041286,27.434083,0 43.036379,27.495906,0 43.033546,27.557967,0 43.028651,27.619784,0 43.023338,27.681531,0 43.01908,27.743426,0 43.017145,27.805534,0 43.013563,27.867503,0 43.006139,27.928825,0 43.000536,27.990502,0 42.996195,28.052321,0</coordinates>
      </LineString>
    </Placemark>
    <Placemark>
      <name>Fault Line 428</name>
      <LineString>
        <coordinates>43.761858,27.533453,0 43.77675,27.473861,0 43.793774,27.415376,0 43.809551,27.356209,0 43.824029,27.296393,0 43.840814,27.237731,0 43.859996,27.180479,0 43.877212,27.122021,0 43.892134,27.062345,0 43.904731,27.001632,0 43.912971,26.939486,0 43.921287,26.877351,0 43.929642,26.815218,0 43.93566,26.752558,0 43.941343,26.689831,0 43.950348,26.627852,0 43.961422,26.566511,0 43.978519,26.507885,0 43.9965,26.449757,0 44.016132,26.392652,0 44.035337,26.335246,0 44.054443,26.277759,0 44.06763,26.217122,0 44.082169,26.157074,0 44.099222,26.098303,0</coordinates>
      </LineString>
    </Placemark>
    <Placemark>
      <name>Fault Line 429</name>
      <LineString>
        <coordinates>43.13432,25.979141,0 43.133951,25.917507,0 43.13376,25.855874,0 43.13477,25.794256,0 43.137996,25.732778,0 43.141219,25.671296,0 43.141219,25.609654,0 43.144793,25.548207,0 43.150315,25.487025,0 43.154589,25.425653,0 43.157515,25.364128,0 43.158748,25.302494,0</coordinates>
      </LineString>
    </Placemark>
    <Placemark>
      <name>Fault Line 430</name>
      <LineString>
        <coordinates>43.235512,25.943018,0 43.258093,25.996558,0 43.281097,26.049776,0 43.302791,26.104042,0 43.322161,26.159961,0 43.34071,26.216422,0 43.355632,26.274895,0 43.372186,26.332546,0 43.382777,26.392822,0</coordinates>
      </LineString>
    </Placemark>
    <Placemark>
      <name>Fault Line 431</name>
      <LineString>
        <coordinates>43.248081,25.731918,0 43.267794,25.786205,0 43.287251,25.840684,0 43.307076,25.894929,0 43.327307,25.948909,0 43.345233,26.004425,0 43.363324,26.059855,0 43.384196,26.113421,0 43.407044,26.165458,0 43.429588,26.217765,0 43.448834,26.272532,0 43.466203,26.328493,0 43.480424,26.38613,0 43.494648,26.443779,0 43.509962,26.500909,0 43.524598,26.55839,0 43.534689,26.617782,0</coordinates>
      </LineString>
    </Placemark>
    <Placemark>
      <name>Fault Line 432</name>
      <LineString>
        <coordinates>43.222076,25.253092,0 43.230069,25.191669,0 43.238065,25.130222,0 43.243439,25.068234,0 43.244956,25.005838,0 43.246338,24.943437,0 43.246803,24.88101,0 43.247268,24.818582,0 43.250471,24.756302,0 43.255144,24.694194,0 43.259975,24.632104,0 43.265504,24.570118,0 43.271034,24.508126,0 43.276657,24.446145,0 43.283782,24.384449,0 43.290908,24.322746,0 43.29679,24.260792,0 43.302613,24.198821,0 43.310044,24.137169,0 43.320035,24.076195,0</coordinates>
      </LineString>
    </Placemark>
    <Placemark>
      <name>Fault Line 433</name>
      <LineString>
        <coordinates>43.063879,23.626841,0 43.031446,23.672716,0 43.001427,23.721547,0 42.974996,23.774088,0 42.951242,23.828944,0 42.926697,23.883125,0 42.902158,23.93729,0 42.877819,23.991601,0 42.853629,24.046015,0 42.829451,24.100405,0</coordinates>
      </LineString>
    </Placemark>
    <Placemark>
      <name>Fault Line 434</name>
      <LineString>
        <coordinates>43.59738,23.113755,0 43.584699,23.172133,0 43.572021,23.2305,0 43.559048,23.288732,0 43.545663,23.346772,0 43.53228,23.4048,0 43.517656,23.462242,0 43.502152,23.519229,0 43.486651,23.576203,0 43.470083,23.632591,0 43.45102,23.687442,0 43.431961,23.742279,0 43.412907,23.797102,0 43.393855,23.851919,0</coordinates>
      </LineString>
    </Placemark>
    <Placemark>
      <name>Fault Line 435</name>
      <LineString>
        <coordinates>43.133631,23.68295,0 43.15959,23.628073,0 43.186284,23.574021,0 43.214932,23.521857,0 43.243468,23.469556,0 43.268066,23.413589,0 43.297549,23.362242,0 43.322738,23.306722,0 43.343278,23.247678,0</coordinates>
      </LineString>
    </Placemark>
    <Placemark>
      <name>Fault Line 436</name>
      <LineString>
        <coordinates>42.879772,23.034853,0 42.864543,23.092847,0 42.848576,23.150455,0 42.83211,23.207786,0 42.816766,23.265679,0 42.801979,23.323827,0 42.784389,23.380492,0 42.765858,23.43658,0 42.745642,23.491559,0 42.72356,23.545172,0 42.699954,23.597549,0 42.675385,23.64908,0 42.65053,23.700335,0 42.624018,23.750012,0 42.600901,23.80268,0</coordinates>
      </LineString>
    </Placemark>
    <Placemark>
      <name>Fault Line 437</name>
      <LineString>
        <coordinates>42.56978,23.594577,0 42.58006,23.535091,0 42.587492,23.474812,0 42.596836,23.415016,0 42.612174,23.357537,0 42.625812,23.29926,0 42.647799,23.245888,0 42.677297,23.199672,0 42.702408,23.148866,0 42.731569,23.102216,0 42.762826,23.058129,0</coordinates>
      </LineString>
    </Placemark>
    <Placemark>
      <name>Fault Line 438</name>
      <LineString>
        <coordinates>42.311319,24.014294,0 42.337059,23.963968,0 42.36001,23.911242,0 42.381146,23.857124,0 42.399382,23.80109,0 42.414934,23.743575,0 42.43196,23.686816,0 42.44991,23.630568,0 42.474046,23.578726,0 42.507208,23.537025,0</coordinates>
      </LineString>
    </Placemark>
    <Placemark>
      <name>Fault Line 439</name>
      <LineString>
        <coordinates>42.273361,23.576108,0 42.295488,23.51647,0 42.320481,23.45898,0 42.347183,23.402889,0 42.375371,23.348119,0 42.407458,23.297409,0 42.444567,23.2534,0</coordinates>
      </LineString>
    </Placemark>
    <Placemark>
      <name>Fault Line 440</name>
      <LineString>
        <coordinates>42.057426,23.799861,0 42.046184,23.86028,0 42.040036,23.922004,0 42.036472,23.984091,0 42.032691,24.046151,0 42.021074,24.106416,0 41.998421,24.160683,0 41.978574,24.216886,0 41.956085,24.271242,0 41.933133,24.325163,0</coordinates>
      </LineString>
    </Placemark>
    <Placemark>
      <name>Fault Line 441</name>
      <LineString>
        <coordinates>42.669853,22.220173,0 42.696234,22.267629,0 42.722726,22.314989,0 42.749716,22.361847,0 42.777586,22.407758,0 42.803553,22.455716,0 42.830614,22.502558,0 42.856434,22.550705,0 42.878972,22.601848,0 42.901076,22.653374,0</coordinates>
      </LineString>
    </Placemark>
    <Placemark>
      <name>Fault Line 442</name>
      <LineString>
        <coordinates>42.461583,22.463435,0 42.492732,22.509126,0 42.523655,22.55512,0 42.55356,22.602359,0 42.583209,22.649917,0 42.611037,22.699486,0 42.643414,22.743687,0 42.676887,22.786375,0 42.707207,22.83324,0 42.738797,22.878549,0 42.764276,22.930526,0 42.79559,22.976579,0</coordinates>
      </LineString>
    </Placemark>
    <Placemark>
      <name>Fault Line 443</name>
      <LineString>
        <coordinates>42.128408,23.153188,0 42.095304,23.114559,0 42.065703,23.071041,0 42.035216,23.028667,0 42.005073,22.985871,0 41.977315,22.940266,0 41.947557,22.897023,0 41.914276,22.858724,0 41.880948,22.820519,0</coordinates>
      </LineString>
    </Placemark>
    <Placemark>
      <name>Fault Line 444</name>
      <LineString>
        <coordinates>42.012931,23.138749,0 41.979466,23.098599,0 41.950063,23.053067,0 41.920934,23.007242,0 41.892396,22.96077,0 41.86443,22.913696,0 41.837514,22.865549,0</coordinates>
      </LineString>
    </Placemark>
    <Placemark>
      <name>Fault Line 445</name>
      <LineString>
        <coordinates>41.622778,24.175367,0 41.652802,24.128447,0 41.681962,24.080543,0 41.712851,24.0346,0 41.746146,23.991758,0 41.779195,23.948554,0 41.811818,23.904747,0 41.838958,23.854638,0</coordinates>
      </LineString>
    </Placemark>
    <Placemark>
      <name>Fault Line 446</name>
      <LineString>
        <coordinates>42.390892,22.594471,0 42.418207,22.639967,0 42.444671,22.686394,0 42.470454,22.733539,0 42.493852,22.782936,0 42.514266,22.834728,0 42.535694,22.885776,0 42.559088,22.935228,0 42.57761,22.987841,0</coordinates>
      </LineString>
    </Placemark>
    <Placemark>
      <name>Fault Line 447</name>
      <LineString>
        <coordinates>42.681079,25.810466,0 42.693762,25.874018,0 42.694636,25.939868,0 42.69562,26.005715,0 42.690125,26.071147,0 42.683807,26.13633,0</coordinates>
      </LineString>
    </Placemark>
    <Placemark>
      <name>Fault Line 448</name>
      <LineString>
        <coordinates>43.145177,28.02972,0 43.150731,27.966334,0 43.158146,27.903387,0 43.166239,27.840587,0 43.17302,27.77749,0 43.179414,27.71431,0 43.184753,27.65094,0 43.191852,27.587889,0 43.199668,27.524991,0 43.208694,27.462389,0 43.214853,27.399129,0 43.222555,27.336181,0 43.231696,27.273587,0 43.248831,27.214225,0 43.266145,27.154944,0 43.283464,27.095648,0</coordinates>
      </LineString>
    </Placemark>
    <Placemark>
      <name>Fault Line 449</name>
      <LineString>
        <coordinates>42.652604,24.97428,0 42.654472,25.038276,0 42.65925,25.101995,0 42.666049,25.16538,0 42.675212,25.22822,0 42.686733,25.290349,0 42.70095,25.351447,0 42.712798,25.413336,0</coordinates>
      </LineString>
    </Placemark>
    <Placemark>
      <name>Fault Line 450</name>
      <LineString>
        <coordinates>43.459254,27.667,0 43.457204,27.728769,0 43.455153,27.790536,0 43.448229,27.851624,0 43.439378,27.91223,0 43.430529,27.972827,0 43.421267,28.033299,0 43.411723,28.093677,0 43.398766,28.152827,0 43.385812,28.211966,0 43.374456,28.271711,0 43.363323,28.331524,0 43.352556,28.391454,0 43.343993,28.452044,0 43.335431,28.512626,0 43.326871,28.5732,0 43.318618,28.633844,0 43.310416,28.694493,0 43.302216,28.755136,0</coordinates>
      </LineString>
    </Placemark>
    <Placemark>
      <name>Fault Line 451</name>
      <LineString>
        <coordinates>43.724491,22.248468,0 43.703278,22.302239,0 43.681798,22.35579,0 43.659974,22.409053,0 43.637719,22.461956,0 43.613263,22.512948,0 43.588814,22.563926,0 43.562902,22.613487,0 43.538505,22.664469,0 43.518186,22.71873,0 43.497868,22.772973,0 43.477499,22.827161,0 43.459272,22.882762,0 43.440544,22.938031,0 43.422838,22.993916,0 43.405717,23.050131,0 43.389448,23.106807,0 43.375762,23.16475,0 43.362069,23.222724,0</coordinates>
      </LineString>
    </Placemark>
    <Placemark>
      <name>Fault Line 452</name>
      <LineString>
        <coordinates>37.15414,-8.68991,0 37.08458,-8.68982,0</coordinates>
      </LineString>
    </Placemark>
    <Placemark>
      <name>Fault Line 453</name>
      <LineString>
        <coordinates>42.742849,24.549601,0 42.723866,24.601443,0 42.70306,24.651957,0 42.681474,24.701843,0 42.659464,24.751368,0 42.640951,24.803456,0 42.626157,24.857683,0 42.612491,24.912491,0</coordinates>
      </LineString>
    </Placemark>
    <Placemark>
      <name>Fault Line 454</name>
      <LineString>
        <coordinates>42.58143,27.192868,0 42.590561,27.250699,0 42.596003,27.309387,0 42.598667,27.368431,0 42.601838,27.427433,0 42.606817,27.486207,0 42.615171,27.544278,0 42.621102,27.602902,0 42.624349,27.661917,0 42.628591,27.720706,0</coordinates>
      </LineString>
    </Placemark>
    <Placemark>
      <name>Fault Line 455</name>
      <LineString>
        <coordinates>44.333574,26.712849,0 44.304884,26.762357,0 44.276203,26.811851,0 44.24753,26.86133,0 44.220728,26.91279,0 44.193967,26.964268,0 44.167213,27.01573,0 44.140467,27.067176,0 44.116459,27.121158,0 44.098232,27.179343,0 44.075271,27.234163,0 44.050353,27.287279,0 44.025442,27.34038,0 44.005481,27.397364,0 43.987424,27.455542,0 43.968234,27.512999,0 43.948841,27.570304,0 43.929453,27.627594,0 43.909207,27.684289,0 43.8884,27.740572,0 43.867599,27.796841,0 43.846804,27.853094,0 43.825504,27.908963,0 43.803527,27.964306,0 43.781556,28.019633,0 43.756252,28.072135,0 43.727871,28.121505,0 43.699499,28.170861,0 43.675652,28.224581,0 43.65483,28.280635,0 43.638565,28.339482,0 43.626961,28.400385,0 43.615383,28.461286,0 43.603901,28.522209,0 43.592421,28.583121,0 43.578009,28.642431,0</coordinates>
      </LineString>
    </Placemark>
    <Placemark>
      <name>Fault Line 456</name>
      <LineString>
        <coordinates>41.886745,25.106681,0 41.908245,25.050297,0 41.932288,24.995485,0 41.960638,24.944504,0 41.988761,24.893276,0 42.016629,24.841771,0 42.040068,24.786394,0 42.059838,24.728462,0 42.080504,24.67108,0 42.101186,24.613689,0 42.122287,24.556559,0 42.143457,24.499457,0</coordinates>
      </LineString>
    </Placemark>
    <Placemark>
      <name>Fault Line 457</name>
      <LineString>
        <coordinates>42.303415,23.314316,0 42.278851,23.266519,0 42.254803,23.218276,0 42.229112,23.171626,0 42.209485,23.119898,0</coordinates>
      </LineString>
    </Placemark>
    <Placemark>
      <name>Fault Line 458</name>
      <LineString>
        <coordinates>42.301305,26.061684,0 42.305537,25.997688,0 42.308203,25.933585,0 42.31026,25.86944,0 42.312743,25.805318,0 42.310287,25.741194,0 42.306802,25.677161,0 42.303407,25.613123,0 42.30248,25.548934,0 42.301828,25.484741,0</coordinates>
      </LineString>
    </Placemark>
    <Placemark>
      <name>Fault Line 459</name>
      <LineString>
        <coordinates>48.328322,9.080552,0 48.284247,9.058316,0 48.242354,9.028293,0 48.196264,9.020033,0</coordinates>
      </LineString>
    </Placemark>
    <Placemark>
      <name>Fault Line 460</name>
      <LineString>
        <coordinates>36.787747,1.405432,0 36.815052,1.449635,0 36.842389,1.49389,0 36.869733,1.538155,0 36.897082,1.582429,0 36.924437,1.626714,0 36.951799,1.671009,0 36.978292,1.716139,0 36.998427,1.766165,0 37.018566,1.816201,0 37.038709,1.866248,0 37.058857,1.916306,0 37.074136,1.969012,0 37.087281,2.022624,0 37.100428,2.076245,0 37.113363,2.129956,0 37.124426,2.184328,0 37.135491,2.238707,0 37.146557,2.293094,0 37.157624,2.347488,0 37.167454,2.402263,0 37.177159,2.45708,0 37.186864,2.511904,0 37.19657,2.566734,0</coordinates>
      </LineString>
    </Placemark>
    <Placemark>
      <name>Fault Line 461</name>
      <LineString>
        <coordinates>35.949571,-0.794109,0 35.981411,-0.753457,0 36.013262,-0.712791,0 36.045119,-0.672117,0 36.076982,-0.631434,0 36.108853,-0.590743,0 36.14073,-0.550043,0 36.172058,-0.50868,0 36.203371,-0.467281,0 36.234689,-0.425873,0 36.264973,-0.383283,0 36.294096,-0.339449,0 36.323226,-0.295606,0 36.352362,-0.251753,0 36.381661,-0.20805,0 36.41104,-0.164413,0 36.440425,-0.120765,0 36.469817,-0.077108,0 36.498913,-0.033131,0 36.527159,0.011714,0 36.555411,0.056569,0 36.583669,0.101435,0 36.611649,0.146585,0 36.63869,0.192631,0 36.665737,0.238688,0 36.692791,0.284755,0 36.719212,0.331405,0 36.745241,0.378412,0 36.771277,0.425429,0 36.796768,0.472926,0 36.822055,0.520607,0 36.847347,0.5683,0</coordinates>
      </LineString>
    </Placemark>
    <Placemark>
      <name>Fault Line 462</name>
      <LineString>
        <coordinates>37.087411,2.886948,0 37.052614,2.920986,0 37.017823,2.955018,0 36.983038,2.989045,0 36.948259,3.023065,0 36.913486,3.05708,0 36.878719,3.091088,0 36.843958,3.125091,0 36.809324,3.159278,0 36.774833,3.193673,0 36.740347,3.228061,0 36.705868,3.262445,0 36.671394,3.296821,0 36.636926,3.331192,0 36.602465,3.365557,0 36.568009,3.399916,0 36.53356,3.434269,0 36.498681,3.467929,0 36.462958,3.500178,0 36.427241,3.532422,0 36.39153,3.564662,0 36.355822,3.596898,0</coordinates>
      </LineString>
    </Placemark>
    <Placemark>
      <name>Fault Line 463</name>
      <LineString>
        <coordinates>36.936667,0.879202,0 36.917125,0.931061,0 36.897587,0.98291,0 36.878052,1.034747,0 36.858523,1.086574,0 36.838996,1.13839,0 36.819474,1.190195,0 36.799898,1.241955,0 36.779959,1.293485,0 36.760025,1.345005,0 36.740094,1.396513,0 36.720168,1.448011,0 36.700245,1.499498,0 36.680328,1.550974,0 36.660414,1.602439,0 36.640505,1.653892,0</coordinates>
      </LineString>
    </Placemark>
    <Placemark>
      <name>Fault Line 464</name>
      <LineString>
        <coordinates>45.153025,18.227907,0 45.164965,18.162258,0 45.176862,18.096603,0 45.18861,18.03088,0 45.196862,17.964082,0 45.204005,17.89702,0 45.210668,17.829848,0 45.216881,17.762584,0</coordinates>
      </LineString>
    </Placemark>
    <Placemark>
      <name>Fault Line 465</name>
      <LineString>
        <coordinates>36.353681,1.724879,0 36.321737,1.685769,0 36.2898,1.646667,0 36.257869,1.607573,0 36.225944,1.568488,0 36.195078,1.528133,0 36.16475,1.487172,0 36.134429,1.446219,0 36.104114,1.405274,0 36.073806,1.364338,0 36.043504,1.323411,0 36.013208,1.282493,0 35.984155,1.240235,0 35.955168,1.197922,0 35.926188,1.155617,0 35.897214,1.113321,0 35.868246,1.071035,0 35.838614,1.029471,0 35.808704,0.988227,0 35.7788,0.946991,0 35.748903,0.905763,0 35.719012,0.864544,0 35.68948,0.822948,0 35.660471,0.780815,0 35.631468,0.738691,0 35.602471,0.696576,0 35.573481,0.65447,0 35.544496,0.612373,0 35.517535,0.568304,0 35.490951,0.523908,0 35.464373,0.479521,0 35.437801,0.435144,0 35.411234,0.390777,0 35.385118,0.346023,0 35.359314,0.301011,0 35.333515,0.256008,0 35.307722,0.211015,0 35.284634,0.16388,0 35.263848,0.115178,0 35.243066,0.066486,0 35.222288,0.017804,0 35.201515,-0.030868,0 35.186937,-0.082792,0 35.175803,-0.135967,0 35.16467,-0.189136,0 35.153538,-0.242298,0 35.142408,-0.295453,0 35.131435,-0.34865,0 35.120541,-0.401865,0 35.109648,-0.455074,0 35.098757,-0.508276,0 35.087866,-0.561471,0 35.076993,-0.614585,0</coordinates>
      </LineString>
    </Placemark>
    <Placemark>
      <name>Fault Line 466</name>
      <LineString>
        <coordinates>35.639262,2.227782,0 35.61819,2.179815,0 35.597123,2.131858,0 35.576059,2.083912,0 35.555,2.035975,0 35.533946,1.988047,0 35.512895,1.940129,0 35.494708,1.890484,0 35.477054,1.840562,0 35.459403,1.790649,0 35.441756,1.740745,0 35.424111,1.690851,0 35.407768,1.640304,0 35.391578,1.589693,0 35.375391,1.539091,0 35.359206,1.488498,0 35.343025,1.437913,0 35.326846,1.387337,0 35.311889,1.336209,0 35.297471,1.284856,0 35.283056,1.233511,0 35.268643,1.182175,0 35.254238,1.130869,0</coordinates>
      </LineString>
    </Placemark>
    <Placemark>
      <name>Fault Line 467</name>
      <LineString>
        <coordinates>36.641355,3.178322,0 36.608516,3.140432,0 36.575684,3.102549,0 36.542859,3.064673,0 36.51004,3.026805,0 36.47849,2.987318,0 36.453691,2.940991,0 36.428898,2.894674,0 36.404111,2.848367,0 36.379329,2.802071,0 36.354553,2.755784,0 36.329782,2.709508,0 36.306073,2.662395,0 36.291542,2.60987,0 36.277013,2.557354,0 36.262487,2.504846,0 36.247963,2.452348,0 36.233441,2.399858,0 36.218897,2.347286,0</coordinates>
      </LineString>
    </Placemark>
    <Placemark>
      <name>Fault Line 468</name>
      <LineString>
        <coordinates>36.615781,4.977868,0 36.585249,4.936169,0 36.554705,4.894452,0 36.524167,4.852744,0 36.493636,4.811046,0 36.463273,4.769172,0 36.433511,4.726652,0 36.403755,4.684142,0 36.377584,4.638153,0 36.353732,4.590272,0 36.329885,4.542402,0 36.306044,4.494543,0 36.282207,4.446694,0 36.258583,4.398699,0 36.237464,4.348953,0 36.21635,4.299218,0 36.195241,4.249493,0 36.173989,4.199874,0 36.152408,4.150488,0 36.130832,4.101112,0 36.10926,4.051747,0 36.087693,4.002392,0 36.066131,3.953048,0 36.044573,3.903714,0 36.02302,3.854391,0 36.001471,3.805078,0 35.979927,3.755775,0</coordinates>
      </LineString>
    </Placemark>
    <Placemark>
      <name>Fault Line 469</name>
      <LineString>
        <coordinates>36.602094,5.764398,0 36.574533,5.718166,0 36.546978,5.671945,0 36.519429,5.625736,0 36.491887,5.579537,0 36.466542,5.531446,0 36.441985,5.482742,0 36.417434,5.434048,0 36.392888,5.385366,0 36.368348,5.336695,0 36.345949,5.286471,0 36.325864,5.234776,0 36.305783,5.183092,0 36.285707,5.131418,0 36.265643,5.079777,0</coordinates>
      </LineString>
    </Placemark>
    <Placemark>
      <name>Fault Line 470</name>
      <LineString>
        <coordinates>34.777594,5.286335,0 34.752563,5.240627,0 34.727489,5.194839,0 34.70242,5.149061,0 34.677356,5.103292,0 34.652297,5.057533,0 34.627243,5.011784,0 34.602195,4.966045,0 34.577153,4.920315,0 34.552115,4.874594,0 34.527082,4.828883,0 34.502055,4.783182,0 34.477033,4.73749,0 34.452017,4.691807,0 34.427005,4.646135,0 34.401999,4.600471,0 34.376998,4.554817,0 34.352002,4.509172,0 34.327011,4.463537,0 34.302025,4.417911,0 34.277045,4.372295,0 34.252069,4.326688,0 34.227099,4.281091,0 34.202134,4.235503,0 34.177174,4.189924,0 34.152219,4.144355,0 34.127269,4.098795,0 34.103549,4.0523,0 34.080824,4.005097,0 34.058104,3.957903,0 34.035388,3.91072,0 34.012677,3.863545,0 33.98997,3.81638,0 33.967269,3.769224,0 33.944571,3.722078,0 33.921878,3.674941,0 33.89919,3.627813,0 33.876506,3.580695,0 33.853826,3.533586,0 33.834144,3.484573,0 33.816175,3.434628,0 33.798209,3.384692,0 33.780247,3.334764,0 33.762287,3.284846,0 33.744331,3.234936,0 33.726378,3.185035,0 33.708428,3.135142,0 33.690481,3.085259,0 33.672537,3.035384,0 33.654597,2.985518,0 33.63666,2.935661,0 33.618725,2.885812,0 33.600794,2.835973,0 33.582052,2.786576,0 33.562471,2.737661,0 33.542893,2.688755,0 33.523318,2.639858,0 33.503748,2.59097,0 33.484181,2.542092,0 33.464618,2.493222,0 33.445058,2.444361,0 33.425503,2.395509,0 33.40595,2.346666,0 33.386402,2.297832,0 33.366857,2.249007,0 33.347315,2.200191,0 33.327777,2.151384,0 33.308242,2.102586,0 33.288711,2.053796,0 33.269183,2.005015,0 33.249659,1.956243,0 33.230426,1.907317,0 33.211935,1.857994,0 33.193447,1.80868,0 33.174962,1.759374,0 33.15648,1.710076,0 33.138002,1.660787,0 33.119527,1.611507,0 33.101055,1.562236,0 33.082586,1.512973,0 33.064121,1.463719,0 33.045659,1.414474,0 33.0272,1.365237,0 33.008744,1.316008,0 32.990292,1.266788,0 32.971842,1.217577,0 32.953396,1.168374,0 32.934953,1.119179,0 32.916513,1.069993,0 32.897118,1.021343,0 32.877418,0.972877,0 32.857722,0.92442,0 32.838029,0.875972,0 32.818341,0.827531,0 32.798655,0.7791,0 32.778974,0.730677,0 32.759295,0.682264,0 32.739621,0.633859,0 32.719949,0.585463,0 32.700282,0.537075,0 32.680617,0.488696,0 32.660957,0.440325,0 32.6413,0.391963,0 32.621646,0.34361,0 32.601996,0.295266,0 32.582349,0.24693,0</coordinates>
      </LineString>
    </Placemark>
    <Placemark>
      <name>Fault Line 471</name>
      <LineString>
        <coordinates>36.574373,7.397293,0 36.553197,7.34732,0 36.532031,7.297371,0 36.51087,7.247433,0 36.489713,7.197505,0 36.468561,7.147588,0 36.447413,7.097682,0 36.42627,7.047787,0 36.405132,6.997903,0 36.383998,6.948029,0 36.362869,6.898166,0 36.341744,6.848313,0 36.318651,6.799839,0 36.291688,6.754562,0 36.264732,6.709295,0 36.237781,6.664039,0 36.210837,6.618792,0 36.183898,6.573556,0 36.156965,6.528329,0 36.130038,6.483113,0 36.103117,6.437906,0 36.076202,6.39271,0 36.049294,6.347524,0 36.022391,6.302348,0</coordinates>
      </LineString>
    </Placemark>
    <Placemark>
      <name>Fault Line 472</name>
      <LineString>
        <coordinates>35.320016,-1.001559,0 35.286632,-1.039271,0 35.25448,-1.078544,0 35.223323,-1.118984,0 35.195203,-1.162618,0 35.167088,-1.206242,0 35.14085,-1.251568,0 35.117495,-1.299182,0 35.095011,-1.347403,0 35.074095,-1.396653,0 35.053188,-1.445883,0</coordinates>
      </LineString>
    </Placemark>
    <Placemark>
      <name>Fault Line 473</name>
      <LineString>
        <coordinates>45.235573,16.588278,0 45.25922,16.53299,0 45.282909,16.477605,0 45.306605,16.422204,0 45.327629,16.364642,0 45.348635,16.307046,0 45.370158,16.249814,0 45.391688,16.192566,0 45.418735,16.140257,0 45.446574,16.088772,0 45.474323,16.037163,0 45.503798,15.987512,0 45.535281,15.940411,0 45.567163,15.893834,0 45.603979,15.855361,0 45.642265,15.819912,0</coordinates>
      </LineString>
    </Placemark>
    <Placemark>
      <name>Fault Line 474</name>
      <LineString>
        <coordinates>45.588387,17.632658,0 45.574855,17.693609,0 45.561327,17.754546,0 45.547801,17.815469,0 45.530273,17.874261,0 45.509373,17.930742,0 45.487869,17.986737,0 45.464898,18.041513,0 45.442752,18.096953,0 45.42316,18.154293,0 45.40442,18.212188,0 45.387728,18.271324,0 45.370602,18.330189,0 45.350014,18.386742,0 45.329425,18.443298,0</coordinates>
      </LineString>
    </Placemark>
    <Placemark>
      <name>Fault Line 475</name>
      <LineString>
        <coordinates>45.442395,16.951326,0 45.458851,16.890506,0 45.479959,16.832666,0 45.502702,16.776076,0 45.53313,16.727362,0 45.563733,16.678843,0 45.596181,16.632809,0 45.628889,16.587128,0 45.663009,16.543581,0 45.697881,16.501246,0</coordinates>
      </LineString>
    </Placemark>
    <Placemark>
      <name>Fault Line 476</name>
      <LineString>
        <coordinates>45.852563,17.282046,0 45.833526,17.34041,0 45.812592,17.397399,0 45.790944,17.453814,0 45.770666,17.511247,0 45.751933,17.569726,0 45.730257,17.626059,0 45.704948,17.679166,0 45.676928,17.729378,0 45.644821,17.774273,0 45.612719,17.819162,0</coordinates>
      </LineString>
    </Placemark>
    <Placemark>
      <name>Fault Line 477</name>
      <LineString>
        <coordinates>45.202434,17.709744,0 45.222161,17.65187,0 45.241887,17.593998,0 45.258116,17.533955,0 45.272398,17.472909,0 45.284976,17.411095,0 45.290903,17.347293,0 45.297098,17.283534,0 45.30435,17.219993,0 45.311603,17.156444,0 45.319904,17.093148,0 45.334625,17.032244,0 45.34935,16.971326,0</coordinates>
      </LineString>
    </Placemark>
    <Placemark>
      <name>Fault Line 478</name>
      <LineString>
        <coordinates>46.028813,16.062248,0 46.044474,16.122794,0 46.059937,16.183463,0 46.075303,16.244201,0 46.090308,16.305141,0 46.103448,16.366988,0 46.114644,16.429637,0 46.124414,16.492793,0 46.134188,16.555966,0</coordinates>
      </LineString>
    </Placemark>
    <Placemark>
      <name>Fault Line 479</name>
      <LineString>
        <coordinates>42.332778,20.901989,0 42.303111,20.854934,0 42.271252,20.810599,0 42.238386,20.767648,0 42.204713,20.725879,0 42.174919,20.679066,0 42.148068,20.629135,0 42.125989,20.575181,0</coordinates>
      </LineString>
    </Placemark>
    <Placemark>
      <name>Fault Line 480</name>
      <LineString>
        <coordinates>42.313581,21.205705,0 42.334787,21.257903,0 42.355629,21.310384,0 42.377701,21.361956,0 42.399014,21.414127,0 42.42002,21.466542,0 42.438272,21.520833,0 42.456451,21.575185,0 42.476165,21.628562,0</coordinates>
      </LineString>
    </Placemark>
    <Placemark>
      <name>Fault Line 481</name>
      <LineString>
        <coordinates>42.746306,20.317193,0 42.758899,20.371831,0 42.76711,20.427926,0 42.774775,20.484171,0 42.784371,20.539872,0 42.795339,20.595111,0 42.806371,20.650335,0</coordinates>
      </LineString>
    </Placemark>
    <Placemark>
      <name>Fault Line 482</name>
      <LineString>
        <coordinates>42.403935,20.256556,0 42.449814,20.265265,0 42.495883,20.272127,0 42.541968,20.278806,0 42.587789,20.288256,0 42.633336,20.299902,0 42.678677,20.312966,0 42.724464,20.322745,0</coordinates>
      </LineString>
    </Placemark>
    <Placemark>
      <name>Fault Line 483</name>
      <LineString>
        <coordinates>42.652746,21.056782,0 42.695671,21.023058,0 42.738648,20.989395,0 42.781047,20.954377,0 42.823734,20.919993,0 42.86489,20.882272,0</coordinates>
      </LineString>
    </Placemark>
    <Placemark>
      <name>Fault Line 484</name>
      <LineString>
        <coordinates>42.444515,21.332392,0 42.486221,21.307115,0 42.526708,21.278441,0 42.567533,21.250644,0 42.609869,21.227362,0 42.65139,21.2015,0</coordinates>
      </LineString>
    </Placemark>
    <Placemark>
      <name>Fault Line 485</name>
      <LineString>
        <coordinates>42.479785,20.952623,0 42.522027,20.922805,0 42.567173,20.903191,0 42.611082,20.878929,0 42.654747,20.853851,0 42.698752,20.82988,0 42.742428,20.804804,0 42.785689,20.778408,0</coordinates>
      </LineString>
    </Placemark>
    <Placemark>
      <name>Fault Line 486</name>
      <LineString>
        <coordinates>35.202202,-3.456085,0 35.165536,-3.491187,0 35.128899,-3.52626,0 35.092757,-3.56208,0 35.056861,-3.598247,0 35.021331,-3.634935,0 34.985881,-3.671721,0 34.950603,-3.708737,0 34.917722,-3.748891,0 34.88479,-3.788967,0 34.85202,-3.829222,0 34.82086,-3.871318,0 34.78972,-3.913421,0 34.758711,-3.95565,0 34.72957,-3.99979,0 34.70222,-4.045581,0 34.675685,-4.09206,0 34.649913,-4.139155,0</coordinates>
      </LineString>
    </Placemark>
    <Placemark>
      <name>Fault Line 487</name>
      <LineString>
        <coordinates>34.48874,-4.311036,0 34.488997,-4.365383,0 34.489253,-4.419731,0 34.48951,-4.474079,0 34.492347,-4.528319,0 34.497244,-4.582346,0 34.502141,-4.636376,0 34.508207,-4.690235,0 34.516706,-4.743613,0 34.525205,-4.796996,0 34.533705,-4.850385,0 34.542572,-4.903689,0 34.554379,-4.956154,0 34.566188,-5.008625,0 34.580273,-5.06027,0 34.603825,-5.106558,0 34.628595,-5.151912,0 34.656104,-5.194886,0 34.683619,-5.237869,0 34.711294,-5.280713,0 34.739384,-5.323171,0 34.767479,-5.365638,0 34.795581,-5.408113,0 34.824893,-5.449372,0 34.856635,-5.487887,0 34.888383,-5.526409,0 34.920137,-5.564939,0 34.951897,-5.603476,0 34.989481,-5.633224,0 35.027593,-5.661965,0 35.065711,-5.690709,0 35.104667,-5.717736,0 35.143627,-5.744767,0 35.182741,-5.771478,0 35.222308,-5.797185,0 35.26188,-5.822895,0 35.302741,-5.845388,0 35.344085,-5.866521,0 35.385433,-5.887655,0 35.426868,-5.908541,0 35.468306,-5.929429,0 35.509748,-5.950318,0 35.551168,-5.971197,0</coordinates>
      </LineString>
    </Placemark>
    <Placemark>
      <name>Fault Line 488</name>
      <LineString>
        <coordinates>35.371951,-2.428741,0 35.335305,-2.461314,0 35.299885,-2.495849,0 35.268278,-2.535538,0 35.236677,-2.575218,0 35.205082,-2.614891,0 35.173493,-2.654556,0 35.14191,-2.694213,0 35.110334,-2.733862,0 35.078705,-2.773432,0 35.046873,-2.812744,0 35.015047,-2.852047,0 34.983228,-2.891343,0 34.951415,-2.930631,0 34.919608,-2.969911,0 34.887807,-3.009183,0 34.857228,-3.049857,0 34.827802,-3.091759,0 34.798382,-3.133653,0 34.768968,-3.175538,0 34.73956,-3.217414,0 34.710158,-3.259281,0 34.680762,-3.30114,0 34.651372,-3.342991,0 34.62374,-3.386561,0 34.596213,-3.430215,0 34.568692,-3.47386,0 34.541176,-3.517495,0 34.513666,-3.561122,0 34.485781,-3.604384,0 34.457599,-3.647345,0 34.429423,-3.690297,0 34.401253,-3.733241,0 34.373088,-3.776175,0 34.34451,-3.818693,0 34.31582,-3.861085,0 34.287136,-3.903468,0 34.258458,-3.945843,0 34.232037,-3.9903,0 34.214001,-4.040506,0 34.195968,-4.090703,0 34.177939,-4.140891,0 34.159913,-4.19107,0 34.144638,-4.242555,0 34.133058,-4.29542,0 34.121479,-4.348278,0 34.109901,-4.40113,0 34.098324,-4.453975,0 34.087594,-4.507073,0 34.0831,-4.561454,0 34.078607,-4.615832,0 34.074114,-4.670207,0 34.069621,-4.724579,0 34.065813,-4.779025,0 34.062647,-4.83353,0 34.059482,-4.888033,0 34.056316,-4.942534,0 34.053151,-4.997032,0 34.050003,-5.05153,0 34.047427,-5.106068,0 34.04485,-5.160605,0 34.042274,-5.215141,0 34.039697,-5.269674,0 34.037121,-5.324206,0 34.034545,-5.378736,0 34.03461,-5.433355,0 34.038357,-5.487787,0 34.042103,-5.542221,0 34.04585,-5.596658,0 34.049597,-5.651097,0 34.052966,-5.705574,0 34.055728,-5.760102,0 34.058491,-5.814632,0 34.061253,-5.869164,0 34.063992,-5.923225,0</coordinates>
      </LineString>
    </Placemark>
    <Placemark>
      <name>Fault Line 489</name>
      <LineString>
        <coordinates>31.88695,-4.828852,0 31.865549,-4.875741,0 31.844153,-4.922621,0 31.82276,-4.969492,0 31.801371,-5.016356,0 31.779985,-5.063211,0 31.757877,-5.109588,0 31.734955,-5.155404,0 31.712038,-5.201211,0 31.689125,-5.24701,0 31.666331,-5.292881,0 31.646763,-5.340753,0 31.627198,-5.388616,0 31.607637,-5.436472,0 31.58808,-5.48432,0 31.568526,-5.532159,0 31.548975,-5.57999,0 31.529427,-5.627813,0 31.509882,-5.675628,0 31.491876,-5.724257,0 31.474531,-5.773206,0 31.457189,-5.822147,0 31.43985,-5.87108,0 31.422513,-5.920006,0 31.405179,-5.968924,0 31.387848,-6.017834,0 31.370364,-6.066661,0 31.35273,-6.115406,0 31.335098,-6.164143,0 31.31747,-6.212873,0 31.299844,-6.261595,0 31.28222,-6.310309,0 31.265331,-6.359369,0 31.248564,-6.408476,0 31.231799,-6.457576,0 31.215037,-6.506668,0 31.198277,-6.555752,0 31.18152,-6.60483,0 31.164765,-6.6539,0 31.148013,-6.702962,0 31.131263,-6.752017,0 31.114543,-6.801077,0 31.097828,-6.85013,0 31.081116,-6.899176,0 31.064407,-6.948215,0 31.0477,-6.997245,0 31.030995,-7.046269,0 31.014293,-7.095285,0 30.999243,-7.145016,0 30.984965,-7.195048,0 30.970689,-7.245073,0 30.956414,-7.295092,0 30.942141,-7.345103,0 30.92787,-7.395108,0 30.913602,-7.445106,0 30.899372,-7.495112,0 30.885197,-7.545132,0 30.871024,-7.595145,0 30.856853,-7.645151,0 30.842683,-7.69515,0 30.828515,-7.745143,0 30.815522,-7.79556,0 30.80307,-7.846157,0 30.79062,-7.896747,0 30.778171,-7.947331,0 30.765723,-7.997909,0 30.753277,-8.048481,0 30.740794,-8.099034,0 30.728127,-8.149517,0 30.715461,-8.199994,0 30.702797,-8.250465,0 30.690135,-8.30093,0 30.679321,-8.351967,0 30.669146,-8.403177,0 30.658972,-8.454383,0 30.648799,-8.505583,0 30.638627,-8.556778,0 30.628456,-8.607968,0 30.618286,-8.659153,0 30.607584,-8.710184,0 30.596049,-8.760964,0 30.584515,-8.811738,0 30.572983,-8.862506,0 30.561451,-8.913269,0 30.550063,-8.964069,0 30.539433,-9.015084,0 30.528804,-9.066094,0 30.518176,-9.117099,0 30.507549,-9.168098,0 30.496923,-9.219092,0 30.486202,-9.270054,0 30.47478,-9.320804,0 30.46336,-9.371549,0 30.45194,-9.422288,0 30.440549,-9.473029,0 30.429326,-9.523815,0 30.418104,-9.574596,0 30.406883,-9.625371,0 30.39566,-9.676158,0</coordinates>
      </LineString>
    </Placemark>
    <Placemark>
      <name>Fault Line 490</name>
      <LineString>
        <coordinates>42.424773,18.827867,0 42.448631,18.777127,0 42.471962,18.725935,0 42.492826,18.672802,0 42.510377,18.617495,0 42.532713,18.565443,0 42.559688,18.517588,0</coordinates>
      </LineString>
    </Placemark>
    <Placemark>
      <name>Fault Line 491</name>
      <LineString>
        <coordinates>42.385896,19.430147,0 42.401155,19.372528,0 42.427793,19.323113,0 42.462671,19.284213,0 42.494532,19.240794,0 42.520008,19.190194,0 42.546423,19.140466,0 42.575153,19.093141,0 42.608861,19.052295,0 42.639587,19.007294,0 42.668714,18.960347,0 42.706442,18.926554,0 42.741495,18.88777,0</coordinates>
      </LineString>
    </Placemark>
    <Placemark>
      <name>Fault Line 492</name>
      <LineString>
        <coordinates>42.855927,18.923788,0 42.882576,18.87515,0 42.911045,18.828319,0 42.943032,18.785908,0 42.975239,18.743787,0 43.002655,18.695725,0 43.030078,18.64765,0 43.057509,18.599561,0 43.084526,18.551018,0 43.111165,18.502062,0 43.137411,18.452686,0 43.16363,18.403262,0 43.191369,18.355404,0 43.220807,18.309472,0 43.2526,18.266574,0 43.285119,18.224692,0 43.319096,18.185033,0 43.353112,18.145413,0</coordinates>
      </LineString>
    </Placemark>
    <Placemark>
      <name>Fault Line 493</name>
      <LineString>
        <coordinates>42.786175,19.457342,0 42.816698,19.40756,0 42.847016,19.357127,0 42.875103,19.30432,0 42.903889,19.252193,0 42.933038,19.200422,0 42.964052,19.150689,0 42.995075,19.100941,0 43.035685,19.066395,0 43.077228,19.033971,0</coordinates>
      </LineString>
    </Placemark>
    <Placemark>
      <name>Fault Line 494</name>
      <LineString>
        <coordinates>42.024069,19.489348,0 42.044314,19.434887,0 42.064529,19.380345,0 42.084421,19.325569,0 42.109587,19.274865,0 42.138335,19.227729,0 42.167354,19.180873,0 42.197795,19.135667,0 42.226031,19.087904,0 42.250711,19.036653,0 42.274821,18.98489,0 42.298576,18.93281,0 42.320616,18.879349,0 42.344021,18.82694,0 42.370117,18.776891,0</coordinates>
      </LineString>
    </Placemark>
    <Placemark>
      <name>Fault Line 495</name>
      <LineString>
        <coordinates>42.670512,19.33582,0 42.700009,19.287178,0 42.729061,19.237949,0 42.756168,19.186684,0 42.789705,19.143014,0 42.826121,19.103835,0 42.867707,19.075786,0</coordinates>
      </LineString>
    </Placemark>
    <Placemark>
      <name>Fault Line 496</name>
      <LineString>
        <coordinates>43.181486,19.330941,0 43.216568,19.290258,0 43.251543,19.249391,0 43.284806,19.20589,0 43.318078,19.162378,0 43.351287,19.118751,0 43.383382,19.073552,0 43.413309,19.025596,0 43.440895,18.975025,0 43.466553,18.922542,0 43.493748,18.871528,0 43.521636,18.821206,0</coordinates>
      </LineString>
    </Placemark>
    <Placemark>
      <name>Fault Line 497</name>
      <LineString>
        <coordinates>42.427261,19.214781,0 42.456204,19.170022,0 42.480663,19.120607,0 42.503333,19.069628,0 42.522535,19.016076,0 42.537511,18.960082,0 42.553795,18.904751,0 42.574202,18.851984,0 42.596145,18.800346,0 42.619983,18.750265,0 42.639852,18.697063,0 42.658906,18.643298,0 42.677535,18.589241,0</coordinates>
      </LineString>
    </Placemark>
    <Placemark>
      <name>Fault Line 498</name>
      <LineString>
        <coordinates>42.561486,20.032291,0 42.598315,19.98671,0 42.634162,19.939633,0 42.667633,19.889405,0 42.700211,19.838075,0 42.732509,19.786393,0</coordinates>
      </LineString>
    </Placemark>
    <Placemark>
      <name>Fault Line 499</name>
      <LineString>
        <coordinates>43.169189,19.522678,0 43.20371,19.480698,0 43.239344,19.440608,0 43.278401,19.407034,0 43.312771,19.364865,0 43.34223,19.316158,0 43.372073,19.267872,0</coordinates>
      </LineString>
    </Placemark>
    <Placemark>
      <name>Fault Line 500</name>
      <LineString>
        <coordinates>42.862019,19.78271,0 42.884428,19.731407,0 42.906866,19.680039,0 42.93006,19.62928,0 42.953982,19.579136,0 42.975996,19.527369,0 42.996732,19.474607,0 43.01812,19.422316,0 43.044332,19.374287,0 43.069428,19.325134,0 43.098542,19.280305,0 43.130433,19.23915,0 43.166517,19.20509,0 43.203319,19.172482,0</coordinates>
      </LineString>
    </Placemark>
    <Placemark>
      <name>Fault Line 501</name>
      <LineString>
        <coordinates>42.758679,18.838934,0 42.784786,18.791498,0 42.810172,18.743324,0 42.835438,18.695014,0 42.860791,18.646769,0 42.885825,18.598194,0 42.91092,18.549659,0 42.935219,18.500354,0 42.955554,18.44779,0</coordinates>
      </LineString>
    </Placemark>
    <Placemark>
      <name>Fault Line 502</name>
      <LineString>
        <coordinates>41.590166,20.52381,0 41.544449,20.545279,0 41.497545,20.561285,0 41.450643,20.577287,0 41.404003,20.594591,0 41.357438,20.612243,0 41.311454,20.632403,0</coordinates>
      </LineString>
    </Placemark>
    <Placemark>
      <name>Fault Line 503</name>
      <LineString>
        <coordinates>40.895573,20.651312,0 40.943011,20.641041,0 40.991056,20.639003,0 41.039044,20.6353,0 41.087064,20.632413,0 41.135073,20.62921,0 41.183143,20.62907,0 41.231094,20.630951,0</coordinates>
      </LineString>
    </Placemark>
    <Placemark>
      <name>Fault Line 504</name>
      <LineString>
        <coordinates>41.30906,20.788907,0 41.264142,20.790164,0 41.219243,20.792318,0 41.174459,20.797072,0 41.129714,20.802447,0 41.085136,20.80988,0 41.040213,20.809003,0 40.995287,20.808523,0 40.950731,20.800892,0 40.905803,20.801006,0 40.860921,20.798363,0 40.816046,20.801067,0</coordinates>
      </LineString>
    </Placemark>
    <Placemark>
      <name>Fault Line 505</name>
      <LineString>
        <coordinates>41.139727,21.025447,0 41.096351,21.041268,0 41.05274,21.055895,0 41.00957,21.072653,0 40.967402,21.093403,0 40.923718,21.107613,0 40.880221,21.122786,0 40.83633,21.135805,0 40.792286,21.147884,0 40.748244,21.159962,0</coordinates>
      </LineString>
    </Placemark>
    <Placemark>
      <name>Fault Line 506</name>
      <LineString>
        <coordinates>40.984817,21.38986,0 41.003322,21.338453,0 41.020799,21.286403,0 41.036091,21.233146,0 41.049057,21.178804,0 41.059872,21.123631,0 41.068306,21.067718,0</coordinates>
      </LineString>
    </Placemark>
    <Placemark>
      <name>Fault Line 507</name>
      <LineString>
        <coordinates>41.501913,20.551345,0 41.535123,20.58982,0 41.57054,20.624624,0 41.607505,20.656442,0 41.641894,20.693081,0 41.674472,20.732593,0 41.706931,20.772298,0 41.739397,20.812013,0 41.771871,20.851736,0 41.804364,20.891482,0</coordinates>
      </LineString>
    </Placemark>
    <Placemark>
      <name>Fault Line 508</name>
      <LineString>
        <coordinates>41.484931,20.828139,0 41.483798,20.889677,0 41.482219,20.951198,0 41.478368,21.012537,0 41.476202,21.074019,0 41.482611,21.134975,0 41.496107,21.193644,0</coordinates>
      </LineString>
    </Placemark>
    <Placemark>
      <name>Fault Line 509</name>
      <LineString>
        <coordinates>41.15418,21.386598,0 41.195562,21.361668,0 41.237918,21.339799,0 41.281403,21.32226,0 41.324601,21.303495,0 41.368184,21.286375,0 41.411632,21.268636,0 41.454538,21.248683,0 41.496864,21.226625,0 41.538143,21.201259,0 41.579244,21.175366,0</coordinates>
      </LineString>
    </Placemark>
    <Placemark>
      <name>Fault Line 510</name>
      <LineString>
        <coordinates>41.796801,20.867907,0 41.840334,20.876316,0 41.88292,20.890958,0 41.924604,20.909714,0 41.96499,20.933059,0 42.003241,20.962205,0 42.036707,21.000574,0 42.071621,21.036548,0 42.103679,21.077081,0 42.132096,21.122298,0 42.152097,21.175095,0</coordinates>
      </LineString>
    </Placemark>
    <Placemark>
      <name>Fault Line 511</name>
      <LineString>
        <coordinates>41.870074,21.703735,0 41.892247,21.646951,0 41.912415,21.588812,0 41.932813,21.530802,0 41.957314,21.475713,0 41.977535,21.417549,0 41.99155,21.356153,0 42.007319,21.295519,0 42.024732,21.235634,0</coordinates>
      </LineString>
    </Placemark>
    <Placemark>
      <name>Fault Line 512</name>
      <LineString>
        <coordinates>42.15283,22.003419,0 42.159753,22.065215,0 42.165817,22.127182,0 42.170559,22.189365,0 42.17987,22.250606,0 42.192924,22.310601,0 42.207866,22.369801,0 42.224475,22.428203,0 42.241518,22.48639,0 42.256918,22.545421,0 42.270486,22.605283,0 42.284236,22.665081,0 42.298258,22.724776,0 42.310331,22.785258,0 42.3199,22.846565,0 42.328134,22.90817,0</coordinates>
      </LineString>
    </Placemark>
    <Placemark>
      <name>Fault Line 513</name>
      <LineString>
        <coordinates>41.401003,23.281249,0 41.387943,23.224042,0 41.375629,23.166546,0 41.368662,23.107488,0 41.364604,23.047956,0 41.36418,22.988184,0 41.368846,22.92873,0 41.371574,22.869061,0 41.375709,22.809532,0 41.381576,22.750258,0</coordinates>
      </LineString>
    </Placemark>
    <Placemark>
      <name>Fault Line 514</name>
      <LineString>
        <coordinates>41.376584,22.390116,0 41.355762,22.441256,0 41.33899,22.494959,0 41.323782,22.549469,0 41.312362,22.605585,0 41.30408,22.662661,0 41.296718,22.719929,0</coordinates>
      </LineString>
    </Placemark>
    <Placemark>
      <name>Fault Line 515</name>
      <LineString>
        <coordinates>42.119893,21.620701,0 42.163846,21.638812,0 42.207543,21.658027,0 42.252779,21.668981,0 42.298459,21.675799,0 42.342342,21.69426,0 42.38699,21.708443,0</coordinates>
      </LineString>
    </Placemark>
    <Placemark>
      <name>Fault Line 516</name>
      <LineString>
        <coordinates>41.377297,22.738884,0 41.398231,22.692171,0 41.422449,22.648394,0 41.447326,22.605262,0 41.476417,22.567092,0</coordinates>
      </LineString>
    </Placemark>
    <Placemark>
      <name>Fault Line 517</name>
      <LineString>
        <coordinates>41.388158,22.573957,0 41.41944,22.52622,0 41.452685,22.481253,0 41.481907,22.431537,0 41.504903,22.376281,0 41.532881,22.325265,0 41.565993,22.280044,0 41.599136,22.234841,0 41.633562,22.191363,0 41.665603,22.144713,0 41.695663,22.095735,0</coordinates>
      </LineString>
    </Placemark>
    <Placemark>
      <name>Fault Line 518</name>
      <LineString>
        <coordinates>41.496383,22.632,0 41.523432,22.587748,0 41.550189,22.543383,0 41.570195,22.493048,0 41.591544,22.443692,0 41.613034,22.394431,0 41.632583,22.343729,0</coordinates>
      </LineString>
    </Placemark>
    <Placemark>
      <name>Fault Line 519</name>
      <LineString>
        <coordinates>41.696524,22.084363,0 41.716414,22.026633,0 41.73407,21.967596,0 41.75291,21.909205,0 41.771569,21.850691,0 41.793849,21.794481,0 41.820577,21.741855,0 41.857246,21.700698,0</coordinates>
      </LineString>
    </Placemark>
    <Placemark>
      <name>Fault Line 520</name>
      <LineString>
        <coordinates>42.444381,21.66628,0 42.472311,21.716883,0 42.498878,21.768839,0 42.524146,21.821996,0 42.549906,21.874737,0 42.569149,21.932394,0 42.596567,21.983613,0 42.63356,22.022175,0 42.671497,22.059027,0 42.709827,22.095966,0</coordinates>
      </LineString>
    </Placemark>
    <Placemark>
      <name>Fault Line 521</name>
      <LineString>
        <coordinates>43.540936,22.215708,0 43.564685,22.162892,0 43.58844,22.11006,0 43.611637,22.056736,0 43.634503,22.003123,0 43.657596,21.949673,0 43.682611,21.897882,0 43.707634,21.846076,0 43.731719,21.793405,0 43.754705,21.739782,0 43.778685,21.686977,0 43.803985,21.635346,0 43.834583,21.589527,0 43.86777,21.547275,0</coordinates>
      </LineString>
    </Placemark>
    <Placemark>
      <name>Fault Line 522</name>
      <LineString>
        <coordinates>42.995731,22.674803,0 43.012823,22.617141,0 43.033748,22.561944,0 43.052956,22.50557,0 43.077019,22.452781,0 43.096475,22.396529,0 43.118675,22.342197,0 43.135563,22.284372,0 43.154784,22.227914,0 43.171657,22.170047,0 43.18742,22.111579,0 43.202848,22.052928,0 43.214161,21.992525,0 43.228952,21.933539,0 43.242984,21.874191,0 43.256263,21.814504,0</coordinates>
      </LineString>
    </Placemark>
    <Placemark>
      <name>Fault Line 523</name>
      <LineString>
        <coordinates>43.54152,21.665014,0 43.544913,21.601156,0 43.548306,21.537295,0 43.551699,21.47343,0 43.555092,21.409562,0 43.559849,21.345854,0 43.568473,21.282919,0 43.577099,21.219975,0 43.585726,21.157022,0 43.594354,21.09406,0 43.602983,21.03109,0 43.611613,20.968111,0 43.620789,20.905271,0 43.630708,20.842636,0 43.639927,20.779788,0 43.648836,20.716843,0 43.657749,20.65389,0 43.666669,20.590929,0 43.675585,20.527998,0</coordinates>
      </LineString>
    </Placemark>
    <Placemark>
      <name>Fault Line 524</name>
      <LineString>
        <coordinates>43.138411,19.792502,0 43.183276,19.77048,0 43.225867,19.741156,0 43.268054,19.710733,0 43.310132,19.68,0 43.34739,19.639157,0 43.383529,19.596431,0 43.41717,19.549978,0 43.447245,19.499076,0 43.477307,19.448196,0</coordinates>
      </LineString>
    </Placemark>
    <Placemark>
      <name>Fault Line 525</name>
      <LineString>
        <coordinates>43.477307,20.053198,0 43.48435,19.994489,0 43.491394,19.935774,0 43.498365,19.877035,0 43.504982,19.818211,0 43.511599,19.759381,0 43.516962,19.700302,0 43.519499,19.640862,0 43.522814,19.58148,0</coordinates>
      </LineString>
    </Placemark>
    <Placemark>
      <name>Fault Line 526</name>
      <LineString>
        <coordinates>42.970112,23.193437,0 42.990547,23.137604,0 43.010988,23.081757,0 43.031434,23.025895,0 43.051858,22.969999,0 43.069631,22.912412,0 43.087408,22.854812,0 43.10519,22.797197,0 43.122249,22.739158,0 43.138291,22.680563,0 43.154336,22.621954,0 43.175759,22.566648,0 43.197539,22.511589,0 43.216172,22.454377,0 43.232381,22.395778,0 43.247725,22.336726,0 43.262181,22.277239,0 43.276195,22.217538,0 43.289483,22.157511,0 43.301488,22.096965,0 43.308566,22.034959,0 43.318147,21.973583,0 43.335251,21.915365,0 43.35231,21.857301,0</coordinates>
      </LineString>
    </Placemark>
    <Placemark>
      <name>Fault Line 527</name>
      <LineString>
        <coordinates>43.188123,21.757734,0 43.192641,21.697467,0 43.19716,21.637196,0 43.201679,21.57692,0 43.206198,21.51664,0 43.210718,21.456355,0 43.215706,21.396137,0 43.222189,21.336182,0 43.228672,21.276221,0 43.23509,21.216239,0 43.240873,21.15613,0 43.246657,21.096016,0 43.252441,21.035896,0 43.25902,20.975924,0 43.266196,20.916075,0 43.273441,20.856235,0 43.282093,20.796728,0</coordinates>
      </LineString>
    </Placemark>
    <Placemark>
      <name>Fault Line 528</name>
      <LineString>
        <coordinates>42.991014,22.231813,0 42.968522,22.179695,0 42.945009,22.128503,0 42.918994,22.079641,0 42.892986,22.030793,0 42.871493,21.978032,0 42.855178,21.921941,0 42.838978,21.865803,0 42.821999,21.81011,0 42.808463,21.752703,0</coordinates>
      </LineString>
    </Placemark>
    <Placemark>
      <name>Fault Line 529</name>
      <LineString>
        <coordinates>43.719537,20.812946,0 43.7257,20.753013,0 43.731864,20.693074,0 43.738029,20.633129,0 43.742461,20.572886,0 43.746081,20.512536,0 43.749701,20.452182,0 43.752668,20.391756,0 43.75559,20.331323,0 43.758512,20.270887,0 43.761056,20.210416,0 43.76301,20.149901,0 43.764964,20.089384,0 43.766919,20.028865,0 43.768873,19.968346,0</coordinates>
      </LineString>
    </Placemark>
    <Placemark>
      <name>Fault Line 530</name>
      <LineString>
        <coordinates>43.799801,21.342156,0 43.808337,21.279937,0 43.816875,21.21771,0 43.825414,21.155474,0 43.833954,21.093229,0 43.843412,21.03123,0 43.853216,20.969326,0 43.863021,20.907413,0 43.871077,20.845005,0 43.878232,20.782377,0 43.885389,20.719743,0 43.892546,20.657101,0 43.899703,20.594452,0 43.904173,20.53132,0 43.908027,20.468105,0 43.911882,20.404885,0 43.915864,20.341675,0 43.91987,20.278464,0 43.923482,20.215205,0 43.926573,20.151889,0 43.929665,20.088558,0</coordinates>
      </LineString>
    </Placemark>
    <Placemark>
      <name>Fault Line 531</name>
      <LineString>
        <coordinates>44.323551,20.601056,0 44.332361,20.538131,0 44.341172,20.475198,0 44.349616,20.412158,0 44.356569,20.348755,0 44.363523,20.285345,0 44.37034,20.221898,0 44.376056,20.158231,0 44.381773,20.094558,0 44.387094,20.030812,0 44.39235,19.967051,0 44.397606,19.903283,0</coordinates>
      </LineString>
    </Placemark>
    <Placemark>
      <name>Fault Line 532</name>
      <LineString>
        <coordinates>44.209786,20.617492,0 44.217382,20.555631,0 44.224978,20.493762,0 44.231757,20.431701,0 44.234647,20.369047,0 44.237538,20.30639,0 44.239453,20.243658,0 44.24065,20.18089,0 44.241847,20.118121,0 44.244781,20.055461,0 44.251214,19.993307,0 44.26055,19.931865,0 44.269888,19.870412,0</coordinates>
      </LineString>
    </Placemark>
    <Placemark>
      <name>Fault Line 533</name>
      <LineString>
        <coordinates>44.272035,21.351124,0 44.279203,21.290749,0 44.286372,21.230367,0 44.293562,21.169982,0 44.304158,21.110573,0 44.314757,21.051154,0 44.325357,20.991725,0 44.335531,20.932143,0 44.344479,20.872167,0 44.353427,20.812182,0 44.362392,20.752192,0 44.371997,20.692388,0 44.381604,20.632575,0 44.391213,20.572752,0 44.400826,20.512898,0</coordinates>
      </LineString>
    </Placemark>
    <Placemark>
      <name>Fault Line 534</name>
      <LineString>
        <coordinates>43.987621,21.364568,0 44.002845,21.302723,0 44.018072,21.240864,0 44.033303,21.178991,0 44.048537,21.117104,0 44.062993,21.054841,0 44.077117,20.992417,0 44.091245,20.92998,0 44.105916,20.86777,0 44.124573,20.807649,0 44.143243,20.747484,0</coordinates>
      </LineString>
    </Placemark>
    <Placemark>
      <name>Fault Line 535</name>
      <LineString>
        <coordinates>34.284983,10.249693,0 34.258142,10.205584,0 34.231237,10.16137,0 34.204338,10.117165,0 34.177444,10.072969,0 34.150555,10.028783,0 34.134084,9.977686,0 34.12204,9.924826,0 34.109997,9.871973,0 34.097956,9.819127,0 34.085916,9.766288,0 34.073878,9.713456,0 34.064732,9.659792,0 34.060344,9.605265,0 34.055956,9.550741,0 34.051569,9.49622,0 34.047182,9.441702,0 34.042795,9.387186,0 34.038409,9.332673,0 34.034022,9.278163,0 34.029636,9.223656,0 34.028069,9.168925,0 34.026895,9.114183,0 34.025722,9.059441,0 34.024549,9.0047,0 34.023375,8.94996,0 34.022202,8.895221,0 34.022154,8.840462,0 34.024134,8.785756,0 34.026114,8.731049,0 34.028095,8.676341,0 34.030075,8.621631,0 34.032055,8.56692,0 34.033949,8.512203,0 34.035438,8.457466,0 34.036927,8.402728,0 34.038416,8.347989,0 34.039906,8.293249,0 34.041636,8.238519,0 34.054594,8.186025,0 34.067554,8.133523,0 34.080516,8.081014,0 34.093479,8.028497,0 34.106029,7.975825,0 34.118388,7.92308,0 34.130748,7.870328,0 34.14311,7.817569,0 34.155473,7.764803,0 34.167839,7.71203,0 34.180206,7.659249,0 34.192574,7.606462,0 34.204944,7.553667,0</coordinates>
      </LineString>
    </Placemark>
    <Placemark>
      <name>Fault Line 536</name>
      <LineString>
        <coordinates>35.809035,10.067243,0 35.768468,10.041576,0 35.72759,10.016684,0 35.68634,9.992752,0 35.645094,9.968822,0 35.603852,9.944895,0 35.562614,9.920969,0 35.521464,9.89683,0 35.480318,9.872694,0 35.439176,9.84856,0 35.398037,9.824429,0 35.356906,9.800292,0 35.316075,9.775412,0 35.275249,9.750533,0 35.234426,9.725658,0 35.193608,9.700784,0 35.152794,9.675914,0 35.112694,9.649373,0 35.073594,9.620699,0 35.034499,9.592028,0 34.995409,9.56336,0 34.956333,9.534703,0</coordinates>
      </LineString>
    </Placemark>
    <Placemark>
      <name>Fault Line 537</name>
      <LineString>
        <coordinates>37.53823,11.015507,0 37.50969,10.971899,0 37.481129,10.928259,0 37.452574,10.884628,0 37.424025,10.841008,0 37.395483,10.797398,0 37.366948,10.753797,0 37.338419,10.710206,0 37.309896,10.666625,0 37.280017,10.624521,0 37.249564,10.583088,0 37.219118,10.541665,0 37.188679,10.500251,0 37.158247,10.458845,0 37.127821,10.417449,0 37.097402,10.376061,0 37.066989,10.334683,0 37.036583,10.293314,0 37.006184,10.251953,0 36.975791,10.210602,0 36.945405,10.16926,0 36.915025,10.127927,0 36.884652,10.086602,0 36.854285,10.045286,0 36.823972,10.003926,0 36.794189,9.961985,0 36.764413,9.920052,0 36.734643,9.878129,0 36.70488,9.836215,0 36.675123,9.79431,0 36.645372,9.752415,0 36.615628,9.710528,0 36.58589,9.66865,0 36.556159,9.626781,0 36.526434,9.584921,0 36.497597,9.542124,0 36.471811,9.496428,0 36.446031,9.450743,0 36.420257,9.405067,0 36.394488,9.359401,0 36.368725,9.313746,0 36.342968,9.268101,0 36.317217,9.222466,0 36.291471,9.176841,0 36.265731,9.131226,0 36.239996,9.085621,0 36.218749,9.036607,0 36.197915,8.987335,0 36.177085,8.938073,0 36.15626,8.888821,0 36.135439,8.839579,0 36.114622,8.790348,0 36.09381,8.741127,0 36.073002,8.691917,0 36.052199,8.642717,0 36.0314,8.593527,0 36.010605,8.544347,0 35.99012,8.494981,0 35.973342,8.443533,0 35.956567,8.392095,0 35.939794,8.340666,0 35.923025,8.289246,0 35.906259,8.237835,0 35.889495,8.186434,0 35.872735,8.135042,0 35.855978,8.08366,0 35.839224,8.032287,0 35.823539,7.980416,0 35.810517,7.927444,0 35.797498,7.874479,0 35.78448,7.821523,0 35.771465,7.768575,0 35.758451,7.715634,0 35.74544,7.662701,0 35.732431,7.609776,0 35.719423,7.556859,0 35.706417,7.50395,0 35.693413,7.451049,0 35.680411,7.398156,0 35.668862,7.344762,0 35.65805,7.291142,0 35.64724,7.237529,0 35.636431,7.183922,0 35.625623,7.130322,0 35.614817,7.076729,0 35.604012,7.023143,0 35.593208,6.969564,0 35.582406,6.915991,0 35.571605,6.862426,0 35.560806,6.808867,0 35.550008,6.755315,0 35.541147,6.701237,0 35.534818,6.646628,0 35.528489,6.592023,0 35.522161,6.537423,0 35.515833,6.482827,0 35.509506,6.428235,0 35.503179,6.373648,0 35.496853,6.319064,0 35.49306,6.264131,0 35.491533,6.209034,0 35.490007,6.153938,0 35.48848,6.098843,0 35.486953,6.043749,0 35.485426,5.988656,0 35.483899,5.933564,0 35.482372,5.878473,0 35.481424,5.823364,0 35.480736,5.76825,0 35.480047,5.713136,0 35.479358,5.658023,0 35.47867,5.60291,0 35.477981,5.547797,0 35.477293,5.492685,0 35.476604,5.437573,0 35.476355,5.382457,0 35.476447,5.327339,0 35.476539,5.272221,0 35.476631,5.217103,0 35.477167,5.16199,0 35.484075,5.107526,0 35.490984,5.053058,0 35.497894,4.998585,0 35.504805,4.944108,0 35.511716,4.889626,0 35.518627,4.83514,0 35.525539,4.780649,0 35.532452,4.726153,0 35.541403,4.672103,0 35.551256,4.618284,0 35.561111,4.564459,0 35.570967,4.510627,0 35.580857,4.456798,0 35.591944,4.403316,0 35.603032,4.349827,0 35.614121,4.296331,0 35.625212,4.242828,0 35.636304,4.189318,0 35.647397,4.135801,0</coordinates>
      </LineString>
    </Placemark>
    <Placemark>
      <name>Fault Line 538</name>
      <LineString>
        <coordinates>41.899235,23.286704,0 41.869323,23.336819,0 41.84514,23.392208,0 41.823168,23.449213,0 41.812147,23.51165,0 41.802814,23.574153,0</coordinates>
      </LineString>
    </Placemark>
    <Placemark>
      <name>Fault Line 539</name>
      <LineString>
        <coordinates>41.983342,23.323729,0 41.95036,23.283626,0 41.916962,23.244069,0 41.884762,23.202777,0 41.856727,23.156343,0 41.836028,23.103443,0 41.816291,23.049901,0 41.79696,22.996109,0 41.779553,22.941161,0 41.763544,22.885469,0</coordinates>
      </LineString>
    </Placemark>
    <Placemark>
      <name>Fault Line 540</name>
      <LineString>
        <coordinates>41.791626,22.944203,0 41.797075,22.882073,0 41.801181,22.819617,0 41.806381,22.757306,0 41.814469,22.695543,0 41.822029,22.633654,0 41.829679,22.571778,0 41.838869,22.510272,0 41.843923,22.447902,0 41.844321,22.385164,0 41.845254,22.322435,0 41.843656,22.25973,0</coordinates>
      </LineString>
    </Placemark>
    <Placemark>
      <name>Fault Line 541</name>
      <LineString>
        <coordinates>48.658682,17.679679,0 48.6514,17.611442,0 48.644119,17.543215,0 48.62808,17.478524,0 48.606715,17.417481,0 48.583169,17.358328,0 48.552126,17.307726,0 48.518111,17.261723,0 48.487252,17.210932,0 48.452344,17.166538,0 48.416678,17.123567,0 48.386465,17.072001,0 48.356262,17.020452,0 48.326069,16.968921,0 48.291422,16.924208,0 48.257853,16.877704,0 48.221309,16.836599,0 48.180853,16.804838,0 48.140404,16.773082,0 48.105918,16.728249,0 48.08672,16.666218,0 48.067054,16.604541,0 48.038594,16.551125,0 48.010145,16.497726,0 47.977971,16.44931,0 47.944322,16.403219,0 47.910683,16.357141,0 47.877161,16.310904,0 47.843682,16.264626,0 47.810213,16.218362,0 47.776753,16.172112,0 47.747039,16.120537,0 47.719382,16.066519,0 47.689309,16.015312,0</coordinates>
      </LineString>
    </Placemark>
    <Placemark>
      <name>Fault Line 542</name>
      <LineString>
        <coordinates>47.690596,16.010831,0 47.662632,15.959068,0 47.644738,15.898631,0 47.62783,15.837593,0 47.610926,15.776571,0 47.593594,15.715833,0 47.572517,15.65778,0 47.551867,15.599415,0 47.531988,15.540488,0 47.510647,15.482716,0 47.488079,15.426,0 47.465517,15.369303,0 47.442962,15.312623,0 47.420885,15.255557,0 47.401931,15.196112,0 47.383065,15.136627,0 47.363132,15.077928,0 47.338018,15.02376,0 47.310884,14.971784,0 47.283184,14.920488,0 47.255493,14.869208,0 47.227811,14.817945,0</coordinates>
      </LineString>
    </Placemark>
    <Placemark>
      <name>Fault Line 543</name>
      <LineString>
        <coordinates>40.571115,35.931944,0 40.572265,35.99138,0 40.572376,36.050444,0 40.570986,36.109479,0 40.567928,36.168404,0 40.563576,36.227182,0 40.558454,36.285849,0 40.553106,36.344477,0 40.548205,36.403167,0 40.545677,36.462114,0 40.54516,36.521149,0 40.543893,36.580164,0 40.540986,36.639077,0 40.535509,36.69767,0 40.528351,36.755942,0 40.521607,36.814293,0 40.515402,36.872743,0 40.504153,36.929866,0 40.487762,36.984783,0 40.468896,37.038296,0 40.448577,37.090866,0 40.431348,37.145293,0 40.417097,37.201173,0 40.403747,37.257424,0 40.39043,37.313678,0 40.377117,37.369923,0 40.363806,37.426158,0 40.350497,37.482382,0 40.337192,37.538596,0 40.323889,37.5948,0 40.310586,37.650993,0 40.297279,37.707174,0 40.283923,37.763323,0 40.270142,37.819285,0 40.255874,37.875024,0 40.241117,37.930534,0 40.225912,37.985823,0 40.210554,38.041029,0 40.195096,38.096173,0 40.179188,38.151084,0 40.162604,38.205638,0 40.144946,38.259598,0 40.126337,38.312993,0 40.107131,38.366011,0 40.087662,38.418849,0 40.069371,38.472388,0 40.052798,38.526859,0 40.037976,38.582173,0 40.024796,38.638181,0 40.012242,38.694421,0 39.999685,38.75065,0 39.987058,38.806842,0 39.974336,38.862986,0 39.961204,38.918961,0 39.947557,38.974713,0 39.93343,39.03025,0 39.918878,39.08559,0 39.904252,39.140886,0 39.889631,39.196173,0 39.874355,39.251145,0 39.857811,39.305476,0 39.83914,39.35861,0 39.818446,39.410442,0 39.796857,39.461637,0 39.775181,39.512754,0 39.754086,39.564265,0 39.732576,39.615468,0 39.707349,39.6637,0 39.679779,39.709698,0 39.652203,39.755671,0 39.626347,39.803281,0 39.606632,39.855597,0 39.591935,39.910609,0 39.578568,39.966178,0 39.564667,40.021517,0 39.550384,40.076678,0 39.536488,40.131996,0 39.523245,40.187571,0 39.510436,40.243305,0 39.496816,40.298706,0 39.48214,40.353641,0 39.466441,40.408086,0 39.449084,40.461668,0 39.430426,40.514497,0 39.412248,40.567594,0 39.397578,40.622466,0 39.387523,40.679043,0 39.383595,40.736868,0 39.382657,40.7949,0 39.380832,40.852894,0 39.374817,40.91041,0 39.364148,40.966778,0 39.350001,41.02184,0 39.334017,41.076044,0 39.317799,41.130119,0</coordinates>
      </LineString>
    </Placemark>
    <Placemark>
      <name>Fault Line 544</name>
      <LineString>
        <coordinates>40.571115,35.931944,0 40.560203,35.873734,0 40.547489,35.816235,0 40.532773,35.75958,0 40.515969,35.703954,0 40.498258,35.64883,0 40.480541,35.593723,0 40.462942,35.538567,0 40.445384,35.483403,0 40.427831,35.428251,0 40.410282,35.373111,0 40.392737,35.317983,0 40.375196,35.262867,0 40.357658,35.207764,0 40.340125,35.152673,0 40.322596,35.097593,0 40.305069,35.042527,0 40.287546,34.987473,0 40.270021,34.932434,0 40.252399,34.877462,0 40.234532,34.82264,0 40.215893,34.768277,0 40.196092,34.714638,0 40.175168,34.661752,0 40.153259,34.609569,0 40.130727,34.55786,0 40.108105,34.506235,0 40.085485,34.454626,0 40.062871,34.403029,0 40.040261,34.351446,0 40.017656,34.299877,0 39.995058,34.248319,0 39.972466,34.196774,0 39.949868,34.14525,0 39.927279,34.093737,0</coordinates>
      </LineString>
    </Placemark>
    <Placemark>
      <name>Fault Line 545</name>
      <LineString>
        <coordinates>36.323562,36.222854,0 36.364003,36.240251,0 36.406604,36.258577,0 36.445222,36.287488,0 36.479881,36.323336,0 36.519774,36.349461,0 36.562107,36.36876,0 36.604443,36.38806,0 36.646782,36.407361,0 36.685115,36.436942,0 36.722332,36.468676,0 36.762754,36.493587,0 36.803855,36.516715,0 36.845457,36.538415,0 36.887405,36.559059,0 36.932201,36.565399,0 36.976816,36.573501,0 37.019891,36.590161,0 37.062538,36.60848,0 37.10059,36.638785,0 37.133236,36.677776,0 37.169891,36.710706,0 37.208736,36.739425,0 37.248175,36.766857,0 37.288409,36.792415,0 37.329131,36.816733,0 37.369998,36.840682,0 37.407417,36.87233,0 37.436846,36.915333,0 37.460088,36.963993,0 37.477567,37.016353,0 37.492037,37.070161,0 37.508023,37.123295,0 37.525316,37.175785,0 37.543794,37.227642,0 37.563995,37.27848,0 37.586064,37.328081,0 37.610685,37.375747,0 37.63785,37.421175,0 37.666648,37.464984,0 37.696782,37.507355,0 37.72784,37.548662,0 37.758602,37.590341,0 37.788484,37.633047,0 37.817584,37.676626,0 37.845774,37.72117,0 37.868834,37.770234,0 37.887282,37.822349,0 37.903888,37.875462,0 37.917242,37.930039,0 37.928476,37.985387,0 37.939174,38.040914,0 37.946618,38.097295,0 37.966738,38.148461,0 37.989084,38.198134,0 38.011932,38.247454,0 38.032243,38.298545,0 38.043787,38.353877,0 38.054042,38.409625,0 38.06768,38.4642,0 38.085284,38.516925,0 38.10624,38.567645,0 38.12888,38.617198,0 38.151869,38.666506,0 38.175575,38.715278,0 38.200436,38.763125,0 38.226338,38.810089,0 38.252886,38.856482,0 38.27842,38.903803,0 38.301493,38.953149,0 38.321026,39.004931,0 38.33815,39.058094,0 38.357042,39.110287,0 38.376437,39.162192,0 38.397072,39.213329,0 38.419012,39.263589,0 38.438885,39.315245,0 38.458097,39.367321,0 38.477268,39.419436,0 38.496438,39.471565,0 38.517204,39.5227,0 38.537853,39.573927,0 38.557126,39.626037,0 38.576274,39.678237,0 38.594125,39.731197,0 38.613123,39.783514,0 38.634334,39.834434,0 38.656575,39.884642,0 38.679296,39.934513,0 38.700872,39.985226,0 38.716242,40.03954,0 38.724291,40.096395,0 38.726204,40.154129,0 38.723821,40.211836,0 38.719619,40.269368,0 38.716956,40.327047,0 38.717947,40.384813,0 38.723266,40.442193,0 38.739912,40.495901,0 38.768595,40.5405,0 38.800941,40.580788,0 38.836997,40.615526,0 38.877927,40.639796,0 38.916681,40.669392,0 38.956428,40.696744,0 38.995863,40.72485,0 39.030207,40.762435,0 39.063679,40.801323,0 39.098254,40.838594,0 39.133232,40.875255,0 39.166484,40.914509,0 39.198227,40.955809,0 39.228979,40.998359,0 39.258588,41.042258,0 39.288189,41.086184,0 39.317799,41.130119,0</coordinates>
      </LineString>
    </Placemark>
    <Placemark>
      <name>Fault Line 546</name>
      <LineString>
        <coordinates>42.050687,28.180856,0 42.018832,28.225085,0 41.986986,28.269304,0 41.955147,28.313511,0 41.923317,28.357707,0 41.891495,28.401891,0 41.85968,28.446064,0 41.827874,28.490227,0 41.796076,28.534378,0 41.764286,28.578517,0 41.733206,28.623531,0 41.714438,28.679446,0 41.700301,28.737743,0 41.686168,28.796028,0 41.672036,28.854301,0 41.657908,28.912563,0 41.643782,28.970813,0 41.629659,29.029051,0 41.615539,29.087278,0 41.60214,29.145797,0 41.594241,29.206069,0 41.586972,29.266475,0 41.579706,29.326875,0 41.572439,29.387268,0 41.565173,29.447654,0 41.557908,29.508034,0 41.550644,29.568407,0 41.544085,29.628917,0 41.541015,29.69013,0</coordinates>
      </LineString>
    </Placemark>
    <Placemark>
      <name>Fault Line 547</name>
      <LineString>
        <coordinates>41.493421,29.810348,0 41.492562,29.871283,0 41.491701,29.932217,0 41.490842,29.99315,0 41.489982,30.054083,0 41.489732,30.115023,0 41.50424,30.172811,0 41.51875,30.230611,0 41.533263,30.288423,0 41.535852,30.349309,0 41.537711,30.410244,0 41.539571,30.471181,0 41.539255,30.532167,0 41.531509,30.59231,0</coordinates>
      </LineString>
    </Placemark>
    <Placemark>
      <name>Fault Line 548</name>
      <LineString>
        <coordinates>41.523719,30.759146,0 41.525973,30.81946,0 41.533032,30.879114,0 41.546309,30.936854,0 41.561146,30.993925,0 41.575931,31.051033,0 41.590661,31.10818,0 41.606095,31.165007,0 41.625598,31.219564,0 41.645056,31.274167,0 41.664314,31.328913,0 41.691293,31.377485,0 41.718464,31.425888,0 41.743131,31.47666,0 41.771251,31.524116,0 41.801205,31.569531,0 41.827197,31.619166,0 41.853132,31.668876,0 41.880954,31.716731,0 41.908524,31.764867,0 41.936296,31.812816,0 41.965586,31.859124,0 41.992875,31.907614,0 42.018224,31.957995,0 42.041143,32.01046,0 42.064068,32.062939,0 42.086125,32.116108,0 42.106591,32.170438,0 42.127063,32.224782,0 42.145751,32.280298,0 42.163677,32.336285,0 42.181608,32.392285,0 42.199557,32.44829,0 42.218125,32.503943,0 42.236698,32.55961,0 42.255275,32.61529,0 42.273857,32.670984,0 42.292443,32.726691,0 42.311034,32.782412,0 42.324517,32.840773,0 42.333649,32.900667,0 42.342782,32.960569,0 42.351916,33.02048,0 42.361052,33.080399,0 42.370189,33.140326,0 42.379327,33.200262,0 42.386212,33.260755,0 42.388459,33.321891,0 42.390705,33.38303,0 42.392952,33.444171,0 42.388219,33.505051,0 42.388149,33.566264,0 42.393233,33.626999,0</coordinates>
      </LineString>
    </Placemark>
    <Placemark>
      <name>Fault Line 549</name>
      <LineString>
        <coordinates>42.511716,33.134524,0 42.516574,33.195645,0 42.521433,33.256771,0 42.527545,33.317695,0 42.55061,33.370632,0 42.559546,33.430939,0 42.571801,33.490172,0 42.571801,33.551706,0 42.571801,33.61324,0 42.571801,33.674774,0 42.573728,33.736251,0 42.577424,33.797581,0 42.58054,33.858976,0 42.582857,33.920438,0 42.581292,33.981945,0 42.579565,34.043441,0 42.579367,34.10498,0 42.576285,34.166377,0 42.567279,34.226681,0 42.556869,34.286558,0 42.547453,34.34673,0 42.538789,34.4071,0 42.531303,34.46775,0 42.524155,34.52847,0 42.517178,34.589219,0 42.512788,34.650405,0 42.503164,34.710472,0 42.482117,34.764895,0 42.461586,34.819663,0 42.445895,34.87728,0 42.430208,34.934884,0 42.414524,34.992475,0 42.398843,35.050053,0 42.383166,35.107619,0 42.368676,35.165737,0 42.35939,35.225764,0 42.350104,35.285782,0 42.34082,35.345792,0 42.330519,35.405488,0 42.319575,35.464965,0 42.307841,35.524156,0 42.297661,35.58386,0 42.288256,35.643787,0 42.273486,35.701691,0 42.255365,35.757812,0 42.233692,35.811567,0 42.210503,35.864137,0 42.192397,35.920211,0 42.174296,35.976272,0 42.149937,36.027818,0 42.118756,36.072156,0 42.083037,36.109739,0 42.044361,36.141544,0 42.00508,36.171956,0 41.96561,36.201902,0 41.925433,36.230076,0 41.885531,36.25518,0</coordinates>
      </LineString>
    </Placemark>
    <Placemark>
      <name>Fault Line 550</name>
      <LineString>
        <coordinates>42.494161,35.502571,0 42.4792,35.560134,0 42.464245,35.617686,0 42.449292,35.675225,0 42.434343,35.732752,0 42.419395,35.790267,0 42.404451,35.84777,0 42.38951,35.90526,0 42.377342,35.963924,0 42.366085,36.02291,0 42.354913,36.081915,0 42.343746,36.140911,0 42.332579,36.199896,0 42.321415,36.258872,0 42.303625,36.31478,0 42.2827,36.368651,0 42.261414,36.422245,0 42.240135,36.475826,0 42.218861,36.529392,0 42.197593,36.582944,0 42.172389,36.63327,0 42.140289,36.675828,0 42.105367,36.714111,0 42.070452,36.752385,0 42.035545,36.790651,0 41.999429,36.826804,0 41.961868,36.860162,0 41.924182,36.893249,0 41.886503,36.92633,0 41.849135,36.96002,0 41.812788,36.995649,0 41.77732,37.032818,0 41.741859,37.069979,0 41.706287,37.106926,0 41.670087,37.14274,0 41.633478,37.177782,0 41.596877,37.212818,0 41.560283,37.247847,0 41.523685,37.282879,0</coordinates>
      </LineString>
    </Placemark>
    <Placemark>
      <name>Fault Line 551</name>
      <LineString>
        <coordinates>41.584057,37.645362,0 41.580333,37.704874,0 41.576608,37.764383,0 41.572885,37.823888,0 41.569161,37.88339,0 41.565436,37.942888,0 41.561869,38.002399,0 41.569726,38.061173,0 41.578795,38.119642,0 41.587866,38.178118,0 41.596938,38.236602,0 41.606012,38.295094,0 41.61528,38.353542,0 41.631001,38.409476,0 41.647843,38.464838,0 41.664688,38.520213,0 41.681536,38.575601,0 41.698388,38.631001,0 41.715174,38.686452,0 41.731625,38.742095,0 41.748047,38.797769,0 41.764472,38.853455,0 41.780901,38.909153,0 41.797818,38.964603,0 41.814877,39.019989,0 41.831947,39.075383,0 41.849022,39.130789,0 41.8661,39.186208,0 41.883182,39.24164,0 41.900229,39.296959,0</coordinates>
      </LineString>
    </Placemark>
    <Placemark>
      <name>Fault Line 552</name>
      <LineString>
        <coordinates>41.621719,39.586152,0 41.621719,39.645989,0 41.610278,39.703829,0 41.592873,39.758933,0 41.590917,39.818683,0 41.594076,39.878343,0 41.597235,39.938006,0 41.593563,39.997615,0 41.583798,40.055976,0 41.572677,40.113892,0 41.561557,40.171799,0 41.553633,40.230629,0 41.554725,40.290383,0 41.558936,40.349892,0 41.563148,40.409405,0 41.56736,40.468922,0 41.577636,40.527112,0 41.592807,40.583368,0 41.608907,40.639175,0 41.625011,40.694994,0 41.641118,40.750825,0 41.657228,40.806669,0 41.681516,40.856952,0 41.71183,40.901,0 41.742946,40.944058,0 41.774069,40.987127,0 41.805227,41.03017,0 41.836451,41.073146,0 41.867685,41.116132,0 41.896846,41.161687,0 41.917454,41.215028,0 41.931835,41.271955,0 41.944519,41.329617,0 41.955873,41.387789,0 41.967228,41.445971,0 41.978859,41.504066,0 41.990791,41.56206,0 42.002724,41.620064,0 42.014583,41.677704,0</coordinates>
      </LineString>
    </Placemark>
    <Placemark>
      <name>Fault Line 553</name>
      <LineString>
        <coordinates>40.44605,25.78977,0 40.458153,25.734679,0 40.470763,25.679777,0 40.483561,25.624938,0 40.495878,25.569901,0 40.507928,25.51475,0 40.51949,25.45941,0</coordinates>
      </LineString>
    </Placemark>
    <Placemark>
      <name>Fault Line 554</name>
      <LineString>
        <coordinates>34.828609,35.214723,0 34.817433,35.161658,0 34.806261,35.108612,0 34.795089,35.055573,0 34.783135,35.002795,0 34.76829,34.951125,0 34.753446,34.899463,0 34.738607,34.847809,0 34.732338,34.793629,0 34.727129,34.739288,0 34.72192,34.68495,0 34.715428,34.630821,0 34.707523,34.576975,0 34.69962,34.523134,0 34.694367,34.468821,0 34.694274,34.414135,0 34.694182,34.359449,0 34.69412,34.304763,0 34.707451,34.252532,0 34.720784,34.200294,0 34.734119,34.148048,0 34.749957,34.096838,0 34.767347,34.046369,0 34.784782,33.995912,0 34.805813,33.947517,0 34.826849,33.899113,0 34.848223,33.850918,0 34.87097,33.803653,0 34.893722,33.756378,0 34.91648,33.709094,0 34.945885,33.667605,0 34.978185,33.629437,0 35.010493,33.591264,0 35.042521,33.552729,0 35.072753,33.51207,0 35.102991,33.471403,0 35.136491,33.434738,0 35.172221,33.401355,0 35.207957,33.367967,0 35.243699,33.334573,0 35.279446,33.301174,0 35.315199,33.267769,0</coordinates>
      </LineString>
    </Placemark>
    <Placemark>
      <name>Fault Line 555</name>
      <LineString>
        <coordinates>34.276395,33.826827,0 34.287495,33.774082,0 34.298573,33.721422,0 34.307582,33.668181,0 34.314671,33.61451,0 34.322203,33.560924,0 34.332232,33.507934,0 34.342255,33.454936,0 34.347462,33.400929,0 34.351702,33.346796,0 34.361312,33.293675,0 34.371757,33.24078,0 34.381755,33.187751,0 34.391503,33.134648,0 34.401759,33.081679,0 34.422621,33.033494,0 34.443489,32.985301,0 34.465667,32.937964,0 34.493145,32.894896,0 34.520626,32.851816,0 34.543806,32.805145,0 34.566876,32.758381,0 34.591277,32.712611,0 34.613725,32.665375,0 34.634971,32.617314,0 34.658022,32.570485,0 34.682483,32.524711,0 34.714338,32.486233,0 34.746403,32.448,0 34.782878,32.416139,0 34.819359,32.384275,0</coordinates>
      </LineString>
    </Placemark>
    <Placemark>
      <name>Fault Line 556</name>
      <LineString>
        <coordinates>34.496747,34.360036,0 34.498613,34.302874,0 34.500785,34.246971,0 34.515271,34.193833,0 34.533076,34.142191,0 34.552351,34.091321,0 34.572264,34.040803,0 34.584573,33.986817,0 34.60017,33.93409,0 34.614185,33.880703,0 34.62022,33.825141,0 34.634345,33.771783,0 34.653342,33.720697,0 34.676714,33.672354,0 34.702337,33.625713,0 34.727939,33.579041,0 34.753045,33.531956,0 34.778355,33.48502,0 34.811442,33.445889,0 34.844534,33.40675,0</coordinates>
      </LineString>
    </Placemark>
    <Placemark>
      <name>Fault Line 557</name>
      <LineString>
        <coordinates>39.746979,43.607074,0 39.775472,43.555848,0 39.813165,43.517009,0 39.854228,43.484448,0 39.897068,43.456012,0 39.939914,43.427573,0 39.982765,43.399131,0</coordinates>
      </LineString>
    </Placemark>
    <Placemark>
      <name>Fault Line 558</name>
      <LineString>
        <coordinates>34.360406,31.862502,0 34.39611,31.897311,0 34.431732,31.932041,0 34.467285,31.966892,0 34.502509,32.002242,0 34.537739,32.037598,0 34.57298,32.072953,0 34.609936,32.105642,0 34.647683,32.13698,0 34.685437,32.16832,0 34.724194,32.197811,0 34.765195,32.222414,0 34.8062,32.24702,0 34.847203,32.271643,0 34.887441,32.298087,0 34.927684,32.324532,0 34.96803,32.350759,0 35.008767,32.376082,0 35.049508,32.401408,0 35.090252,32.426739,0 35.13078,32.452593,0 35.171312,32.47845,0 35.211848,32.50431,0 35.252388,32.530173,0 35.292933,32.556038,0 35.333422,32.582049,0 35.373776,32.608389,0 35.414135,32.63473,0 35.454499,32.661073,0 35.495682,32.685438,0 35.537023,32.709409,0 35.578367,32.733384,0 35.617884,32.76165,0 35.655556,32.793513,0 35.693234,32.82538,0 35.730917,32.857252,0</coordinates>
      </LineString>
    </Placemark>
    <Placemark>
      <name>Fault Line 559</name>
      <LineString>
        <coordinates>40.685703,29.159371,0 40.678377,29.098186,0 40.680134,29.036603,0 40.691428,28.976797,0 40.705283,28.917926,0 40.71002,28.856591,0 40.723367,28.7975,0 40.743713,28.741975,0</coordinates>
      </LineString>
    </Placemark>
    <Placemark>
      <name>Fault Line 560</name>
      <LineString>
        <coordinates>40.2861,25.782,0 40.272474,25.72722,0 40.258855,25.672471,0 40.245239,25.617731,0 40.231536,25.56304,0 40.214602,25.509937,0 40.197679,25.456842,0 40.18119,25.403525,0 40.164703,25.350219,0 40.14822,25.296924,0 40.13174,25.24364,0</coordinates>
      </LineString>
    </Placemark>
    <Placemark>
      <name>Fault Line 561</name>
      <LineString>
        <coordinates>40.570695,30.680509,0 40.55743,30.623175,0 40.539572,30.568473,0 40.528782,30.510666,0 40.517993,30.452868,0 40.507207,30.395078,0 40.496421,30.337297,0 40.485637,30.279525,0 40.474441,30.221898,0 40.458634,30.166182,0 40.44345,30.11018,0 40.436252,30.051496,0 40.429055,29.992817,0 40.421858,29.934145,0 40.41469,29.875473,0 40.407956,29.81672,0 40.401227,29.757971,0 40.394596,29.699209,0 40.388127,29.640421,0 40.385489,29.581128,0 40.383188,29.521811,0 40.390743,29.463251,0 40.398316,29.404688,0 40.406579,29.34628,0 40.414746,29.287841,0 40.417177,29.228506,0 40.419609,29.169168,0 40.422041,29.109828,0 40.424473,29.050486,0</coordinates>
      </LineString>
    </Placemark>
    <Placemark>
      <name>Fault Line 562</name>
      <LineString>
        <coordinates>40.2715,27.466,0 40.270373,27.525233,0 40.269246,27.584465,0 40.28459,27.640206,0 40.300054,27.695903,0 40.319461,27.749448,0 40.33893,27.80297,0 40.358405,27.856504,0 40.3779,27.9101,0</coordinates>
      </LineString>
    </Placemark>
    <Placemark>
      <name>Fault Line 563</name>
      <LineString>
        <coordinates>39.965902,27.037253,0 39.987459,27.089373,0 40.009021,27.141506,0 40.031643,27.192886,0 40.058414,27.240762,0 40.085801,27.288059,0 40.114192,27.334351,0 40.140686,27.382547,0 40.168234,27.42974,0 40.181197,27.486665,0 40.195227,27.543169,0 40.211321,27.598733,0 40.227418,27.654309,0 40.225367,27.714485,0</coordinates>
      </LineString>
    </Placemark>
    <Placemark>
      <name>Fault Line 564</name>
      <LineString>
        <coordinates>39.96006,26.894521,0 39.978689,26.945342,0 40.000002,26.994349,0 40.026024,27.039332,0 40.055138,27.080976,0 40.086361,27.119944,0 40.125449,27.14392,0 40.160854,27.176246,0 40.182568,27.225084,0 40.204703,27.27487,0</coordinates>
      </LineString>
    </Placemark>
    <Placemark>
      <name>Fault Line 565</name>
      <LineString>
        <coordinates>39.908047,29.651688,0 39.923139,29.59451,0 39.9384,29.537397,0 39.959616,29.4836,0 39.980836,29.42979,0 40.008714,29.381408,0 40.047684,29.34857,0 40.093377,29.342243,0</coordinates>
      </LineString>
    </Placemark>
    <Placemark>
      <name>Fault Line 566</name>
      <LineString>
        <coordinates>39.963796,28.717461,0 39.982624,28.665117,0 40.001473,28.612714,0 40.009394,28.555743,0 40.014802,28.498266,0 40.028835,28.443326,0 40.044534,28.389148,0 40.061448,28.335585,0 40.071382,28.279103,0 40.078436,28.221879,0 40.090639,28.166146,0 40.10396,28.110843,0 40.10731,28.053022,0 40.106517,27.995042,0 40.106608,27.937053,0 40.113327,27.879732,0 40.113549,27.821739,0</coordinates>
      </LineString>
    </Placemark>
    <Placemark>
      <name>Fault Line 567</name>
      <LineString>
        <coordinates>39.87995,27.04728,0 39.890369,27.103488,0 39.900789,27.159704,0 39.905629,27.217199,0 39.910101,27.274749,0 39.930971,27.325805,0 39.95385,27.375394,0 39.976751,27.42498,0 39.999658,27.474579,0 40.028186,27.518953,0 40.05826,27.561567,0 40.075514,27.614983,0 40.087238,27.670913,0 40.098854,27.726891,0 40.117302,27.780415,0</coordinates>
      </LineString>
    </Placemark>
    <Placemark>
      <name>Fault Line 568</name>
      <LineString>
        <coordinates>39.626961,26.938668,0 39.671054,26.963451,0 39.71285,26.98944,0 39.737646,27.040329,0 39.753949,27.096736,0 39.768532,27.153947,0 39.787813,27.208768,0 39.800968,27.266589,0 39.826343,27.317059,0 39.850558,27.368504,0 39.867427,27.424721,0 39.889215,27.478007,0</coordinates>
      </LineString>
    </Placemark>
    <Placemark>
      <name>Fault Line 569</name>
      <LineString>
        <coordinates>39.706469,43.777118,0 39.715887,43.714953,0 39.725306,43.65278,0 39.734727,43.590598,0</coordinates>
      </LineString>
    </Placemark>
    <Placemark>
      <name>Fault Line 570</name>
      <LineString>
        <coordinates>39.2214,25.4386,0 39.241009,25.490356,0 39.260624,25.542123,0 39.280891,25.593484,0 39.301194,25.644836,0 39.315536,25.699454,0 39.329257,25.75435,0 39.343583,25.808997,0 39.358008,25.863612,0 39.376906,25.915908,0 39.396779,25.967609,0 39.417175,26.018983,0 39.437726,26.070268,0 39.448262,26.126423,0 39.454931,26.183569,0 39.46797,26.238853,0 39.483751,26.292934,0 39.496614,26.348308,0 39.50788,26.404273,0 39.521057,26.459542,0 39.535465,26.514304,0 39.546872,26.570252,0 39.557801,26.62637,0 39.563776,26.683735,0 39.578284,26.738487,0 39.577849,26.796385,0 39.584371,26.853667,0 39.597595,26.906665,0</coordinates>
      </LineString>
    </Placemark>
    <Placemark>
      <name>Fault Line 571</name>
      <LineString>
        <coordinates>40.403475,29.215426,0 40.392762,29.154523,0 40.382051,29.093629,0 40.371342,29.032743,0 40.360634,28.971867,0 40.349927,28.911,0</coordinates>
      </LineString>
    </Placemark>
    <Placemark>
      <name>Fault Line 572</name>
      <LineString>
        <coordinates>40.174583,28.929386,0 40.175305,28.868008,0 40.176026,28.80663,0 40.160336,28.748789,0 40.140589,28.69313,0 40.122332,28.636622,0 40.109332,28.577693,0 40.102759,28.516975,0 40.098374,28.455851,0</coordinates>
      </LineString>
    </Placemark>
    <Placemark>
      <name>Fault Line 573</name>
      <LineString>
        <coordinates>40.009958,29.594232,0 40.031587,29.542762,0 40.052896,29.491049,0 40.073731,29.438992,0 40.094571,29.386922,0 40.105653,29.329958,0 40.120537,29.274484,0 40.14813,29.228054,0 40.168311,29.175485,0 40.168311,29.116646,0 40.180507,29.06001,0 40.20594,29.011466,0</coordinates>
      </LineString>
    </Placemark>
    <Placemark>
      <name>Fault Line 574</name>
      <LineString>
        <coordinates>36.260247,36.257261,0 36.232161,36.213717,0 36.201679,36.172747,0 36.161772,36.147082,0 36.119267,36.128922,0 36.079093,36.103931,0 36.040272,36.07587,0 36.004502,36.042185,0 35.974284,36.001035,0 35.95794,35.949281,0 35.926657,35.909389,0 35.892495,35.873295,0 35.859836,35.835156,0 35.830492,35.793128,0 35.801154,35.751109,0 35.771822,35.709099,0</coordinates>
      </LineString>
    </Placemark>
    <Placemark>
      <name>Fault Line 575</name>
      <LineString>
        <coordinates>36.2157,36.7555,0 36.224649,36.699035,0 36.233598,36.642563,0 36.242548,36.586085,0 36.2515,36.5296,0</coordinates>
      </LineString>
    </Placemark>
    <Placemark>
      <name>Fault Line 576</name>
      <LineString>
        <coordinates>39.447499,43.013885,0 39.483959,42.97994,0 39.517578,42.941491,0 39.551171,42.902985,0 39.57815,42.856527,0 39.604171,42.809143,0 39.626179,42.758433,0 39.649024,42.708333,0 39.670723,42.657363,0 39.688002,42.603604,0 39.702644,42.548525,0 39.712503,42.491668,0 39.723464,42.435144,0 39.737819,42.379911,0 39.75229,42.324717,0 39.767591,42.26989,0 39.782894,42.215052,0</coordinates>
      </LineString>
    </Placemark>
    <Placemark>
      <name>Fault Line 577</name>
      <LineString>
        <coordinates>37.577526,37.107594,0 37.570297,37.053753,0 37.574036,37.00076,0 37.583105,36.948799,0 37.571113,36.897791,0 37.577199,36.845145,0 37.58162,36.79223,0</coordinates>
      </LineString>
    </Placemark>
    <Placemark>
      <name>Fault Line 578</name>
      <LineString>
        <coordinates>37.998007,38.190469,0 37.993861,38.134217,0 37.995926,38.078373,0 38.003465,38.023288,0 38.012333,37.968517,0 38.019308,37.913301,0 38.021532,37.857446,0 38.019577,37.801577,0 38.015288,37.745921,0 38.009558,37.690478,0 37.990309,37.640187,0 37.972335,37.589154,0 37.96508,37.534032,0 37.967678,37.478246,0</coordinates>
      </LineString>
    </Placemark>
    <Placemark>
      <name>Fault Line 579</name>
      <LineString>
        <coordinates>40.011005,43.686333,0 40.039755,43.642067,0 40.065934,43.596116,0 40.078138,43.541082,0 40.09033,43.486033,0 40.101484,43.4306,0 40.110709,43.374555,0 40.119986,43.318518,0 40.136335,43.265307,0 40.153544,43.212548,0 40.1617,43.156179,0 40.161968,43.098806,0</coordinates>
      </LineString>
    </Placemark>
    <Placemark>
      <name>Fault Line 580</name>
      <LineString>
        <coordinates>38.99756,42.547202,0 39.043986,42.576514,0 39.090092,42.604676,0 39.141056,42.608009,0 39.19202,42.611344,0</coordinates>
      </LineString>
    </Placemark>
    <Placemark>
      <name>Fault Line 581</name>
      <LineString>
        <coordinates>40.521691,42.446546,0 40.506874,42.392048,0 40.47687,42.349153,0 40.440787,42.315327,0 40.403777,42.283295,0 40.371345,42.243631,0 40.346716,42.195272,0 40.306992,42.169485,0 40.267314,42.143595,0 40.228486,42.115591,0 40.189664,42.08759,0 40.157789,42.047282,0 40.12939,42.002766,0</coordinates>
      </LineString>
    </Placemark>
    <Placemark>
      <name>Fault Line 582</name>
      <LineString>
        <coordinates>39.405821,44.090583,0 39.433736,44.046602,0 39.461657,44.00261,0 39.490816,43.959968,0 39.521435,43.919061,0 39.551976,43.878037,0 39.582519,43.836997,0 39.600104,43.784696,0 39.616655,43.731815,0 39.644808,43.687955,0 39.675118,43.646572,0 39.701953,43.601303,0 39.727332,43.55462,0 39.732193,43.497793,0 39.72505,43.441377,0 39.751304,43.395503,0 39.786619,43.361416,0 39.822447,43.328231,0 39.860537,43.299612,0 39.898864,43.271521,0 39.936825,43.242582,0 39.974237,43.212436,0 40.011579,43.182122,0 40.051479,43.149731,0</coordinates>
      </LineString>
    </Placemark>
    <Placemark>
      <name>Fault Line 583</name>
      <LineString>
        <coordinates>39.719276,43.780435,0 39.691423,43.82816,0 39.663778,43.875748,0 39.636309,43.923488,0 39.610605,43.97284,0 39.58748,44.024277,0 39.561084,44.072974,0 39.531396,44.118348,0 39.498539,44.159868,0 39.463369,44.198058,0 39.43091,44.240064,0 39.40051,44.284555,0 39.370283,44.329225,0 39.340064,44.373883,0 39.309852,44.418531,0 39.279648,44.463168,0 39.249452,44.507795,0 39.219262,44.55241,0 39.189079,44.597014,0 39.158904,44.641608,0</coordinates>
      </LineString>
    </Placemark>
    <Placemark>
      <name>Fault Line 584</name>
      <LineString>
        <coordinates>39.8254,44.0482,0 39.862583,44.019253,0 39.89977,43.9903,0 39.934117,43.955885,0 39.968445,43.921421,0 40.004743,43.890566,0 40.041078,43.859767,0 40.077418,43.828963,0 40.113797,43.798126,0</coordinates>
      </LineString>
    </Placemark>
    <Placemark>
      <name>Fault Line 585</name>
      <LineString>
        <coordinates>39.739605,44.08407,0 39.774795,44.038091,0 39.809993,43.992102,0 39.8452,43.9461,0</coordinates>
      </LineString>
    </Placemark>
    <Placemark>
      <name>Fault Line 586</name>
      <LineString>
        <coordinates>39.689,44.14,0 39.65083,44.174531,0 39.612722,44.209007,0 39.57462,44.243477,0 39.536537,44.277963,0 39.4985,44.312517,0 39.46245,44.35046,0 39.430228,44.393779,0 39.398027,44.437104,0 39.364567,44.47878,0 39.330113,44.519059,0 39.295667,44.559329,0</coordinates>
      </LineString>
    </Placemark>
    <Placemark>
      <name>Fault Line 587</name>
      <LineString>
        <coordinates>38.992412,43.960707,0 38.965951,44.009256,0 38.939587,44.0576,0 38.909864,44.102587,0 38.873581,44.138742,0 38.839767,44.178631,0 38.808237,44.221477,0 38.770277,44.25462,0 38.73073,44.284536,0</coordinates>
      </LineString>
    </Placemark>
    <Placemark>
      <name>Fault Line 588</name>
      <LineString>
        <coordinates>36.693894,45.090558,0 36.73942,45.087242,0 36.784525,45.083917,0 36.829059,45.074378,0 36.871789,45.056019,0 36.914327,45.036971,0 36.951278,45.004437,0 36.988235,44.971898,0 37.025177,44.939317,0 37.057742,44.900074,0 37.086208,44.856094,0 37.115888,44.813377,0 37.146254,44.77141,0 37.180303,44.734136,0 37.215623,44.698759,0 37.246992,44.657914,0 37.27736,44.615876,0 37.308028,44.574166,0 37.338734,44.532483,0 37.368298,44.489497,0 37.39754,44.446147,0 37.422042,44.398351,0 37.446181,44.350249,0 37.46813,44.300495,0 37.490137,44.250767,0 37.512329,44.201156,0 37.537902,44.154188,0 37.570065,44.114157,0 37.602105,44.073952,0 37.633959,44.033494,0</coordinates>
      </LineString>
    </Placemark>
    <Placemark>
      <name>Fault Line 589</name>
      <LineString>
        <coordinates>37.549899,44.323163,0 37.523969,44.368606,0 37.497789,44.413589,0 37.47995,44.464634,0 37.470792,44.519194,0 37.459581,44.573134,0 37.451717,44.627998,0 37.444019,44.682895,0</coordinates>
      </LineString>
    </Placemark>
    <Placemark>
      <name>Fault Line 590</name>
      <LineString>
        <coordinates>37.693977,44.002809,0 37.702467,43.948778,0 37.692128,43.895264,0 37.706053,43.843065,0 37.72757,43.795147,0 37.737422,43.74146,0 37.746576,43.686413,0</coordinates>
      </LineString>
    </Placemark>
    <Placemark>
      <name>Fault Line 591</name>
      <LineString>
        <coordinates>41.382034,42.552058,0 41.41021,42.593944,0 41.438392,42.63584,0 41.466581,42.677746,0 41.494777,42.719662,0 41.52298,42.761589,0 41.55119,42.803526,0</coordinates>
      </LineString>
    </Placemark>
    <Placemark>
      <name>Fault Line 592</name>
      <LineString>
        <coordinates>41.440602,42.580701,0 41.469139,42.627924,0 41.497148,42.675728,0 41.52395,42.72477,0 41.55527,42.768796,0 41.589092,42.809446,0</coordinates>
      </LineString>
    </Placemark>
    <Placemark>
      <name>Fault Line 593</name>
      <LineString>
        <coordinates>40.971608,41.600146,0 40.927531,41.578913,0 40.884955,41.558405,0 40.842401,41.537832,0 40.801217,41.512874,0 40.763432,41.479854,0 40.729618,41.440048,0 40.705702,41.389275,0 40.68192,41.338412,0 40.658421,41.287338,0 40.635343,41.23595,0 40.613241,41.183838,0 40.589684,41.132863,0 40.562425,41.085212,0 40.532999,41.039872,0 40.49798,41.002057,0 40.467719,40.95772,0 40.454758,40.900659,0 40.442496,40.843342,0 40.432361,40.78532,0 40.421451,40.727551,0 40.407904,40.670765,0 40.395975,40.613366,0 40.390497,40.554312,0 40.385725,40.495156,0 40.384119,40.435709,0 40.380496,40.37642,0 40.366657,40.31979,0 40.352919,40.263129,0 40.33979,40.20623,0 40.326682,40.149334,0 40.313716,40.092394,0 40.300702,40.035484,0 40.287204,39.978779,0 40.273711,39.922084,0 40.260248,39.865387,0 40.246905,39.808652,0 40.235952,39.751055,0 40.224999,39.693466,0 40.214048,39.635887,0 40.203098,39.578316,0</coordinates>
      </LineString>
    </Placemark>
    <Placemark>
      <name>Fault Line 594</name>
      <LineString>
        <coordinates>41.301347,43.080103,0 41.259965,43.042523,0 41.220808,43.000961,0 41.19099,42.947448,0 41.164168,42.891228,0 41.141016,42.831678,0</coordinates>
      </LineString>
    </Placemark>
    <Placemark>
      <name>Fault Line 595</name>
      <LineString>
        <coordinates>39.312854,41.157043,0 39.280641,41.195669,0 39.248331,41.233826,0 39.212762,41.266779,0 39.181254,41.306004,0 39.162052,41.356755,0 39.144865,41.40868,0</coordinates>
      </LineString>
    </Placemark>
    <Placemark>
      <name>Fault Line 596</name>
      <LineString>
        <coordinates>37.150948,44.329782,0 37.197174,44.330046,0 37.241959,44.329797,0 37.284332,44.311574,0 37.315252,44.270844,0 37.346197,44.230128,0 37.377226,44.189495,0 37.408228,44.148813,0 37.438982,44.107818,0 37.469743,44.066815,0 37.500508,44.025799,0 37.531179,43.984654,0 37.56184,43.94348,0 37.591565,43.901212,0 37.600413,43.845803,0 37.585056,43.792707,0 37.558902,43.746837,0 37.532754,43.700979,0 37.507,43.654781,0 37.505602,43.598353,0 37.510093,43.542181,0 37.514584,43.486005,0 37.519123,43.429832,0 37.527165,43.374281,0 37.544048,43.321969,0 37.560933,43.269646,0 37.577821,43.217313,0 37.594714,43.16497,0 37.611609,43.112616,0 37.628508,43.060252,0 37.645409,43.007878,0 37.662315,42.955494,0 37.679223,42.9031,0</coordinates>
      </LineString>
    </Placemark>
    <Placemark>
      <name>Fault Line 597</name>
      <LineString>
        <coordinates>37.707164,42.859114,0 37.731362,42.810347,0 37.755001,42.76271,0 37.778645,42.715062,0 37.802294,42.667402,0 37.825949,42.619732,0 37.833797,42.564309,0 37.839039,42.508391,0 37.851477,42.454321,0 37.865242,42.400759,0 37.879654,42.34746,0 37.896302,42.295206,0 37.913839,42.24341,0 37.93834,42.196359,0 37.962846,42.149297,0 37.983384,42.099259,0 38.00121,42.047561,0 38.016053,41.994356,0 38.033319,41.94233,0 38.052459,41.891359,0 38.079185,41.846209,0 38.100657,41.796725,0 38.123986,41.748605,0 38.139555,41.695645,0 38.155863,41.643034,0 38.174014,41.591395,0 38.184437,41.536397,0 38.194626,41.48132,0 38.217936,41.433123,0 38.242682,41.386082,0 38.267562,41.339139,0 38.284171,41.286587,0 38.298426,41.232915,0 38.312683,41.179233,0</coordinates>
      </LineString>
    </Placemark>
    <Placemark>
      <name>Fault Line 598</name>
      <LineString>
        <coordinates>38.364194,41.374077,0 38.367457,41.317676,0 38.384765,41.264417,0 38.409018,41.215753,0 38.428319,41.163589,0 38.44698,41.111034,0 38.465699,41.058499,0 38.485682,41.006715,0 38.505669,40.954918,0 38.497416,40.898135,0 38.501528,40.840621,0 38.50216,40.782872,0 38.487893,40.728076,0 38.474474,40.672941,0 38.464333,40.616683,0 38.479816,40.562443,0 38.499996,40.510773,0</coordinates>
      </LineString>
    </Placemark>
    <Placemark>
      <name>Fault Line 599</name>
      <LineString>
        <coordinates>38.460192,40.555737,0 38.446421,40.502848,0 38.459437,40.446973,0 38.477677,40.393523,0 38.488698,40.336928,0 38.489159,40.278608,0 38.476343,40.222635,0 38.463206,40.166793,0 38.452122,40.110238,0 38.440812,40.053767,0 38.429479,39.997312,0</coordinates>
      </LineString>
    </Placemark>
    <Placemark>
      <name>Fault Line 600</name>
      <LineString>
        <coordinates>38.432095,39.956225,0 38.419217,39.904408,0 38.405667,39.850117,0 38.387045,39.798342,0 38.361244,39.751866,0 38.337038,39.704029,0 38.314285,39.655063,0 38.292921,39.605106,0 38.272168,39.554747,0 38.252401,39.503763,0 38.234389,39.451747,0 38.21988,39.397996,0 38.221256,39.341194,0 38.237185,39.288098,0 38.231652,39.231695,0 38.216968,39.178025,0 38.213023,39.121422,0 38.200972,39.066713,0 38.185515,39.013419,0 38.162544,38.964719,0 38.140414,38.915409,0 38.120747,38.864453,0 38.101374,38.81333,0 38.083051,38.761598,0 38.064654,38.709922,0 38.045888,38.658473,0 38.027113,38.607043,0 38.008262,38.55567,0 37.990537,38.503669,0 37.986956,38.447203,0 37.983496,38.390728,0 37.983307,38.334084,0 37.9833,38.277438,0 37.995719,38.223023,0</coordinates>
      </LineString>
    </Placemark>
    <Placemark>
      <name>Fault Line 601</name>
      <LineString>
        <coordinates>38.493382,41.853973,0 38.499681,41.795438,0 38.512096,41.738515,0 38.526372,41.682296,0 38.548086,41.630099,0 38.562232,41.5738,0 38.573715,41.516509,0 38.592422,41.462408,0 38.610876,41.408153,0 38.646328,41.370145,0 38.66968,41.319032,0 38.692319,41.267379,0 38.716832,41.217131,0 38.735557,41.162932,0 38.758294,41.111303,0 38.785382,41.063231,0 38.81265,41.015308,0 38.840961,40.965552,0</coordinates>
      </LineString>
    </Placemark>
    <Placemark>
      <name>Fault Line 602</name>
      <LineString>
        <coordinates>38.195854,35.249559,0 38.154495,35.22712,0 38.11313,35.204677,0 38.071769,35.182235,0 38.029409,35.16305,0 37.986554,35.145737,0 37.943167,35.130718,0 37.899546,35.116831,0 37.857167,35.097758,0 37.81543,35.076541,0 37.774675,35.052467,0 37.734307,35.027389,0 37.690555,35.014225,0 37.646204,35.004803,0 37.602991,34.989064,0 37.560148,34.971804,0 37.51552,34.964781,0 37.476329,34.936973,0 37.437435,34.908523,0 37.397137,34.88338,0 37.35978,34.851866,0 37.326433,34.813907,0 37.289654,34.781363,0 37.246761,34.764373,0</coordinates>
      </LineString>
    </Placemark>
    <Placemark>
      <name>Fault Line 603</name>
      <LineString>
        <coordinates>39.162563,33.334647,0 39.128751,33.378326,0 39.09574,33.418089,0 39.052041,33.432881,0 39.009009,33.450613,0 38.981096,33.496329,0 38.952292,33.541102,0 38.91561,33.575015,0 38.877748,33.606698,0 38.833165,33.616118,0 38.788984,33.628266,0 38.751472,33.660572,0 38.713966,33.692873,0 38.676466,33.725169,0 38.638972,33.75746,0 38.601487,33.789752,0 38.564116,33.822241,0 38.527547,33.856174,0 38.491273,33.8906,0 38.457119,33.928386,0 38.422972,33.966164,0 38.388829,34.00393,0 38.354531,34.041446,0 38.319181,34.077321,0 38.283738,34.11303,0 38.247664,34.147683,0 38.211596,34.182329,0 38.175534,34.216969,0 38.139479,34.251603,0 38.103426,34.286222,0 38.067084,34.32033,0 38.029079,34.351361,0 37.992946,34.385794,0 37.970076,34.435231,0 37.947294,34.484719,0 37.922179,34.532342,0 37.885506,34.565793,0 37.851783,34.603887,0 37.834329,34.656661,0</coordinates>
      </LineString>
    </Placemark>
    <Placemark>
      <name>Fault Line 604</name>
      <LineString>
        <coordinates>38.948178,40.404878,0 38.915694,40.443909,0 38.883218,40.482932,0 38.847821,40.517491,0 38.812422,40.552042,0</coordinates>
      </LineString>
    </Placemark>
    <Placemark>
      <name>Fault Line 605</name>
      <LineString>
        <coordinates>39.048813,40.096277,0 39.028906,40.152589,0 39.018859,40.21308,0 39.005963,40.272658,0 38.987612,40.329804,0 38.974155,40.38915,0 38.964588,40.450021,0</coordinates>
      </LineString>
    </Placemark>
    <Placemark>
      <name>Fault Line 606</name>
      <LineString>
        <coordinates>38.938251,40.590303,0 38.966426,40.539309,0 38.999127,40.493479,0 39.028759,40.444294,0 39.048716,40.387584,0 39.063671,40.32836,0</coordinates>
      </LineString>
    </Placemark>
    <Placemark>
      <name>Fault Line 607</name>
      <LineString>
        <coordinates>39.156736,40.861286,0 39.208026,40.866679,0 39.257919,40.869315,0 39.299501,40.833596,0 39.34109,40.79787,0</coordinates>
      </LineString>
    </Placemark>
    <Placemark>
      <name>Fault Line 608</name>
      <LineString>
        <coordinates>38.525751,40.792545,0 38.538477,40.73668,0 38.551206,40.680806,0 38.565565,40.625572,0 38.586245,40.573705,0 38.61247,40.526103,0 38.636371,40.476522,0 38.657166,40.424681,0 38.677944,40.372885,0</coordinates>
      </LineString>
    </Placemark>
    <Placemark>
      <name>Fault Line 609</name>
      <LineString>
        <coordinates>39.16497,40.671889,0 39.153129,40.614341,0 39.1229,40.569908,0 39.085659,40.53546,0 39.056155,40.490265,0</coordinates>
      </LineString>
    </Placemark>
    <Placemark>
      <name>Fault Line 610</name>
      <LineString>
        <coordinates>39.337984,40.704929,0 39.30405,40.665456,0 39.269917,40.626293,0 39.235452,40.587635,0 39.202005,40.547533,0 39.170643,40.504739,0</coordinates>
      </LineString>
    </Placemark>
    <Placemark>
      <name>Fault Line 611</name>
      <LineString>
        <coordinates>39.166092,40.498497,0 39.14556,40.44788,0 39.125172,40.397291,0 39.105152,40.346471,0 39.086758,40.294656,0 39.081906,40.238031,0 39.077055,40.18141,0</coordinates>
      </LineString>
    </Placemark>
    <Placemark>
      <name>Fault Line 612</name>
      <LineString>
        <coordinates>39.272602,38.872622,0 39.280075,38.931757,0 39.300804,38.985368,0 39.322836,39.03812,0 39.345186,39.090666,0 39.367565,39.143208,0 39.388128,39.196993,0 39.408584,39.250863,0 39.427739,39.305543,0 39.446842,39.360268,0 39.462978,39.416586,0 39.479043,39.472952,0 39.497388,39.528151,0 39.515597,39.583441,0 39.52346,39.642698,0 39.534101,39.701229,0 39.548146,39.759184,0</coordinates>
      </LineString>
    </Placemark>
    <Placemark>
      <name>Fault Line 613</name>
      <LineString>
        <coordinates>39.477716,38.383014,0 39.441003,38.416352,0 39.398132,38.419725,0 39.355701,38.411099,0 39.312773,38.412961,0 39.269935,38.416988,0 39.227364,38.409633,0 39.184947,38.400918,0 39.143871,38.384727,0</coordinates>
      </LineString>
    </Placemark>
    <Placemark>
      <name>Fault Line 614</name>
      <LineString>
        <coordinates>39.09835,38.385133,0 39.063656,38.34587,0 39.029235,38.307884,0 38.986686,38.287751,0 38.944121,38.267683,0 38.90133,38.248442,0 38.858462,38.229495,0 38.814622,38.214674,0 38.770793,38.199807,0 38.727115,38.18424,0 38.683479,38.168488,0 38.640607,38.149612,0 38.5979,38.130149,0 38.559104,38.100147,0 38.520179,38.070437,0 38.478717,38.047011,0 38.437272,38.023548,0 38.396165,37.999148,0 38.355062,37.974751,0 38.313963,37.950357,0 38.272891,37.925902,0 38.232663,37.899287,0 38.192582,37.872327,0 38.160314,37.831822,0 38.128155,37.791192,0 38.102401,37.743774,0 38.076719,37.696308,0 38.057035,37.644437,0 38.037329,37.592593,0 38.013398,37.543715,0 37.989473,37.494848,0</coordinates>
      </LineString>
    </Placemark>
    <Placemark>
      <name>Fault Line 615</name>
      <LineString>
        <coordinates>39.230488,38.958503,0 39.223584,38.901635,0 39.213596,38.845908,0 39.194206,38.794486,0 39.183236,38.739092,0 39.174609,38.68302,0 39.169154,38.626294,0 39.166593,38.569233,0 39.159165,38.51289,0 39.138865,38.462098,0 39.118568,38.411318,0</coordinates>
      </LineString>
    </Placemark>
    <Placemark>
      <name>Fault Line 616</name>
      <LineString>
        <coordinates>39.39373,37.043366,0 39.381024,36.988428,0 39.368321,36.933499,0 39.355619,36.87858,0 39.336861,36.826654,0 39.314168,36.77744,0 39.290921,36.728676,0 39.267146,36.680356,0 39.246675,36.62959,0 39.230935,36.576097,0 39.21608,36.522196,0 39.202959,36.46756,0 39.189531,36.41306,0 39.175173,36.358965,0 39.161425,36.304618,0 39.150844,36.249114,0 39.140359,36.193589,0 39.130967,36.137748,0 39.121577,36.081913,0 39.095373,36.035848,0 39.068954,35.990005,0 39.042391,35.944317,0 39.015285,35.897741,0</coordinates>
      </LineString>
    </Placemark>
    <Placemark>
      <name>Fault Line 617</name>
      <LineString>
        <coordinates>39.406271,37.086328,0 39.421077,37.141417,0 39.435691,37.195793,0 39.450206,37.250225,0 39.46469,37.304682,0 39.475472,37.360572,0 39.4863,37.416455,0 39.502566,37.470088,0 39.518697,37.523803,0 39.513488,37.581051,0 39.508288,37.638296,0 39.504455,37.69572,0 39.500661,37.753144,0 39.507269,37.810139,0 39.513886,37.867138,0 39.52539,37.922825,0 39.536895,37.978522,0</coordinates>
      </LineString>
    </Placemark>
    <Placemark>
      <name>Fault Line 618</name>
      <LineString>
        <coordinates>39.878689,36.236499,0 39.859457,36.182927,0 39.840231,36.129382,0 39.819799,36.076617,0 39.799366,36.023869,0 39.772656,35.976125,0 39.745952,35.928393,0</coordinates>
      </LineString>
    </Placemark>
    <Placemark>
      <name>Fault Line 619</name>
      <LineString>
        <coordinates>39.711562,35.832207,0 39.689289,35.786765,0 39.667051,35.741386,0 39.647878,35.693719,0 39.631755,35.644194,0 39.615638,35.594678,0</coordinates>
      </LineString>
    </Placemark>
    <Placemark>
      <name>Fault Line 620</name>
      <LineString>
        <coordinates>38.044905,35.138286,0 38.090396,35.133256,0 38.134632,35.128365,0 38.178868,35.123474,0 38.223101,35.118533,0 38.266908,35.109308,0 38.31071,35.100036,0 38.354252,35.088953,0 38.397767,35.07769,0 38.441656,35.0691,0 38.485649,35.061426,0 38.527046,35.081946,0 38.564702,35.112032,0 38.602363,35.142122,0 38.640003,35.172272,0 38.673487,35.209617,0 38.703277,35.251801,0 38.731074,35.296177,0 38.75661,35.342751,0 38.782151,35.389337,0 38.807698,35.435934,0 38.833252,35.482541,0 38.858812,35.52916,0 38.884378,35.57579,0 38.909951,35.62243,0 38.935528,35.669083,0 38.961112,35.715746,0 38.986703,35.76242,0</coordinates>
      </LineString>
    </Placemark>
    <Placemark>
      <name>Fault Line 621</name>
      <LineString>
        <coordinates>38.968269,35.905607,0 38.934857,35.860968,0 38.901452,35.81634,0 38.868056,35.771722,0 38.834668,35.727115,0 38.801288,35.682519,0 38.767916,35.637934,0 38.734553,35.59336,0</coordinates>
      </LineString>
    </Placemark>
    <Placemark>
      <name>Fault Line 622</name>
      <LineString>
        <coordinates>38.730685,34.876773,0 38.748051,34.932156,0 38.76542,34.987552,0 38.782793,35.042959,0 38.80017,35.098378,0 38.81755,35.153811,0</coordinates>
      </LineString>
    </Placemark>
    <Placemark>
      <name>Fault Line 623</name>
      <LineString>
        <coordinates>38.891168,35.107896,0 38.888826,35.165793,0 38.886613,35.223682,0 38.896526,35.280227,0 38.906441,35.33678,0</coordinates>
      </LineString>
    </Placemark>
    <Placemark>
      <name>Fault Line 624</name>
      <LineString>
        <coordinates>39.600908,31.002339,0 39.583397,31.054798,0 39.56589,31.107247,0 39.548387,31.159684,0 39.530887,31.21211,0 39.513392,31.264525,0 39.495899,31.31693,0</coordinates>
      </LineString>
    </Placemark>
    <Placemark>
      <name>Fault Line 625</name>
      <LineString>
        <coordinates>39.668302,30.712493,0 39.683678,30.658052,0 39.698847,30.60361,0 39.713714,30.549016,0 39.731971,30.496175,0 39.751342,30.443995,0 39.76676,30.389618,0 39.78173,30.335018,0 39.807519,30.287733,0 39.816499,30.230922,0 39.81449,30.172977,0 39.81087,30.115166,0 39.811888,30.057179,0 39.82531,30.001867,0 39.838734,29.946545,0 39.852161,29.891213,0</coordinates>
      </LineString>
    </Placemark>
    <Placemark>
      <name>Fault Line 626</name>
      <LineString>
        <coordinates>38.114709,31.651974,0 38.149875,31.618306,0 38.185054,31.584625,0 38.220235,31.550931,0 38.255415,31.517219,0 38.290601,31.483501,0 38.325149,31.448717,0 38.359543,31.413669,0 38.394964,31.380308,0 38.427676,31.342695,0 38.456597,31.300305,0 38.48269,31.255008,0 38.511272,31.212215,0 38.538377,31.167862,0 38.562681,31.120916,0 38.586991,31.073959,0</coordinates>
      </LineString>
    </Placemark>
    <Placemark>
      <name>Fault Line 627</name>
      <LineString>
        <coordinates>38.585564,31.074405,0 38.593741,31.013705,0 38.60011,30.952624,0 38.612589,30.893097,0</coordinates>
      </LineString>
    </Placemark>
    <Placemark>
      <name>Fault Line 628</name>
      <LineString>
        <coordinates>38.66462,30.239809,0 38.70053,30.208466,0 38.730518,30.16828,0 38.752613,30.120407,0 38.767435,30.068112,0 38.773583,30.013024,0 38.782164,29.958469,0 38.784561,29.902895,0 38.7858,29.847258,0 38.786834,29.791613,0</coordinates>
      </LineString>
    </Placemark>
    <Placemark>
      <name>Fault Line 629</name>
      <LineString>
        <coordinates>38.840783,29.57465,0 38.827369,29.624849,0 38.810818,29.673469,0 38.790682,29.719797,0 38.749395,29.717121,0 38.711821,29.695024,0 38.709702,29.693778,0</coordinates>
      </LineString>
    </Placemark>
    <Placemark>
      <name>Fault Line 630</name>
      <LineString>
        <coordinates>38.953657,29.602678,0 38.957829,29.55024,0 38.958264,29.496018,0 38.95132,29.442536,0 38.9609,29.389729,0 38.990419,29.350998,0 39.032552,29.34885,0 39.074621,29.352546,0 39.108405,29.320038,0</coordinates>
      </LineString>
    </Placemark>
    <Placemark>
      <name>Fault Line 631</name>
      <LineString>
        <coordinates>38.862629,29.57465,0 38.884211,29.523527,0 38.905799,29.472392,0 38.917845,29.416302,0 38.935039,29.362463,0 38.959073,29.313124,0 38.983113,29.263773,0 39.007158,29.21441,0 39.027844,29.162573,0 39.047232,29.109897,0 39.066624,29.057209,0 39.08354,29.003109,0 39.098264,28.947943,0 39.112991,28.892767,0 39.125143,28.83655,0 39.134053,28.779325,0 39.142964,28.722092,0 39.152834,28.665114,0 39.163048,28.608227,0 39.174263,28.551648,0 39.186499,28.495412,0 39.198738,28.439157,0</coordinates>
      </LineString>
    </Placemark>
    <Placemark>
      <name>Fault Line 632</name>
      <LineString>
        <coordinates>38.606939,31.458348,0 38.629286,31.51133,0 38.659056,31.557967,0 38.692346,31.600546,0 38.726524,31.641971,0 38.766842,31.672716,0</coordinates>
      </LineString>
    </Placemark>
    <Placemark>
      <name>Fault Line 633</name>
      <LineString>
        <coordinates>38.840143,31.470361,0 38.794445,31.451018,0 38.753488,31.418623,0 38.715702,31.38043,0 38.675555,31.346445,0 38.635233,31.313154,0</coordinates>
      </LineString>
    </Placemark>
    <Placemark>
      <name>Fault Line 634</name>
      <LineString>
        <coordinates>38.724009,31.205803,0 38.768171,31.233968,0 38.804936,31.277664,0 38.843552,31.318669,0 38.883546,31.357461,0 38.921624,31.399333,0</coordinates>
      </LineString>
    </Placemark>
    <Placemark>
      <name>Fault Line 635</name>
      <LineString>
        <coordinates>38.81975,31.028893,0 38.776378,31.023663,0 38.734092,31.010227,0 38.705014,30.968649,0 38.703761,30.912849,0 38.711371,30.857881,0 38.721832,30.803681,0 38.732363,30.749495,0 38.74398,30.695668,0 38.758573,30.64296,0</coordinates>
      </LineString>
    </Placemark>
    <Placemark>
      <name>Fault Line 636</name>
      <LineString>
        <coordinates>38.910342,30.226033,0 38.883834,30.275698,0 38.842807,30.304802,0 38.83905,30.364783,0 38.84074,30.424919,0 38.800282,30.455289,0 38.758919,30.486338,0</coordinates>
      </LineString>
    </Placemark>
    <Placemark>
      <name>Fault Line 637</name>
      <LineString>
        <coordinates>39.247709,28.059843,0 39.237535,28.11358,0 39.233811,28.168323,0 39.232775,28.223257,0 39.235124,28.278125,0 39.223672,28.331047,0 39.214502,28.384696,0 39.208934,28.439157,0</coordinates>
      </LineString>
    </Placemark>
    <Placemark>
      <name>Fault Line 638</name>
      <LineString>
        <coordinates>39.687581,27.553247,0 39.659777,27.507333,0 39.631982,27.461433,0 39.609034,27.411236,0 39.596386,27.355236,0 39.581901,27.300001,0 39.568581,27.244286,0 39.559373,27.187198,0 39.550167,27.130117,0 39.535981,27.074789,0 39.514191,27.023799,0</coordinates>
      </LineString>
    </Placemark>
    <Placemark>
      <name>Fault Line 639</name>
      <LineString>
        <coordinates>40.38273,32.494919,0 40.385718,32.437576,0 40.388706,32.380231,0 40.391694,32.322883,0 40.394681,32.265531,0</coordinates>
      </LineString>
    </Placemark>
    <Placemark>
      <name>Fault Line 640</name>
      <LineString>
        <coordinates>40.073501,33.405085,0 40.118013,33.387526,0 40.164063,33.395922,0 40.210508,33.398717,0 40.256494,33.407688,0 40.301664,33.422129,0 40.345926,33.440802,0 40.386853,33.469755,0 40.427718,33.498875,0 40.47016,33.523824,0 40.516522,33.52843,0 40.562884,33.533035,0 40.608638,33.543918,0 40.653086,33.561895,0 40.697165,33.579723,0</coordinates>
      </LineString>
    </Placemark>
    <Placemark>
      <name>Fault Line 641</name>
      <LineString>
        <coordinates>39.429903,33.148953,0 39.466944,33.186149,0 39.511503,33.205001,0 39.55607,33.223834,0 39.600639,33.242668,0 39.645311,33.261547,0</coordinates>
      </LineString>
    </Placemark>
    <Placemark>
      <name>Fault Line 642</name>
      <LineString>
        <coordinates>39.85157,32.53975,0 39.876005,32.597174,0 39.900447,32.654613,0 39.924895,32.712069,0 39.94935,32.76954,0</coordinates>
      </LineString>
    </Placemark>
    <Placemark>
      <name>Fault Line 643</name>
      <LineString>
        <coordinates>37.659288,31.457009,0 37.705402,31.451778,0 37.749666,31.435909,0 37.791254,31.411015,0 37.830871,31.381405,0 37.870114,31.35099,0 37.90735,31.316747,0 37.944593,31.282497,0 37.981842,31.248242,0 38.019097,31.213981,0 38.056359,31.179714,0 38.093627,31.145441,0</coordinates>
      </LineString>
    </Placemark>
    <Placemark>
      <name>Fault Line 644</name>
      <LineString>
        <coordinates>38.019247,30.985415,0 37.978141,31.00459,0 37.937038,31.023764,0 37.898256,31.049551,0 37.861228,31.079179,0 37.824206,31.108805,0 37.78719,31.138426,0 37.750153,31.168064,0</coordinates>
      </LineString>
    </Placemark>
    <Placemark>
      <name>Fault Line 645</name>
      <LineString>
        <coordinates>37.259796,29.223869,0 37.292416,29.265608,0 37.325995,29.306134,0 37.364833,29.338403,0 37.40717,29.362743,0</coordinates>
      </LineString>
    </Placemark>
    <Placemark>
      <name>Fault Line 646</name>
      <LineString>
        <coordinates>37.013597,29.435769,0 36.966403,29.404042,0 36.919215,29.372322,0 36.872033,29.340604,0</coordinates>
      </LineString>
    </Placemark>
    <Placemark>
      <name>Fault Line 647</name>
      <LineString>
        <coordinates>38.548553,29.750551,0 38.505726,29.725585,0 38.459471,29.718391,0 38.415312,29.737375,0 38.371156,29.756356,0</coordinates>
      </LineString>
    </Placemark>
    <Placemark>
      <name>Fault Line 648</name>
      <LineString>
        <coordinates>38.577906,30.989575,0 38.547713,30.955717,0 38.507798,30.925412,0 38.461655,30.918902,0 38.422502,30.887054,0 38.402369,30.833668,0 38.379533,30.782099,0 38.337408,30.757215,0 38.304111,30.715981,0 38.289445,30.659857,0</coordinates>
      </LineString>
    </Placemark>
    <Placemark>
      <name>Fault Line 649</name>
      <LineString>
        <coordinates>36.270577,29.469877,0 36.283358,29.522565,0 36.296072,29.574675,0 36.321503,29.619056,0 36.349832,29.660662,0 36.38017,29.700039,0 36.412181,29.737333,0 36.440682,29.778804,0 36.45792,29.828976,0 36.475161,29.879157,0</coordinates>
      </LineString>
    </Placemark>
    <Placemark>
      <name>Fault Line 650</name>
      <LineString>
        <coordinates>38.34241,31.033873,0 38.314029,30.992731,0 38.284216,30.953498,0 38.249553,30.921395,0 38.221554,30.880085,0 38.181521,30.86061,0 38.143206,30.83619,0 38.117139,30.792944,0 38.104855,30.74076,0 38.101127,30.686501,0 38.088245,30.634563,0 38.082992,30.580522,0</coordinates>
      </LineString>
    </Placemark>
    <Placemark>
      <name>Fault Line 651</name>
      <LineString>
        <coordinates>36.357067,29.368916,0 36.400687,29.360626,0 36.444136,29.370218,0 36.481509,29.399395,0 36.517046,29.431937,0 36.556452,29.456653,0 36.599335,29.469613,0 36.642976,29.477752,0 36.686133,29.466268,0 36.725648,29.44177,0 36.753244,29.3988,0 36.775111,29.350955,0 36.804328,29.30972,0</coordinates>
      </LineString>
    </Placemark>
    <Placemark>
      <name>Fault Line 652</name>
      <LineString>
        <coordinates>37.838024,30.867744,0 37.871761,30.827908,0 37.905504,30.788063,0 37.949941,30.772395,0 37.993946,30.789922,0 38.03278,30.821507,0 38.073008,30.852293,0</coordinates>
      </LineString>
    </Placemark>
    <Placemark>
      <name>Fault Line 653</name>
      <LineString>
        <coordinates>37.844462,30.431774,0 37.808698,30.397267,0 37.776191,30.358297,0 37.747813,30.314482,0 37.721014,30.269121,0 37.697046,30.221311,0 37.669622,30.176582,0 37.629308,30.151963,0 37.599342,30.109954,0 37.56234,30.078133,0 37.545836,30.025626,0 37.532002,29.971914,0 37.503032,29.928866,0</coordinates>
      </LineString>
    </Placemark>
    <Placemark>
      <name>Fault Line 654</name>
      <LineString>
        <coordinates>38.196943,31.979321,0 38.229655,31.934614,0 38.26305,31.892219,0 38.307705,31.872911,0 38.352508,31.854154,0 38.399516,31.849402,0 38.446525,31.84465,0</coordinates>
      </LineString>
    </Placemark>
    <Placemark>
      <name>Fault Line 655</name>
      <LineString>
        <coordinates>39.166772,27.603496,0 39.153378,27.54186,0 39.135678,27.482015,0 39.114402,27.424156,0</coordinates>
      </LineString>
    </Placemark>
    <Placemark>
      <name>Fault Line 656</name>
      <LineString>
        <coordinates>39.096617,27.250422,0 39.081842,27.196986,0 39.057654,27.149513,0 39.018868,27.122535,0 38.976157,27.108485,0 38.937244,27.081838,0 38.900498,27.050535,0</coordinates>
      </LineString>
    </Placemark>
    <Placemark>
      <name>Fault Line 657</name>
      <LineString>
        <coordinates>38.711021,27.947205,0 38.686098,27.996166,0 38.661245,28.045169,0 38.640021,28.096877,0 38.606893,28.137023,0 38.585174,28.188353,0 38.561693,28.238384,0 38.528202,28.277992,0 38.494108,28.31673,0 38.474581,28.369401,0 38.458016,28.423689,0 38.443228,28.478798,0 38.429321,28.534267,0 38.411504,28.587873,0 38.39531,28.642297,0 38.379125,28.696713,0 38.363197,28.750271,0</coordinates>
      </LineString>
    </Placemark>
    <Placemark>
      <name>Fault Line 658</name>
      <LineString>
        <coordinates>38.116569,28.940675,0 38.142177,28.895018,0 38.168211,28.848602,0 38.192375,28.800561,0 38.214264,28.75077,0 38.236157,28.700968,0 38.258056,28.651155,0 38.280297,28.601573,0 38.319126,28.57301,0 38.343558,28.525087,0 38.366306,28.475822,0 38.384142,28.423355,0 38.404823,28.372602,0 38.424842,28.321404,0 38.444813,28.270162,0 38.460559,28.216561,0 38.467686,28.16003,0 38.475406,28.10362,0 38.486598,28.048162,0 38.501259,27.994028,0 38.511032,27.938114,0 38.494739,27.884742,0 38.488821,27.827964,0 38.484425,27.770964,0 38.491026,27.714312,0 38.499022,27.657948,0 38.510052,27.602419,0 38.548342,27.572608,0 38.582527,27.535511,0 38.60483,27.48575,0 38.614641,27.429767,0 38.614105,27.372393,0 38.605972,27.315971,0 38.637412,27.275063,0</coordinates>
      </LineString>
    </Placemark>
    <Placemark>
      <name>Fault Line 659</name>
      <LineString>
        <coordinates>38.07319,28.892126,0 38.051226,28.94079,0 38.020262,28.980773,0 37.99745,29.02877,0 37.96621,29.068379,0 37.932938,29.10521,0 37.899811,29.142232,0 37.865283,29.17712,0 37.838267,29.221367,0 37.820955,29.272809,0 37.803714,29.324044,0</coordinates>
      </LineString>
    </Placemark>
    <Placemark>
      <name>Fault Line 660</name>
      <LineString>
        <coordinates>37.901748,27.512609,0 37.879818,27.56203,0 37.884387,27.618426,0 37.887308,27.674999,0 37.879591,27.730843,0 37.868474,27.78575,0 37.857402,27.840664,0 37.858903,27.897306,0 37.861702,27.953869,0 37.869624,28.009652,0 37.87038,28.066327,0 37.882366,28.120942,0 37.896661,28.174668,0 37.905463,28.230266,0 37.915027,28.285668,0 37.931053,28.33863,0 37.941907,28.39367,0 37.934728,28.44967,0 37.937888,28.506263,0 37.939352,28.562968,0 37.948378,28.61854,0 37.964672,28.671392,0 37.982328,28.723548,0 37.988323,28.78002,0</coordinates>
      </LineString>
    </Placemark>
    <Placemark>
      <name>Fault Line 661</name>
      <LineString>
        <coordinates>37.875712,27.495432,0 37.858151,27.44496,0 37.834322,27.400078,0 37.828786,27.346463,0 37.821321,27.293227,0 37.820104,27.239186,0</coordinates>
      </LineString>
    </Placemark>
    <Placemark>
      <name>Fault Line 662</name>
      <LineString>
        <coordinates>37.763572,28.98755,0 37.790965,28.943772,0 37.804246,28.890645,0 37.820402,28.838799,0 37.852064,28.800052,0</coordinates>
      </LineString>
    </Placemark>
    <Placemark>
      <name>Fault Line 663</name>
      <LineString>
        <coordinates>37.500596,36.230836,0 37.549958,36.242402,0 37.599018,36.254984,0 37.645352,36.278922,0 37.69169,36.302862,0</coordinates>
      </LineString>
    </Placemark>
    <Placemark>
      <name>Fault Line 664</name>
      <LineString>
        <coordinates>37.515681,36.431569,0 37.471331,36.436801,0 37.426866,36.433474,0 37.388595,36.404779,0 37.360072,36.361725,0 37.324142,36.328608,0 37.28561,36.30051,0 37.24486,36.277907,0 37.204113,36.255306,0 37.16337,36.232706,0 37.126198,36.201915,0 37.090313,36.168825,0 37.054391,36.135701,0</coordinates>
      </LineString>
    </Placemark>
    <Placemark>
      <name>Fault Line 665</name>
      <LineString>
        <coordinates>37.351064,36.447625,0 37.307379,36.471057,0 37.261162,36.463537,0 37.21661,36.446358,0 37.17727,36.414994,0 37.142295,36.376348,0 37.108943,36.335523,0 37.07799,36.291845,0 37.046467,36.248831,0 37.041728,36.190745,0</coordinates>
      </LineString>
    </Placemark>
    <Placemark>
      <name>Fault Line 666</name>
      <LineString>
        <coordinates>38.007871,26.874916,0 38.050328,26.889053,0 38.092786,26.903191,0 38.131584,26.929278,0 38.170027,26.956217,0 38.203516,26.992317,0 38.2361,27.029753,0 38.273562,27.058879,0 38.312065,27.08573,0 38.354227,27.101293,0 38.39758,27.11271,0</coordinates>
      </LineString>
    </Placemark>
    <Placemark>
      <name>Fault Line 667</name>
      <LineString>
        <coordinates>38.374244,26.937788,0 38.340436,26.903949,0 38.306875,26.870386,0 38.267601,26.849172,0 38.227232,26.83162,0 38.186866,26.814069,0 38.146502,26.796519,0 38.10614,26.77897,0</coordinates>
      </LineString>
    </Placemark>
    <Placemark>
      <name>Fault Line 668</name>
      <LineString>
        <coordinates>38.717645,27.259888,0 38.73512,27.209222,0 38.752597,27.158544,0 38.768545,27.107033,0 38.782088,27.054391,0 38.793726,27.000995,0</coordinates>
      </LineString>
    </Placemark>
    <Placemark>
      <name>Fault Line 669</name>
      <LineString>
        <coordinates>38.894953,26.82455,0 38.86215,26.861818,0 38.829354,26.899079,0 38.786207,26.908697,0 38.742929,26.917289,0 38.699182,26.914736,0 38.65505,26.91141,0</coordinates>
      </LineString>
    </Placemark>
    <Placemark>
      <name>Fault Line 670</name>
      <LineString>
        <coordinates>38.302066,27.309631,0 38.291644,27.249746,0 38.28223,27.1896,0</coordinates>
      </LineString>
    </Placemark>
    <Placemark>
      <name>Fault Line 671</name>
      <LineString>
        <coordinates>38.376587,26.913423,0 38.389096,26.971268,0 38.397288,27.030367,0 38.403883,27.089797,0 38.420411,27.145999,0 38.430208,27.204725,0 38.427289,27.264653,0 38.446969,27.320269,0</coordinates>
      </LineString>
    </Placemark>
    <Placemark>
      <name>Fault Line 672</name>
      <LineString>
        <coordinates>38.09306,26.61672,0 38.136293,26.622583,0 38.179463,26.628434,0 38.222874,26.627866,0 38.26624,26.625253,0 38.309569,26.628703,0 38.352354,26.638095,0</coordinates>
      </LineString>
    </Placemark>
    <Placemark>
      <name>Fault Line 673</name>
      <LineString>
        <coordinates>38.412137,27.502865,0 38.421987,27.444377,0 38.437156,27.387979,0 38.461893,27.337384,0 38.486635,27.286775,0 38.511385,27.236155,0</coordinates>
      </LineString>
    </Placemark>
    <Placemark>
      <name>Fault Line 674</name>
      <LineString>
        <coordinates>37.994238,37.382844,0 38.003453,37.327,0 38.012663,37.271177,0 38.021875,37.215347,0 38.031089,37.15951,0 38.040303,37.103667,0 38.049518,37.047817,0 38.058734,36.99196,0 38.067536,36.935989,0 38.06827,36.878915,0 38.066296,36.821891,0 38.062896,36.764977,0 38.058612,36.708163,0 38.045495,36.653579,0 38.027631,36.601225,0 38.003513,36.553096,0 37.975547,36.508464,0 37.938863,36.475546,0 37.901578,36.443745,0 37.866523,36.408119,0 37.83899,36.363139,0 37.811463,36.31817,0 37.783942,36.273212,0 37.751458,36.233931,0 37.718175,36.195751,0 37.684899,36.157578,0 37.651629,36.119414,0 37.618366,36.081258,0 37.58511,36.043109,0 37.551861,36.004968,0</coordinates>
      </LineString>
    </Placemark>
    <Placemark>
      <name>Fault Line 675</name>
      <LineString>
        <coordinates>40.510762,32.921108,0 40.546534,32.964427,0 40.591185,32.986846,0 40.638543,32.995267,0 40.686066,33.001909,0 40.733589,33.008551,0</coordinates>
      </LineString>
    </Placemark>
    <Placemark>
      <name>Fault Line 676</name>
      <LineString>
        <coordinates>38.85743,26.60315,0 38.816602,26.62274,0 38.775801,26.642361,0 38.735064,26.662189,0 38.69443,26.682352,0 38.654728,26.705347,0 38.614975,26.728189,0 38.574316,26.748236,0 38.53366,26.76828,0</coordinates>
      </LineString>
    </Placemark>
    <Placemark>
      <name>Fault Line 677</name>
      <LineString>
        <coordinates>38.35285,26.656686,0 38.399961,26.64948,0 38.447073,26.642274,0 38.494185,26.635068,0 38.541298,26.627862,0 38.58494,26.604045,0 38.628229,26.579182,0 38.66586,26.542178,0 38.702819,26.504057,0 38.741604,26.469021,0 38.78113,26.43397,0</coordinates>
      </LineString>
    </Placemark>
    <Placemark>
      <name>Fault Line 678</name>
      <LineString>
        <coordinates>38.785411,26.856414,0 38.798845,26.800087,0 38.812281,26.74375,0 38.844115,26.701284,0 38.88109,26.666333,0 38.919881,26.634779,0 38.960668,26.606971,0</coordinates>
      </LineString>
    </Placemark>
    <Placemark>
      <name>Fault Line 679</name>
      <LineString>
        <coordinates>37.082861,28.460414,0 37.076423,28.404081,0 37.070507,28.347705,0 37.063739,28.291484,0 37.052943,28.236266,0 37.04403,28.18053,0 37.036067,28.124574,0 37.031369,28.068046,0 37.027499,28.011423,0 37.035341,27.955446,0 37.031533,27.898814,0 37.022171,27.843208,0 37.013368,27.787467,0 37.004931,27.731644,0 36.997167,27.675673,0 36.993207,27.619085,0 36.991292,27.562334,0 36.989377,27.505585,0</coordinates>
      </LineString>
    </Placemark>
    <Placemark>
      <name>Fault Line 680</name>
      <LineString>
        <coordinates>37.91892,26.33009,0 37.892041,26.286383,0 37.865167,26.242687,0 37.838299,26.199001,0 37.811438,26.155325,0 37.784584,26.111658,0 37.757735,26.068002,0 37.730892,26.024355,0 37.704055,25.980719,0 37.677224,25.937093,0 37.6504,25.893476,0 37.623581,25.849869,0 37.596769,25.806271,0 37.56996,25.76268,0</coordinates>
      </LineString>
    </Placemark>
    <Placemark>
      <name>Fault Line 681</name>
      <LineString>
        <coordinates>37.191956,28.366093,0 37.21272,28.315467,0 37.233489,28.26483,0 37.255564,28.215058,0 37.277879,28.165441,0 37.30051,28.116034,0 37.337911,28.083372,0</coordinates>
      </LineString>
    </Placemark>
    <Placemark>
      <name>Fault Line 682</name>
      <LineString>
        <coordinates>37.214959,27.946968,0 37.236449,27.893722,0 37.257943,27.840464,0 37.297524,27.80739,0 37.327139,27.760646,0 37.348033,27.706948,0 37.359777,27.649007,0 37.381894,27.596067,0 37.40904,27.545477,0</coordinates>
      </LineString>
    </Placemark>
    <Placemark>
      <name>Fault Line 683</name>
      <LineString>
        <coordinates>38.90208,27.606005,0 38.947947,27.60663,0 38.995401,27.608434,0 39.042402,27.617055,0 39.083066,27.585497,0 39.106786,27.532506,0</coordinates>
      </LineString>
    </Placemark>
    <Placemark>
      <name>Fault Line 684</name>
      <LineString>
        <coordinates>39.93501,27.10363,0 39.907876,27.059275,0 39.880872,27.014802,0 39.85433,26.969876,0 39.836631,26.918098,0 39.812165,26.871243,0 39.786299,26.825699,0 39.759781,26.780812,0 39.736589,26.732925,0 39.721509,26.679852,0 39.706437,26.626808,0</coordinates>
      </LineString>
    </Placemark>
    <Placemark>
      <name>Fault Line 685</name>
      <LineString>
        <coordinates>37.54795,30.93032,0 37.589696,30.89867,0 37.631448,30.867016,0 37.680146,30.866273,0 37.728847,30.866569,0 37.777464,30.87021,0 37.826948,30.874136,0</coordinates>
      </LineString>
    </Placemark>
    <Placemark>
      <name>Fault Line 686</name>
      <LineString>
        <coordinates>38.426491,29.994663,0 38.392131,29.95501,0 38.349299,29.932506,0 38.304248,29.918756,0 38.261117,29.940287,0 38.236673,29.990394,0 38.209306,30.03797,0 38.176801,30.079965,0 38.140009,30.115761,0 38.103224,30.151551,0 38.063024,30.180795,0 38.020538,30.204239,0 37.979249,30.230895,0 37.939314,30.257615,0</coordinates>
      </LineString>
    </Placemark>
    <Placemark>
      <name>Fault Line 687</name>
      <LineString>
        <coordinates>39.602739,39.671042,0 39.584082,39.720874,0 39.574264,39.774779,0 39.563429,39.828347,0 39.547056,39.879483,0 39.527725,39.92884,0 39.504098,39.975214,0</coordinates>
      </LineString>
    </Placemark>
    <Placemark>
      <name>Fault Line 688</name>
      <LineString>
        <coordinates>40.59029,36.680126,0 40.605439,36.624748,0 40.620526,36.569595,0 40.635616,36.514431,0 40.65071,36.459256,0 40.665806,36.404069,0 40.680906,36.348872,0 40.696008,36.293664,0 40.711114,36.238445,0 40.726222,36.183214,0 40.741333,36.127972,0 40.744278,36.069362,0 40.74921,36.010982,0 40.74676,35.952328,0 40.745929,35.893596,0 40.753515,35.835711,0 40.761019,35.777801,0 40.767884,35.719746,0 40.77475,35.661685,0 40.781616,35.603618,0 40.786711,35.54523,0 40.791157,35.486745,0 40.795603,35.428256,0 40.800049,35.369763,0</coordinates>
      </LineString>
    </Placemark>
    <Placemark>
      <name>Fault Line 689</name>
      <LineString>
        <coordinates>40.010732,26.433029,0 39.99215,26.382299,0 39.971228,26.334008,0 39.965877,26.278984,0 39.958855,26.224286,0 39.962305,26.169011,0</coordinates>
      </LineString>
    </Placemark>
    <Placemark>
      <name>Fault Line 690</name>
      <LineString>
        <coordinates>39.516132,25.662884,0 39.53386,25.71872,0 39.542281,25.777579,0 39.547149,25.837116,0 39.537914,25.895773,0 39.52231,25.952108,0 39.500251,26.004675,0 39.474686,26.054486,0</coordinates>
      </LineString>
    </Placemark>
    <Placemark>
      <name>Fault Line 691</name>
      <LineString>
        <coordinates>38.422128,27.689885,0 38.414902,27.635057,0 38.403859,27.580691,0 38.387933,27.528343,0 38.376015,27.474299,0 38.364335,27.420179,0 38.332447,27.381505,0 38.318626,27.328245,0</coordinates>
      </LineString>
    </Placemark>
    <Placemark>
      <name>Fault Line 692</name>
      <LineString>
        <coordinates>38.52809,26.359019,0 38.494511,26.409659,0 38.462874,26.462277,0 38.432301,26.515915,0</coordinates>
      </LineString>
    </Placemark>
    <Placemark>
      <name>Fault Line 693</name>
      <LineString>
        <coordinates>37.620397,27.146614,0 37.625958,27.20657,0 37.644403,27.262272,0 37.66486,27.316856,0 37.69454,27.364219,0 37.735701,27.394972,0 37.77034,27.436656,0 37.805645,27.477454,0 37.838987,27.519627,0</coordinates>
      </LineString>
    </Placemark>
    <Placemark>
      <name>Fault Line 694</name>
      <LineString>
        <coordinates>35.76788,36.07331,0 35.730136,36.041342,0 35.692835,36.009749,0 35.655539,35.978161,0 35.61825,35.946577,0 35.580965,35.914999,0 35.543687,35.883425,0 35.506414,35.851856,0 35.469146,35.820292,0 35.431885,35.78873,0 35.394841,35.756797,0 35.3625,35.717946,0 35.330166,35.679101,0 35.297837,35.640265,0 35.265515,35.601436,0 35.233233,35.562574,0 35.211608,35.513889,0 35.190629,35.464795,0 35.169654,35.415711,0 35.148684,35.366637,0 35.127721,35.317571,0 35.1078,35.267872,0 35.090951,35.216514,0 35.074105,35.165166,0 35.057264,35.113825,0 35.041352,35.062056,0 35.027731,35.00933,0 35.014114,34.956611,0 35.000893,34.903749,0 34.9894,34.850297,0 34.977909,34.796853,0 34.966915,34.743259,0 34.95962,34.688741,0 34.952326,34.634227,0 34.945039,34.579717,0 34.942913,34.52455,0 34.942819,34.469323,0 34.942725,34.414096,0 34.942631,34.358869,0 34.942537,34.303642,0 34.942443,34.248415,0 34.942352,34.193188,0 34.948623,34.13849,0 34.960936,34.085337,0 34.97325,34.032176,0 34.985565,33.979008,0 34.997883,33.925832,0</coordinates>
      </LineString>
    </Placemark>
    <Placemark>
      <name>Fault Line 695</name>
      <LineString>
        <coordinates>35.744973,34.949311,0 35.710607,34.91387,0 35.676524,34.87872,0 35.642447,34.843576,0 35.608376,34.808438,0 35.574331,34.773276,0 35.546858,34.730309,0 35.520551,34.686268,0 35.494251,34.642235,0 35.46815,34.598036,0 35.443353,34.552735,0 35.418561,34.507443,0 35.393773,34.462162,0 35.369002,34.416881,0 35.348788,34.368327,0 35.331753,34.317986,0 35.314721,34.267654,0 35.297695,34.21733,0 35.282204,34.166277,0 35.269836,34.113968,0 35.257472,34.061666,0 35.245109,34.009371,0 35.232753,33.957082,0 35.225082,33.903471,0 35.221167,33.849259,0 35.217252,33.79505,0 35.21334,33.740843,0 35.213318,33.686426,0 35.213824,33.632014,0 35.221606,33.578435,0 35.230083,33.525008,0 35.238561,33.471576,0</coordinates>
      </LineString>
    </Placemark>
    <Placemark>
      <name>Fault Line 696</name>
      <LineString>
        <coordinates>41.993592,43.896118,0 41.983416,43.957166,0 41.981515,44.019673,0 41.981304,44.08223,0 41.976272,44.144419,0 41.96829,44.20604,0 41.954289,44.265676,0 41.953036,44.328183,0 41.944359,44.389611,0 41.918456,44.441526,0 41.891869,44.492791,0 41.871564,44.548983,0 41.855433,44.607548,0 41.839096,44.667876,0</coordinates>
      </LineString>
    </Placemark>
    <Placemark>
      <name>Fault Line 697</name>
      <LineString>
        <coordinates>41.425062,45.209302,0 41.456123,45.168624,0 41.487191,45.127937,0 41.518266,45.08724,0 41.549349,45.046534,0 41.580439,45.005818,0 41.611536,44.965093,0 41.642641,44.924358,0 41.673753,44.883613,0 41.704872,44.842858,0 41.735999,44.802095,0 41.767133,44.761321,0 41.798275,44.720537,0</coordinates>
      </LineString>
    </Placemark>
    <Placemark>
      <name>Fault Line 698</name>
      <LineString>
        <coordinates>41.839096,44.667876,0 41.833913,44.727091,0 41.83256,44.786683,0 41.835605,44.846164,0 41.833776,44.905734,0 41.826099,44.964454,0 41.816535,45.022664,0 41.802349,45.07914,0 41.788145,45.135676,0</coordinates>
      </LineString>
    </Placemark>
    <Placemark>
      <name>Fault Line 699</name>
      <LineString>
        <coordinates>42.919088,42.164288,0 42.922733,42.100168,0 42.928403,42.036588,0 42.933316,41.972885,0 42.940185,41.909516,0 42.938242,41.845509,0 42.953214,41.784793,0</coordinates>
      </LineString>
    </Placemark>
    <Placemark>
      <name>Fault Line 700</name>
      <LineString>
        <coordinates>41.323793,45.05392,0 41.347197,45.000693,0 41.370255,44.947983,0 41.386145,44.890749,0 41.389085,44.82984,0 41.38853,44.768808,0 41.387977,44.707776,0 41.387422,44.646745,0 41.386876,44.585714,0 41.387436,44.524684,0 41.390179,44.463758,0 41.395106,44.403071,0 41.393629,44.342061,0 41.390655,44.28115,0 41.383362,44.220894,0 41.385025,44.159901,0</coordinates>
      </LineString>
    </Placemark>
    <Placemark>
      <name>Fault Line 701</name>
      <LineString>
        <coordinates>41.404302,43.912075,0 41.366208,43.960252,0 41.322616,43.999477,0</coordinates>
      </LineString>
    </Placemark>
    <Placemark>
      <name>Fault Line 702</name>
      <LineString>
        <coordinates>41.625292,43.600123,0 41.589749,43.565838,0 41.554212,43.531559,0 41.518682,43.497287,0 41.485137,43.459631,0 41.452588,43.420468,0 41.42005,43.38131,0 41.387519,43.34216,0 41.354995,43.30302,0 41.316827,43.274342,0 41.277746,43.247398,0</coordinates>
      </LineString>
    </Placemark>
    <Placemark>
      <name>Fault Line 703</name>
      <LineString>
        <coordinates>41.629057,43.578557,0 41.603978,43.52799,0 41.578906,43.477436,0 41.552971,43.427685,0 41.526659,43.378311,0 41.500353,43.32895,0 41.474055,43.279602,0 41.441305,43.237712,0 41.408517,43.195897,0 41.374685,43.155608,0 41.339091,43.118133,0 41.303467,43.080626,0</coordinates>
      </LineString>
    </Placemark>
    <Placemark>
      <name>Fault Line 704</name>
      <LineString>
        <coordinates>41.281982,43.59296,0 41.254925,43.637421,0 41.227983,43.681986,0 41.203459,43.728937,0 41.178685,43.775638,0 41.153912,43.822336,0</coordinates>
      </LineString>
    </Placemark>
    <Placemark>
      <name>Fault Line 705</name>
      <LineString>
        <coordinates>41.451359,44.003473,0 41.405633,44.008298,0 41.359787,44.006337,0 41.314125,44.000544,0 41.268393,44.006157,0</coordinates>
      </LineString>
    </Placemark>
    <Placemark>
      <name>Fault Line 706</name>
      <LineString>
        <coordinates>42.497897,43.459434,0 42.474077,43.510676,0 42.448859,43.560653,0 42.429161,43.614978,0 42.415192,43.672454,0 42.393279,43.725167,0 42.386008,43.78484,0 42.394967,43.844318,0</coordinates>
      </LineString>
    </Placemark>
    <Placemark>
      <name>Fault Line 707</name>
      <LineString>
        <coordinates>41.567734,42.832424,0 41.593976,42.880835,0 41.609188,42.936901,0 41.623509,42.993396,0 41.639301,43.049199,0 41.655095,43.105014,0 41.666507,43.162722,0 41.676671,43.220857,0 41.6838,43.279803,0 41.69093,43.338756,0</coordinates>
      </LineString>
    </Placemark>
    <Placemark>
      <name>Fault Line 708</name>
      <LineString>
        <coordinates>41.241725,44.345406,0 41.276153,44.302342,0 41.301233,44.249035,0 41.328779,44.19791,0 41.362603,44.153948,0 41.3953,44.108475,0 41.425316,44.059806,0 41.45683,44.012827,0 41.491854,43.97048,0 41.527209,43.928605,0 41.563053,43.88692,0</coordinates>
      </LineString>
    </Placemark>
    <Placemark>
      <name>Fault Line 709</name>
      <LineString>
        <coordinates>41.596167,44.803255,0 41.600407,44.74242,0 41.604646,44.681594,0 41.608886,44.620764,0 41.613125,44.559931,0 41.617364,44.499094,0 41.621605,44.438253,0 41.625845,44.377408,0 41.630086,44.316559,0 41.634327,44.255706,0 41.638569,44.194849,0 41.64281,44.133988,0 41.644926,44.072925,0 41.645665,44.011801,0 41.648126,43.950757,0 41.650619,43.889713,0</coordinates>
      </LineString>
    </Placemark>
    <Placemark>
      <name>Fault Line 710</name>
      <LineString>
        <coordinates>41.738827,46.196445,0 41.763802,46.13973,0 41.788686,46.083151,0 41.808196,46.022879,0 41.825428,45.961353,0 41.843895,45.900456,0 41.869611,45.844479,0</coordinates>
      </LineString>
    </Placemark>
    <Placemark>
      <name>Fault Line 711</name>
      <LineString>
        <coordinates>41.602583,43.788333,0 41.564192,43.818859,0 41.525806,43.84938,0 41.484421,43.871829,0 41.441335,43.887554,0 41.398249,43.90327,0 41.355165,43.918985,0 41.310712,43.924813,0 41.266049,43.923797,0 41.222332,43.935991,0 41.180508,43.957309,0</coordinates>
      </LineString>
    </Placemark>
    <Placemark>
      <name>Fault Line 712</name>
      <LineString>
        <coordinates>41.870828,44.680353,0 41.876623,44.620105,0 41.903919,44.571649,0 41.931226,44.523183,0 41.957156,44.473349,0 41.980558,44.421284,0 41.992301,44.362513,0 42.002491,44.30321,0 42.010785,44.243367,0 42.018316,44.18321,0</coordinates>
      </LineString>
    </Placemark>
    <Placemark>
      <name>Fault Line 713</name>
      <LineString>
        <coordinates>43.052026,42.366499,0 43.072595,42.311657,0 43.087627,42.25353,0 43.097921,42.193486,0 43.086922,42.133677,0 43.082938,42.07225,0 43.094454,42.012628,0 43.109316,41.954398,0 43.139452,41.908536,0 43.152913,41.849629,0 43.156598,41.788098,0 43.165442,41.727556,0 43.178069,41.668277,0 43.196312,41.611799,0 43.217095,41.55698,0 43.240512,41.504179,0 43.265912,41.453113,0 43.292091,41.402773,0 43.311339,41.346822,0 43.319858,41.286037,0 43.334593,41.227529,0 43.35532,41.172546,0 43.376054,41.117549,0 43.389883,41.058571,0 43.413415,41.005716,0 43.417365,40.94395,0 43.434848,40.886798,0 43.46209,40.837395,0 43.478647,40.779681,0 43.496894,40.722925,0 43.517892,40.667989,0 43.541364,40.61428,0</coordinates>
      </LineString>
    </Placemark>
    <Placemark>
      <name>Fault Line 714</name>
      <LineString>
        <coordinates>42.628661,43.49053,0 42.641051,43.432324,0 42.650191,43.373008,0 42.668774,43.31791,0 42.697452,43.271483,0 42.719082,43.218437,0 42.739155,43.164253,0 42.759109,43.10997,0 42.778707,43.055428,0 42.792301,42.997581,0 42.802156,42.938332,0 42.809431,42.878387,0 42.810274,42.817632,0 42.807983,42.756947,0 42.820614,42.698669,0 42.83461,42.640961,0 42.850327,42.584069,0 42.881672,42.540825,0 42.909396,42.493176,0 42.935599,42.443926,0 42.967047,42.400759,0 42.997706,42.356525,0 43.020026,42.303755,0 43.037519,42.247665,0 43.050279,42.187692,0</coordinates>
      </LineString>
    </Placemark>
    <Placemark>
      <name>Fault Line 715</name>
      <LineString>
        <coordinates>43.208844,41.070271,0 43.193369,41.128237,0 43.178895,41.186644,0 43.160008,41.242615,0 43.136139,41.294869,0 43.116816,41.350519,0 43.111748,41.411741,0 43.111449,41.473352,0 43.097919,41.532104,0 43.087847,41.592135,0 43.081491,41.653103,0 43.083703,41.714613,0 43.081323,41.776112,0 43.081485,41.837694,0 43.076667,41.89892,0 43.070892,41.959984,0 43.062515,42.020474,0</coordinates>
      </LineString>
    </Placemark>
    <Placemark>
      <name>Fault Line 716</name>
      <LineString>
        <coordinates>42.764684,42.53004,0 42.77422,42.467802,0 42.785833,42.406212,0 42.807296,42.34973,0 42.827243,42.292206,0 42.839485,42.230789,0 42.852893,42.169815,0 42.866907,42.109082,0 42.879687,42.047829,0 42.903738,41.993232,0 42.90905,41.929926,0 42.909745,41.8642,0</coordinates>
      </LineString>
    </Placemark>
    <Placemark>
      <name>Fault Line 717</name>
      <LineString>
        <coordinates>42.636828,42.62505,0 42.633336,42.562972,0 42.636146,42.500831,0 42.63942,42.438727,0 42.631646,42.37737,0 42.633464,42.315162,0 42.65594,42.260907,0 42.678529,42.206719,0 42.701125,42.152516,0 42.723727,42.098298,0 42.746335,42.044065,0 42.761297,41.985107,0 42.773234,41.92487,0 42.78514,41.86461,0 42.796702,41.804216,0 42.809749,41.744375,0 42.835803,41.691185,0</coordinates>
      </LineString>
    </Placemark>
    <Placemark>
      <name>Fault Line 718</name>
      <LineString>
        <coordinates>42.533162,43.229291,0 42.548295,43.169944,0 42.561113,43.109588,0 42.569904,43.047907,0 42.592889,42.993368,0 42.605942,42.933063,0 42.61425,42.871216,0 42.622553,42.809359,0 42.630858,42.747495,0 42.639228,42.685144,0</coordinates>
      </LineString>
    </Placemark>
    <Placemark>
      <name>Fault Line 719</name>
      <LineString>
        <coordinates>42.435068,43.88058,0 42.425078,43.82153,0 42.42147,43.761154,0 42.430718,43.701886,0 42.444817,43.644389,0 42.460437,43.587605,0 42.486465,43.538313,0 42.509702,43.4865,0 42.515934,43.42643,0 42.517954,43.365828,0 42.519955,43.305223,0 42.522727,43.244412,0</coordinates>
      </LineString>
    </Placemark>
    <Placemark>
      <name>Fault Line 720</name>
      <LineString>
        <coordinates>42.381494,41.80226,0 42.428328,41.791038,0 42.475865,41.794838,0 42.523236,41.801437,0 42.570246,41.811753,0 42.617565,41.818999,0 42.664403,41.80732,0 42.710152,41.789338,0 42.752471,41.759611,0 42.792943,41.725427,0</coordinates>
      </LineString>
    </Placemark>
    <Placemark>
      <name>Fault Line 721</name>
      <LineString>
        <coordinates>42.276395,42.035174,0 42.31923,42.014727,0 42.32887,41.957215,0 42.330831,41.898299,0 42.355821,41.849959,0 42.381494,41.80226,0</coordinates>
      </LineString>
    </Placemark>
    <Placemark>
      <name>Fault Line 722</name>
      <LineString>
        <coordinates>42.615594,42.634058,0 42.579544,42.589113,0 42.561365,42.531288,0 42.542808,42.473703,0 42.507351,42.433294,0 42.471523,42.393518,0 42.447852,42.339578,0 42.425902,42.284338,0 42.394097,42.238763,0 42.357353,42.200626,0 42.320119,42.163392,0 42.291412,42.114269,0 42.274813,42.055842,0</coordinates>
      </LineString>
    </Placemark>
    <Placemark>
      <name>Fault Line 723</name>
      <LineString>
        <coordinates>42.356499,43.571885,0 42.342575,43.512309,0 42.349044,43.450443,0 42.351404,43.388039,0 42.350326,43.325571,0 42.344652,43.263561,0 42.327728,43.205437,0 42.302945,43.152743,0 42.284452,43.095539,0 42.282867,43.033155,0 42.290599,42.971615,0 42.27997,42.910871,0 42.273276,42.849119,0 42.274247,42.786724,0 42.263246,42.725498,0</coordinates>
      </LineString>
    </Placemark>
    <Placemark>
      <name>Fault Line 724</name>
      <LineString>
        <coordinates>42.333237,43.99777,0 42.335037,43.937426,0 42.338131,43.877174,0 42.346655,43.817882,0 42.357689,43.759345,0 42.366809,43.700199,0 42.367351,43.639779,0 42.361153,43.579869,0</coordinates>
      </LineString>
    </Placemark>
    <Placemark>
      <name>Fault Line 725</name>
      <LineString>
        <coordinates>42.037676,41.806461,0 42.059993,41.859754,0 42.069389,41.919212,0 42.061987,41.979178,0 42.069866,42.039035,0 42.078957,42.098586,0 42.085576,42.158733,0 42.086937,42.219515,0 42.094166,42.279543,0 42.107419,42.337685,0 42.091753,42.394724,0 42.069069,42.447289,0</coordinates>
      </LineString>
    </Placemark>
    <Placemark>
      <name>Fault Line 726</name>
      <LineString>
        <coordinates>41.844041,45.088054,0 41.845113,45.026002,0 41.858048,44.966405,0 41.877117,44.90984,0 41.897763,44.854266,0 41.916243,44.797315,0 41.942203,44.745884,0 41.964616,44.691499,0 41.983072,44.634474,0 42.006771,44.581052,0 42.030938,44.527992,0 42.056016,44.475682,0 42.081111,44.423366,0 42.098361,44.365555,0 42.115303,44.307565,0 42.13864,44.253743,0 42.166288,44.203752,0 42.194398,44.153093,0</coordinates>
      </LineString>
    </Placemark>
    <Placemark>
      <name>Fault Line 727</name>
      <LineString>
        <coordinates>41.560712,45.650487,0 41.5984,45.61435,0 41.640855,45.590176,0 41.679869,45.557203,0 41.708487,45.508733,0 41.7285,45.453036,0 41.741489,45.393706,0 41.761322,45.337865,0 41.791679,45.29127,0 41.824801,45.248174,0 41.850634,45.196859,0 41.865704,45.138306,0 41.876098,45.077935,0 41.885037,45.017137,0 41.893978,44.956332,0 41.914923,44.901091,0 41.945274,44.854377,0 41.969899,44.801906,0 41.981659,44.741891,0</coordinates>
      </LineString>
    </Placemark>
    <Placemark>
      <name>Fault Line 728</name>
      <LineString>
        <coordinates>41.184593,46.670006,0 41.183953,46.607197,0 41.190641,46.547218,0 41.217868,46.498548,0 41.237235,46.443611,0 41.250842,46.385685,0 41.26229,46.326928,0 41.271776,46.267545,0 41.292257,46.213283,0 41.317291,46.162498,0 41.345315,46.11454,0 41.375329,46.068747,0 41.402398,46.019784,0 41.426073,45.96777,0 41.448408,45.914693,0 41.47326,45.863625,0 41.500011,45.814276,0 41.521915,45.76082,0 41.542208,45.706224,0 41.560712,45.650487,0</coordinates>
      </LineString>
    </Placemark>
    <Placemark>
      <name>Fault Line 729</name>
      <LineString>
        <coordinates>41.104508,46.541315,0 41.12337,46.487671,0 41.142236,46.434014,0 41.161106,46.380344,0 41.179982,46.326663,0 41.195027,46.270874,0 41.201052,46.212144,0 41.206902,46.153379,0 41.214244,46.094904,0 41.222071,46.036532,0 41.230494,45.9783,0 41.252565,45.92676,0 41.275716,45.876047,0 41.303551,45.82967,0 41.32983,45.781692,0 41.354104,45.731856,0 41.375247,45.679534,0 41.39456,45.625954,0 41.413776,45.572296,0 41.432996,45.518625,0 41.462463,45.473961,0 41.495569,45.43407,0 41.52889,45.394482,0 41.562218,45.354884,0 41.595555,45.315279,0 41.63337,45.283648,0 41.677847,45.279223,0 41.711172,45.23953,0 41.740205,45.194168,0 41.774297,45.152937,0</coordinates>
      </LineString>
    </Placemark>
    <Placemark>
      <name>Fault Line 730</name>
      <LineString>
        <coordinates>41.475948,45.308363,0 41.509383,45.270773,0 41.544976,45.237955,0 41.583964,45.212935,0 41.6272,45.211473,0 41.67044,45.212746,0 41.71368,45.214019,0</coordinates>
      </LineString>
    </Placemark>
    <Placemark>
      <name>Fault Line 731</name>
      <LineString>
        <coordinates>42.299234,45.65103,0 42.327593,45.600814,0 42.348542,45.546155,0 42.36667,45.489663,0 42.384888,45.433208,0 42.411491,45.383204,0 42.439973,45.335115,0 42.465451,45.284002,0 42.495481,45.237632,0 42.529094,45.196006,0 42.562549,45.154125,0 42.59138,45.106303,0 42.609652,45.049676,0 42.620988,44.989782,0 42.623851,44.928055,0 42.605955,44.871193,0 42.59833,44.810237,0 42.620348,44.756117,0 42.647137,44.706105,0 42.674263,44.656412,0</coordinates>
      </LineString>
    </Placemark>
    <Placemark>
      <name>Fault Line 732</name>
      <LineString>
        <coordinates>41.974425,42.219357,0 41.98879,42.278086,0 42.013206,42.327857,0 42.023228,42.385967,0 42.030216,42.444885,0 42.02577,42.504247,0 42.022602,42.563755,0 42.024256,42.623374,0 42.034297,42.681488,0 42.052173,42.736096,0 42.064183,42.793554,0 42.067384,42.853097,0 42.084658,42.908085,0 42.085021,42.967799,0 42.058095,43.01522,0 42.037859,43.068318,0 42.010398,43.115145,0 41.988134,43.16671,0 41.968625,43.220241,0 41.949121,43.27376,0</coordinates>
      </LineString>
    </Placemark>
    <Placemark>
      <name>Fault Line 733</name>
      <LineString>
        <coordinates>41.804435,41.719168,0 41.818093,41.774844,0 41.831662,41.830213,0 41.843642,41.886251,0 41.855036,41.942518,0 41.871111,41.996698,0 41.892674,42.04734,0 41.914147,42.098067,0 41.93311,42.150587,0 41.950502,42.204094,0 41.957458,42.261745,0 41.957018,42.320149,0</coordinates>
      </LineString>
    </Placemark>
    <Placemark>
      <name>Fault Line 734</name>
      <LineString>
        <coordinates>41.560758,41.738152,0 41.574925,41.795427,0 41.589096,41.852713,0 41.603269,41.91001,0 41.617445,41.967319,0 41.631624,42.024638,0 41.660142,42.071451,0 41.686055,42.120924,0 41.69891,42.178861,0 41.711756,42.236812,0 41.724606,42.294774,0 41.737456,42.352748,0 41.738921,42.413201,0 41.738889,42.473687,0 41.740762,42.53412,0 41.744872,42.594357,0 41.751786,42.654375,0</coordinates>
      </LineString>
    </Placemark>
    <Placemark>
      <name>Fault Line 735</name>
      <LineString>
        <coordinates>41.751786,42.654375,0 41.768081,42.711191,0 41.784379,42.768019,0 41.80003,42.825187,0 41.815524,42.882447,0 41.837387,42.93585,0 41.857311,42.990622,0 41.869337,43.049412,0 41.874532,43.109987,0 41.887458,43.168447,0 41.898891,43.227477,0 41.91047,43.286467,0 41.92369,43.344843,0 41.938795,43.402399,0 41.953744,43.460042,0 41.942701,43.519259,0 41.924636,43.575254,0 41.924109,43.636275,0 41.930571,43.696682,0 41.95257,43.750082,0 41.971721,43.805448,0 42.008851,43.846189,0</coordinates>
      </LineString>
    </Placemark>
    <Placemark>
      <name>Fault Line 736</name>
      <LineString>
        <coordinates>41.778595,43.310926,0 41.78579,43.369523,0 41.789766,43.428675,0 41.788937,43.488059,0 41.793466,43.547143,0 41.805469,43.604322,0 41.820445,43.660237,0 41.839957,43.713589,0 41.865318,43.762328,0 41.870297,43.821417,0 41.871438,43.880866,0 41.881577,43.938761,0 41.890506,43.997022,0 41.896585,44.05595,0 41.877565,44.109668,0 41.865989,44.16707,0 41.857932,44.225538,0 41.867517,44.283589,0 41.884998,44.341127,0</coordinates>
      </LineString>
    </Placemark>
    <Placemark>
      <name>Fault Line 737</name>
      <LineString>
        <coordinates>41.596394,42.617015,0 41.620122,42.669828,0 41.641801,42.724213,0 41.658031,42.781913,0 41.669508,42.841634,0 41.675513,42.902781,0 41.680176,42.964144,0 41.681994,43.025779,0 41.689965,43.086537,0 41.699832,43.1468,0 41.714363,43.205357,0 41.72391,43.265737,0 41.731936,43.326521,0 41.729488,43.388844,0</coordinates>
      </LineString>
    </Placemark>
    <Placemark>
      <name>Fault Line 738</name>
      <LineString>
        <coordinates>41.511153,44.790973,0 41.508453,44.7285,0 41.505756,44.666103,0 41.50306,44.603709,0 41.500364,44.541317,0 41.497667,44.478928,0 41.494973,44.416542,0 41.4944,44.354058,0 41.497369,44.291695,0 41.502141,44.229526,0 41.508642,44.167631,0 41.512861,44.105381,0 41.515606,44.042981,0 41.516458,43.98048,0</coordinates>
      </LineString>
    </Placemark>
    <Placemark>
      <name>Fault Line 739</name>
      <LineString>
        <coordinates>41.245013,44.804273,0 41.263083,44.74836,0 41.280145,44.691874,0 41.297365,44.635458,0 41.300702,44.574718,0 41.300498,44.513815,0 41.297826,44.453017,0 41.302962,44.392499,0 41.322701,44.337545,0 41.341174,44.281799,0 41.353576,44.222427,0</coordinates>
      </LineString>
    </Placemark>
    <Placemark>
      <name>Fault Line 740</name>
      <LineString>
        <coordinates>41.241725,44.345406,0 41.243079,44.40438,0 41.241691,44.463151,0 41.23342,44.520909,0 41.223444,44.578182,0 41.214275,44.635685,0 41.205399,44.693259,0 41.196525,44.750825,0 41.187646,44.808383,0 41.172017,44.863334,0 41.155577,44.917853,0 41.139141,44.97236,0 41.122709,45.026855,0 41.11121,45.083524,0</coordinates>
      </LineString>
    </Placemark>
    <Placemark>
      <name>Fault Line 741</name>
      <LineString>
        <coordinates>42.21722,45.604563,0 42.23717,45.549814,0 42.262883,45.499622,0 42.278264,45.442207,0 42.294495,45.385206,0 42.313829,45.329989,0 42.330028,45.272938,0 42.341889,45.213957,0 42.361421,45.158825,0 42.392304,45.114177,0 42.424276,45.070934,0 42.444178,45.015972,0 42.467801,44.963768,0 42.476651,44.903697,0 42.476752,44.842435,0 42.484021,44.781968,0 42.49747,44.72347,0 42.515989,44.667563,0 42.535636,44.612352,0 42.559271,44.560082,0 42.583737,44.5085,0 42.608253,44.45694,0 42.627464,44.401365,0 42.640833,44.342698,0 42.661466,44.287053,0</coordinates>
      </LineString>
    </Placemark>
    <Placemark>
      <name>Fault Line 742</name>
      <LineString>
        <coordinates>41.666531,43.714061,0 41.622601,43.70286,0 41.57851,43.692864,0 41.534169,43.685096,0 41.489954,43.676148,0 41.446213,43.663718,0 41.410597,43.627646,0 41.370455,43.601369,0 41.327014,43.587216,0 41.285488,43.565117,0 41.24876,43.531172,0 41.213704,43.49425,0 41.178932,43.456343,0</coordinates>
      </LineString>
    </Placemark>
    <Placemark>
      <name>Fault Line 743</name>
      <LineString>
        <coordinates>41.373476,43.634482,0 41.334759,43.677106,0 41.299646,43.724923,0 41.263933,43.77192,0 41.227062,43.817281,0 41.192686,43.866095,0</coordinates>
      </LineString>
    </Placemark>
    <Placemark>
      <name>Fault Line 744</name>
      <LineString>
        <coordinates>41.694803,46.810098,0 41.714437,46.754951,0 41.733938,46.700178,0 41.753443,46.645391,0 41.772954,46.590591,0 41.79247,46.535777,0 41.811989,46.480949,0 41.8315,46.426099,0 41.848774,46.369898,0 41.863653,46.312461,0 41.878535,46.255011,0 41.893429,46.197554,0 41.910104,46.140974,0 41.931546,46.087354,0 41.953016,46.033737,0 41.97923,45.98406,0 42.005881,45.934783,0 42.029119,45.882452,0 42.049395,45.827918,0 42.059866,45.768569,0 42.072335,45.709913,0 42.091216,45.654441,0 42.108122,45.597807,0 42.124287,45.540767,0 42.143273,45.485315,0 42.172207,45.438306,0 42.201147,45.391284,0 42.230096,45.344249,0 42.259053,45.297202,0 42.286651,45.248666,0 42.313256,45.199104,0</coordinates>
      </LineString>
    </Placemark>
    <Placemark>
      <name>Fault Line 745</name>
      <LineString>
        <coordinates>42.460634,44.733315,0 42.483057,44.679738,0 42.505392,44.626371,0 42.527696,44.572961,0 42.551645,44.520857,0 42.576208,44.469263,0 42.593401,44.412418,0 42.609009,44.35472,0 42.617148,44.294241,0 42.628475,44.234708,0 42.639351,44.175007,0 42.649879,44.115182,0 42.660408,44.055348,0 42.670939,43.995504,0 42.681472,43.935651,0 42.692007,43.875788,0 42.702544,43.815915,0 42.714728,43.756613,0 42.728627,43.698,0 42.745065,43.640604,0 42.765623,43.585707,0 42.789758,43.533563,0 42.80826,43.477287,0 42.826572,43.420879,0 42.844889,43.364456,0</coordinates>
      </LineString>
    </Placemark>
    <Placemark>
      <name>Fault Line 746</name>
      <LineString>
        <coordinates>41.788409,46.29801,0 41.812097,46.246727,0 41.835789,46.195433,0 41.859488,46.144125,0 41.883193,46.092803,0 41.906905,46.041468,0 41.930623,45.990119,0 41.952529,45.937317,0 41.968388,45.880726,0 41.982678,45.823371,0 41.990823,45.763871,0 42.003677,45.705885,0 42.019115,45.649038,0 42.039014,45.594746,0 42.062683,45.54325,0 42.091188,45.496389,0 42.119701,45.449515,0 42.148221,45.402628,0 42.177769,45.356892,0 42.208153,45.312144,0 42.238507,45.267337,0 42.26792,45.221377,0 42.297341,45.175405,0 42.331496,45.135844,0 42.366135,45.097039,0 42.398135,45.054263,0 42.416463,44.998645,0 42.429697,44.94042,0 42.437296,44.880365,0 42.444301,44.82017,0 42.451307,44.759968,0</coordinates>
      </LineString>
    </Placemark>
    <Placemark>
      <name>Fault Line 747</name>
      <LineString>
        <coordinates>43.370105,40.898911,0 43.394198,40.847784,0 43.419458,40.797717,0 43.432435,40.739417,0 43.445379,40.681089,0 43.466583,40.627531,0 43.483842,40.571329,0 43.494445,40.512064,0 43.512205,40.456135,0 43.55001,40.422382,0</coordinates>
      </LineString>
    </Placemark>
    <Placemark>
      <name>Fault Line 748</name>
      <LineString>
        <coordinates>42.09009,45.406644,0 42.123495,45.362141,0 42.155887,45.317589,0 42.18016,45.264447,0 42.204443,45.211292,0 42.229053,45.158391,0 42.254272,45.105994,0 42.279666,45.053732,0 42.306542,45.002821,0 42.333383,44.951854,0 42.351948,44.894519,0 42.369808,44.836758,0 42.387656,44.778974,0 42.400807,44.718911,0 42.416798,44.66011,0 42.438915,44.605055,0 42.465075,44.553336,0 42.493228,44.503554,0 42.516439,44.449263,0 42.527107,44.38818,0</coordinates>
      </LineString>
    </Placemark>
    <Placemark>
      <name>Fault Line 749</name>
      <LineString>
        <coordinates>42.149212,45.149416,0 42.175873,45.099758,0 42.193901,45.043767,0 42.216878,44.991164,0 42.24422,44.942494,0 42.267583,44.890158,0 42.285593,44.834076,0 42.302673,44.777448,0 42.318944,44.720371,0 42.332194,44.661868,0 42.345307,44.603298,0 42.35376,44.543168,0 42.362228,44.483033,0 42.376486,44.424927,0 42.386752,44.365284,0 42.403563,44.308418,0 42.424583,44.254163,0</coordinates>
      </LineString>
    </Placemark>
    <Placemark>
      <name>Fault Line 750</name>
      <LineString>
        <coordinates>41.638655,46.18497,0 41.66592,46.137219,0 41.69319,46.089459,0 41.720467,46.041687,0 41.747751,45.993901,0 41.775043,45.946103,0 41.802217,45.898164,0 41.829345,45.850157,0 41.856481,45.802137,0 41.883625,45.754105,0 41.910775,45.706059,0 41.937933,45.658,0 41.961897,45.606946,0 41.984344,45.554638,0 42.006797,45.502316,0 42.029255,45.449981,0 42.05172,45.397632,0 42.073078,45.344433,0 42.094278,45.291102,0 42.115483,45.237756,0 42.136694,45.184397,0</coordinates>
      </LineString>
    </Placemark>
    <Placemark>
      <name>Fault Line 751</name>
      <LineString>
        <coordinates>42.424285,43.969868,0 42.439818,43.911761,0 42.455717,43.853823,0 42.474155,43.797267,0 42.493954,43.741548,0 42.521186,43.691912,0 42.550469,43.64445,0 42.57872,43.595829,0 42.611428,43.552642,0 42.642464,43.507211,0 42.662721,43.451645,0 42.68742,43.399487,0 42.715453,43.350524,0 42.746632,43.305198,0 42.781192,43.264652,0 42.81576,43.224095,0 42.848818,43.181241,0 42.877967,43.133377,0 42.904133,43.082381,0 42.916163,43.02231,0 42.927957,42.962138,0 42.950691,42.908122,0 42.982114,42.862941,0 43.012537,42.816475,0 43.020612,42.755076,0 43.025358,42.693022,0 43.033553,42.63164,0 43.042092,42.570337,0 43.050633,42.509026,0 43.066163,42.450327,0 43.084954,42.392464,0</coordinates>
      </LineString>
    </Placemark>
    <Placemark>
      <name>Fault Line 752</name>
      <LineString>
        <coordinates>42.159439,44.337065,0 42.171222,44.280847,0 42.192767,44.230155,0 42.220083,44.184793,0 42.25301,44.146808,0 42.291377,44.119675,0 42.323935,44.08107,0 42.352119,44.036595,0 42.387801,44.003389,0 42.424285,43.969868,0</coordinates>
      </LineString>
    </Placemark>
    <Placemark>
      <name>Fault Line 753</name>
      <LineString>
        <coordinates>41.262155,46.7979,0 41.283678,46.743679,0 41.301475,46.687569,0 41.31288,46.628575,0 41.324287,46.569571,0 41.33572,46.510565,0 41.347741,46.451756,0 41.359775,46.392941,0 41.374397,46.335165,0 41.391082,46.278376,0 41.415637,46.226897,0 41.440203,46.175407,0 41.466313,46.125268,0 41.492795,46.075457,0 41.519282,46.025631,0 41.544988,45.975059,0 41.57034,45.92415,0 41.596904,45.874336,0 41.624079,45.825094,0 41.651261,45.77584,0 41.67845,45.726572,0 41.705647,45.67729,0</coordinates>
      </LineString>
    </Placemark>
    <Placemark>
      <name>Fault Line 754</name>
      <LineString>
        <coordinates>43.208844,41.070271,0 43.1946,41.006885,0 43.204175,40.944223,0 43.213671,40.88153,0 43.211922,40.817537,0 43.219304,40.754303,0 43.229111,40.691683,0 43.235978,40.628323,0 43.240154,40.564515,0 43.243964,40.500661,0 43.253839,40.438036,0 43.268745,40.377305,0 43.282429,40.316017,0 43.295819,40.254595,0</coordinates>
      </LineString>
    </Placemark>
    <Placemark>
      <name>Fault Line 755</name>
      <LineString>
        <coordinates>42.443678,45.780891,0 42.461945,45.724083,0 42.488734,45.674338,0 42.508837,45.619083,0 42.523971,45.56097,0 42.539108,45.502845,0 42.554249,45.444708,0 42.569392,45.386558,0 42.584539,45.328395,0 42.601294,45.271036,0 42.619853,45.214694,0 42.628333,45.154039,0 42.643227,45.0957,0 42.663713,45.040567,0 42.680745,44.983283,0 42.697386,44.925774,0 42.708949,44.865991,0 42.70558,44.804338,0 42.700448,44.742915,0 42.700037,44.681102,0 42.702353,44.619364,0 42.705165,44.557664,0 42.709888,44.496175,0 42.71535,44.434794,0 42.716817,44.372994,0 42.715335,44.311194,0 42.712242,44.249507,0 42.708477,44.187893,0 42.706092,44.126154,0 42.704511,44.064369,0 42.703367,44.002569,0 42.70419,43.940758,0 42.707472,43.879097,0 42.715156,43.818161,0 42.734933,43.762488,0 42.75684,43.708294,0 42.785434,43.660203,0 42.810866,43.608899,0 42.832541,43.554467,0 42.847509,43.495971,0 42.858719,43.435919,0 42.862397,43.374147,0</coordinates>
      </LineString>
    </Placemark>
    <Placemark>
      <name>Fault Line 756</name>
      <LineString>
        <coordinates>42.835803,41.691185,0 42.87013,41.6499,0 42.899134,41.601589,0 42.921141,41.546804,0 42.947541,41.495745,0 42.973985,41.444707,0 43.000436,41.393654,0 43.026895,41.342587,0 43.053361,41.291504,0 43.078337,41.239013,0 43.093827,41.180049,0 43.108816,41.120827,0 43.11105,41.058215,0 43.113104,40.99559,0 43.103722,40.934236,0 43.092112,40.873612,0 43.092889,40.810951,0 43.101743,40.749461,0 43.097778,40.687018,0 43.093229,40.624657,0 43.088529,40.560232,0</coordinates>
      </LineString>
    </Placemark>
    <Placemark>
      <name>Fault Line 757</name>
      <LineString>
        <coordinates>39.544108,45.378067,0 39.581137,45.337067,0 39.618172,45.296061,0 39.655215,45.255044,0 39.692776,45.214808,0 39.730685,45.175104,0 39.768497,45.135222,0 39.806065,45.094931,0</coordinates>
      </LineString>
    </Placemark>
    <Placemark>
      <name>Fault Line 758</name>
      <LineString>
        <coordinates>42.877274,43.319326,0 42.899877,43.265275,0 42.922346,43.211545,0 42.944821,43.1578,0 42.967302,43.10404,0 42.98979,43.050266,0 43.012283,42.996476,0 43.034783,42.942672,0 43.057289,42.888852,0 43.079758,42.834984,0 43.094636,42.776374,0 43.102331,42.715214,0 43.105016,42.653258,0 43.106615,42.591227,0 43.108244,42.529196,0 43.116658,42.468201,0 43.120946,42.406399,0 43.126509,42.344781,0 43.130146,42.282891,0 43.134814,42.221125,0 43.143532,42.160182,0 43.152271,42.099236,0 43.172356,42.043546,0 43.192912,41.98816,0 43.213474,41.932759,0 43.234041,41.877343,0</coordinates>
      </LineString>
    </Placemark>
    <Placemark>
      <name>Fault Line 759</name>
      <LineString>
        <coordinates>42.992365,42.980005,0 43.011532,42.923072,0 43.037802,42.871691,0 43.057167,42.81484,0 43.068976,42.754219,0 43.071848,42.691598,0 43.066174,42.629336,0 43.056902,42.567897,0 43.073153,42.509233,0 43.086398,42.449154,0 43.099507,42.389008,0 43.112915,42.327495,0</coordinates>
      </LineString>
    </Placemark>
    <Placemark>
      <name>Fault Line 760</name>
      <LineString>
        <coordinates>41.705647,45.67729,0 41.716654,45.618473,0 41.737872,45.564897,0 41.77086,45.523348,0 41.804653,45.482958,0 41.826001,45.429402,0 41.840929,45.372049,0 41.855114,45.314344,0 41.868301,45.256201,0 41.888536,45.20182,0 41.919812,45.157854,0 41.948657,45.110962,0 41.975748,45.062194,0 42.010767,45.023604,0 42.033214,44.970692,0 42.040596,44.910563,0 42.06315,44.857708,0 42.095081,44.814481,0 42.114533,44.759391,0 42.12429,44.699801,0 42.131371,44.639518,0 42.133549,44.578551,0 42.141051,44.518354,0 42.148386,44.458112,0 42.155126,44.397737,0 42.159439,44.337065,0</coordinates>
      </LineString>
    </Placemark>
    <Placemark>
      <name>Fault Line 761</name>
      <LineString>
        <coordinates>41.479473,42.97999,0 41.51109,43.022757,0 41.540418,43.06836,0 41.565069,43.118681,0 41.58348,43.173582,0 41.603068,43.227766,0 41.632157,43.273707,0 41.654741,43.325806,0 41.672627,43.381092,0 41.694808,43.433531,0 41.721609,43.481966,0 41.739646,43.537221,0 41.740103,43.597537,0 41.732457,43.656976,0 41.733047,43.717283,0 41.727877,43.777193,0 41.733666,43.837003,0 41.750697,43.892839,0 41.767587,43.948768,0 41.772638,44.008734,0 41.766904,44.068589,0 41.761198,44.128444,0 41.770675,44.187436,0 41.782914,44.245516,0 41.794178,44.303959,0 41.780482,44.36146,0 41.766336,44.418753,0 41.76586,44.479093,0 41.768282,44.539352,0 41.770774,44.600115,0</coordinates>
      </LineString>
    </Placemark>
    <Placemark>
      <name>Fault Line 762</name>
      <LineString>
        <coordinates>42.047066,42.154691,0 42.047826,42.227443,0 42.035452,42.284341,0 42.057428,42.335722,0 42.053177,42.394746,0 42.047692,42.453581,0 42.058366,42.511113,0 42.065001,42.569742,0 42.069545,42.628739,0 42.078127,42.686919,0 42.099532,42.738769,0 42.102595,42.797971,0 42.115665,42.854647,0 42.122435,42.913302,0 42.114855,42.971777,0 42.097897,43.026547,0 42.075342,43.077501,0 42.052793,43.128442,0 42.03025,43.17937,0 42.007711,43.230284,0 41.985428,43.281382,0 41.973601,43.338435,0 41.988357,43.394241,0 42.007972,43.447284,0 42.031988,43.496962,0 42.055653,43.546959,0 42.077438,43.598502,0 42.099229,43.650058,0</coordinates>
      </LineString>
    </Placemark>
    <Placemark>
      <name>Fault Line 763</name>
      <LineString>
        <coordinates>38.822179,46.515946,0 38.838829,46.462124,0 38.876642,46.430746,0 38.914463,46.399369,0 38.956652,46.379171,0 39.000416,46.365592,0 39.045437,46.365583,0 39.084972,46.337848,0 39.124373,46.30978,0</coordinates>
      </LineString>
    </Placemark>
    <Placemark>
      <name>Fault Line 764</name>
      <LineString>
        <coordinates>38.687568,46.373059,0 38.710717,46.321211,0 38.740324,46.276799,0 38.770681,46.233207,0 38.812727,46.210646,0 38.854791,46.188126,0 38.899211,46.175021,0 38.944696,46.171343,0 38.990181,46.167664,0 39.035666,46.163987,0 39.08116,46.160497,0 39.126691,46.157916,0 39.172222,46.155336,0 39.217753,46.152755,0 39.263284,46.150175,0 39.308815,46.147591,0 39.354169,46.141799,0 39.398384,46.127494,0 39.441479,46.108291,0</coordinates>
      </LineString>
    </Placemark>
    <Placemark>
      <name>Fault Line 765</name>
      <LineString>
        <coordinates>39.270299,46.726246,0 39.308312,46.695911,0 39.346204,46.665672,0 39.384112,46.63545,0 39.424858,46.6122,0 39.466661,46.592328,0 39.508467,46.572455,0 39.550276,46.552579,0 39.592028,46.532493,0 39.63376,46.512327,0 39.675495,46.492159,0 39.717232,46.471985,0 39.7581,46.448988,0 39.797802,46.422744,0 39.837508,46.396496,0 39.877219,46.370245,0 39.916933,46.343988,0 39.955261,46.314423,0 39.989561,46.277366,0 40.023867,46.2403,0 40.058181,46.203227,0 40.0925,46.166145,0 40.123679,46.124575,0 40.1542,46.082159,0 40.184728,46.039733,0</coordinates>
      </LineString>
    </Placemark>
    <Placemark>
      <name>Fault Line 766</name>
      <LineString>
        <coordinates>40.066297,45.223371,0 40.10709,45.188787,0 40.151122,45.164738,0 40.19729,45.148956,0 40.244953,45.145984,0 40.292568,45.141897,0 40.337368,45.120349,0 40.380432,45.093378,0 40.416248,45.051976,0</coordinates>
      </LineString>
    </Placemark>
    <Placemark>
      <name>Fault Line 767</name>
      <LineString>
        <coordinates>40.593193,44.522423,0 40.631912,44.489385,0 40.673838,44.465461,0 40.710566,44.429626,0 40.746365,44.39217,0 40.778811,44.349705,0 40.803701,44.2991,0 40.835185,44.255354,0 40.866594,44.211494,0 40.883918,44.155586,0 40.900667,44.099358,0</coordinates>
      </LineString>
    </Placemark>
    <Placemark>
      <name>Fault Line 768</name>
      <LineString>
        <coordinates>40.020788,44.824008,0 40.059277,44.787786,0 40.098835,44.757022,0 40.139569,44.728985,0 40.185545,44.726005,0 40.230564,44.713425,0 40.273004,44.690067,0 40.314145,44.662998,0 40.357451,44.642523,0 40.401362,44.624395,0 40.445374,44.606673,0 40.490814,44.597004,0 40.536253,44.587319,0 40.581257,44.574582,0 40.621996,44.546355,0 40.651001,44.49925,0</coordinates>
      </LineString>
    </Placemark>
    <Placemark>
      <name>Fault Line 769</name>
      <LineString>
        <coordinates>39.438989,45.18052,0 39.479039,45.162134,0 39.518998,45.143797,0 39.560064,45.130167,0 39.601479,45.118436,0 39.643805,45.115396,0 39.685762,45.107539,0</coordinates>
      </LineString>
    </Placemark>
    <Placemark>
      <name>Fault Line 770</name>
      <LineString>
        <coordinates>39.704654,45.099407,0 39.746411,45.081968,0 39.785935,45.057857,0 39.825085,45.032722,0 39.863797,45.00645,0 39.899243,44.973249,0 39.934459,44.939617,0 39.969864,44.906308,0 40.006806,44.875956,0 40.045089,44.848564,0 40.084274,44.823426,0 40.123971,44.799688,0 40.164275,44.777757,0 40.204583,44.755825,0</coordinates>
      </LineString>
    </Placemark>
    <Placemark>
      <name>Fault Line 771</name>
      <LineString>
        <coordinates>40.955833,43.90089,0 40.953674,43.83842,0 40.958595,43.776679,0 40.967562,43.715735,0 40.975269,43.654484,0 40.983539,43.593353,0 41.00013,43.535256,0 41.014313,43.476037,0 41.032267,43.418629,0 41.051186,43.361751,0 41.071198,43.305519,0</coordinates>
      </LineString>
    </Placemark>
    <Placemark>
      <name>Fault Line 772</name>
      <LineString>
        <coordinates>40.746197,44.611297,0 40.760535,44.554518,0 40.776522,44.498712,0 40.798363,44.446463,0 40.827195,44.400491,0 40.852695,44.351181,0 40.882574,44.306354,0 40.899983,44.251193,0 40.913393,44.194097,0 40.924348,44.136079,0 40.938461,44.079259,0 40.951439,44.021955,0 40.964421,43.964641,0</coordinates>
      </LineString>
    </Placemark>
    <Placemark>
      <name>Fault Line 773</name>
      <LineString>
        <coordinates>40.626243,45.018969,0 40.644256,44.963921,0 40.665923,44.911253,0 40.687596,44.858572,0 40.709205,44.805828,0 40.730728,44.753005,0 40.752259,44.700171,0 40.77724,44.650036,0 40.800561,44.598505,0 40.821155,44.544967,0 40.844128,44.493132,0 40.866615,44.440907,0 40.887013,44.387187,0</coordinates>
      </LineString>
    </Placemark>
    <Placemark>
      <name>Fault Line 774</name>
      <LineString>
        <coordinates>40.447992,45.4388,0 40.454027,45.375852,0 40.469903,45.317877,0 40.498179,45.268715,0 40.537785,45.235725,0 40.572701,45.194552,0 40.598152,45.142712,0 40.614545,45.084863,0 40.624923,45.024635,0</coordinates>
      </LineString>
    </Placemark>
    <Placemark>
      <name>Fault Line 775</name>
      <LineString>
        <coordinates>40.253468,46.710297,0 40.216743,46.672452,0 40.182384,46.633453,0 40.152599,46.588488,0 40.132553,46.535095,0 40.121578,46.477381,0 40.125537,46.418138,0 40.132194,46.359306,0 40.143101,46.301561,0 40.159511,46.246078,0 40.174011,46.189679,0 40.191237,46.134596,0 40.205928,46.078254,0 40.215882,46.020154,0 40.232976,45.964965,0 40.250136,45.909798,0 40.261303,45.852038,0 40.275446,45.795398,0 40.300486,45.745638,0 40.326772,45.696976,0 40.352031,45.647368,0 40.370991,45.593126,0 40.391705,45.539983,0 40.419002,45.492222,0 40.447917,45.446115,0</coordinates>
      </LineString>
    </Placemark>
    <Placemark>
      <name>Fault Line 776</name>
      <LineString>
        <coordinates>40.245493,46.653008,0 40.234831,46.595897,0 40.225338,46.538948,0 40.216168,46.481915,0 40.218232,46.423698,0 40.229089,46.367172,0 40.242562,46.311612,0 40.257421,46.256651,0 40.268026,46.200011,0 40.271783,46.141893,0 40.278665,46.084263,0 40.273816,46.026279,0 40.284871,45.969774,0 40.303532,45.916805,0</coordinates>
      </LineString>
    </Placemark>
    <Placemark>
      <name>Fault Line 777</name>
      <LineString>
        <coordinates>39.214409,44.287221,0 39.181748,44.330469,0 39.141403,44.36105,0 39.09771,44.38266,0 39.052249,44.397704,0</coordinates>
      </LineString>
    </Placemark>
    <Placemark>
      <name>Fault Line 778</name>
      <LineString>
        <coordinates>39.254667,43.472092,0 39.241238,43.527221,0 39.227933,43.58184,0 39.21463,43.636449,0 39.201329,43.691049,0 39.188025,43.745637,0 39.172963,43.79945,0 39.157364,43.852995,0 39.141738,43.906515,0 39.116248,43.9533,0 39.090006,43.999371,0 39.066105,44.047493,0 39.048799,44.100079,0 39.022936,44.14646,0 38.996203,44.192001,0 38.966757,44.234661,0 38.937318,44.277312,0 38.909283,44.321482,0 38.881314,44.365706,0 38.853353,44.40992,0 38.825398,44.454124,0</coordinates>
      </LineString>
    </Placemark>
    <Placemark>
      <name>Fault Line 779</name>
      <LineString>
        <coordinates>39.364384,44.100913,0 39.326233,44.133342,0 39.285876,44.160933,0 39.245568,44.188631,0 39.223228,44.240517,0</coordinates>
      </LineString>
    </Placemark>
    <Placemark>
      <name>Fault Line 780</name>
      <LineString>
        <coordinates>36.937828,47.917692,0 36.980603,47.898293,0 37.023381,47.878893,0 37.066162,47.859491,0 37.105207,47.830215,0 37.142158,47.796927,0 37.179112,47.763628,0 37.216073,47.730324,0 37.253039,47.697013,0 37.276765,47.648236,0 37.300354,47.599337,0 37.323948,47.550427,0 37.347925,47.501797,0 37.384291,47.467398,0 37.420705,47.433063,0 37.456636,47.397915,0 37.485698,47.353811,0 37.513779,47.30869,0 37.540617,47.262366,0 37.564481,47.213507,0 37.593385,47.169174,0 37.624875,47.127723,0 37.654019,47.081994,0</coordinates>
      </LineString>
    </Placemark>
    <Placemark>
      <name>Fault Line 781</name>
      <LineString>
        <coordinates>36.126554,36.445314,0 36.083827,36.432967,0 36.041102,36.42062,0 35.998152,36.409541,0 35.954701,36.402013,0 35.911251,36.394485,0 35.867801,36.386957,0 35.824351,36.37943,0 35.780897,36.371901,0</coordinates>
      </LineString>
    </Placemark>
    <Placemark>
      <name>Fault Line 782</name>
      <LineString>
        <coordinates>38.26059,46.066118,0 38.283689,46.017398,0 38.299977,45.964386,0 38.317056,45.911767,0 38.331255,45.857764,0 38.336722,45.801228,0 38.35255,45.747951,0 38.369048,45.694994,0 38.38048,45.639896,0 38.391139,45.584538,0 38.400915,45.528908,0 38.423641,45.479811,0 38.44015,45.426807,0 38.454012,45.372569,0 38.472839,45.320816,0 38.478813,45.264254,0 38.482797,45.207402,0 38.487847,45.150223,0</coordinates>
      </LineString>
    </Placemark>
    <Placemark>
      <name>Fault Line 783</name>
      <LineString>
        <coordinates>39.41696,44.12476,0 39.382405,44.16261,0 39.350543,44.20421,0 39.309186,44.228021,0 39.266729,44.248324,0 39.223345,44.265028,0 39.179271,44.278382,0 39.13488,44.289841,0 39.092254,44.309496,0 39.056416,44.345127,0 39.021134,44.381651,0 38.986044,44.418461,0 38.944543,44.441724,0 38.910008,44.479351,0 38.872756,44.512403,0 38.835992,44.546328,0 38.801943,44.584623,0 38.767394,44.622155,0 38.729491,44.653898,0 38.692876,44.688021,0 38.65772,44.725587,0</coordinates>
      </LineString>
    </Placemark>
    <Placemark>
      <name>Fault Line 784</name>
      <LineString>
        <coordinates>38.663066,44.752316,0 38.630388,44.787103,0 38.600893,44.826262,0 38.579391,44.87316,0 38.557899,44.920051,0 38.538863,44.968634,0 38.521595,45.018274,0 38.504265,45.068096,0</coordinates>
      </LineString>
    </Placemark>
    <Placemark>
      <name>Fault Line 785</name>
      <LineString>
        <coordinates>36.64108,45.079178,0 36.595491,45.092358,0 36.551562,45.105057,0 36.507634,45.117756,0 36.463707,45.130454,0 36.419866,45.14359,0 36.379171,45.167733,0 36.341495,45.198509,0 36.303824,45.22928,0 36.266159,45.260046,0 36.228499,45.290808,0 36.190845,45.321566,0 36.153196,45.352319,0 36.115552,45.383067,0 36.077915,45.413812,0 36.04093,45.445734,0 36.030978,45.500128,0 36.023932,45.555207,0 36.016503,45.610202,0 35.998077,45.661086,0 35.965981,45.700235,0 35.933891,45.739375,0 35.901808,45.778507,0 35.869732,45.817633,0 35.837661,45.856749,0 35.805597,45.895858,0 35.77354,45.93496,0 35.741489,45.974054,0 35.709444,46.013139,0 35.677364,46.052165,0 35.643638,46.089012,0 35.608832,46.12429,0 35.574032,46.159561,0 35.539238,46.194825,0 35.504451,46.230085,0 35.469669,46.265338,0 35.434931,46.30064,0 35.402655,46.339288,0 35.378449,46.385961,0 35.354249,46.432626,0 35.32988,46.479145,0 35.294176,46.512904,0 35.256343,46.542971,0 35.218515,46.573032,0 35.180692,46.60309,0 35.142874,46.633144,0 35.105069,46.663209,0 35.068577,46.695592,0 35.043272,46.741194,0 35.017973,46.786787,0 34.992679,46.832369,0 34.96739,46.877942,0 34.942107,46.923505,0</coordinates>
      </LineString>
    </Placemark>
    <Placemark>
      <name>Fault Line 786</name>
      <LineString>
        <coordinates>32.869092,49.516341,0 32.902427,49.479976,0 32.935603,49.443784,0 32.968784,49.407585,0 33.001972,49.371381,0 33.035165,49.33517,0 33.068362,49.29895,0 33.098813,49.25943,0 33.114909,49.20928,0 33.131008,49.159122,0 33.14711,49.108956,0 33.163214,49.058781,0 33.179321,49.008598,0 33.195431,48.958408,0 33.211542,48.908209,0 33.227657,48.858003,0 33.243774,48.807788,0 33.259895,48.757565,0 33.276017,48.707334,0 33.292141,48.657094,0 33.308269,48.606847,0 33.3244,48.556592,0 33.340537,48.506331,0 33.362105,48.459069,0 33.388898,48.415796,0 33.415697,48.372515,0 33.442501,48.329225,0 33.46931,48.285927,0 33.496124,48.242619,0 33.522944,48.199303,0 33.54977,48.155979,0 33.5766,48.112645,0 33.603437,48.069304,0 33.630278,48.025953,0 33.657124,47.982594,0 33.683977,47.939227,0 33.710834,47.89585,0 33.737697,47.852464,0 33.764565,47.809069,0 33.791439,47.765666,0 33.818318,47.722254,0 33.843872,47.677685,0 33.861468,47.62783,0 33.879067,47.577967,0 33.896669,47.528095,0 33.914274,47.478214,0 33.931882,47.428325,0 33.949494,47.378427,0 33.967108,47.32852,0 33.984725,47.278605,0 34.002346,47.22868,0 34.01997,47.178747,0 34.037597,47.128806,0 34.055226,47.078855,0 34.072859,47.028896,0 34.090498,46.978929,0 34.112939,46.931842,0 34.146105,46.895126,0 34.179276,46.858403,0 34.212454,46.821674,0 34.245637,46.784938,0 34.278827,46.748195,0 34.312022,46.711446,0 34.345224,46.674691,0 34.378431,46.637928,0 34.411644,46.601158,0 34.444864,46.564383,0 34.478089,46.5276,0 34.511321,46.490812,0 34.544558,46.454016,0 34.577802,46.417214,0 34.611051,46.380404,0 34.644307,46.343589,0 34.677569,46.306766,0 34.710837,46.269936,0 34.744111,46.2331,0 34.777391,46.196258,0 34.810677,46.159408,0 34.843969,46.122551,0 34.877268,46.085688,0 34.910573,46.048818,0 34.944047,46.01216,0 34.984739,45.988756,0 35.025435,45.96535,0 35.066135,45.941942,0 35.106838,45.918531,0 35.147545,45.895119,0 35.188256,45.871704,0 35.228971,45.848288,0 35.269689,45.824869,0 35.310411,45.801448,0 35.351137,45.778025,0 35.391866,45.754599,0 35.432599,45.731172,0 35.473336,45.707742,0 35.514077,45.68431,0 35.554822,45.660877,0 35.59557,45.63744,0</coordinates>
      </LineString>
    </Placemark>
    <Placemark>
      <name>Fault Line 787</name>
      <LineString>
        <coordinates>39.417522,44.58762,0 39.375517,44.609169,0 39.333106,44.629333,0 39.288076,44.634189,0 39.245375,44.653283,0 39.203028,44.673631,0 39.163422,44.701694,0 39.123151,44.728121,0 39.082883,44.754542,0 39.043548,44.783182,0 39.009328,44.821167,0 38.975129,44.859166,0 38.937939,44.892169,0 38.89962,44.922949,0 38.861304,44.953719,0 38.821725,44.981711,0 38.781483,45.008085,0 38.741513,45.035114,0 38.705579,45.070229,0 38.669673,45.105371,0 38.63976,45.148738,0 38.61208,45.194838,0</coordinates>
      </LineString>
    </Placemark>
    <Placemark>
      <name>Fault Line 788</name>
      <LineString>
        <coordinates>38.046333,44.916063,0 38.067833,44.863402,0 38.100246,44.821827,0 38.119016,44.76837,0 38.133995,44.713,0 38.154093,44.660304,0 38.182926,44.614618,0 38.213907,44.57125,0</coordinates>
      </LineString>
    </Placemark>
    <Placemark>
      <name>Fault Line 789</name>
      <LineString>
        <coordinates>35.384836,36.248674,0 35.42974,36.251655,0 35.474642,36.254635,0 35.519545,36.257615,0 35.564448,36.260596,0 35.609351,36.263576,0 35.654254,36.266557,0 35.698972,36.272384,0 35.743632,36.278847,0 35.788292,36.28531,0 35.832952,36.291774,0 35.877613,36.298237,0 35.922274,36.3047,0 35.966935,36.311163,0 36.011194,36.320986,0 36.055373,36.331349,0 36.099553,36.341713,0 36.143734,36.352077,0 36.187915,36.362441,0 36.232097,36.372805,0</coordinates>
      </LineString>
    </Placemark>
    <Placemark>
      <name>Fault Line 790</name>
      <LineString>
        <coordinates>34.6701,36.3281,0 34.714515,36.328396,0 34.758897,36.328693,0 34.803204,36.331836,0 34.847487,36.33547,0 34.89177,36.339102,0 34.93615,36.338595,0 34.980527,36.33767,0 35.02488,36.339682,0 35.069233,36.341693,0 35.113586,36.343705,0 35.157939,36.345716,0 35.202292,36.347728,0 35.246645,36.349739,0 35.290998,36.351751,0</coordinates>
      </LineString>
    </Placemark>
    <Placemark>
      <name>Fault Line 791</name>
      <LineString>
        <coordinates>36.222361,36.815046,0 36.190634,36.775819,0 36.158913,36.7366,0 36.127199,36.697388,0 36.095491,36.658184,0 36.063789,36.618988,0 36.030233,36.582249,0 35.989361,36.559525,0 35.948121,36.53785,0 35.906883,36.516179,0 35.864557,36.498,0 35.820744,36.486374,0 35.776931,36.474752,0 35.734456,36.457141,0 35.694485,36.432178,0 35.654521,36.407211,0 35.613402,36.385285,0 35.568617,36.383261,0 35.523831,36.381258,0 35.479181,36.376521,0 35.434545,36.371604,0 35.389909,36.366686,0 35.345009,36.361739,0</coordinates>
      </LineString>
    </Placemark>
    <Placemark>
      <name>Fault Line 792</name>
      <LineString>
        <coordinates>35.440754,39.736139,0 35.424142,39.683295,0 35.407534,39.630459,0 35.390928,39.577634,0 35.374326,39.524818,0 35.357726,39.472012,0 35.341129,39.419215,0 35.324535,39.366427,0 35.307944,39.313649,0 35.291356,39.260879,0 35.274771,39.208119,0 35.251044,39.159639,0 35.221613,39.116117,0 35.19216,39.072633,0 35.162714,39.029158,0 35.133274,38.985693,0 35.10384,38.942237,0 35.074412,38.898791,0 35.044845,38.855136,0</coordinates>
      </LineString>
    </Placemark>
    <Placemark>
      <name>Fault Line 793</name>
      <LineString>
        <coordinates>33.631992,36.789169,0 33.662896,36.828659,0 33.693726,36.868055,0 33.724562,36.907459,0 33.755405,36.946869,0 33.786253,36.986288,0 33.817107,37.025714,0 33.847966,37.065148,0 33.878832,37.104589,0 33.909704,37.144038,0 33.940582,37.183494,0 33.971466,37.222958,0 34.002355,37.26243,0 34.033251,37.301908,0 34.064152,37.341395,0 34.095059,37.380889,0 34.125972,37.420391,0 34.156892,37.4599,0 34.187817,37.499417,0 34.218748,37.538942,0 34.249683,37.578476,0 34.278773,37.620025,0 34.295018,37.670822,0 34.311266,37.721627,0 34.327517,37.77244,0 34.343771,37.823262,0 34.360027,37.874093,0 34.376286,37.924932,0 34.392547,37.97578,0 34.408819,38.026633,0 34.43704,38.069132,0 34.473303,38.101454,0 34.509572,38.133781,0 34.545846,38.166113,0 34.582125,38.198451,0 34.616742,38.233388,0 34.643921,38.276982,0 34.671106,38.320585,0 34.698297,38.364196,0 34.725493,38.407816,0 34.752694,38.451446,0 34.779902,38.495084,0 34.807115,38.538732,0 34.834334,38.582389,0 34.861559,38.626055,0 34.888789,38.66973,0 34.916025,38.713414,0</coordinates>
      </LineString>
    </Placemark>
    <Placemark>
      <name>Fault Line 794</name>
      <LineString>
        <coordinates>34.243071,37.838274,0 34.260964,37.892176,0 34.27886,37.946086,0 34.296758,38.000006,0 34.314661,38.053935,0 34.332566,38.107875,0 34.350475,38.161824,0 34.368387,38.215784,0</coordinates>
      </LineString>
    </Placemark>
    <Placemark>
      <name>Fault Line 795</name>
      <LineString>
        <coordinates>33.601789,36.325525,0 33.608966,36.379391,0 33.6239,36.430444,0 33.655126,36.469469,0 33.686358,36.508501,0 33.717596,36.547541,0 33.74884,36.586588,0 33.78009,36.625642,0 33.811346,36.664704,0 33.842608,36.703773,0 33.873875,36.742851,0 33.905158,36.781925,0 33.941446,36.814121,0 33.979581,36.843065,0 34.013543,36.87879,0 34.044203,36.918637,0 34.064607,36.967133,0 34.098739,37.002656,0 34.139626,37.025539,0 34.180517,37.048422,0 34.221411,37.071308,0 34.262309,37.094196,0 34.303207,37.117094,0 34.341943,37.144972,0 34.375956,37.180781,0 34.409975,37.216597,0</coordinates>
      </LineString>
    </Placemark>
    <Placemark>
      <name>Fault Line 796</name>
      <LineString>
        <coordinates>34.670097,36.328099,0 34.625209,36.321456,0 34.580731,36.314853,0 34.536805,36.304116,0 34.493185,36.291682,0 34.451026,36.273271,0 34.410243,36.25077,0 34.369463,36.228271,0 34.328753,36.205597,0 34.296015,36.168557,0 34.260263,36.135868,0 34.224221,36.103665,0 34.188173,36.071486,0 34.14902,36.045149,0 34.108269,36.022644,0 34.067562,36.000032,0 34.026915,35.977271,0 33.987952,35.950579,0 33.950996,35.92003,0 33.911834,35.893786,0 33.872676,35.867545,0 33.833523,35.841307,0 33.794375,35.815069,0 33.755823,35.787596,0 33.719609,35.755863,0 33.680224,35.73018,0 33.639345,35.708137,0 33.597707,35.688259,0 33.556072,35.668382,0 33.51444,35.648507,0 33.472437,35.629798,0 33.430425,35.611126,0 33.388415,35.592456,0 33.345744,35.576085,0 33.301082,35.571775,0 33.25642,35.567465,0 33.211758,35.563155,0 33.167096,35.558845,0</coordinates>
      </LineString>
    </Placemark>
    <Placemark>
      <name>Fault Line 797</name>
      <LineString>
        <coordinates>33.131816,35.66155,0 33.175927,35.649724,0 33.221135,35.649497,0 33.264853,35.663263,0 33.308381,35.677867,0 33.350022,35.698937,0 33.391664,35.720012,0 33.430435,35.747867,0 33.463542,35.784763,0 33.500929,35.815237,0 33.539063,35.844363,0 33.574765,35.877644,0 33.611031,35.910048,0 33.649281,35.93899,0 33.685217,35.971948,0 33.721191,36.005107,0</coordinates>
      </LineString>
    </Placemark>
    <Placemark>
      <name>Fault Line 798</name>
      <LineString>
        <coordinates>33.503948,36.003561,0 33.543262,36.029889,0 33.58258,36.05622,0 33.621903,36.082553,0 33.660966,36.109449,0 33.699424,36.137587,0 33.737887,36.165729,0 33.777318,36.191875,0 33.821941,36.199106,0 33.866566,36.206316,0 33.910235,36.21953,0 33.951167,36.242137,0 33.992098,36.264757,0 34.033032,36.28738,0 34.073533,36.311126,0 34.10993,36.343136,0 34.146322,36.375167,0 34.182719,36.407203,0 34.219166,36.439282,0</coordinates>
      </LineString>
    </Placemark>
    <Placemark>
      <name>Fault Line 799</name>
      <LineString>
        <coordinates>33.758888,35.261219,0 33.797873,35.290087,0 33.836863,35.318957,0 33.875858,35.347832,0 33.914858,35.37671,0 33.953862,35.405592,0 33.978413,35.452178,0 34.008205,35.494098,0 34.049706,35.517414,0 34.091529,35.539888,0 34.135734,35.554259,0 34.181486,35.556164,0 34.226694,35.564873,0 34.263892,35.59715,0 34.300278,35.630769,0 34.338088,35.665704,0</coordinates>
      </LineString>
    </Placemark>
    <Placemark>
      <name>Fault Line 800</name>
      <LineString>
        <coordinates>40.833335,47.784271,0 40.839802,47.725399,0 40.846225,47.666913,0 40.852651,47.608421,0 40.859109,47.54993,0 40.870676,47.492822,0 40.887213,47.437885,0 40.903755,47.382936,0 40.9203,47.327975,0 40.93685,47.273003,0 40.953402,47.218018,0 40.970003,47.163045,0 40.997744,47.1166,0 41.026632,47.071379,0 41.055528,47.026147,0 41.084431,46.980902,0 41.113341,46.935646,0 41.142259,46.890379,0 41.170834,46.84471,0 41.17426,46.785489,0 41.177685,46.726265,0 41.181112,46.667038,0</coordinates>
      </LineString>
    </Placemark>
    <Placemark>
      <name>Fault Line 801</name>
      <LineString>
        <coordinates>40.643022,47.7189,0 40.660665,47.662928,0 40.678267,47.607089,0 40.695872,47.551238,0 40.713481,47.495375,0 40.731094,47.439499,0 40.748711,47.38361,0 40.766332,47.327708,0 40.783958,47.271794,0 40.801586,47.215867,0 40.81922,47.159928,0 40.836856,47.103976,0 40.854498,47.048012,0 40.872143,46.992034,0 40.891157,46.936831,0 40.917801,46.887437,0 40.944452,46.838031,0 40.97111,46.788612,0 40.997775,46.739179,0 41.024447,46.689733,0 41.051127,46.640274,0 41.077814,46.590801,0 41.104508,46.541315,0</coordinates>
      </LineString>
    </Placemark>
    <Placemark>
      <name>Fault Line 802</name>
      <LineString>
        <coordinates>41.007659,46.414468,0 41.029024,46.362285,0 41.043657,46.306702,0 41.057763,46.250869,0 41.068052,46.193577,0 41.07746,46.136011,0 41.08687,46.078437,0 41.096281,46.020855,0 41.105718,45.963272,0 41.122131,45.908506,0 41.144417,45.85751,0 41.171626,45.810898,0 41.198842,45.764273,0 41.226058,45.717629,0 41.250153,45.668025,0 41.27365,45.617898,0 41.297154,45.567758,0 41.320665,45.517606,0 41.345919,45.468962,0 41.37613,45.425599,0 41.408563,45.385167,0 41.442363,45.346758,0 41.476171,45.308341,0</coordinates>
      </LineString>
    </Placemark>
    <Placemark>
      <name>Fault Line 803</name>
      <LineString>
        <coordinates>40.613912,47.797833,0 40.619595,47.738726,0 40.630228,47.681084,0 40.643785,47.624507,0 40.658045,47.568219,0 40.672308,47.51192,0 40.68658,47.455613,0 40.702832,47.400234,0 40.719636,47.345127,0 40.736444,47.290008,0 40.753254,47.234877,0 40.770069,47.179734,0 40.786861,47.124566,0 40.795066,47.066094,0 40.800426,47.007042,0 40.813307,46.950046,0 40.829546,46.894554,0 40.848871,46.840804,0 40.868054,46.786949,0 40.87823,46.728946,0 40.888407,46.670935,0 40.898461,46.612877,0 40.906053,46.554162,0 40.913646,46.49544,0 40.921241,46.436711,0 40.928836,46.377977,0 40.936433,46.319236,0 40.944362,46.260564,0 40.955968,46.202966,0 40.967575,46.145358,0 40.97919,46.087743,0 40.994452,46.03163,0 41.012405,45.976919,0 41.030362,45.922195,0 41.048651,45.867648,0 41.074523,45.818777,0 41.100402,45.769894,0 41.126285,45.720995,0 41.148555,45.669039,0 41.170357,45.616715,0 41.192173,45.564383,0 41.223995,45.522045,0 41.248859,45.472132,0 41.270571,45.419663,0 41.292288,45.36718,0 41.316119,45.316327,0 41.347367,45.273157,0 41.385541,45.241347,0 41.423721,45.20953,0</coordinates>
      </LineString>
    </Placemark>
    <Placemark>
      <name>Fault Line 804</name>
      <LineString>
        <coordinates>40.051796,48.899274,0 40.094869,48.880977,0 40.138463,48.861916,0 40.182239,48.843567,0 40.224757,48.820695,0 40.26533,48.792384,0 40.304713,48.761304,0 40.341771,48.725632,0 40.37582,48.685105,0 40.40555,48.639075,0 40.43876,48.597327,0 40.47515,48.560417,0 40.51121,48.522932,0 40.539176,48.474939,0 40.549412,48.415966,0 40.548684,48.355477,0 40.547959,48.294989,0 40.548603,48.2345,0 40.551214,48.174102,0 40.556636,48.114025,0 40.562689,48.054048,0 40.571422,47.994638,0 40.583972,47.936416,0 40.597092,47.878402,0 40.610952,47.820676,0</coordinates>
      </LineString>
    </Placemark>
    <Placemark>
      <name>Fault Line 805</name>
      <LineString>
        <coordinates>39.093608,48.567891,0 39.137787,48.55408,0 39.181536,48.540403,0 39.225287,48.526724,0 39.269018,48.512932,0 39.309188,48.486677,0 39.345971,48.453126,0 39.382761,48.41957,0 39.419557,48.386008,0 39.45636,48.352439,0 39.49315,48.31883,0 39.527404,48.280972,0 39.557977,48.238124,0 39.588557,48.195266,0 39.619139,48.152391,0 39.648919,48.108558,0 39.676528,48.062369,0 39.704143,48.016169,0 39.731766,47.969957,0 39.759397,47.923735,0 39.78747,47.877948,0 39.816402,47.833054,0 39.845341,47.788149,0 39.874287,47.743233,0 39.90324,47.698306,0 39.932208,47.653377,0 39.962387,47.609805,0 39.993166,47.566935,0 40.023952,47.524055,0 40.054744,47.481163,0 40.085508,47.438217,0 40.116233,47.395202,0 40.146972,47.352185,0 40.17889,47.310646,0 40.211111,47.26949,0 40.244551,47.230014,0 40.282101,47.197477,0 40.320092,47.165814,0 40.358851,47.135775,0 40.39762,47.105741,0 40.437161,47.077478,0 40.476741,47.049293,0 40.516322,47.021095,0 40.555047,46.990893,0 40.582737,46.944167,0 40.610415,46.89741,0 40.633489,46.846484,0 40.649576,46.791074,0 40.665683,46.73566,0 40.68598,46.682679,0 40.707143,46.630272,0 40.728018,46.57765,0 40.748643,46.524841,0 40.773259,46.47508,0 40.79935,46.42663,0 40.824028,46.376885,0 40.843418,46.32319,0 40.862813,46.269482,0 40.882212,46.215761,0 40.901615,46.162027,0 40.921024,46.108281,0 40.940437,46.054522,0 40.959855,46.00075,0 40.979559,45.947143,0 40.999465,45.893652,0 41.02013,45.840652,0 41.042341,45.788747,0 41.064125,45.736505,0 41.093766,45.691559,0 41.122426,45.645486,0 41.141095,45.591102,0 41.166853,45.542069,0 41.193593,45.493953,0 41.211305,45.438947,0 41.221486,45.380652,0 41.225516,45.321041,0 41.239816,45.264283,0 41.265896,45.215478,0 41.281108,45.159105,0 41.299685,45.104533,0 41.323793,45.05392,0</coordinates>
      </LineString>
    </Placemark>
    <Placemark>
      <name>Fault Line 806</name>
      <LineString>
        <coordinates>39.922615,47.106118,0 39.959904,47.071771,0 39.99657,47.038045,0 40.034669,47.007124,0 40.074626,46.980485,0 40.114659,46.954028,0 40.158982,46.944981,0 40.20342,46.936957,0 40.247858,46.928933,0 40.292293,46.920871,0 40.336229,46.908998,0 40.378664,46.889907,0 40.419183,46.864631,0 40.455936,46.830836,0 40.492642,46.796936,0 40.522939,46.753427,0 40.553099,46.709733,0 40.576988,46.659752,0 40.597286,46.607074,0 40.617522,46.55434,0 40.62946,46.49737,0 40.638522,46.439478,0 40.655339,46.384666,0 40.673125,46.330376,0 40.697975,46.281126,0 40.722832,46.231864,0 40.74768,46.182575,0 40.770185,46.131344,0 40.792598,46.080024,0 40.815016,46.028691,0 40.837419,45.97733,0 40.856136,45.923439,0 40.872094,45.868003,0 40.888067,45.812561,0 40.906254,45.75831,0 40.932771,45.710426,0 40.963176,45.666759,0 40.994366,45.624052,0 41.021945,45.577168,0 41.049483,45.530222,0 41.061555,45.472929,0 41.073066,45.415421,0 41.087536,45.359091,0 41.104947,45.304232,0 41.122363,45.249361,0 41.139782,45.194477,0 41.157206,45.139581,0 41.174634,45.084673,0 41.192065,45.029752,0 41.209501,44.974819,0 41.226939,44.919872,0 41.24229,44.863821,0 41.245013,44.804273,0</coordinates>
      </LineString>
    </Placemark>
    <Placemark>
      <name>Fault Line 807</name>
      <LineString>
        <coordinates>36.901221,47.933883,0 36.859957,47.955263,0 36.818697,47.976642,0 36.77744,47.998019,0 36.741036,48.030326,0 36.706429,48.065559,0 36.671842,48.100807,0 36.641256,48.141385,0 36.627514,48.194349,0 36.614553,48.247609,0 36.599398,48.299952,0 36.573239,48.345044,0 36.546922,48.389978,0 36.525244,48.438587,0 36.500507,48.484861,0 36.479241,48.533719,0 36.469873,48.588033,0 36.460808,48.642418,0 36.432129,48.684991,0 36.398787,48.721927,0 36.377084,48.770425,0 36.35618,48.819447,0 36.330848,48.86512,0 36.305394,48.910674,0 36.279946,48.956218,0 36.250573,48.997954,0 36.2188,49.036877,0 36.179356,49.062854,0 36.14778,49.101989,0 36.116277,49.141198,0 36.080649,49.174542,0 36.044874,49.207628,0 36.009992,49.242126,0 35.977724,49.2803,0 35.945585,49.318627,0 35.913453,49.356947,0 35.880204,49.396599,0</coordinates>
      </LineString>
    </Placemark>
    <Placemark>
      <name>Fault Line 808</name>
      <LineString>
        <coordinates>39.4166,21.9627,0 39.41328,21.898687,0 39.411958,21.834556,0 39.415296,21.770546,0 39.421598,21.706907,0 39.4241,21.6429,0</coordinates>
      </LineString>
    </Placemark>
    <Placemark>
      <name>Fault Line 809</name>
      <LineString>
        <coordinates>39.591963,53.413233,0 39.605862,53.357635,0 39.619747,53.302099,0 39.633634,53.246552,0 39.647522,53.190994,0 39.660667,53.135122,0 39.673584,53.079151,0 39.686502,53.02317,0 39.699424,52.96718,0 39.713788,52.911776,0 39.728384,52.856461,0 39.742984,52.801137,0 39.757586,52.745802,0 39.772191,52.690456,0 39.787068,52.635223,0 39.802361,52.580169,0 39.817656,52.525104,0 39.832955,52.470029,0 39.848257,52.414943,0 39.863564,52.359847,0 39.882341,52.306591,0 39.901495,52.253548,0 39.920548,52.200428,0 39.937579,52.14614,0 39.954614,52.091841,0 39.971653,52.03753,0 39.989312,51.983543,0 40.012045,51.932878,0 40.034785,51.882201,0 40.05753,51.831511,0 40.080281,51.780809,0 40.103038,51.730094,0 40.125798,51.679365,0 40.145286,51.626341,0 40.162888,51.572183,0 40.180494,51.518014,0 40.199877,51.464881,0 40.220747,51.412707,0 40.241621,51.36052,0 40.261663,51.30776,0 40.279902,51.253872,0 40.298145,51.199972,0 40.316392,51.14606,0 40.334644,51.092136,0 40.35338,51.038485,0 40.373515,50.985699,0 40.393655,50.9329,0 40.413799,50.880088,0 40.433949,50.827264,0 40.454103,50.774428,0 40.474261,50.721578,0 40.494425,50.668716,0 40.513953,50.615427,0 40.532935,50.56178,0 40.551922,50.508121,0 40.570914,50.45445,0 40.589909,50.400766,0 40.608332,50.346724,0 40.626051,50.292261,0 40.643774,50.237785,0 40.661502,50.183298,0 40.678683,50.128493,0 40.695426,50.073437,0 40.712173,50.01837,0 40.728922,49.96329,0 40.744119,49.90742,0 40.75152,49.848859,0 40.758922,49.790291,0 40.766325,49.731717,0 40.773729,49.673137,0 40.781133,49.61455,0 40.788538,49.555956,0 40.795943,49.497356,0 40.80335,49.43875,0 40.810758,49.380137,0 40.818166,49.321518,0 40.825638,49.262907,0 40.840297,49.206704,0 40.854959,49.150489,0 40.869624,49.094264,0 40.884292,49.038027,0 40.898963,48.98178,0 40.913636,48.925521,0 40.930653,48.870418,0 40.951564,48.8177,0 40.97248,48.764968,0 40.987768,48.708935,0 40.992676,48.649701,0 40.998931,48.590684,0 41.006303,48.531891,0 41.013887,48.473138,0 41.02525,48.415456,0 41.038838,48.358616,0 41.054504,48.302711,0 41.071138,48.247285,0 41.087776,48.191847,0 41.104236,48.136302,0 41.120676,48.080733,0 41.13712,48.025152,0 41.154114,47.969849,0 41.173196,47.915745,0 41.192284,47.861628,0 41.215384,47.810329,0 41.238699,47.759186,0 41.26202,47.70803,0 41.285347,47.65686,0 41.30868,47.605676,0 41.33202,47.55448,0 41.355365,47.503269,0 41.378717,47.452046,0 41.405872,47.404248,0 41.435915,47.359606,0 41.465966,47.314952,0 41.496024,47.270286,0 41.526481,47.226086,0 41.557506,47.182575,0 41.588539,47.139054,0 41.61958,47.095522,0 41.650628,47.051979,0</coordinates>
      </LineString>
    </Placemark>
    <Placemark>
      <name>Fault Line 810</name>
      <LineString>
        <coordinates>39.541544,52.837611,0 39.562132,52.784081,0 39.582301,52.731642,0 39.602475,52.67919,0 39.622653,52.626725,0 39.642837,52.574249,0 39.663025,52.521761,0 39.683163,52.469225,0 39.701167,52.415382,0 39.718287,52.36104,0 39.735412,52.306688,0 39.752541,52.252324,0 39.769675,52.197949,0 39.786886,52.143602,0 39.804865,52.089664,0 39.822848,52.035714,0 39.840836,51.981752,0 39.858827,51.927778,0 39.876822,51.873792,0 39.894816,51.819792,0 39.912618,51.765669,0 39.930363,51.7115,0 39.948113,51.657318,0 39.965879,51.603132,0 39.984318,51.549315,0 40.004468,51.49654,0 40.024623,51.443753,0 40.044784,51.390954,0 40.064939,51.338136,0 40.084621,51.284998,0 40.104249,51.23181,0 40.123883,51.178611,0 40.14352,51.125399,0 40.163162,51.072174,0 40.182803,51.018933,0 40.202094,50.965458,0 40.220422,50.911389,0 40.238754,50.857308,0 40.257091,50.803215,0 40.275477,50.749135,0 40.296498,50.696718,0 40.31873,50.64515,0 40.340967,50.593569,0 40.363209,50.541975,0 40.385458,50.490369,0 40.407711,50.438749,0 40.429971,50.387117,0 40.452181,50.335431,0 40.470627,50.281231,0 40.487879,50.226343,0 40.503783,50.170742,0 40.50877,50.111692,0 40.513759,50.052637,0 40.519014,49.993618,0 40.524269,49.934594,0 40.529526,49.875565,0 40.534783,49.816533,0 40.540075,49.757501,0 40.548145,49.69901,0 40.558792,49.64123,0 40.573776,49.58513,0 40.591298,49.530304,0 40.606182,49.47413,0 40.616612,49.416231,0 40.62705,49.358325,0 40.637871,49.300532,0 40.649107,49.242868,0 40.660474,49.185238,0 40.683662,49.134121,0 40.708157,49.084058,0 40.731498,49.033025,0 40.755209,48.982274,0 40.779164,48.931701,0 40.803097,48.881093,0 40.826951,48.830403,0 40.850805,48.779694,0 40.87378,48.728265,0 40.887425,48.671308,0 40.901074,48.61434,0 40.914725,48.557362,0 40.928379,48.500373,0 40.942036,48.443373,0 40.955877,48.386438,0 40.96977,48.329513,0 40.983663,48.272576,0 40.997561,48.215629,0 41.011481,48.158679,0 41.029048,48.103516,0 41.047232,48.048691,0 41.065417,47.993851,0 41.082796,47.938539,0 41.099724,47.882965,0 41.116656,47.827379,0 41.133592,47.77178,0 41.150548,47.716178,0 41.172019,47.663385,0 41.194374,47.611226,0 41.217023,47.559272,0 41.240652,47.508078,0 41.264284,47.456869,0 41.287293,47.405141,0 41.309379,47.352688,0 41.331475,47.300224,0 41.35649,47.25012,0 41.385728,47.204232,0 41.414973,47.158332,0 41.443891,47.112044,0 41.472656,47.065567,0</coordinates>
      </LineString>
    </Placemark>
    <Placemark>
      <name>Fault Line 811</name>
      <LineString>
        <coordinates>40.790706,48.089586,0 40.810071,48.033338,0 40.828912,47.978611,0 40.847758,47.923871,0 40.866536,47.869075,0 40.882505,47.812729,0 40.890621,47.753509,0 40.898738,47.694282,0 40.906857,47.635048,0 40.914976,47.575807,0 40.923115,47.516564,0 40.932331,47.45759,0 40.951584,47.40301,0 40.970842,47.348418,0 40.990104,47.293812,0 41.009371,47.239193,0 41.02883,47.18468,0 41.058184,47.138584,0 41.089061,47.094252,0 41.119945,47.049908,0 41.150837,47.005553,0 41.181737,46.961187,0 41.212669,46.916839,0 41.245583,46.875067,0 41.283488,46.841584,0 41.321401,46.808097,0 41.35932,46.774602,0 41.39717,46.740948,0 41.422691,46.690721,0 41.437902,46.633527,0 41.453117,46.576321,0 41.468376,46.519122,0 41.492208,46.467386,0 41.518505,46.417804,0 41.544809,46.368209,0 41.571119,46.3186,0 41.597438,46.268978,0</coordinates>
      </LineString>
    </Placemark>
    <Placemark>
      <name>Fault Line 812</name>
      <LineString>
        <coordinates>41.650628,47.051979,0 41.682097,47.006395,0 41.713184,46.961364,0 41.744279,46.916321,0 41.775381,46.871265,0 41.806207,46.825847,0 41.829434,46.772894,0 41.852667,46.719927,0 41.875906,46.666946,0 41.899155,46.613953,0 41.923846,46.562131,0 41.95338,46.515084,0 41.982922,46.468024,0 42.012346,46.420808,0 42.041678,46.373468,0 42.068337,46.323325,0 42.085218,46.265977,0 42.102107,46.208617,0 42.120254,46.151944,0 42.13899,46.095602,0 42.15773,46.039246,0 42.176475,45.982877,0 42.19583,45.926866,0 42.215447,45.871007,0 42.23507,45.815134,0 42.255316,45.759649,0 42.277272,45.705347,0 42.299234,45.65103,0</coordinates>
      </LineString>
    </Placemark>
    <Placemark>
      <name>Fault Line 813</name>
      <LineString>
        <coordinates>41.472656,47.065567,0 41.506193,47.026168,0 41.540139,46.987679,0 41.575354,46.951262,0 41.610574,46.914834,0 41.645396,46.877707,0 41.676524,46.835089,0 41.705153,46.789416,0 41.731774,46.741596,0 41.759446,46.69484,0 41.787123,46.64807,0 41.814145,46.600595,0 41.840915,46.552843,0 41.867692,46.505077,0 41.894469,46.457291,0 41.917574,46.406145,0 41.940188,46.354588,0 41.962806,46.303016,0 41.9849,46.251016,0 42.006208,46.198408,0 42.027523,46.145787,0 42.048704,46.093051,0 42.069349,46.039913,0 42.089999,45.986762,0 42.109448,45.932777,0 42.128097,45.878265,0 42.146618,45.823659,0 42.164549,45.768679,0 42.182377,45.713623,0 42.199656,45.658233,0 42.216941,45.602831,0</coordinates>
      </LineString>
    </Placemark>
    <Placemark>
      <name>Fault Line 814</name>
      <LineString>
        <coordinates>40.201314,44.12925,0 40.176206,44.183012,0 40.151865,44.235328,0 40.135163,44.292529,0 40.101864,44.335544,0 40.068599,44.378584,0 40.039259,44.42623,0 40.006506,44.469895,0 39.969243,44.506866,0 39.933537,44.546346,0 39.898672,44.587065,0 39.861134,44.623502,0 39.822048,44.657041,0</coordinates>
      </LineString>
    </Placemark>
    <Placemark>
      <name>Fault Line 815</name>
      <LineString>
        <coordinates>34.939949,38.590147,0 34.921919,38.539789,0 34.903894,38.48944,0 34.885871,38.439101,0 34.867852,38.388771,0 34.857595,38.335307,0 34.848543,38.281528,0 34.839492,38.227755,0 34.830443,38.173987,0 34.821394,38.120225,0 34.812346,38.066469,0 34.803299,38.012719,0 34.794253,37.958974,0 34.785208,37.905235,0 34.775418,37.851696,0 34.760501,37.799947,0 34.745586,37.748206,0 34.730674,37.696474,0 34.715764,37.644751,0 34.700856,37.593036,0 34.685951,37.541329,0 34.671048,37.489631,0 34.656142,37.437922,0</coordinates>
      </LineString>
    </Placemark>
    <Placemark>
      <name>Fault Line 816</name>
      <LineString>
        <coordinates>37.693137,47.234902,0 37.687972,47.292289,0 37.682806,47.349672,0 37.677643,47.407052,0 37.672478,47.464427,0 37.669346,47.522035,0 37.676059,47.579152,0 37.682831,47.636263,0 37.693051,47.692557,0 37.709265,47.746566,0 37.727305,47.799655,0 37.751999,47.848289,0 37.783733,47.8899,0 37.824639,47.915702,0 37.864037,47.946958,0</coordinates>
      </LineString>
    </Placemark>
    <Placemark>
      <name>Fault Line 817</name>
      <LineString>
        <coordinates>38.877926,46.634741,0 38.918886,46.660614,0 38.959851,46.686489,0 39.000585,46.712974,0 39.03694,46.748491,0 39.061738,46.797831,0 39.086543,46.847183,0 39.111354,46.896547,0 39.136606,46.945554,0 39.163553,46.993055,0 39.190745,47.040341,0 39.217945,47.087638,0 39.243987,47.136027,0 39.264412,47.188737,0 39.278791,47.244691,0 39.293172,47.300655,0 39.307479,47.356662,0 39.31611,47.414589,0 39.317692,47.473549,0 39.319273,47.53251,0 39.320855,47.591473,0 39.322436,47.650437,0 39.323711,47.709413,0 39.32198,47.76837,0 39.31843,47.827188,0 39.31488,47.886003,0 39.305134,47.94363,0 39.289472,47.999027,0 39.272575,48.053801,0 39.255682,48.108564,0 39.238791,48.163316,0 39.220221,48.21714,0 39.194622,48.265906,0 39.167823,48.313568,0 39.141031,48.361219,0 39.114245,48.408858,0 39.087466,48.456485,0 39.060693,48.5041,0 39.034201,48.551217,0</coordinates>
      </LineString>
    </Placemark>
    <Placemark>
      <name>Fault Line 818</name>
      <LineString>
        <coordinates>37.120439,48.246448,0 37.159348,48.216757,0 37.197299,48.187796,0 37.235256,48.158832,0 37.273217,48.129862,0 37.311375,48.101288,0 37.353428,48.08331,0 37.396698,48.070689,0 37.440022,48.058363,0 37.484339,48.054634,0 37.528756,48.054583,0 37.573172,48.054768,0 37.61705,48.063471,0 37.653998,48.094596,0 37.689244,48.128741,0 37.721211,48.167718,0 37.754705,48.204606,0 37.792689,48.233732,0 37.830664,48.262891,0 37.867925,48.293507,0 37.903831,48.326636,0 37.939778,48.359708,0 37.978025,48.388346,0 38.017349,48.414549,0 38.056687,48.440732,0 38.097063,48.464241,0 38.140684,48.474873,0 38.184306,48.485506,0 38.227929,48.496139,0 38.271553,48.506773,0</coordinates>
      </LineString>
    </Placemark>
    <Placemark>
      <name>Fault Line 819</name>
      <LineString>
        <coordinates>39.218298,46.098235,0 39.258451,46.065796,0 39.298602,46.033359,0 39.338759,46.000916,0 39.378923,45.968468,0 39.418462,45.934746,0 39.457009,45.899132,0 39.495563,45.863511,0 39.534124,45.827883,0 39.572693,45.792249,0 39.611269,45.756608,0</coordinates>
      </LineString>
    </Placemark>
    <Placemark>
      <name>Fault Line 820</name>
      <LineString>
        <coordinates>38.258106,45.866991,0 38.255356,45.810167,0 38.245525,45.755195,0 38.234961,45.700452,0 38.229593,45.644501,0 38.225145,45.588425,0 38.225351,45.532066,0 38.231632,45.476274,0 38.237909,45.420476,0 38.241541,45.364295,0 38.241677,45.307923,0 38.241813,45.251551,0 38.241943,45.195179,0 38.233021,45.139967,0 38.223654,45.084881,0 38.19214,45.045304,0</coordinates>
      </LineString>
    </Placemark>
    <Placemark>
      <name>Fault Line 821</name>
      <LineString>
        <coordinates>38.391317,45.480015,0 38.379265,45.421372,0 38.366231,45.364195,0 38.349753,45.308495,0 38.327206,45.25638,0 38.317722,45.198117,0 38.308228,45.139865,0 38.296521,45.082279,0 38.289479,45.02348,0 38.295586,44.964513,0 38.305347,44.906341,0 38.329966,44.855787,0</coordinates>
      </LineString>
    </Placemark>
    <Placemark>
      <name>Fault Line 822</name>
      <LineString>
        <coordinates>34.380609,45.979932,0 34.412777,45.940889,0 34.444846,45.901967,0 34.476922,45.863037,0 34.509007,45.824104,0 34.542235,45.786596,0 34.579533,45.755215,0 34.616846,45.723847,0 34.65897,45.703343,0 34.704132,45.708697,0 34.74892,45.699837,0</coordinates>
      </LineString>
    </Placemark>
    <Placemark>
      <name>Fault Line 823</name>
      <LineString>
        <coordinates>37.694752,47.203905,0 37.702758,47.148739,0 37.710766,47.093567,0 37.731451,47.04393,0 37.753637,46.995326,0 37.775226,46.94628,0 37.796379,46.896917,0 37.817629,46.847607,0 37.849502,46.808508,0 37.877043,46.764432,0 37.902962,46.718788,0 37.931845,46.676081,0 37.959356,46.631925,0 37.982499,46.583892,0 38.004015,46.534641,0 38.025472,46.485334,0 38.048626,46.437267,0 38.072117,46.389447,0 38.096622,46.342442,0 38.123064,46.297147,0 38.147092,46.249712,0 38.172654,46.203575,0 38.19835,46.157544,0 38.221544,46.109394,0 38.251158,46.066488,0</coordinates>
      </LineString>
    </Placemark>
    <Placemark>
      <name>Fault Line 824</name>
      <LineString>
        <coordinates>37.871528,47.950429,0 37.916368,47.967359,0 37.958367,47.993506,0 38.00037,48.019658,0 38.039298,48.052605,0 38.076637,48.088415,0 38.11419,48.123877,0 38.152813,48.15745,0 38.194159,48.185308,0 38.235914,48.212572,0</coordinates>
      </LineString>
    </Placemark>
    <Placemark>
      <name>Fault Line 825</name>
      <LineString>
        <coordinates>38.60732,43.550203,0 38.600472,43.488989,0 38.599081,43.427182,0 38.599515,43.365352,0 38.585633,43.306131,0 38.578887,43.244269,0</coordinates>
      </LineString>
    </Placemark>
    <Placemark>
      <name>Fault Line 826</name>
      <LineString>
        <coordinates>39.148773,46.30152,0 39.193257,46.28382,0 39.237431,46.266244,0 39.281607,46.248667,0 39.325776,46.23105,0 39.369056,46.210061,0 39.41084,46.184484,0 39.452628,46.158902,0 39.494421,46.133317,0 39.536219,46.107731,0 39.578008,46.082105,0 39.617223,46.050341,0 39.655684,46.017045,0 39.694151,45.983743,0 39.732643,45.950472,0 39.77797,45.938686,0 39.823857,45.945945,0</coordinates>
      </LineString>
    </Placemark>
    <Placemark>
      <name>Fault Line 827</name>
      <LineString>
        <coordinates>39.360673,45.396532,0 39.39398,45.35845,0 39.428064,45.321607,0 39.46332,45.286645,0 39.50151,45.257287,0 39.540018,45.228617,0 39.580189,45.204068,0 39.621824,45.184026,0 39.664264,45.167053,0 39.707587,45.154384,0</coordinates>
      </LineString>
    </Placemark>
    <Placemark>
      <name>Fault Line 828</name>
      <LineString>
        <coordinates>39.736903,46.028679,0 39.786081,46.025356,0 39.829217,46.004605,0 39.853176,45.953484,0 39.875864,45.901371,0 39.909198,45.860082,0 39.947133,45.826184,0 39.98243,45.787722,0 40.020309,45.753683,0 40.057685,45.71869,0 40.093587,45.681135,0 40.12821,45.64156,0 40.16141,45.599933,0 40.19616,45.560508,0 40.230928,45.521091,0 40.267697,45.484901,0 40.308464,45.457006,0 40.349237,45.429107,0</coordinates>
      </LineString>
    </Placemark>
    <Placemark>
      <name>Fault Line 829</name>
      <LineString>
        <coordinates>40.387289,28.843209,0 40.372677,28.785563,0 40.369732,28.724941,0 40.37008,28.664199,0 40.374676,28.603753,0 40.374695,28.543002,0 40.367559,28.482982,0 40.363879,28.422505,0</coordinates>
      </LineString>
    </Placemark>
    <Placemark>
      <name>Fault Line 830</name>
      <LineString>
        <coordinates>40.412651,28.401981,0 40.4114,28.339499,0 40.41015,28.277019,0 40.408899,28.21454,0 40.400996,28.152911,0 40.392197,28.091499,0 40.383388,28.030017,0</coordinates>
      </LineString>
    </Placemark>
    <Placemark>
      <name>Fault Line 831</name>
      <LineString>
        <coordinates>39.321862,30.311782,0 39.333029,30.254146,0 39.346586,30.197554,0 39.360632,30.141151,0 39.37872,30.086696,0 39.396811,30.032229,0 39.414495,29.977525,0 39.431926,29.922671,0 39.44936,29.867805,0 39.468719,29.814016,0 39.489549,29.761141,0 39.507638,29.706586,0 39.514599,29.647886,0 39.510048,29.588789,0 39.502704,29.530171,0 39.496896,29.47127,0 39.503402,29.412491,0 39.524563,29.359814,0</coordinates>
      </LineString>
    </Placemark>
    <Placemark>
      <name>Fault Line 832</name>
      <LineString>
        <coordinates>40.748726,30.941388,0 40.7389,30.883176,0 40.727874,30.825598,0 40.71429,30.768992,0 40.703061,30.711505,0 40.69689,30.652708,0 40.697167,30.593355,0 40.701899,30.534325,0 40.707815,30.475479,0 40.713325,30.416558,0 40.717543,30.357449,0 40.720729,30.298222,0 40.723187,30.238933,0 40.724521,30.179581,0 40.724343,30.120202,0 40.722516,30.060873,0 40.719431,30.001636,0 40.715611,29.942476,0 40.712638,29.883236,0 40.713728,29.823885,0 40.71834,29.764825,0 40.723773,29.705882,0 40.72839,29.646814,0 40.730072,29.587472,0 40.729235,29.528098,0 40.727866,29.468743,0 40.726735,29.409381,0 40.725782,29.350014,0 40.728035,29.290706,0 40.733958,29.231838,0 40.745264,29.174351,0 40.764215,29.120468,0 40.787194,29.069374,0 40.809602,29.017822,0 40.830099,28.964883,0 40.847583,28.910073,0 40.860532,28.853094,0 40.867828,28.794377,0 40.870211,28.73495,0 40.869326,28.675451,0 40.866551,28.616057,0 40.862944,28.556744,0 40.858661,28.497514,0 40.853607,28.438394,0 40.847617,28.379432,0 40.840574,28.320677,0 40.832409,28.262185,0 40.823234,28.203963,0 40.81407,28.145746,0 40.808052,28.086824,0 40.805385,28.027476,0 40.805796,27.968027,0 40.80814,27.908653,0 40.809244,27.849217,0 40.809298,27.789761,0 40.808217,27.730324,0 40.806349,27.670922,0 40.803375,27.611601,0 40.798208,27.552547,0 40.789611,27.494199,0 40.778004,27.436776,0 40.764057,27.38028,0 40.748815,27.324383,0 40.733443,27.26856,0 40.718619,27.212494,0 40.70404,27.156327,0 40.68898,27.100395,0 40.672284,27.04529,0 40.653602,26.99132,0 40.63336,26.938351,0 40.613358,26.885241,0 40.595087,26.831073,0 40.57937,26.775548,0 40.566412,26.718812,0 40.554886,26.661554,0 40.544408,26.603958,0 40.535046,26.546037,0 40.527192,26.487736,0 40.520482,26.429197,0 40.513654,26.370688,0 40.506271,26.312301,0 40.498373,26.254036,0 40.490088,26.195873,0 40.481689,26.137745,0 40.473304,26.079621,0 40.464933,26.0215,0 40.456574,25.963384,0 40.448171,25.905286,0 40.438984,25.847401,0 40.428215,25.789997,0 40.416053,25.733086,0 40.402652,25.676667,0 40.38853,25.620564,0 40.374331,25.564507,0 40.360092,25.508479,0 40.345483,25.452626,0 40.330112,25.397137,0 40.3139,25.342076,0 40.296761,25.287515,0 40.278592,25.233543,0 40.25926,25.180286,0 40.238832,25.127749,0 40.217194,25.076069,0 40.194964,25.024839,0 40.172712,24.973641,0</coordinates>
      </LineString>
    </Placemark>
    <Placemark>
      <name>Fault Line 833</name>
      <LineString>
        <coordinates>40.7325,31.487129,0 40.746998,31.428574,0 40.75917,31.369229,0 40.767435,31.308714,0 40.770488,31.24735,0 40.768754,31.185895,0 40.764263,31.124688,0 40.759343,31.063542,0 40.754615,31.002374,0 40.748726,30.941388,0</coordinates>
      </LineString>
    </Placemark>
    <Placemark>
      <name>Fault Line 834</name>
      <LineString>
        <coordinates>39.301846,41.287923,0 39.275859,41.338024,0 39.250385,41.387107,0 39.222081,41.433512,0 39.193783,41.479906,0 39.165493,41.526289,0 39.141445,41.576478,0 39.148124,41.634836,0 39.154804,41.693199,0 39.161484,41.751567,0 39.168165,41.809941,0 39.159054,41.867764,0 39.145325,41.92404,0 39.131598,41.980306,0 39.140268,42.03822,0 39.162422,42.089839,0</coordinates>
      </LineString>
    </Placemark>
    <Placemark>
      <name>Fault Line 835</name>
      <LineString>
        <coordinates>38.930872,41.251872,0 38.909185,41.301325,0 38.894992,41.355588,0 38.884216,41.411127,0 38.879759,41.46807,0 38.867023,41.522905,0 38.849154,41.575312,0 38.840476,41.631417,0 38.81201,41.675405,0 38.781474,41.717026,0 38.752772,41.760726,0 38.731724,41.811068,0 38.712247,41.862424,0 38.701015,41.917669,0 38.684226,41.97054,0 38.673295,42.025864,0 38.663908,42.081643,0 38.659126,42.138368,0</coordinates>
      </LineString>
    </Placemark>
    <Placemark>
      <name>Fault Line 836</name>
      <LineString>
        <coordinates>40.725816,36.650778,0 40.740451,36.594268,0 40.755036,36.537966,0 40.769616,36.481649,0 40.784545,36.42548,0 40.800107,36.369599,0 40.816544,36.314144,0 40.834012,36.259227,0 40.851908,36.204537,0 40.869435,36.149622,0 40.885578,36.093956,0 40.89943,36.037209,0 40.913126,35.980384,0 40.928139,35.924133,0 40.945034,35.868809,0 40.963418,35.814309,0 40.982139,35.759998,0 40.999729,35.70501,0 41.016746,35.649693,0 41.033904,35.594439,0 41.050789,35.539021,0 41.066511,35.482993,0 41.079536,35.425748,0 41.088176,35.36705,0 41.093273,35.307623,0 41.095731,35.247896,0 41.097172,35.188109,0 41.099111,35.128346,0 41.101714,35.068626,0 41.104988,35.00896,0 41.108668,34.949334,0 41.111885,34.889657,0 41.113444,34.82986,0 41.113376,34.770027,0 41.113119,34.710196,0 41.113928,34.650372,0 41.11609,34.590607,0 41.117955,34.530823,0 41.116123,34.471037,0 41.109965,34.411766,0 41.101373,34.353035,0 41.092212,34.294466,0 41.084285,34.235588,0 41.077721,34.176423,0 41.071579,34.117183,0 41.065472,34.057943,0 41.059315,33.998717,0 41.052898,33.939545,0 41.045946,33.880485,0 41.038293,33.821585,0 41.029832,33.762886,0 41.020846,33.704334,0 41.011975,33.645759,0 41.004778,33.586788,0 40.999105,33.527532,0 40.992582,33.468435,0 40.982835,33.41013,0 40.970635,33.35265,0 40.957825,33.295415,0 40.948204,33.237104,0 40.940904,33.178213,0 40.935518,33.118967,0 40.93004,33.05974,0 40.921452,33.00117,0 40.913518,32.942446,0 40.90544,32.883764,0 40.896538,32.825299,0 40.88697,32.767026,0 40.877439,32.708751,0 40.868137,32.650419,0 40.859034,32.592041,0 40.849983,32.533657,0 40.840876,32.475297,0 40.832028,32.416875,0 40.823727,32.358321,0 40.81579,32.299685,0 40.807672,32.2411,0 40.798801,32.182713,0 40.788916,32.124619,0 40.778208,32.066789,0 40.767163,32.009078,0 40.756393,31.951287,0 40.745924,31.89341,0 40.734935,31.835709,0 40.723085,31.778316,0 40.711059,31.720998,0 40.700227,31.663275,0 40.691922,31.604837,0 40.685026,31.546087,0 40.676238,31.487786,0 40.66406,31.430563,0 40.648356,31.374866,0 40.631906,31.319557,0 40.616951,31.263529,0</coordinates>
      </LineString>
    </Placemark>
    <Placemark>
      <name>Fault Line 837</name>
      <LineString>
        <coordinates>40.616951,31.263529,0 40.604873,31.204165,0 40.594812,31.144006,0 40.586488,31.083396,0 40.579914,31.02242,0 40.575566,30.961105,0 40.574266,30.899551,0 40.576166,30.838023,0 40.581275,30.776809,0 40.589359,30.716147,0 40.599623,30.656051,0 40.610942,30.596274,0 40.62241,30.536537,0 40.633873,30.476788,0 40.645341,30.417031,0</coordinates>
      </LineString>
    </Placemark>
    <Placemark>
      <name>Fault Line 838</name>
      <LineString>
        <coordinates>39.849825,29.127085,0 39.862122,29.070919,0 39.875969,29.015337,0 39.896701,28.963507,0 39.9284,28.922138,0 39.960107,28.88076,0 39.991822,28.839373,0</coordinates>
      </LineString>
    </Placemark>
    <Placemark>
      <name>Fault Line 839</name>
      <LineString>
        <coordinates>38.190321,29.594725,0 38.221565,29.634643,0 38.26026,29.662352,0 38.299692,29.688336,0 38.322214,29.737094,0 38.331609,29.792405,0 38.327186,29.848718,0 38.348906,29.898082,0 38.389177,29.921917,0 38.432674,29.933255,0</coordinates>
      </LineString>
    </Placemark>
    <Placemark>
      <name>Fault Line 840</name>
      <LineString>
        <coordinates>37.040269,29.296225,0 37.076595,29.33211,0 37.112942,29.368016,0 37.150717,29.401541,0 37.19152,29.428934,0 37.234487,29.450507,0 37.278261,29.469361,0</coordinates>
      </LineString>
    </Placemark>
    <Placemark>
      <name>Fault Line 841</name>
      <LineString>
        <coordinates>37.013597,29.071405,0 37.049433,29.099616,0 37.084065,29.130199,0 37.111485,29.17069,0 37.138919,29.211181,0 37.167673,29.250219,0 37.204056,29.277467,0</coordinates>
      </LineString>
    </Placemark>
    <Placemark>
      <name>Fault Line 842</name>
      <LineString>
        <coordinates>36.956151,28.988713,0 36.996204,29.010092,0 37.03419,29.036764,0 37.068211,29.070827,0 37.102985,29.103694,0 37.142852,29.125673,0</coordinates>
      </LineString>
    </Placemark>
    <Placemark>
      <name>Fault Line 843</name>
      <LineString>
        <coordinates>37.905744,29.01533,0 37.884315,29.061282,0 37.854879,29.099447,0 37.819615,29.128617,0 37.796802,29.173434,0 37.779421,29.220248,0</coordinates>
      </LineString>
    </Placemark>
    <Placemark>
      <name>Fault Line 844</name>
      <LineString>
        <coordinates>37.926876,28.81946,0 37.900437,28.876156,0 37.879151,28.936216,0 37.852064,28.992572,0</coordinates>
      </LineString>
    </Placemark>
    <Placemark>
      <name>Fault Line 845</name>
      <LineString>
        <coordinates>38.093001,28.944022,0 38.068732,28.996139,0 38.028349,29.028297,0 37.999888,29.076829,0 37.963478,29.115858,0 37.930332,29.159298,0 37.911498,29.213552,0</coordinates>
      </LineString>
    </Placemark>
    <Placemark>
      <name>Fault Line 846</name>
      <LineString>
        <coordinates>37.902576,30.090258,0 37.871728,30.048631,0 37.852118,30,0 37.830131,29.953044,0 37.806079,29.907752,0 37.782336,29.862216,0 37.758794,29.816526,0 37.731167,29.774671,0 37.723028,29.721145,0 37.706508,29.670809,0 37.693572,29.618834,0 37.714984,29.57154,0 37.742499,29.529578,0 37.768855,29.486428,0</coordinates>
      </LineString>
    </Placemark>
    <Placemark>
      <name>Fault Line 847</name>
      <LineString>
        <coordinates>37.898615,29.86091,0 37.87638,29.813501,0 37.851085,29.768827,0 37.835225,29.717667,0 37.835602,29.662714,0 37.848052,29.610064,0 37.837535,29.55674,0</coordinates>
      </LineString>
    </Placemark>
    <Placemark>
      <name>Fault Line 848</name>
      <LineString>
        <coordinates>39.895427,41.57229,0 39.889167,41.633246,0 39.872184,41.690616,0 39.85437,41.747541,0 39.830501,41.800554,0 39.800521,41.847991,0 39.770548,41.895416,0 39.740583,41.942828,0 39.718397,41.99698,0 39.706496,42.056336,0 39.715202,42.116621,0 39.723709,42.175522,0</coordinates>
      </LineString>
    </Placemark>
    <Placemark>
      <name>Fault Line 849</name>
      <LineString>
        <coordinates>39.730443,40.942826,0 39.746084,40.999683,0 39.761728,41.056552,0 39.777375,41.113432,0 39.792851,41.170404,0 39.808278,41.227411,0 39.823709,41.284429,0 39.840259,41.340927,0 39.856891,41.397398,0 39.873184,41.454048,0 39.888693,41.51109,0</coordinates>
      </LineString>
    </Placemark>
    <Placemark>
      <name>Fault Line 850</name>
      <LineString>
        <coordinates>39.942565,41.393066,0 39.985016,41.409278,0 40.027469,41.425491,0 40.069521,41.443412,0 40.110501,41.465174,0 40.148649,41.494457,0 40.183202,41.530594,0 40.217762,41.566738,0 40.252329,41.60289,0</coordinates>
      </LineString>
    </Placemark>
    <Placemark>
      <name>Fault Line 851</name>
      <LineString>
        <coordinates>38.653771,30.841914,0 38.632218,30.793669,0 38.634215,30.738157,0 38.636382,30.682653,0 38.641136,30.627412,0 38.652696,30.573838,0 38.667312,30.521048,0</coordinates>
      </LineString>
    </Placemark>
    <Placemark>
      <name>Fault Line 852</name>
      <LineString>
        <coordinates>38.130503,31.916175,0 38.125039,31.853673,0 38.119047,31.79072,0 38.126047,31.727935,0 38.142267,31.667959,0</coordinates>
      </LineString>
    </Placemark>
    <Placemark>
      <name>Fault Line 853</name>
      <LineString>
        <coordinates>38.158252,29.936404,0 38.185629,29.88933,0 38.189284,29.830627,0 38.173147,29.775439,0 38.143889,29.729827,0 38.104457,29.699018,0 38.066203,29.665914,0 38.03059,29.628372,0</coordinates>
      </LineString>
    </Placemark>
    <Placemark>
      <name>Fault Line 854</name>
      <LineString>
        <coordinates>38.398381,44.515184,0 38.383989,44.453993,0 38.348253,44.413831,0 38.315303,44.369985,0 38.282361,44.326149,0 38.249426,44.282324,0 38.216433,44.23859,0 38.183432,44.194884,0 38.15044,44.151189,0 38.117455,44.107504,0</coordinates>
      </LineString>
    </Placemark>
    <Placemark>
      <name>Fault Line 855</name>
      <LineString>
        <coordinates>39.000934,27.730526,0 39.036971,27.701388,0 39.072856,27.672373,0 39.113673,27.657724,0 39.155134,27.646462,0</coordinates>
      </LineString>
    </Placemark>
    <Placemark>
      <name>Fault Line 856</name>
      <LineString>
        <coordinates>39.6995,22.3888,0 39.702512,22.331598,0 39.706882,22.274542,0 39.716012,22.218439,0 39.7229,22.1618,0</coordinates>
      </LineString>
    </Placemark>
    <Placemark>
      <name>Fault Line 857</name>
      <LineString>
        <coordinates>39.8759,22.1081,0 39.893259,22.164049,0 39.88927,22.22418,0 39.859622,22.270532,0 39.828757,22.315495,0 39.813331,22.372343,0 39.787187,22.422091,0 39.750519,22.458886,0 39.736436,22.516258,0 39.7236,22.5725,0</coordinates>
      </LineString>
    </Placemark>
    <Placemark>
      <name>Fault Line 858</name>
      <LineString>
        <coordinates>39.6306,22.6713,0 39.632213,22.613266,0 39.636367,22.555445,0 39.631574,22.497707,0 39.627839,22.43984,0 39.635846,22.382708,0 39.645859,22.326102,0 39.656735,22.269758,0 39.6674,22.2133,0</coordinates>
      </LineString>
    </Placemark>
    <Placemark>
      <name>Fault Line 859</name>
      <LineString>
        <coordinates>39.266,22.6399,0 39.269976,22.695873,0 39.275701,22.751639,0 39.281389,22.807416,0 39.287471,22.86313,0 39.290182,22.919288,0 39.291133,22.975543,0 39.294049,23.031688,0 39.297592,23.087775,0 39.304994,23.143234,0 39.306,23.1995,0</coordinates>
      </LineString>
    </Placemark>
    <Placemark>
      <name>Fault Line 860</name>
      <LineString>
        <coordinates>39.4111,22.234,0 39.399734,22.290682,0 39.383009,22.345083,0 39.365592,22.399106,0 39.355622,22.45619,0 39.352145,22.514533,0 39.355847,22.572853,0 39.353894,22.631315,0 39.350172,22.689632,0 39.346252,22.747924,0 39.3423,22.8062,0</coordinates>
      </LineString>
    </Placemark>
    <Placemark>
      <name>Fault Line 861</name>
      <LineString>
        <coordinates>39.1425,22.4208,0 39.145152,22.365224,0 39.147804,22.309646,0 39.149833,22.254022,0 39.155966,22.198898,0 39.172133,22.14725,0 39.184829,22.094002,0 39.199854,22.041764,0 39.214487,21.989329,0 39.234676,21.94005,0 39.2571,21.8922,0</coordinates>
      </LineString>
    </Placemark>
    <Placemark>
      <name>Fault Line 862</name>
      <LineString>
        <coordinates>39.8308,22.8564,0 39.847857,22.80435,0 39.863048,22.751318,0 39.87668,22.69756,0 39.890963,22.644079,0 39.901474,22.589121,0 39.916988,22.536204,0 39.927033,22.48108,0 39.9431,22.4295,0</coordinates>
      </LineString>
    </Placemark>
    <Placemark>
      <name>Fault Line 863</name>
      <LineString>
        <coordinates>40.4887,22.2643,0 40.450833,22.233986,0 40.40994,22.21096,0 40.371059,22.182566,0 40.331737,22.155255,0 40.290993,22.13182,0 40.252948,22.101591,0 40.221524,22.060333,0 40.190124,22.019062,0 40.160582,21.975525,0 40.142081,21.92259,0 40.115284,21.876139,0 40.087695,21.830508,0 40.063955,21.781335,0 40.044691,21.728942,0 40.027219,21.675501,0 40.01041,21.621713,0 39.994811,21.567321,0 39.9795,21.5128,0</coordinates>
      </LineString>
    </Placemark>
    <Placemark>
      <name>Fault Line 864</name>
      <LineString>
        <coordinates>40.9553,21.9067,0 40.981548,21.9561,0 41.01887,21.990839,0 41.03593,22.046911,0 41.05054,22.104198,0 41.066905,22.160659,0 41.103769,22.196292,0 41.123208,22.251056,0 41.1418,22.3033,0</coordinates>
      </LineString>
    </Placemark>
    <Placemark>
      <name>Fault Line 865</name>
      <LineString>
        <coordinates>40.8122,22.1418,0 40.835338,22.192667,0 40.855179,22.245926,0 40.852589,22.305201,0 40.84,22.3622,0</coordinates>
      </LineString>
    </Placemark>
    <Placemark>
      <name>Fault Line 866</name>
      <LineString>
        <coordinates>40.6111,21.4469,0 40.635001,21.493749,0 40.658414,21.54104,0 40.682716,21.58756,0 40.706145,21.634871,0 40.736408,21.674887,0 40.77105,21.708167,0 40.805233,21.742282,0 40.8325,21.786,0</coordinates>
      </LineString>
    </Placemark>
    <Placemark>
      <name>Fault Line 867</name>
      <LineString>
        <coordinates>40.6447,21.6514,0 40.672762,21.698429,0 40.707625,21.736797,0 40.749723,21.759257,0 40.792087,21.780838,0 40.8328,21.8074,0</coordinates>
      </LineString>
    </Placemark>
    <Placemark>
      <name>Fault Line 868</name>
      <LineString>
        <coordinates>40.7093,21.899,0 40.670531,21.867396,0 40.630777,21.838132,0 40.592001,21.80669,0 40.554859,21.772014,0 40.51512,21.742766,0 40.482028,21.701636,0 40.4491,21.6603,0</coordinates>
      </LineString>
    </Placemark>
    <Placemark>
      <name>Fault Line 869</name>
      <LineString>
        <coordinates>40.8022,21.4645,0 40.821923,21.512801,0 40.835325,21.564796,0 40.858857,21.610086,0 40.8716,21.6624,0</coordinates>
      </LineString>
    </Placemark>
    <Placemark>
      <name>Fault Line 870</name>
      <LineString>
        <coordinates>40.5175,21.0605,0 40.526883,21.13479,0 40.5221,21.2108,0</coordinates>
      </LineString>
    </Placemark>
    <Placemark>
      <name>Fault Line 871</name>
      <LineString>
        <coordinates>40.6031,23.6349,0 40.6165,23.58021,0 40.620871,23.522931,0 40.618852,23.465424,0 40.638209,23.413805,0 40.651027,23.358747,0 40.642659,23.302219,0 40.626418,23.248761,0 40.62797,23.191221,0 40.646847,23.139287,0 40.661406,23.08498,0 40.685576,23.036981,0 40.718168,22.998586,0 40.749094,22.957843,0 40.7673,22.9054,0</coordinates>
      </LineString>
    </Placemark>
    <Placemark>
      <name>Fault Line 872</name>
      <LineString>
        <coordinates>40.5867,23.6334,0 40.558066,23.683111,0 40.536245,23.738469,0 40.526818,23.799571,0 40.5202,23.861302,0 40.5202,23.923642,0 40.519725,23.985976,0 40.5205,24.0482,0</coordinates>
      </LineString>
    </Placemark>
    <Placemark>
      <name>Fault Line 873</name>
      <LineString>
        <coordinates>40.8067,23.0537,0 40.810297,23.113156,0 40.813498,23.172656,0 40.81535,23.232257,0 40.818312,23.291782,0 40.822086,23.35123,0 40.81051,23.408889,0 40.818954,23.467488,0 40.8275,23.5265,0</coordinates>
      </LineString>
    </Placemark>
    <Placemark>
      <name>Fault Line 874</name>
      <LineString>
        <coordinates>41.2497,22.7221,0 41.276882,22.768671,0 41.300486,22.818595,0 41.308936,22.876514,0 41.306743,22.935444,0 41.29515,22.992386,0 41.282851,23.049056,0 41.278705,23.107775,0 41.277477,23.166727,0 41.277605,23.225702,0 41.27998,23.284594,0 41.279301,23.343564,0 41.283,23.4025,0</coordinates>
      </LineString>
    </Placemark>
    <Placemark>
      <name>Fault Line 875</name>
      <LineString>
        <coordinates>41.2152,23.7919,0 41.219773,23.848921,0 41.217783,23.906205,0 41.205446,23.961148,0 41.198765,24.017787,0 41.195125,24.074909,0 41.185203,24.130691,0 41.169659,24.18415,0 41.16638,24.241285,0 41.168402,24.298521,0 41.1667,24.3561,0</coordinates>
      </LineString>
    </Placemark>
    <Placemark>
      <name>Fault Line 876</name>
      <LineString>
        <coordinates>41.0968,23.5086,0 41.099726,23.56987,0 41.105868,23.630327,0 41.102016,23.691118,0 41.07751,23.74272,0 41.038096,23.774096,0 41.0009,23.8099,0</coordinates>
      </LineString>
    </Placemark>
    <Placemark>
      <name>Fault Line 877</name>
      <LineString>
        <coordinates>40.9472,24.479,0 40.964863,24.532083,0 40.983864,24.584818,0 41.003773,24.636979,0 41.029737,24.684253,0 41.06039,24.726325,0 41.092371,24.766638,0 41.119167,24.81315,0 41.139712,24.864983,0 41.148686,24.922343,0 41.141203,24.980079,0 41.135759,25.038211,0 41.12355,25.094496,0 41.121491,25.152997,0 41.134207,25.209081,0 41.138291,25.267406,0 41.15468,25.3218,0 41.170277,25.376616,0 41.175943,25.43474,0 41.161035,25.489899,0 41.147628,25.545721,0 41.134753,25.601754,0 41.12153,25.65763,0 41.107356,25.713083,0 41.09506,25.76931,0 41.086,25.8266,0</coordinates>
      </LineString>
    </Placemark>
    <Placemark>
      <name>Fault Line 878</name>
      <LineString>
        <coordinates>40.8752,25.4995,0 40.857727,25.552737,0 40.864437,25.610085,0 40.855027,25.666764,0 40.84735,25.723892,0 40.850361,25.781776,0 40.850957,25.839792,0 40.851313,25.897811,0 40.848722,25.95573,0 40.847086,26.013709,0 40.845945,26.071706,0 40.8477,26.1296,0</coordinates>
      </LineString>
    </Placemark>
    <Placemark>
      <name>Fault Line 879</name>
      <LineString>
        <coordinates>41.6194,26.5743,0 41.610288,26.514025,0 41.598468,26.454605,0 41.58988,26.394211,0 41.581174,26.333854,0 41.571708,26.273711,0 41.559895,26.214324,0 41.535436,26.162307,0 41.5234,26.1026,0</coordinates>
      </LineString>
    </Placemark>
    <Placemark>
      <name>Fault Line 880</name>
      <LineString>
        <coordinates>40.5635,23.1813,0 40.580517,23.125689,0 40.593973,23.068379,0 40.600823,23.009065,0 40.5978,22.9492,0</coordinates>
      </LineString>
    </Placemark>
    <Placemark>
      <name>Fault Line 881</name>
      <LineString>
        <coordinates>40.6187,23.0788,0 40.64023,23.021761,0 40.666479,22.968235,0 40.690708,22.913057,0 40.724,22.8668,0</coordinates>
      </LineString>
    </Placemark>
    <Placemark>
      <name>Fault Line 882</name>
      <LineString>
        <coordinates>40.444,23.2198,0 40.460536,23.165069,0 40.471437,23.107965,0 40.484057,23.051467,0 40.495293,22.994456,0 40.501619,22.936143,0 40.499102,22.877332,0 40.505897,22.819108,0 40.5057,22.7602,0</coordinates>
      </LineString>
    </Placemark>
    <Placemark>
      <name>Fault Line 883</name>
      <LineString>
        <coordinates>40.4715,23.6493,0 40.440282,23.693519,0 40.416261,23.744772,0 40.395403,23.798345,0 40.370208,23.848582,0 40.355295,23.90544,0 40.3411,23.9626,0</coordinates>
      </LineString>
    </Placemark>
    <Placemark>
      <name>Fault Line 884</name>
      <LineString>
        <coordinates>40.3889,23.5741,0 40.379439,23.631512,0 40.36833,23.688403,0 40.351767,23.74295,0 40.333287,23.796412,0 40.3205,23.852654,0 40.308126,23.909045,0 40.296766,23.965791,0 40.289438,24.023659,0 40.284292,24.081924,0 40.281016,24.140418,0 40.28125,24.199067,0 40.286,24.2574,0</coordinates>
      </LineString>
    </Placemark>
    <Placemark>
      <name>Fault Line 885</name>
      <LineString>
        <coordinates>39.8933,23.9561,0 39.917604,24.004672,0 39.9449,24.050574,0 39.973329,24.095308,0 40.002708,24.139004,0 40.02924,24.185719,0 40.0558,24.232425,0 40.07878,24.282285,0 40.09861,24.334417,0 40.121312,24.384523,0 40.145624,24.43334,0 40.169404,24.482619,0 40.187961,24.535616,0 40.203177,24.590423,0 40.218296,24.645287,0 40.238312,24.697405,0 40.263498,24.745539,0 40.291238,24.791217,0 40.3188,24.8371,0</coordinates>
      </LineString>
    </Placemark>
    <Placemark>
      <name>Fault Line 886</name>
      <LineString>
        <coordinates>39.9585,23.4391,0 39.943392,23.49186,0 39.9281,23.544557,0 39.91433,23.597951,0 39.903025,23.652311,0 39.898202,23.708273,0 39.898873,23.764581,0 39.90009,23.820873,0 39.9007,23.877183,0 39.9007,23.9335,0</coordinates>
      </LineString>
    </Placemark>
    <Placemark>
      <name>Fault Line 887</name>
      <LineString>
        <coordinates>40.0629,20.7837,0 40.036358,20.738947,0 40.011306,20.69273,0 39.981101,20.65212,0 39.9549,20.607039,0 39.9295,20.5612,0</coordinates>
      </LineString>
    </Placemark>
    <Placemark>
      <name>Fault Line 888</name>
      <LineString>
        <coordinates>39.5411,20.8718,0 39.51577,20.827044,0 39.508753,20.771088,0 39.503636,20.714792,0 39.50466,20.658124,0 39.513275,20.602547,0 39.506415,20.546559,0 39.500754,20.490352,0 39.4917,20.4349,0</coordinates>
      </LineString>
    </Placemark>
    <Placemark>
      <name>Fault Line 889</name>
      <LineString>
        <coordinates>38.5636,22.7373,0 38.579535,22.682177,0 38.609649,22.637773,0 38.639721,22.593303,0 38.6685,22.5474,0</coordinates>
      </LineString>
    </Placemark>
    <Placemark>
      <name>Fault Line 890</name>
      <LineString>
        <coordinates>39.1423,20.5754,0 39.158462,20.628119,0 39.168948,20.683129,0 39.172521,20.739595,0 39.1734,20.79624,0 39.167723,20.852418,0 39.167774,20.90907,0 39.171153,20.965555,0 39.1781,21.0215,0</coordinates>
      </LineString>
    </Placemark>
    <Placemark>
      <name>Fault Line 891</name>
      <LineString>
        <coordinates>38.5691,21.2495,0 38.611194,21.228932,0 38.654178,21.2117,0 38.699004,21.206063,0 38.738567,21.178469,0 38.774604,21.143816,0 38.812517,21.112613,0 38.850975,21.082514,0 38.891708,21.057818,0 38.933722,21.036947,0 38.976443,21.018595,0 39.019226,21.000471,0 39.062,20.9823,0</coordinates>
      </LineString>
    </Placemark>
    <Placemark>
      <name>Fault Line 892</name>
      <LineString>
        <coordinates>38.5217,21.598,0 38.528962,21.539249,0 38.525924,21.479809,0 38.534111,21.421166,0 38.545323,21.363338,0 38.5556,21.30522,0 38.5659,21.2471,0</coordinates>
      </LineString>
    </Placemark>
    <Placemark>
      <name>Fault Line 893</name>
      <LineString>
        <coordinates>39.6987,19.647,0 39.707817,19.707245,0 39.723219,19.7653,0 39.72509,19.826669,0 39.727019,19.888036,0 39.739437,19.947301,0 39.746275,20.008088,0 39.7533,20.069,0</coordinates>
      </LineString>
    </Placemark>
    <Placemark>
      <name>Fault Line 894</name>
      <LineString>
        <coordinates>38.8508,22.4144,0 38.861474,22.360718,0 38.870456,22.306506,0 38.878165,22.251966,0 38.885912,22.197429,0 38.901104,22.145532,0 38.909855,22.091229,0 38.910082,22.035771,0 38.9145,21.9806,0</coordinates>
      </LineString>
    </Placemark>
    <Placemark>
      <name>Fault Line 895</name>
      <LineString>
        <coordinates>38.7436,23.0468,0 38.742754,22.986436,0 38.747782,22.926476,0 38.757303,22.867414,0 38.769918,22.809304,0 38.776152,22.749509,0 38.786691,22.690707,0 38.795739,22.63149,0 38.800351,22.571432,0 38.802882,22.511166,0 38.814071,22.45254,0 38.8283,22.395,0</coordinates>
      </LineString>
    </Placemark>
    <Placemark>
      <name>Fault Line 896</name>
      <LineString>
        <coordinates>38.4988,23.4417,0 38.509527,23.38701,0 38.521778,23.332837,0 38.543184,23.283515,0 38.568427,23.237239,0 38.593312,23.190632,0 38.612856,23.140015,0 38.628649,23.087283,0 38.644063,23.034358,0 38.658364,22.98091,0 38.673751,22.927949,0 38.686507,22.873843,0 38.693296,22.817989,0 38.707952,22.764664,0 38.725574,22.712823,0 38.73601,22.657869,0 38.748093,22.603463,0 38.753112,22.547256,0 38.7594,22.4918,0</coordinates>
      </LineString>
    </Placemark>
    <Placemark>
      <name>Fault Line 897</name>
      <LineString>
        <coordinates>38.2821,23.9547,0 38.297605,23.899556,0 38.3091,23.842831,0 38.321703,23.786478,0 38.335186,23.730448,0 38.350874,23.675346,0 38.373283,23.624148,0 38.4025,23.5788,0</coordinates>
      </LineString>
    </Placemark>
    <Placemark>
      <name>Fault Line 898</name>
      <LineString>
        <coordinates>38.3171,23.5855,0 38.333796,23.522614,0 38.34222,23.457087,0 38.3459,23.3909,0</coordinates>
      </LineString>
    </Placemark>
    <Placemark>
      <name>Fault Line 899</name>
      <LineString>
        <coordinates>38.241,23.7283,0 38.253933,23.669343,0 38.266124,23.610119,0 38.275132,23.549969,0 38.272482,23.488825,0 38.25459,23.431995,0 38.2309,23.3792,0</coordinates>
      </LineString>
    </Placemark>
    <Placemark>
      <name>Fault Line 900</name>
      <LineString>
        <coordinates>38.2795,22.6853,0 38.277448,22.7414,0 38.274607,22.797442,0 38.272186,22.853515,0 38.264687,22.90885,0 38.257914,22.964332,0 38.264748,23.019802,0 38.284679,23.069895,0 38.300495,23.12233,0 38.299717,23.178501,0 38.305223,23.234241,0 38.3219,23.2862,0</coordinates>
      </LineString>
    </Placemark>
    <Placemark>
      <name>Fault Line 901</name>
      <LineString>
        <coordinates>38.51,22.4094,0 38.492254,22.465409,0 38.483099,22.52481,0 38.490445,22.584619,0 38.504482,22.642451,0 38.523,22.6982,0</coordinates>
      </LineString>
    </Placemark>
    <Placemark>
      <name>Fault Line 902</name>
      <LineString>
        <coordinates>38.6508,22.4138,0 38.666417,22.365917,0 38.673022,22.314712,0 38.681801,22.26404,0 38.6959,22.2154,0</coordinates>
      </LineString>
    </Placemark>
    <Placemark>
      <name>Fault Line 903</name>
      <LineString>
        <coordinates>38.626,22.5134,0 38.659825,22.46925,0 38.6867,22.4177,0</coordinates>
      </LineString>
    </Placemark>
    <Placemark>
      <name>Fault Line 904</name>
      <LineString>
        <coordinates>38.4001,22.2971,0 38.403006,22.223788,0 38.4171,22.1531,0</coordinates>
      </LineString>
    </Placemark>
    <Placemark>
      <name>Fault Line 905</name>
      <LineString>
        <coordinates>38.4286,22.4494,0 38.392315,22.478304,0 38.360412,22.514645,0 38.336156,22.559566,0 38.3279,22.6133,0</coordinates>
      </LineString>
    </Placemark>
    <Placemark>
      <name>Fault Line 906</name>
      <LineString>
        <coordinates>38.3454,22.5955,0 38.384399,22.638849,0 38.423653,22.681744,0 38.4662,22.7192,0</coordinates>
      </LineString>
    </Placemark>
    <Placemark>
      <name>Fault Line 907</name>
      <LineString>
        <coordinates>38.4421,21.8882,0 38.456529,21.939075,0 38.451369,21.992786,0 38.431604,22.040643,0 38.4089,22.086,0</coordinates>
      </LineString>
    </Placemark>
    <Placemark>
      <name>Fault Line 908</name>
      <LineString>
        <coordinates>38.4115,21.8882,0 38.405738,21.948857,0 38.396219,22.00873,0 38.391175,22.069478,0 38.383698,22.129812,0 38.3769,22.1903,0</coordinates>
      </LineString>
    </Placemark>
    <Placemark>
      <name>Fault Line 909</name>
      <LineString>
        <coordinates>38.3517,22.0455,0 38.349715,22.10734,0 38.340978,22.168217,0 38.3374,22.23,0</coordinates>
      </LineString>
    </Placemark>
    <Placemark>
      <name>Fault Line 910</name>
      <LineString>
        <coordinates>38.1647,23.6051,0 38.13514,23.651937,0 38.106204,23.69936,0 38.0804,23.7496,0</coordinates>
      </LineString>
    </Placemark>
    <Placemark>
      <name>Fault Line 911</name>
      <LineString>
        <coordinates>37.9923,23.1791,0 37.97497,23.238738,0 37.970434,23.30203,0 37.970689,23.36558,0 37.9659,23.429,0</coordinates>
      </LineString>
    </Placemark>
    <Placemark>
      <name>Fault Line 912</name>
      <LineString>
        <coordinates>39.0998,23.4281,0 39.079053,23.376567,0 39.057208,23.325708,0 39.037965,23.273152,0 39.023666,23.218055,0 39.013379,23.161503,0 38.989664,23.112101,0 38.956868,23.072232,0 38.92936,23.02624,0 38.906857,22.975966,0 38.892447,22.921019,0 38.873727,22.868273,0 38.8524,22.8172,0</coordinates>
      </LineString>
    </Placemark>
    <Placemark>
      <name>Fault Line 913</name>
      <LineString>
        <coordinates>38.852,23.1322,0 38.8339,23.185104,0 38.808105,23.232453,0 38.77729,23.274552,0 38.7491,23.319559,0 38.718035,23.361318,0 38.689696,23.406135,0 38.6601,23.449578,0 38.6319,23.4945,0</coordinates>
      </LineString>
    </Placemark>
    <Placemark>
      <name>Fault Line 914</name>
      <LineString>
        <coordinates>38.6119,24.5183,0 38.628747,24.464677,0 38.644684,24.410589,0 38.659646,24.356035,0 38.674338,24.301347,0 38.687428,24.245986,0 38.697335,24.189543,0 38.704794,24.132478,0 38.711122,24.075182,0 38.713499,24.017391,0 38.712269,23.959543,0 38.712238,23.901672,0 38.723049,23.845481,0 38.743541,23.793896,0 38.768575,23.745705,0 38.787578,23.693161,0 38.807172,23.640962,0 38.835525,23.595853,0 38.867147,23.554463,0 38.9018,23.5175,0</coordinates>
      </LineString>
    </Placemark>
    <Placemark>
      <name>Fault Line 915</name>
      <LineString>
        <coordinates>38.1692,24.6872,0 38.17251,24.629203,0 38.174304,24.571097,0 38.175539,24.512966,0 38.178375,24.454924,0 38.185553,24.397487,0 38.199446,24.342072,0 38.2226,24.2921,0</coordinates>
      </LineString>
    </Placemark>
    <Placemark>
      <name>Fault Line 916</name>
      <LineString>
        <coordinates>38.0209,22.885,0 38.004934,22.938207,0 37.987343,22.990575,0 37.9828,23.0472,0</coordinates>
      </LineString>
    </Placemark>
    <Placemark>
      <name>Fault Line 917</name>
      <LineString>
        <coordinates>38.0791,22.2475,0 38.091482,22.186796,0 38.111049,22.129065,0 38.133797,22.073233,0 38.1502,22.0139,0</coordinates>
      </LineString>
    </Placemark>
    <Placemark>
      <name>Fault Line 918</name>
      <LineString>
        <coordinates>38.1656,21.6493,0 38.124518,21.618363,0 38.082943,21.588526,0 38.040641,21.560405,0 37.99904,21.530662,0 37.958061,21.499573,0 37.917112,21.468437,0 37.876447,21.436728,0 37.83609,21.404412,0 37.7958,21.372,0</coordinates>
      </LineString>
    </Placemark>
    <Placemark>
      <name>Fault Line 919</name>
      <LineString>
        <coordinates>37.8287,23.49,0 37.831104,23.432743,0 37.83433,23.375549,0 37.838107,23.318407,0 37.841629,23.261236,0 37.843736,23.203951,0 37.846306,23.146694,0 37.8465,23.089344,0 37.847109,23.031999,0 37.840844,22.975201,0 37.833556,22.918606,0 37.8188,22.8644,0</coordinates>
      </LineString>
    </Placemark>
    <Placemark>
      <name>Fault Line 920</name>
      <LineString>
        <coordinates>36.8043,22.619,0 36.846206,22.595039,0 36.874685,22.54975,0 36.902352,22.503665,0 36.935399,22.463483,0 36.976474,22.437325,0 37.018765,22.414392,0 37.059412,22.387176,0 37.097541,22.354727,0 37.137536,22.326007,0 37.176669,22.295459,0 37.216981,22.267413,0 37.258335,22.241859,0 37.284915,22.194546,0 37.32023,22.157315,0 37.3622,22.1333,0</coordinates>
      </LineString>
    </Placemark>
    <Placemark>
      <name>Fault Line 921</name>
      <LineString>
        <coordinates>37.3288,21.9632,0 37.296619,22.000915,0 37.256775,22.024351,0 37.21472,22.040571,0 37.17158,22.051387,0 37.127634,22.048866,0 37.083722,22.052182,0 37.0427,22.073,0</coordinates>
      </LineString>
    </Placemark>
    <Placemark>
      <name>Fault Line 922</name>
      <LineString>
        <coordinates>37.1682,22.2379,0 37.125821,22.21962,0 37.083797,22.200107,0 37.042399,22.178604,0 37.000482,22.158755,0 36.957139,22.144505,0 36.9151,22.1251,0</coordinates>
      </LineString>
    </Placemark>
    <Placemark>
      <name>Fault Line 923</name>
      <LineString>
        <coordinates>36.9408,22.0775,0 36.905435,22.111525,0 36.866659,22.139028,0 36.829161,22.169158,0 36.789593,22.194809,0 36.748764,22.217156,0 36.708956,22.242196,0 36.668545,22.265677,0 36.625524,22.280247,0 36.581335,22.287594,0 36.536971,22.293062,0 36.492428,22.295334,0 36.447865,22.296915,0 36.4033,22.2984,0</coordinates>
      </LineString>
    </Placemark>
    <Placemark>
      <name>Fault Line 924</name>
      <LineString>
        <coordinates>36.7728,23.1176,0 36.812697,23.094411,0 36.852557,23.071112,0 36.893404,23.050646,0 36.93459,23.031263,0 36.977584,23.019527,0 37.019983,23.004776,0 37.060822,22.98424,0 37.101416,22.962946,0 37.142068,22.941815,0 37.182478,22.919953,0 37.221121,22.893523,0 37.259768,22.867089,0 37.29842,22.840652,0 37.337877,22.816154,0 37.377745,22.792714,0 37.417767,22.769686,0 37.458305,22.748118,0 37.4989,22.7266,0</coordinates>
      </LineString>
    </Placemark>
    <Placemark>
      <name>Fault Line 925</name>
      <LineString>
        <coordinates>36.4502,23.2136,0 36.493444,23.197585,0 36.536501,23.1808,0 36.579976,23.165764,0 36.624519,23.156796,0 36.669246,23.149381,0 36.714235,23.145076,0 36.7593,23.1423,0</coordinates>
      </LineString>
    </Placemark>
    <Placemark>
      <name>Fault Line 926</name>
      <LineString>
        <coordinates>36.034,23.2393,0 36.075239,23.214024,0 36.118807,23.195665,0 36.164557,23.189451,0 36.210521,23.192407,0 36.256177,23.199612,0 36.301807,23.207069,0 36.347426,23.214631,0 36.392643,23.225294,0 36.4377,23.2373,0</coordinates>
      </LineString>
    </Placemark>
    <Placemark>
      <name>Fault Line 927</name>
      <LineString>
        <coordinates>35.6752,23.4281,0 35.719216,23.417506,0 35.763188,23.406653,0 35.807058,23.395179,0 35.850398,23.380962,0 35.893668,23.36642,0 35.935571,23.346687,0 35.976401,23.323772,0 36.0166,23.2992,0</coordinates>
      </LineString>
    </Placemark>
    <Placemark>
      <name>Fault Line 928</name>
      <LineString>
        <coordinates>36.796,22.7568,0 36.751857,22.760181,0 36.707662,22.762328,0 36.663676,22.768114,0 36.620172,22.778052,0 36.57775,22.793637,0 36.536014,22.811864,0 36.493977,22.828974,0 36.450579,22.839588,0 36.406991,22.848914,0 36.363249,22.857043,0 36.319134,22.861004,0 36.274985,22.8643,0 36.230755,22.8643,0 36.186536,22.865494,0 36.1425,22.8706,0</coordinates>
      </LineString>
    </Placemark>
    <Placemark>
      <name>Fault Line 929</name>
      <LineString>
        <coordinates>36.1271,22.8738,0 36.094425,22.912487,0 36.065093,22.955064,0 36.035806,22.997672,0 36.006869,23.040629,0 35.977578,23.083202,0 35.946118,23.123328,0 35.912053,23.160047,0 35.876159,23.193988,0 35.840494,23.228283,0 35.806664,23.265281,0 35.7708,23.2992,0</coordinates>
      </LineString>
    </Placemark>
    <Placemark>
      <name>Fault Line 930</name>
      <LineString>
        <coordinates>35.6217,23.5942,0 35.572054,23.587784,0 35.522331,23.593203,0 35.47279,23.585678,0 35.425543,23.565901,0 35.3854,23.5292,0</coordinates>
      </LineString>
    </Placemark>
    <Placemark>
      <name>Fault Line 931</name>
      <LineString>
        <coordinates>35.7022,23.7314,0 35.655174,23.731498,0 35.609301,23.744225,0 35.562662,23.751619,0 35.516211,23.742605,0 35.4695,23.736,0</coordinates>
      </LineString>
    </Placemark>
    <Placemark>
      <name>Fault Line 932</name>
      <LineString>
        <coordinates>35.5986,24.2905,0 35.61197,24.233458,0 35.626872,24.176983,0 35.642227,24.120683,0 35.654792,24.063334,0 35.667148,24.005908,0 35.678682,23.948215,0 35.6902,23.8905,0</coordinates>
      </LineString>
    </Placemark>
    <Placemark>
      <name>Fault Line 933</name>
      <LineString>
        <coordinates>35.4815,25.3563,0 35.484559,25.299829,0 35.486432,25.243279,0 35.485865,25.186686,0 35.480922,25.130417,0 35.474163,25.074438,0 35.471466,25.017947,0 35.469225,24.961428,0 35.467316,24.904892,0 35.467054,24.848309,0 35.471098,24.79194,0 35.475143,24.735569,0 35.474882,24.678981,0 35.473933,24.622404,0 35.470092,24.566013,0 35.465269,24.509738,0 35.462,24.453298,0 35.462,24.396716,0 35.462,24.3402,0</coordinates>
      </LineString>
    </Placemark>
    <Placemark>
      <name>Fault Line 934</name>
      <LineString>
        <coordinates>35.2239,23.5481,0 35.218996,23.602377,0 35.21545,23.656809,0 35.213968,23.711383,0 35.215785,23.765941,0 35.21862,23.820436,0 35.215855,23.874936,0 35.207211,23.928503,0 35.199262,23.982225,0 35.192803,24.03624,0 35.192079,24.090823,0 35.204412,24.143289,0 35.207457,24.19776,0 35.207,24.252355,0 35.210019,24.30683,0 35.216186,24.36091,0 35.206475,24.414201,0 35.189756,24.464816,0 35.163548,24.508984,0 35.1418,24.5571,0</coordinates>
      </LineString>
    </Placemark>
    <Placemark>
      <name>Fault Line 935</name>
      <LineString>
        <coordinates>35.2146,24.5269,0 35.184316,24.574509,0 35.161351,24.627879,0 35.1465,24.6854,0</coordinates>
      </LineString>
    </Placemark>
    <Placemark>
      <name>Fault Line 936</name>
      <LineString>
        <coordinates>35.087,24.5723,0 35.08864,24.628799,0 35.09092,24.685265,0 35.100898,24.740472,0 35.1171,24.793438,0 35.1189,24.8496,0</coordinates>
      </LineString>
    </Placemark>
    <Placemark>
      <name>Fault Line 937</name>
      <LineString>
        <coordinates>35.0724,24.1395,0 35.075963,24.192587,0 35.076405,24.24585,0 35.072612,24.298915,0 35.061382,24.350379,0 35.037254,24.394727,0 35.013812,24.439607,0 34.990554,24.484618,0 34.96521,24.527905,0 34.943862,24.574278,0 34.927311,24.623471,0 34.9089,24.6718,0</coordinates>
      </LineString>
    </Placemark>
    <Placemark>
      <name>Fault Line 938</name>
      <LineString>
        <coordinates>34.8833,24.6846,0 34.878965,24.740958,0 34.874538,24.797302,0 34.87694,24.85383,0 34.880248,24.91029,0 34.885695,24.966506,0 34.891834,25.02262,0 34.898761,25.078601,0 34.905947,25.13454,0 34.912269,25.190638,0 34.918086,25.246821,0 34.931347,25.301097,0 34.943381,25.355808,0 34.951275,25.411635,0 34.952312,25.468275,0 34.956254,25.524727,0 34.9619,25.5807,0</coordinates>
      </LineString>
    </Placemark>
    <Placemark>
      <name>Fault Line 939</name>
      <LineString>
        <coordinates>35.1229,24.9923,0 35.167479,25.003481,0 35.212729,24.999084,0 35.257588,25.007589,0 35.300048,25.027256,0 35.3419,25.0488,0</coordinates>
      </LineString>
    </Placemark>
    <Placemark>
      <name>Fault Line 940</name>
      <LineString>
        <coordinates>35.2367,25.5128,0 35.230113,25.453856,0 35.204413,25.403372,0 35.167251,25.365058,0 35.1248,25.336,0</coordinates>
      </LineString>
    </Placemark>
    <Placemark>
      <name>Fault Line 941</name>
      <LineString>
        <coordinates>35.1955,25.8943,0 35.154722,25.877977,0 35.114387,25.860089,0 35.077081,25.834189,0 35.038412,25.81148,0 35.0034,25.7811,0</coordinates>
      </LineString>
    </Placemark>
    <Placemark>
      <name>Fault Line 942</name>
      <LineString>
        <coordinates>35.4425,26.1712,0 35.40724,26.133474,0 35.372006,26.09573,0 35.337726,26.056701,0 35.304307,26.016585,0 35.271161,25.976146,0 35.238023,25.935713,0 35.2048,25.8954,0</coordinates>
      </LineString>
    </Placemark>
    <Placemark>
      <name>Fault Line 943</name>
      <LineString>
        <coordinates>35.5641,26.4534,0 35.557849,26.398527,0 35.552257,26.343552,0 35.54645,26.288616,0 35.542249,26.233462,0 35.542389,26.178068,0 35.5426,26.122675,0 35.546806,26.067522,0 35.5492,26.0122,0</coordinates>
      </LineString>
    </Placemark>
    <Placemark>
      <name>Fault Line 944</name>
      <LineString>
        <coordinates>35.1222,26.1178,0 35.078874,26.104537,0 35.060082,26.055031,0 35.0305,26.0143,0</coordinates>
      </LineString>
    </Placemark>
    <Placemark>
      <name>Fault Line 945</name>
      <LineString>
        <coordinates>35.2025,26.1158,0 35.167828,26.101517,0 35.1342,26.0837,0</coordinates>
      </LineString>
    </Placemark>
    <Placemark>
      <name>Fault Line 946</name>
      <LineString>
        <coordinates>34.9784,26.2458,0 35.022279,26.25823,0 35.065385,26.274196,0 35.108014,26.291978,0 35.150481,26.310339,0 35.19284,26.329081,0 35.234968,26.348593,0 35.275973,26.371422,0 35.313399,26.40213,0 35.349477,26.435188,0 35.385272,26.468718,0 35.421302,26.501885,0 35.457538,26.534724,0 35.498756,26.557032,0 35.54163,26.574004,0 35.585892,26.584271,0 35.6307,26.5895,0</coordinates>
      </LineString>
    </Placemark>
    <Placemark>
      <name>Fault Line 947</name>
      <LineString>
        <coordinates>35.5283,26.9687,0 35.50961,26.91673,0 35.490756,26.864861,0 35.471507,26.813225,0 35.45031,26.762765,0 35.425,26.7153,0</coordinates>
      </LineString>
    </Placemark>
    <Placemark>
      <name>Fault Line 948</name>
      <LineString>
        <coordinates>35.7117,26.7079,0 35.729037,26.763071,0 35.748322,26.817259,0 35.76886,26.870757,0 35.7936,26.9215,0</coordinates>
      </LineString>
    </Placemark>
    <Placemark>
      <name>Fault Line 949</name>
      <LineString>
        <coordinates>35.2813,26.6078,0 35.326777,26.616581,0 35.372263,26.625295,0 35.417651,26.634744,0 35.463215,26.642833,0 35.508872,26.650091,0 35.554597,26.656668,0 35.60032,26.663271,0 35.646022,26.670106,0 35.692,26.6733,0</coordinates>
      </LineString>
    </Placemark>
    <Placemark>
      <name>Fault Line 950</name>
      <LineString>
        <coordinates>35.7532,26.9549,0 35.705983,26.964815,0 35.658718,26.974271,0 35.611244,26.981973,0 35.563548,26.987219,0 35.515671,26.988385,0 35.4679,26.9843,0</coordinates>
      </LineString>
    </Placemark>
    <Placemark>
      <name>Fault Line 951</name>
      <LineString>
        <coordinates>35.8574,26.9308,0 35.900866,26.938984,0 35.944687,26.941583,0 35.988305,26.935752,0 36.031911,26.92979,0 36.075774,26.930864,0 36.119641,26.931707,0 36.1634,26.9278,0</coordinates>
      </LineString>
    </Placemark>
    <Placemark>
      <name>Fault Line 952</name>
      <LineString>
        <coordinates>36.2109,26.8446,0 36.22167,26.900858,0 36.23185,26.957292,0 36.238528,27.014531,0 36.242737,27.072134,0 36.245276,27.12989,0 36.2469,27.1877,0</coordinates>
      </LineString>
    </Placemark>
    <Placemark>
      <name>Fault Line 953</name>
      <LineString>
        <coordinates>36.1786,27.1975,0 36.135026,27.188196,0 36.09124,27.18057,0 36.04842,27.166934,0 36.005609,27.153262,0 35.961847,27.145447,0 35.917746,27.141503,0 35.873993,27.133628,0 35.830482,27.12392,0 35.786862,27.114997,0 35.742821,27.110146,0 35.700533,27.094233,0 35.658807,27.076223,0 35.6188,27.0526,0</coordinates>
      </LineString>
    </Placemark>
    <Placemark>
      <name>Fault Line 954</name>
      <LineString>
        <coordinates>40.142,24.9129,0 40.113267,24.868921,0 40.084492,24.824877,0 40.055221,24.781413,0 40.024658,24.739514,0 39.99335,24.698579,0 39.961785,24.658003,0 39.930004,24.617733,0 39.89868,24.576877,0 39.868064,24.535139,0 39.837335,24.493559,0 39.806103,24.452639,0 39.771586,24.416487,0 39.732809,24.388603,0 39.698264,24.352535,0 39.666696,24.312138,0 39.638739,24.267493,0 39.608663,24.225254,0 39.576952,24.185099,0 39.549774,24.139708,0 39.51396,24.105886,0 39.473917,24.081312,0 39.435237,24.053324,0 39.398535,24.021193,0 39.362639,23.987589,0 39.329093,23.95016,0 39.29586,23.912286,0 39.263485,23.873207,0 39.232618,23.832162,0 39.201,23.7921,0</coordinates>
      </LineString>
    </Placemark>
    <Placemark>
      <name>Fault Line 955</name>
      <LineString>
        <coordinates>39.5069,23.5676,0 39.513525,23.509745,0 39.526028,23.453537,0 39.538053,23.397145,0 39.558152,23.344749,0 39.582781,23.295694,0 39.60524,23.244901,0 39.6266,23.1933,0</coordinates>
      </LineString>
    </Placemark>
    <Placemark>
      <name>Fault Line 956</name>
      <LineString>
        <coordinates>39.1895,23.747,0 39.205531,23.691262,0 39.222355,23.635902,0 39.238842,23.580358,0 39.258465,23.526527,0 39.287866,23.480702,0 39.310574,23.428897,0 39.3321,23.3762,0</coordinates>
      </LineString>
    </Placemark>
    <Placemark>
      <name>Fault Line 957</name>
      <LineString>
        <coordinates>40.0421,25.4514,0 40.016256,25.404751,0 39.991293,25.35731,0 39.961627,25.314749,0 39.930906,25.2735,0 39.899769,25.232804,0 39.86626,25.195467,0 39.832623,25.158343,0 39.7978,25.1231,0</coordinates>
      </LineString>
    </Placemark>
    <Placemark>
      <name>Fault Line 958</name>
      <LineString>
        <coordinates>39.7427,25.3828,0 39.712706,25.336964,0 39.682695,25.291165,0 39.652655,25.245417,0 39.622671,25.199627,0 39.592702,25.153841,0 39.562721,25.108088,0 39.53274,25.062354,0 39.502762,25.016636,0 39.472839,24.970877,0 39.442847,24.925214,0 39.412891,24.879531,0 39.383,24.833795,0 39.353049,24.788145,0 39.323116,24.742496,0 39.293219,24.696826,0 39.2633,24.6512,0</coordinates>
      </LineString>
    </Placemark>
    <Placemark>
      <name>Fault Line 959</name>
      <LineString>
        <coordinates>39.2563,24.1423,0 39.222879,24.183191,0 39.189054,24.223506,0 39.154655,24.262983,0 39.120373,24.302612,0 39.087493,24.344147,0 39.054857,24.385982,0 39.021957,24.427452,0 38.990564,24.470798,0 38.963701,24.5189,0 38.937469,24.567556,0 38.9119,24.6166,0</coordinates>
      </LineString>
    </Placemark>
    <Placemark>
      <name>Fault Line 960</name>
      <LineString>
        <coordinates>38.9273,24.7574,0 38.956432,24.716833,0 38.986186,24.67699,0 39.016716,24.638115,0 39.046231,24.597946,0 39.076062,24.558147,0 39.109841,24.523965,0 39.1455,24.4931,0</coordinates>
      </LineString>
    </Placemark>
    <Placemark>
      <name>Fault Line 961</name>
      <LineString>
        <coordinates>39.2981,24.7242,0 39.292489,24.784621,0 39.289235,24.845326,0 39.287929,24.90615,0 39.289065,24.96698,0 39.293437,25.027567,0 39.300966,25.08764,0 39.3109,25.1471,0</coordinates>
      </LineString>
    </Placemark>
    <Placemark>
      <name>Fault Line 962</name>
      <LineString>
        <coordinates>39.336,25.3446,0 39.303236,25.307102,0 39.272309,25.267295,0 39.242389,25.226242,0 39.210832,25.187304,0 39.178866,25.148942,0 39.14817,25.10891,0 39.11882,25.06725,0 39.088695,25.026538,0 39.055346,24.990253,0 39.015991,24.965934,0 38.979363,24.935374,0 38.944689,24.901267,0 38.910944,24.865669,0 38.8786,24.828,0</coordinates>
      </LineString>
    </Placemark>
    <Placemark>
      <name>Fault Line 963</name>
      <LineString>
        <coordinates>39.0546,25.1559,0 39.089515,25.190433,0 39.124311,25.225215,0 39.158684,25.260707,0 39.191163,25.299065,0 39.223629,25.33746,0 39.257431,25.373904,0 39.292945,25.407539,0 39.3263,25.4447,0</coordinates>
      </LineString>
    </Placemark>
    <Placemark>
      <name>Fault Line 964</name>
      <LineString>
        <coordinates>39.3793,26.3545,0 39.341549,26.322702,0 39.300744,26.298069,0 39.258298,26.27863,0 39.215214,26.2617,0 39.176489,26.232037,0 39.141153,26.196031,0 39.107198,26.157896,0 39.073328,26.119656,0 39.039382,26.081545,0 39.006381,26.0421,0 38.9741,26.0017,0</coordinates>
      </LineString>
    </Placemark>
    <Placemark>
      <name>Fault Line 965</name>
      <LineString>
        <coordinates>38.8751,25.8586,0 38.849009,25.814433,0 38.822571,25.770623,0 38.795488,25.727482,0 38.767416,25.685413,0 38.738108,25.64477,0 38.710198,25.602558,0 38.682305,25.560344,0 38.654491,25.51806,0 38.627437,25.474991,0 38.6004,25.4319,0</coordinates>
      </LineString>
    </Placemark>
    <Placemark>
      <name>Fault Line 966</name>
      <LineString>
        <coordinates>38.9257,26.3259,0 38.947598,26.37464,0 38.962831,26.427386,0 38.970284,26.482839,0 38.9836,26.536453,0 38.999067,26.589114,0 39.0173,26.6403,0</coordinates>
      </LineString>
    </Placemark>
    <Placemark>
      <name>Fault Line 967</name>
      <LineString>
        <coordinates>39.1574,26.4146,0 39.135539,26.465375,0 39.104412,26.507323,0 39.0643,26.5337,0</coordinates>
      </LineString>
    </Placemark>
    <Placemark>
      <name>Fault Line 968</name>
      <LineString>
        <coordinates>38.8322,25.1858,0 38.79071,25.212235,0 38.745437,25.228971,0 38.70435,25.258525,0 38.669408,25.299015,0 38.632504,25.336518,0 38.592518,25.368411,0 38.550165,25.394815,0 38.508086,25.421907,0 38.4665,25.4502,0</coordinates>
      </LineString>
    </Placemark>
    <Placemark>
      <name>Fault Line 969</name>
      <LineString>
        <coordinates>38.4579,25.4665,0 38.471081,25.527433,0 38.483673,25.588577,0 38.494366,25.650318,0 38.506865,25.711513,0 38.5221,25.7717,0</coordinates>
      </LineString>
    </Placemark>
    <Placemark>
      <name>Fault Line 970</name>
      <LineString>
        <coordinates>38.6098,24.9215,0 38.580716,24.880133,0 38.55108,24.839429,0 38.518189,24.803061,0 38.482425,24.77145,0 38.445428,24.742263,0 38.408742,24.712458,0 38.372568,24.681665,0 38.33822,24.647653,0 38.3039,24.6136,0</coordinates>
      </LineString>
    </Placemark>
    <Placemark>
      <name>Fault Line 971</name>
      <LineString>
        <coordinates>38.2483,24.7581,0 38.276787,24.799608,0 38.310371,24.834238,0 38.34407,24.8687,0 38.378003,24.902804,0 38.413487,24.93425,0 38.4493,24.9651,0</coordinates>
      </LineString>
    </Placemark>
    <Placemark>
      <name>Fault Line 972</name>
      <LineString>
        <coordinates>38.7067,26.4615,0 38.690116,26.406899,0 38.674848,26.351711,0 38.661349,26.295782,0 38.651479,26.238633,0 38.642599,26.181225,0 38.634427,26.123653,0 38.628696,26.065605,0 38.625104,26.007281,0 38.6196,25.949203,0 38.613688,25.891198,0 38.6091,25.833,0</coordinates>
      </LineString>
    </Placemark>
    <Placemark>
      <name>Fault Line 973</name>
      <LineString>
        <coordinates>38.2903,25.9278,0 38.258248,25.980141,0 38.22508,26.031314,0 38.2036,26.0924,0</coordinates>
      </LineString>
    </Placemark>
    <Placemark>
      <name>Fault Line 974</name>
      <LineString>
        <coordinates>38.0854,25.9665,0 38.098036,26.021807,0 38.108816,26.077754,0 38.115927,26.134649,0 38.120101,26.192015,0 38.120055,26.249628,0 38.113484,26.306629,0 38.105468,26.363326,0 38.097453,26.420017,0 38.089346,26.47668,0 38.081228,26.533334,0 38.073035,26.589964,0 38.0614,26.6456,0</coordinates>
      </LineString>
    </Placemark>
    <Placemark>
      <name>Fault Line 975</name>
      <LineString>
        <coordinates>37.9702,25.7117,0 37.937647,25.751318,0 37.902081,25.786499,0 37.866099,25.820976,0 37.836023,25.863559,0 37.803359,25.902949,0 37.767372,25.937372,0 37.7307,25.9706,0</coordinates>
      </LineString>
    </Placemark>
    <Placemark>
      <name>Fault Line 976</name>
      <LineString>
        <coordinates>37.7184,26.3504,0 37.702729,26.299715,0 37.686747,26.249107,0 37.670098,26.198854,0 37.657029,26.146949,0 37.651395,26.092956,0 37.639138,26.040749,0 37.616629,25.994316,0 37.589861,25.951652,0 37.561632,25.910528,0 37.5337,25.8691,0</coordinates>
      </LineString>
    </Placemark>
    <Placemark>
      <name>Fault Line 977</name>
      <LineString>
        <coordinates>37.7982,26.6195,0 37.758123,26.587323,0 37.72303,26.547268,0 37.687333,26.508095,0 37.651151,26.469659,0 37.616308,26.429318,0 37.58187,26.388444,0 37.54486,26.351341,0 37.507566,26.314709,0 37.471446,26.276274,0 37.4355,26.2376,0</coordinates>
      </LineString>
    </Placemark>
    <Placemark>
      <name>Fault Line 978</name>
      <LineString>
        <coordinates>37.7914,27.0991,0 37.803477,27.04524,0 37.812085,26.990316,0 37.818678,26.934941,0 37.822642,26.879161,0 37.825263,26.823253,0 37.826485,26.767267,0 37.825796,26.711264,0 37.823732,26.655318,0 37.8212,26.5994,0</coordinates>
      </LineString>
    </Placemark>
    <Placemark>
      <name>Fault Line 979</name>
      <LineString>
        <coordinates>37.7082,26.5865,0 37.708279,26.640662,0 37.717735,26.693196,0 37.723009,26.746665,0 37.71747,26.800089,0 37.708803,26.85284,0 37.698165,26.905004,0 37.6862,26.9567,0</coordinates>
      </LineString>
    </Placemark>
    <Placemark>
      <name>Fault Line 980</name>
      <LineString>
        <coordinates>37.0115,24.2914,0 37.022545,24.346732,0 37.0327,24.402338,0 37.049083,24.45557,0 37.067732,24.50763,0 37.095607,24.552768,0 37.1231,24.598292,0 37.1501,24.6444,0</coordinates>
      </LineString>
    </Placemark>
    <Placemark>
      <name>Fault Line 981</name>
      <LineString>
        <coordinates>36.8639,23.561,0 36.90478,23.538117,0 36.945598,23.515052,0 36.985319,23.489151,0 37.022052,23.457058,0 37.054434,23.418293,0 37.087749,23.380771,0 37.121302,23.343571,0 37.160295,23.315926,0 37.1995,23.2888,0</coordinates>
      </LineString>
    </Placemark>
    <Placemark>
      <name>Fault Line 982</name>
      <LineString>
        <coordinates>36.8462,24.3028,0 36.844381,24.245722,0 36.843,24.188626,0 36.843,24.131503,0 36.844444,24.074409,0 36.846157,24.017325,0 36.853758,23.960994,0 36.863706,23.90523,0 36.878818,23.851301,0 36.893904,23.797349,0 36.909,23.7434,0</coordinates>
      </LineString>
    </Placemark>
    <Placemark>
      <name>Fault Line 983</name>
      <LineString>
        <coordinates>36.576,23.9298,0 36.60473,23.879076,0 36.637982,23.832816,0 36.680028,23.799456,0 36.719446,23.761414,0 36.7545,23.7167,0</coordinates>
      </LineString>
    </Placemark>
    <Placemark>
      <name>Fault Line 984</name>
      <LineString>
        <coordinates>36.6166,24.2557,0 36.619843,24.195524,0 36.6205,24.135217,0 36.61919,24.074927,0 36.6166,24.0147,0</coordinates>
      </LineString>
    </Placemark>
    <Placemark>
      <name>Fault Line 985</name>
      <LineString>
        <coordinates>36.7825,25.2142,0 36.756223,25.165661,0 36.728211,25.118677,0 36.696136,25.075946,0 36.666883,25.030192,0 36.653993,24.973942,0 36.665583,24.917255,0 36.683772,24.863318,0 36.698452,24.807732,0 36.7103,24.7512,0</coordinates>
      </LineString>
    </Placemark>
    <Placemark>
      <name>Fault Line 986</name>
      <LineString>
        <coordinates>36.5651,24.7343,0 36.560706,24.789723,0 36.556005,24.845117,0 36.549969,24.900305,0 36.5469,24.955869,0 36.550823,25.01135,0 36.563193,25.06488,0 36.5776,25.117623,0 36.5933,25.1698,0</coordinates>
      </LineString>
    </Placemark>
    <Placemark>
      <name>Fault Line 987</name>
      <LineString>
        <coordinates>36.5722,25.3647,0 36.601758,25.403798,0 36.631323,25.442903,0 36.664194,25.477683,0 36.69804,25.510994,0 36.728468,25.549108,0 36.755563,25.590968,0 36.7826,25.6328,0</coordinates>
      </LineString>
    </Placemark>
    <Placemark>
      <name>Fault Line 988</name>
      <LineString>
        <coordinates>36.4439,25.3824,0 36.471652,25.428074,0 36.500732,25.472468,0 36.532899,25.51345,0 36.564752,25.554828,0 36.596392,25.596474,0 36.629156,25.636767,0 36.66014,25.679208,0 36.690039,25.722857,0 36.719932,25.766529,0 36.742532,25.816576,0 36.767862,25.864558,0 36.794363,25.911562,0 36.8228,25.956785,0 36.846304,26.006245,0 36.867731,26.057172,0 36.8884,26.1085,0</coordinates>
      </LineString>
    </Placemark>
    <Placemark>
      <name>Fault Line 989</name>
      <LineString>
        <coordinates>36.8591,26.1644,0 36.882218,26.213765,0 36.905354,26.262929,0 36.926496,26.313491,0 36.942061,26.367141,0 36.949373,26.423485,0 36.968039,26.47558,0 36.986683,26.527701,0 37.010586,26.576354,0 37.035138,26.624513,0 37.0598,26.6726,0</coordinates>
      </LineString>
    </Placemark>
    <Placemark>
      <name>Fault Line 990</name>
      <LineString>
        <coordinates>36.7097,26.4195,0 36.691643,26.367208,0 36.673791,26.314818,0 36.656183,26.262314,0 36.637128,26.210613,0 36.617812,26.159073,0 36.59559,26.1094,0 36.573575,26.059598,0 36.553615,26.008484,0 36.533719,25.957345,0 36.509097,25.909514,0 36.484078,25.862017,0 36.459185,25.814432,0 36.431659,25.769161,0 36.399774,25.728568,0 36.375683,25.680401,0 36.3525,25.6314,0</coordinates>
      </LineString>
    </Placemark>
    <Placemark>
      <name>Fault Line 991</name>
      <LineString>
        <coordinates>36.6405,26.9623,0 36.675964,26.99699,0 36.708974,27.035275,0 36.736923,27.079401,0 36.760344,27.127471,0 36.789916,27.169949,0 36.813808,27.217692,0 36.827869,27.271194,0 36.842469,27.324481,0 36.857,27.3778,0</coordinates>
      </LineString>
    </Placemark>
    <Placemark>
      <name>Fault Line 992</name>
      <LineString>
        <coordinates>36.5018,23.9069,0 36.492663,23.960401,0 36.483728,24.013935,0 36.481178,24.068514,0 36.480554,24.123178,0 36.484399,24.177641,0 36.4883,24.2321,0</coordinates>
      </LineString>
    </Placemark>
    <Placemark>
      <name>Fault Line 993</name>
      <LineString>
        <coordinates>36.5779,24.389,0 36.531205,24.387404,0 36.484496,24.38593,0 36.437782,24.384675,0 36.391068,24.383423,0 36.344398,24.386234,0 36.297726,24.389,0 36.251,24.389,0</coordinates>
      </LineString>
    </Placemark>
    <Placemark>
      <name>Fault Line 994</name>
      <LineString>
        <coordinates>36.3092,24.4318,0 36.3092,24.487891,0 36.305378,24.543778,0 36.297027,24.598896,0 36.279272,24.650464,0 36.260902,24.701688,0 36.242013,24.752606,0 36.226995,24.805458,0 36.215596,24.859673,0 36.204556,24.913995,0 36.194131,24.968495,0 36.186276,25.023649,0 36.181836,25.079378,0 36.177402,25.135104,0 36.1748,25.191005,0 36.178647,25.246797,0 36.189592,25.301132,0 36.200978,25.355333,0 36.213364,25.409206,0 36.226237,25.462911,0 36.242212,25.515329,0 36.257374,25.568128,0 36.2686,25.6223,0</coordinates>
      </LineString>
    </Placemark>
    <Placemark>
      <name>Fault Line 995</name>
      <LineString>
        <coordinates>36.3814,26.5133,0 36.370585,26.461122,0 36.357639,26.409706,0 36.338224,26.361541,0 36.322497,26.311356,0 36.310907,26.259475,0 36.299823,26.207431,0 36.292931,26.15429,0 36.288003,26.100818,0 36.283681,26.047269,0 36.2823,25.9934,0</coordinates>
      </LineString>
    </Placemark>
    <Placemark>
      <name>Fault Line 996</name>
      <LineString>
        <coordinates>36.1932,26.5088,0 36.184894,26.452548,0 36.174829,26.396834,0 36.160205,26.342701,0 36.142048,26.290246,0 36.120037,26.240119,0 36.103452,26.186897,0 36.088143,26.133105,0 36.072806,26.079336,0 36.060927,26.024251,0 36.053727,25.967946,0 36.049291,25.911212,0 36.0447,25.8545,0</coordinates>
      </LineString>
    </Placemark>
    <Placemark>
      <name>Fault Line 997</name>
      <LineString>
        <coordinates>35.9108,26.3445,0 35.910734,26.288593,0 35.909713,26.232702,0 35.906147,26.176972,0 35.895434,26.12266,0 35.88131,26.069558,0 35.868016,26.016139,0 35.856939,25.961964,0 35.85066,25.906636,0 35.8467,25.851,0</coordinates>
      </LineString>
    </Placemark>
    <Placemark>
      <name>Fault Line 998</name>
      <LineString>
        <coordinates>35.9649,26.8928,0 35.962348,26.838319,0 35.949279,26.786195,0 35.937079,26.733758,0 35.929765,26.67996,0 35.938232,26.626419,0 35.9521,26.5749,0</coordinates>
      </LineString>
    </Placemark>
    <Placemark>
      <name>Fault Line 999</name>
      <LineString>
        <coordinates>36.1603,26.5422,0 36.150006,26.600488,0 36.140293,26.658938,0 36.136248,26.718398,0 36.133257,26.77795,0 36.131351,26.837569,0 36.1297,26.8972,0</coordinates>
      </LineString>
    </Placemark>
    <Placemark>
      <name>Fault Line 1000</name>
      <LineString>
        <coordinates>36.4031,23.3676,0 36.360988,23.393832,0 36.318929,23.420068,0 36.278247,23.449446,0 36.237692,23.479076,0 36.199051,23.512393,0 36.160323,23.545538,0 36.120675,23.576953,0 36.081,23.6083,0</coordinates>
      </LineString>
    </Placemark>
    <Placemark>
      <name>Fault Line 1001</name>
      <LineString>
        <coordinates>35.7226,24.682,0 35.710018,24.623064,0 35.704523,24.562509,0 35.699566,24.501887,0 35.69537,24.441181,0 35.6914,24.3804,0</coordinates>
      </LineString>
    </Placemark>
    <Placemark>
      <name>Fault Line 1002</name>
      <LineString>
        <coordinates>35.6646,25.9496,0 35.684905,25.900557,0 35.704153,25.850862,0 35.719949,25.799343,0 35.729386,25.745504,0 35.734107,25.690727,0 35.736502,25.635719,0 35.738381,25.58068,0 35.740261,25.52564,0 35.742139,25.470599,0 35.742049,25.415507,0 35.740635,25.360444,0 35.739276,25.30538,0 35.742786,25.250461,0 35.747571,25.195684,0 35.753415,25.141061,0 35.761158,25.086791,0 35.767825,25.032301,0 35.772351,24.977473,0 35.7741,24.922403,0 35.7741,24.867288,0 35.7741,24.8122,0</coordinates>
      </LineString>
    </Placemark>
    <Placemark>
      <name>Fault Line 1003</name>
      <LineString>
        <coordinates>35.7877,25.9476,0 35.78569,26.002684,0 35.78359,26.057762,0 35.782259,26.112875,0 35.784576,26.16794,0 35.783625,26.223067,0 35.778868,26.277892,0 35.771136,26.332195,0 35.758698,26.385146,0 35.74364,26.437044,0 35.7292,26.4892,0</coordinates>
      </LineString>
    </Placemark>
    <Placemark>
      <name>Fault Line 1004</name>
      <LineString>
        <coordinates>38.3789,26.9216,0 38.344132,26.877998,0 38.300418,26.851046,0 38.258912,26.818939,0 38.225418,26.774175,0 38.189401,26.732725,0 38.154307,26.690033,0 38.1237,26.6421,0</coordinates>
      </LineString>
    </Placemark>
    <Placemark>
      <name>Fault Line 1005</name>
      <LineString>
        <coordinates>63.034574,-24.948036,0 63.068312,-24.880013,0 63.102069,-24.811955,0 63.135843,-24.74386,0 63.169635,-24.675729,0 63.203403,-24.60746,0 63.236737,-24.538069,0 63.270089,-24.46864,0 63.303459,-24.399174,0 63.336848,-24.329672,0 63.370255,-24.26013,0 63.403474,-24.190065,0 63.435261,-24.116678,0 63.466162,-24.041347,0 63.497082,-23.965973,0 63.52802,-23.890555,0 63.558976,-23.815092,0 63.58995,-23.739585,0 63.621154,-23.664471,0 63.653069,-23.590806,0 63.68426,-23.515499,0 63.71547,-23.440148,0 63.741905,-23.355923,0 63.763227,-23.264521,0 63.782595,-23.170851,0 63.801087,-23.076216,0 63.814547,-22.977266,0 63.824894,-22.876999,0</coordinates>
      </LineString>
    </Placemark>
    <Placemark>
      <name>Fault Line 1006</name>
      <LineString>
        <coordinates>63.738571,-22.841859,0 63.704584,-22.91111,0 63.670592,-22.980372,0 63.637078,-23.050729,0 63.60367,-23.121255,0 63.57028,-23.191741,0 63.538788,-23.266423,0 63.508039,-23.34257,0 63.477308,-23.418672,0 63.446797,-23.495134,0 63.416313,-23.571568,0 63.385847,-23.647957,0 63.353336,-23.71994,0 63.320512,-23.791131,0 63.288621,-23.864316,0 63.255414,-23.93446,0 63.221988,-24.00401,0 63.188579,-24.07352,0 63.155189,-24.142994,0 63.121817,-24.21243,0 63.088463,-24.281828,0 63.052959,-24.345726,0 63.017286,-24.409088,0 62.981631,-24.472421,0 62.945992,-24.535722,0 62.910371,-24.598994,0</coordinates>
      </LineString>
    </Placemark>
    <Placemark>
      <name>Fault Line 1007</name>
      <LineString>
        <coordinates>63.927113,-19.813636,0 63.963529,-19.751998,0 63.999961,-19.69033,0 64.033647,-19.620929,0 64.066501,-19.5494,0 64.099623,-19.478431,0 64.133069,-19.408183,0 64.166534,-19.337897,0 64.200017,-19.267572,0 64.233519,-19.197209,0 64.267039,-19.126806,0 64.298672,-19.051828,0 64.328679,-18.973297,0 64.358704,-18.894717,0 64.388747,-18.816088,0 64.418809,-18.737411,0 64.448889,-18.658685,0 64.478987,-18.57991,0 64.509105,-18.501088,0 64.539241,-18.422217,0 64.569395,-18.343297,0 64.601586,-18.268773,0 64.637246,-18.203302,0 64.672927,-18.137807,0 64.708626,-18.072279,0 64.744343,-18.006718,0 64.780078,-17.941124,0 64.815832,-17.875497,0 64.851258,-17.808815,0 64.886665,-17.741989,0 64.922147,-17.675019,0</coordinates>
      </LineString>
    </Placemark>
    <Placemark>
      <name>Fault Line 1008</name>
      <LineString>
        <coordinates>64.925445,-17.05267,0 64.890008,-17.119022,0 64.854639,-17.185246,0 64.819288,-17.251436,0 64.783956,-17.317592,0 64.748641,-17.383714,0 64.713344,-17.449803,0 64.678065,-17.515858,0 64.642805,-17.581881,0 64.607975,-17.649051,0 64.573325,-17.716644,0 64.538693,-17.784202,0 64.504079,-17.851726,0 64.469483,-17.919213,0 64.434905,-17.986665,0 64.40035,-18.054091,0 64.371015,-18.133589,0 64.341905,-18.213448,0 64.312813,-18.293258,0 64.283738,-18.373017,0 64.254682,-18.452729,0 64.225644,-18.532392,0 64.196623,-18.612005,0 64.16762,-18.691568,0 64.138413,-18.77065,0 64.107671,-18.846528,0 64.076947,-18.92236,0 64.046241,-18.998148,0 64.015554,-19.07389,0 63.984885,-19.149587,0 63.954234,-19.225239,0 63.9165,-19.281813,0 63.876895,-19.33125,0</coordinates>
      </LineString>
    </Placemark>
    <Placemark>
      <name>Fault Line 1009</name>
      <LineString>
        <coordinates>66.351482,-17.747518,0 66.394494,-17.774879,0 66.437148,-17.805597,0 66.479188,-17.841272,0 66.520881,-17.879478,0 66.5615,-17.924445,0 66.599441,-17.982413,0 66.63454,-18.050882,0 66.665375,-18.131449,0 66.703037,-18.19081,0 66.743132,-18.239003,0 66.784368,-18.280653,0 66.82602,-18.319614,0 66.868556,-18.351887,0 66.911268,-18.382674,0 66.954807,-18.404734,0 66.998496,-18.42481,0 67.042022,-18.44481,0</coordinates>
      </LineString>
    </Placemark>
    <Placemark>
      <name>Fault Line 1010</name>
      <LineString>
        <coordinates>67.014233,-18.191919,0 66.970939,-18.168342,0 66.927429,-18.144647,0 66.883923,-18.120954,0 66.84171,-18.085223,0 66.803117,-18.028999,0 66.768098,-17.95939,0 66.738042,-17.876292,0 66.710527,-17.787827,0 66.683342,-17.698811,0 66.644922,-17.642194,0 66.604121,-17.59751,0 66.561374,-17.566502,0 66.518685,-17.535053,0 66.476075,-17.502996,0 66.433471,-17.470944,0 66.390873,-17.438896,0 66.348281,-17.406852,0</coordinates>
      </LineString>
    </Placemark>
    <Placemark>
      <name>Fault Line 1011</name>
      <LineString>
        <coordinates>63.9719,-21.569482,0 64.009099,-21.512073,0 64.046313,-21.45464,0 64.084176,-21.399395,0 64.12285,-21.347094,0 64.161538,-21.294773,0 64.201209,-21.246405,0 64.241569,-21.20108,0 64.281941,-21.155742,0 64.323444,-21.116138,0 64.365062,-21.077115,0 64.405638,-21.032563,0 64.445321,-20.983814,0 64.485016,-20.935051,0 64.523621,-20.881713,0 64.561293,-20.824805,0 64.597677,-20.763446,0 64.632984,-20.698681,0 64.668309,-20.633884,0 64.703651,-20.569053,0 64.739011,-20.504191,0 64.77327,-20.436077,0 64.805314,-20.362187,0 64.834971,-20.282902,0 64.863505,-20.201286,0 64.892505,-20.120496,0 64.920766,-20.038175,0 64.948568,-19.954906,0 64.976388,-19.871583,0</coordinates>
      </LineString>
    </Placemark>
    <Placemark>
      <name>Fault Line 1012</name>
      <LineString>
        <coordinates>64.987199,-19.310918,0 64.951014,-19.373669,0 64.914844,-19.436392,0 64.879913,-19.502824,0 64.84555,-19.570797,0 64.813797,-19.645384,0 64.782748,-19.721499,0 64.750451,-19.794612,0 64.717476,-19.865949,0 64.681367,-19.928322,0 64.645275,-19.990665,0 64.6092,-20.05298,0 64.574226,-20.118541,0 64.539337,-20.184265,0 64.504466,-20.249957,0 64.469612,-20.315613,0 64.434776,-20.381237,0 64.399951,-20.446808,0 64.363204,-20.506415,0 64.324387,-20.558459,0 64.285584,-20.610485,0 64.246795,-20.662492,0 64.20802,-20.71448,0 64.169259,-20.76645,0 64.130472,-20.818245,0 64.091135,-20.867742,0 64.051067,-20.913993,0 64.01101,-20.96023,0 63.970965,-21.006454,0</coordinates>
      </LineString>
    </Placemark>
    <Placemark>
      <name>Fault Line 1013</name>
      <LineString>
        <coordinates>64.922147,-17.675019,0 64.962262,-17.624854,0 65.00239,-17.574672,0 65.04201,-17.522205,0 65.081326,-17.468389,0 65.120657,-17.414555,0 65.161287,-17.366407,0 65.202078,-17.318953,0 65.242881,-17.271484,0 65.283695,-17.224,0 65.327078,-17.192018,0 65.371077,-17.165255,0 65.415081,-17.138491,0 65.459521,-17.116237,0 65.504377,-17.099442,0 65.549234,-17.082647,0 65.594093,-17.065852,0 65.638962,-17.049186,0 65.683922,-17.033985,0 65.728883,-17.018782,0 65.773846,-17.00358,0 65.818629,-16.985493,0 65.863337,-16.966272,0 65.908047,-16.94705,0 65.953434,-16.945009,0 65.998828,-16.944896,0 66.044222,-16.944783,0 66.089616,-16.94467,0 66.134905,-16.952285,0 66.180148,-16.961418,0 66.225391,-16.970552,0 66.270635,-16.979686,0 66.316002,-16.988845,0</coordinates>
      </LineString>
    </Placemark>
    <Placemark>
      <name>Fault Line 1014</name>
      <LineString>
        <coordinates>66.215203,-16.11232,0 66.170318,-16.107039,0 66.125435,-16.101758,0 66.080524,-16.09818,0 66.035593,-16.096848,0 65.990662,-16.095516,0 65.945731,-16.094184,0 65.900902,-16.101752,0 65.856084,-16.109658,0 65.811266,-16.117564,0 65.766448,-16.12547,0 65.721917,-16.140081,0 65.677443,-16.155661,0 65.63297,-16.171239,0 65.588499,-16.186818,0 65.545086,-16.21485,0 65.502244,-16.247555,0 65.459408,-16.280255,0 65.416579,-16.31295,0 65.373756,-16.345639,0 65.33188,-16.384709,0 65.294708,-16.445155,0 65.257553,-16.505574,0 65.220414,-16.565965,0 65.183292,-16.626329,0 65.146147,-16.68653,0 65.108113,-16.743418,0 65.070128,-16.800408,0 65.033429,-16.86188,0 64.997417,-16.925508,0 64.961422,-16.989104,0 64.925445,-17.05267,0</coordinates>
      </LineString>
    </Placemark>
    <Placemark>
      <name>Fault Line 1015</name>
      <LineString>
        <coordinates>67.139271,-18.968393,0 67.184072,-18.955847,0 67.228874,-18.943301,0 67.273677,-18.930755,0 67.318429,-18.917018,0 67.36312,-18.901979,0 67.407812,-18.886939,0 67.452505,-18.871899,0 67.4972,-18.856858,0 67.541834,-18.840572,0 67.586248,-18.820587,0 67.630665,-18.800602,0 67.675084,-18.780615,0 67.719505,-18.760627,0 67.763929,-18.740639,0 67.808355,-18.720649,0 67.852146,-18.692464,0 67.895613,-18.660884,0 67.939086,-18.6293,0 67.982564,-18.597712,0 68.026048,-18.56612,0 68.069538,-18.534524,0 68.113034,-18.502923,0 68.155943,-18.465948,0 68.198051,-18.422758,0 68.240169,-18.379558,0 68.282297,-18.336348,0 68.324434,-18.293127,0 68.366581,-18.249897,0 68.408738,-18.206657,0 68.450904,-18.163406,0 68.492679,-18.117333,0 68.532683,-18.060688,0 68.572702,-18.004023,0 68.612736,-17.947336,0 68.652785,-17.890627,0 68.692849,-17.833898,0 68.732928,-17.777147,0 68.773023,-17.720375,0 68.81422,-17.669873,0 68.856477,-17.626503,0 68.898722,-17.583145,0</coordinates>
      </LineString>
    </Placemark>
    <Placemark>
      <name>Fault Line 1016</name>
      <LineString>
        <coordinates>68.826604,-16.673778,0 68.788572,-16.742135,0 68.750508,-16.810551,0 68.712463,-16.878931,0 68.674936,-16.949332,0 68.637563,-17.020232,0 68.599741,-17.089194,0 68.561238,-17.155154,0 68.522754,-17.221082,0 68.484289,-17.286978,0 68.445842,-17.352842,0 68.407414,-17.418674,0 68.367514,-17.47757,0 68.326749,-17.531831,0 68.285998,-17.586072,0 68.245261,-17.640294,0 68.204539,-17.694497,0 68.163831,-17.748681,0 68.123137,-17.802846,0 68.082458,-17.856992,0 68.041793,-17.911119,0 67.999684,-17.956582,0 67.956939,-17.997503,0 67.914203,-18.038416,0 67.871475,-18.079321,0 67.828756,-18.120217,0 67.786046,-18.161104,0 67.743345,-18.201983,0 67.700125,-18.238793,0 67.655888,-18.265862,0 67.611655,-18.29293,0 67.567426,-18.319994,0 67.523202,-18.347056,0 67.478982,-18.374115,0 67.434693,-18.400346,0 67.390128,-18.423139,0 67.345566,-18.445931,0 67.301008,-18.468722,0 67.256453,-18.491511,0 67.211901,-18.514298,0 67.167306,-18.536492,0 67.122689,-18.558336,0 67.078075,-18.580178,0</coordinates>
      </LineString>
    </Placemark>
    <Placemark>
      <name>Fault Line 1017</name>
      <LineString>
        <coordinates>66.315016,-18.820464,0 66.296748,-18.720566,0 66.278491,-18.620728,0 66.260245,-18.52095,0 66.24201,-18.421232,0 66.223939,-18.321399,0 66.206294,-18.221171,0 66.188659,-18.121003,0 66.171553,-18.02034,0 66.154644,-17.919543,0 66.137568,-17.818984,0 66.120105,-17.718902,0 66.102651,-17.618879,0 66.084399,-17.519798,0 66.065683,-17.421315,0 66.045357,-17.324869,0 66.019018,-17.23778,0 65.990675,-17.154675,0 65.959927,-17.077006,0 65.929158,-16.99928,0</coordinates>
      </LineString>
    </Placemark>
    <Placemark>
      <name>Fault Line 1018</name>
      <LineString>
        <coordinates>67.11947,-18.957958,0 67.107223,-18.846859,0 67.092822,-18.737541,0 67.078066,-18.628602,0 67.063317,-18.519722,0 67.048577,-18.410901,0 67.033844,-18.302139,0 67.020943,-18.191919,0</coordinates>
      </LineString>
    </Placemark>
    <Placemark>
      <name>Fault Line 1019</name>
      <LineString>
        <coordinates>66.332763,-18.813098,0 66.372917,-18.858864,0 66.413133,-18.904367,0 66.455908,-18.931733,0 66.498687,-18.959102,0 66.542707,-18.967651,0 66.586757,-18.975248,0 66.629793,-18.950386,0 66.671244,-18.912014,0 66.712703,-18.873634,0 66.756808,-18.868506,0 66.800931,-18.872575,0 66.844928,-18.881977,0 66.888512,-18.899957,0 66.931987,-18.919601,0 66.975349,-18.94084,0 67.019151,-18.955043,0 67.063282,-18.958504,0 67.106821,-18.961919,0</coordinates>
      </LineString>
    </Placemark>
    <Placemark>
      <name>Fault Line 1020</name>
      <LineString>
        <coordinates>67.064995,-18.638775,0 67.01996,-18.615759,0 66.975005,-18.592783,0 66.930053,-18.569809,0 66.884746,-18.551998,0 66.839191,-18.538967,0 66.793354,-18.536975,0 66.74771,-18.547772,0 66.702067,-18.558569,0 66.657048,-18.580434,0 66.612049,-18.602528,0 66.56667,-18.618906,0 66.521312,-18.602202,0 66.475956,-18.585499,0 66.43272,-18.547357,0 66.390886,-18.500505,0 66.349064,-18.453666,0 66.311135,-18.389531,0 66.27331,-18.325117,0</coordinates>
      </LineString>
    </Placemark>
    <Placemark>
      <name>Fault Line 1021</name>
      <LineString>
        <coordinates>63.827567,-22.849912,0 63.840759,-22.752703,0 63.854496,-22.655837,0 63.868445,-22.559079,0 63.882192,-22.462126,0 63.895569,-22.364861,0 63.908074,-22.266952,0 63.919286,-22.168197,0 63.928904,-22.068539,0 63.937072,-21.968182,0 63.944244,-21.867403,0 63.950866,-21.766406,0 63.956833,-21.665174,0 63.961367,-21.563537,0 63.964455,-21.461603,0 63.966649,-21.359541,0 63.967287,-21.257362,0 63.966993,-21.155175,0 63.965686,-21.053032,0 63.96362,-20.950961,0 63.960818,-20.84899,0 63.957369,-20.747133,0 63.953288,-20.64541,0 63.948845,-20.543782,0 63.944129,-20.442232,0 63.939189,-20.340758,0 63.93429,-20.239291,0 63.929456,-20.137824,0 63.924663,-20.036364,0 63.919447,-19.935032,0 63.91323,-19.834011,0 63.905713,-19.733475,0 63.897453,-19.633269,0 63.888403,-19.533447,0 63.87879,-19.43393,0 63.868988,-19.334543,0</coordinates>
      </LineString>
    </Placemark>
    <Placemark>
      <name>Fault Line 1022</name>
      <LineString>
        <coordinates>50.946746,5.8897,0 50.974525,5.828832,0 51.008359,5.776221,0 51.042765,5.724516,0 51.080057,5.678107,0 51.117595,5.632168,0 51.138214,5.564261,0 51.150606,5.491427,0</coordinates>
      </LineString>
    </Placemark>
    <Placemark>
      <name>Fault Line 1023</name>
      <LineString>
        <coordinates>51.134759,5.596064,0 51.165477,5.545905,0 51.201058,5.504536,0 51.239155,5.469299,0 51.278412,5.437445,0 51.315415,5.399289,0 51.352427,5.361124,0 51.389448,5.322951,0 51.426477,5.284768,0</coordinates>
      </LineString>
    </Placemark>
    <Placemark>
      <name>Fault Line 1024</name>
      <LineString>
        <coordinates>50.929523,6.352551,0 50.915235,6.421212,0 50.885353,6.475567,0 50.846735,6.513617,0 50.808011,6.55136,0 50.771793,6.594862,0</coordinates>
      </LineString>
    </Placemark>
    <Placemark>
      <name>Fault Line 1025</name>
      <LineString>
        <coordinates>51.03661,6.278724,0 51.032931,6.353135,0 51.020839,6.426003,0 51.014108,6.500586,0 51.003653,6.574063,0</coordinates>
      </LineString>
    </Placemark>
    <Placemark>
      <name>Fault Line 1026</name>
      <LineString>
        <coordinates>51.002884,6.584899,0 50.97053,6.6331,0 50.94495,6.691069,0 50.904925,6.72222,0 50.865697,6.755795,0 50.834155,6.805699,0 50.793931,6.836122,0 50.754909,6.870217,0 50.720766,6.915518,0 50.690309,6.966925,0 50.650133,6.997414,0 50.613315,7.037046,0</coordinates>
      </LineString>
    </Placemark>
    <Placemark>
      <name>Fault Line 1027</name>
      <LineString>
        <coordinates>51.638651,6.065837,0 51.602999,6.109463,0 51.569491,6.157257,0 51.528367,6.18573,0 51.486075,6.209345,0 51.443981,6.233841,0 51.400495,6.250938,0 51.356775,6.266399,0 51.317802,6.301678,0 51.28064,6.34162,0 51.250133,6.393719,0</coordinates>
      </LineString>
    </Placemark>
    <Placemark>
      <name>Fault Line 1028</name>
      <LineString>
        <coordinates>50.761097,6.326857,0 50.795825,6.272289,0 50.837565,6.231492,0 50.879265,6.190557,0 50.911506,6.131935,0</coordinates>
      </LineString>
    </Placemark>
    <Placemark>
      <name>Fault Line 1029</name>
      <LineString>
        <coordinates>50.71346,6.468563,0 50.745997,6.417814,0 50.785678,6.382152,0 50.827092,6.351784,0</coordinates>
      </LineString>
    </Placemark>
    <Placemark>
      <name>Fault Line 1030</name>
      <LineString>
        <coordinates>50.700897,6.57861,0 50.741804,6.54292,0 50.783731,6.51032,0</coordinates>
      </LineString>
    </Placemark>
    <Placemark>
      <name>Fault Line 1031</name>
      <LineString>
        <coordinates>50.700999,6.603686,0 50.672689,6.659708,0 50.638317,6.706668,0 50.610789,6.763717,0 50.586953,6.824723,0</coordinates>
      </LineString>
    </Placemark>
    <Placemark>
      <name>Fault Line 1032</name>
      <LineString>
        <coordinates>51.908636,5.312008,0 51.875864,5.36513,0 51.842228,5.410481,0 51.806896,5.452284,0 51.772855,5.49677,0 51.743944,5.549863,0 51.704903,5.581815,0 51.67477,5.633025,0 51.638482,5.672479,0 51.597903,5.698907,0 51.555276,5.714906,0 51.513848,5.737621,0 51.484707,5.790084,0 51.444457,5.81769,0 51.403654,5.843097,0 51.364196,5.873452,0 51.322141,5.892881,0 51.291658,5.943126,0 51.25847,5.988743,0 51.22253,6.028649,0 51.187841,6.071254,0 51.162065,6.127681,0 51.120731,6.150632,0 51.077372,6.160172,0 51.05531,6.220329,0 51.033838,6.280995,0</coordinates>
      </LineString>
    </Placemark>
    <Placemark>
      <name>Fault Line 1033</name>
      <LineString>
        <coordinates>50.746171,6.236377,0 50.776061,6.189822,0 50.810774,6.150232,0 50.846122,6.112049,0 50.880204,6.071049,0 50.913212,6.027871,0 50.942636,5.978575,0 50.971286,5.928108,0 50.996104,5.872733,0</coordinates>
      </LineString>
    </Placemark>
    <Placemark>
      <name>Fault Line 1034</name>
      <LineString>
        <coordinates>50.805072,6.070277,0 50.839132,6.033146,0 50.871962,5.993616,0 50.909052,5.965041,0 50.941834,5.925352,0</coordinates>
      </LineString>
    </Placemark>
    <Placemark>
      <name>Fault Line 1035</name>
      <LineString>
        <coordinates>51.409404,5.328996,0 51.430611,5.270095,0 51.442832,5.205171,0 51.460077,5.143229,0 51.480473,5.08378,0 51.507085,5.031015,0 51.521645,4.967236,0</coordinates>
      </LineString>
    </Placemark>
    <Placemark>
      <name>Fault Line 1036</name>
      <LineString>
        <coordinates>51.521645,4.967236,0 51.565591,4.935331,0 51.611418,4.911762,0 51.654045,4.875827,0 51.695495,4.836444,0 51.73831,4.801025,0 51.782068,4.768722,0 51.82782,4.744654,0</coordinates>
      </LineString>
    </Placemark>
    <Placemark>
      <name>Fault Line 1037</name>
      <LineString>
        <coordinates>35.525409,-3.758969,0 35.486573,-3.787493,0 35.44774,-3.816013,0 35.408991,-3.844692,0 35.370279,-3.873431,0 35.331573,-3.902167,0 35.293914,-3.932908,0 35.256342,-3.963796,0 35.21769,-3.992599,0 35.179043,-4.021399,0 35.1404,-4.050194,0 35.102004,-4.079468,0 35.063832,-4.109161,0</coordinates>
      </LineString>
    </Placemark>
    <Placemark>
      <name>Fault Line 1038</name>
      <LineString>
        <coordinates>33.860723,-3.518955,0 33.821672,-3.5476,0 33.78345,-3.575637,0 33.739894,-3.588055,0 33.696127,-3.599348,0 33.655047,-3.620713,0 33.615226,-3.64527,0 33.577583,-3.674352,0 33.541935,-3.706841,0 33.506292,-3.739324,0 33.472483,-3.774503,0 33.439379,-3.810617,0 33.406281,-3.846725,0 33.375225,-3.885337,0 33.349479,-3.929181,0 33.323738,-3.973016,0 33.298002,-4.016843,0 33.276079,-4.063529,0 33.255632,-4.111154,0 33.235189,-4.15877,0 33.214749,-4.206377,0 33.176761,-4.234674,0 33.13718,-4.259647,0 33.097602,-4.284617,0 33.058028,-4.309585,0 33.018868,-4.335455,0 32.982575,-4.366699,0 32.946287,-4.397939,0 32.910004,-4.429174,0 32.873726,-4.460404,0 32.837454,-4.49163,0 32.801186,-4.522852,0 32.771585,-4.562793,0 32.744595,-4.605259,0 32.71761,-4.647716,0 32.69063,-4.690166,0 32.664014,-4.732923,0 32.645181,-4.781156,0 32.626351,-4.829381,0 32.607525,-4.877597,0 32.588702,-4.925805,0 32.569882,-4.974004,0 32.551066,-5.022195,0</coordinates>
      </LineString>
    </Placemark>
    <Placemark>
      <name>Fault Line 1039</name>
      <LineString>
        <coordinates>33.465805,-4.372913,0 33.424572,-4.396136,0 33.383521,-4.419256,0 33.342473,-4.442374,0 33.307494,-4.476939,0 33.272896,-4.512035,0 33.249763,-4.558699,0 33.224236,-4.60353,0 33.19072,-4.640063,0 33.157199,-4.676574,0 33.123592,-4.71296,0 33.090217,-4.749634,0 33.058284,-4.788081,0 33.028368,-4.828759,0 33.004313,-4.874625,0 32.980063,-4.920331,0 32.954334,-4.964859,0 32.92861,-5.009378,0 32.900733,-5.052006,0 32.870598,-5.092381,0 32.848562,-5.139584,0 32.833322,-5.190436,0 32.818084,-5.24128,0 32.793875,-5.28692,0 32.76488,-5.328412,0 32.735891,-5.369896,0</coordinates>
      </LineString>
    </Placemark>
    <Placemark>
      <name>Fault Line 1040</name>
      <LineString>
        <coordinates>37.562516,21.694034,0 37.545657,21.637679,0 37.537725,21.577959,0 37.538666,21.517419,0 37.536086,21.456956,0 37.528328,21.397207,0</coordinates>
      </LineString>
    </Placemark>
    <Placemark>
      <name>Fault Line 1041</name>
      <LineString>
        <coordinates>37.394305,21.840809,0 37.394221,21.775057,0 37.392202,21.709373,0 37.387406,21.643921,0</coordinates>
      </LineString>
    </Placemark>
    <Placemark>
      <name>Fault Line 1042</name>
      <LineString>
        <coordinates>37.319844,21.575841,0 37.314225,21.630223,0 37.308181,21.684492,0 37.305499,21.739181,0 37.293505,21.791855,0</coordinates>
      </LineString>
    </Placemark>
    <Placemark>
      <name>Fault Line 1043</name>
      <LineString>
        <coordinates>38.17319,-7.39703,0 38.173888,-7.452803,0 38.172242,-7.508414,0 38.178343,-7.563524,0 38.184444,-7.618639,0 38.190547,-7.673757,0 38.19697,-7.728819,0 38.203905,-7.783787,0 38.21084,-7.83876,0</coordinates>
      </LineString>
    </Placemark>
    <Placemark>
      <name>Fault Line 1044</name>
      <LineString>
        <coordinates>42.012,-6.712,0 41.967089,-6.712057,0 41.922934,-6.72308,0 41.88125,-6.745537,0 41.838965,-6.765848,0 41.795362,-6.780279,0 41.754077,-6.803983,0 41.711161,-6.821719,0 41.668009,-6.838382,0 41.627499,-6.864324,0 41.592877,-6.902582,0 41.552691,-6.92938,0 41.513303,-6.9582,0 41.474369,-6.988085,0 41.435441,-7.017966,0 41.393124,-7.03802,0 41.349672,-7.053144,0 41.306221,-7.06826,0 41.262771,-7.083376,0 41.219324,-7.098492,0 41.175878,-7.113607,0 41.132434,-7.128721,0 41.088992,-7.143833,0 41.045552,-7.158947,0 41.002113,-7.174059,0 40.958676,-7.189171,0 40.917856,-7.213958,0 40.877304,-7.239487,0 40.83732,-7.266526,0 40.798624,-7.296641,0 40.759936,-7.326758,0 40.721254,-7.356871,0 40.682578,-7.38698,0 40.643465,-7.416073,0 40.600964,-7.435191,0 40.558178,-7.45316,0 40.515394,-7.471125,0 40.472612,-7.489089,0 40.430569,-7.509836,0 40.389646,-7.53413,0 40.348731,-7.558432,0 40.30782,-7.582731,0 40.270121,-7.614729,0 40.23259,-7.64738,0</coordinates>
      </LineString>
    </Placemark>
    <Placemark>
      <name>Fault Line 1045</name>
      <LineString>
        <coordinates>40.16264,-8.3327,0 40.204725,-8.310614,0 40.246682,-8.288597,0 40.288643,-8.26658,0 40.331012,-8.245936,0 40.373755,-8.226647,0 40.416501,-8.207357,0 40.45925,-8.188064,0 40.502002,-8.168771,0 40.544756,-8.149477,0 40.587513,-8.130181,0 40.630273,-8.110884,0 40.673036,-8.091586,0 40.715802,-8.072286,0 40.758571,-8.052986,0 40.801342,-8.033684,0 40.844116,-8.01438,0 40.886893,-7.995076,0 40.929673,-7.97577,0 40.972456,-7.956462,0 41.015242,-7.937154,0 41.058031,-7.917845,0 41.100822,-7.898534,0 41.143614,-7.879215,0 41.185011,-7.855113,0 41.224982,-7.827065,0 41.264959,-7.799013,0 41.304941,-7.770957,0 41.344928,-7.742898,0 41.38492,-7.714835,0 41.424918,-7.686769,0 41.464921,-7.658699,0 41.504929,-7.630624,0 41.544943,-7.602547,0 41.584962,-7.574464,0 41.624986,-7.546379,0 41.665016,-7.518291,0 41.705051,-7.490197,0 41.745092,-7.462101,0 41.785139,-7.434004,0 41.829128,-7.420066,0 41.873902,-7.428382,0 41.919039,-7.431593,0 41.963519,-7.420796,0 42.008,-7.41,0</coordinates>
      </LineString>
    </Placemark>
    <Placemark>
      <name>Fault Line 1046</name>
      <LineString>
        <coordinates>40.13454,-6.70976,0 40.108673,-6.759117,0 40.078796,-6.80236,0 40.048378,-6.844935,0 40.021993,-6.891857,0 40.004,-6.945104,0 39.985878,-6.998264,0 39.960792,-7.046343,0 39.952094,-7.103376,0 39.94894,-7.161377,0 39.935067,-7.216628,0 39.906247,-7.260966,0 39.877435,-7.305294,0 39.848629,-7.349611,0 39.81983,-7.393917,0 39.791039,-7.438213,0 39.76228,-7.482526,0 39.737246,-7.530495,0 39.717797,-7.582645,0 39.698318,-7.634761,0 39.669962,-7.67945,0 39.629259,-7.703051,0 39.58856,-7.72665,0</coordinates>
      </LineString>
    </Placemark>
    <Placemark>
      <name>Fault Line 1047</name>
      <LineString>
        <coordinates>40.00567,-8.38154,0 40.036133,-8.337212,0 40.066604,-8.292873,0 40.097083,-8.248524,0 40.127569,-8.204163,0 40.147999,-8.150823,0 40.167685,-8.096991,0 40.192093,-8.046561,0 40.22066,-8.000006,0 40.249241,-7.953445,0 40.277831,-7.906873,0 40.306427,-7.860288,0 40.33503,-7.813691,0 40.363642,-7.767083,0 40.39226,-7.720462,0 40.426257,-7.680529,0 40.46244,-7.644042,0 40.494294,-7.601126,0 40.524255,-7.555893,0 40.55529,-7.511911,0 40.58769,-7.46965,0 40.62036,-7.42705,0</coordinates>
      </LineString>
    </Placemark>
    <Placemark>
      <name>Fault Line 1048</name>
      <LineString>
        <coordinates>40.03692,-8.33868,0 40.081163,-8.350031,0 40.125407,-8.361382,0 40.169652,-8.372733,0 40.213898,-8.384085,0 40.258145,-8.395437,0 40.302965,-8.401858,0 40.347812,-8.395753,0 40.392656,-8.389609,0 40.4375,-8.383465,0 40.482345,-8.377322,0 40.52719,-8.371178,0 40.572035,-8.365034,0 40.616881,-8.35889,0 40.661058,-8.370765,0 40.704292,-8.387635,0 40.747525,-8.404519,0 40.79076,-8.421403,0 40.833998,-8.438289,0 40.877238,-8.455175,0 40.92048,-8.472063,0 40.963725,-8.48895,0 41.003862,-8.516161,0 41.037994,-8.555208,0 41.072107,-8.594305,0 41.106228,-8.63341,0 41.14051,-8.6727,0</coordinates>
      </LineString>
    </Placemark>
    <Placemark>
      <name>Fault Line 1049</name>
      <LineString>
        <coordinates>39.13427,-9.36563,0 39.172865,-9.334567,0 39.211299,-9.303633,0 39.24974,-9.272695,0 39.288186,-9.241751,0 39.326638,-9.210804,0 39.365096,-9.179852,0 39.403559,-9.148894,0 39.442029,-9.117933,0 39.480504,-9.086965,0 39.518985,-9.055994,0 39.557472,-9.025018,0 39.595965,-8.994037,0 39.634454,-8.963031,0 39.669855,-8.926327,0 39.702905,-8.886072,0 39.735963,-8.845808,0 39.769028,-8.805536,0 39.8021,-8.765254,0 39.835179,-8.724963,0 39.868267,-8.684663,0 39.901362,-8.644354,0 39.934468,-8.60404,0 39.969672,-8.566852,0 40.00911,-8.537769,0 40.048552,-8.50868,0 40.088007,-8.479604,0 40.131946,-8.465204,0 40.176903,-8.457943,0 40.221861,-8.450681,0 40.266819,-8.443417,0 40.311008,-8.430358,0 40.34783,-8.39575,0</coordinates>
      </LineString>
    </Placemark>
    <Placemark>
      <name>Fault Line 1050</name>
      <LineString>
        <coordinates>38.71319,-9.10977,0 38.757181,-9.091709,0 38.803021,-9.084403,0 38.845714,-9.06177,0 38.88653,-9.033991,0 38.927349,-9.006204,0 38.97086,-8.986265,0 39.01229,-8.959985,0 39.05391,-8.93357,0</coordinates>
      </LineString>
    </Placemark>
    <Placemark>
      <name>Fault Line 1051</name>
      <LineString>
        <coordinates>38.51857,-8.87871,0 38.562741,-8.891581,0 38.606914,-8.904453,0 38.651236,-8.916465,0 38.695772,-8.927098,0 38.739744,-8.941077,0 38.779128,-8.969789,0 38.812868,-9.008581,0 38.84668,-9.04749,0</coordinates>
      </LineString>
    </Placemark>
    <Placemark>
      <name>Fault Line 1052</name>
      <LineString>
        <coordinates>37.03416,-8.89922,0 37.076173,-8.881441,0 37.11987,-8.873055,0 37.162805,-8.859854,0 37.205134,-8.84386,0 37.24637,-8.823851,0 37.289021,-8.809248,0 37.331673,-8.794644,0 37.374092,-8.778997,0 37.416385,-8.762804,0 37.45868,-8.74661,0</coordinates>
      </LineString>
    </Placemark>
    <Placemark>
      <name>Fault Line 1053</name>
      <LineString>
        <coordinates>38.92,-8.55,0 38.879995,-8.499994,0 38.84,-8.45,0</coordinates>
      </LineString>
    </Placemark>
    <Placemark>
      <name>Fault Line 1054</name>
      <LineString>
        <coordinates>39.32,-8.996,0 39.274287,-8.997143,0 39.228574,-8.998286,0 39.182861,-8.999428,0 39.137139,-8.999428,0 39.091426,-8.998286,0 39.045713,-8.997143,0 39,-8.996,0</coordinates>
      </LineString>
    </Placemark>
    <Placemark>
      <name>Fault Line 1055</name>
      <LineString>
        <coordinates>37.15312,-8.76495,0 37.119923,-8.794822,0 37.090516,-8.83026,0 37.0613,-8.86593,0</coordinates>
      </LineString>
    </Placemark>
    <Placemark>
      <name>Fault Line 1056</name>
      <LineString>
        <coordinates>37.17053,-8.59228,0 37.147676,-8.641332,0 37.124837,-8.690377,0 37.103307,-8.740329,0 37.081781,-8.79027,0 37.06026,-8.8402,0</coordinates>
      </LineString>
    </Placemark>
    <Placemark>
      <name>Fault Line 1057</name>
      <LineString>
        <coordinates>36.626,-8.558,0 36.672127,-8.556575,0 36.718254,-8.55515,0 36.764381,-8.553725,0 36.810508,-8.552301,0 36.856635,-8.550876,0 36.902762,-8.549451,0 36.948889,-8.548026,0 36.995016,-8.546601,0 37.041143,-8.545176,0 37.08727,-8.543752,0 37.133408,-8.544468,0 37.179402,-8.549075,0 37.22543,-8.55369,0</coordinates>
      </LineString>
    </Placemark>
    <Placemark>
      <name>Fault Line 1058</name>
      <LineString>
        <coordinates>37.08077,-8.26313,0 37.100883,-8.308421,0 37.121,-8.353721,0 37.14112,-8.39903,0</coordinates>
      </LineString>
    </Placemark>
    <Placemark>
      <name>Fault Line 1059</name>
      <LineString>
        <coordinates>37.0833,-8.26155,0 37.139649,-8.256775,0 37.196,-8.252,0</coordinates>
      </LineString>
    </Placemark>
    <Placemark>
      <name>Fault Line 1060</name>
      <LineString>
        <coordinates>37.46249,-8.48752,0 37.425739,-8.454886,0 37.388998,-8.422261,0 37.352263,-8.389641,0 37.315534,-8.357027,0 37.278811,-8.324417,0 37.242094,-8.291813,0 37.205382,-8.259215,0 37.168677,-8.226621,0 37.132843,-8.19255,0 37.101053,-8.152676,0 37.06927,-8.11281,0</coordinates>
      </LineString>
    </Placemark>
    <Placemark>
      <name>Fault Line 1061</name>
      <LineString>
        <coordinates>37.05833,-8.08648,0 37.098564,-8.051491,0 37.127979,-8.002395,0 37.151987,-7.948855,0 37.17611,-7.89503,0</coordinates>
      </LineString>
    </Placemark>
    <Placemark>
      <name>Fault Line 1062</name>
      <LineString>
        <coordinates>37.13159,-8.16665,0 37.13505,-8.108139,0 37.13851,-8.049626,0 37.14197,-7.99111,0</coordinates>
      </LineString>
    </Placemark>
    <Placemark>
      <name>Fault Line 1063</name>
      <LineString>
        <coordinates>37.04374,-7.83856,0 37.071157,-7.793257,0 37.098581,-7.747943,0 37.126011,-7.702619,0 37.148796,-7.653398,0 37.164107,-7.599806,0 37.179414,-7.546201,0 37.194725,-7.492587,0 37.21005,-7.43892,0</coordinates>
      </LineString>
    </Placemark>
    <Placemark>
      <name>Fault Line 1064</name>
      <LineString>
        <coordinates>35.962,-9.456,0 35.956811,-9.401106,0 35.951623,-9.346215,0 35.946435,-9.291328,0 35.941247,-9.236445,0 35.936059,-9.181565,0 35.930872,-9.126688,0 35.925685,-9.071815,0 35.920499,-9.016946,0 35.915313,-8.96208,0 35.910127,-8.907218,0 35.904942,-8.852359,0 35.899757,-8.797504,0 35.894572,-8.742653,0 35.889388,-8.687805,0 35.884203,-8.63296,0 35.87902,-8.578119,0 35.873836,-8.523281,0 35.868653,-8.468447,0 35.86347,-8.413616,0 35.858288,-8.358789,0 35.853106,-8.303966,0 35.847924,-8.249146,0 35.842742,-8.19433,0 35.837561,-8.139517,0 35.832381,-8.084708,0 35.8272,-8.0299,0</coordinates>
      </LineString>
    </Placemark>
    <Placemark>
      <name>Fault Line 1065</name>
      <LineString>
        <coordinates>39.443376,-8.398757,0 39.40173,-8.418951,0 39.362607,-8.446308,0 39.322567,-8.471335,0 39.284105,-8.500189,0 39.244959,-8.527447,0 39.213234,-8.56768,0 39.177703,-8.602192,0 39.134862,-8.617581,0 39.093706,-8.6393,0 39.050744,-8.654105,0 39.009354,-8.675047,0 38.974047,-8.709836,0 38.942122,-8.749653,0 38.914748,-8.795805,0</coordinates>
      </LineString>
    </Placemark>
    <Placemark>
      <name>Fault Line 1066</name>
      <LineString>
        <coordinates>38.843831,-9.038284,0 38.885935,-9.014649,0 38.925835,-8.986809,0 38.962851,-8.953006,0 38.99986,-8.919173,0 39.035251,-8.882566,0 39.067164,-8.840981,0 39.09685,-8.796725,0 39.133044,-8.761395,0 39.173859,-8.735745,0 39.212984,-8.706023,0 39.252543,-8.677259,0 39.282179,-8.632831,0 39.319408,-8.599244,0 39.358007,-8.568333,0 39.397974,-8.540467,0 39.436297,-8.508954,0 39.471434,-8.471715,0 39.498579,-8.424559,0</coordinates>
      </LineString>
    </Placemark>
    <Placemark>
      <name>Fault Line 1067</name>
      <LineString>
        <coordinates>36.965,-14.11,0 36.933939,-14.067742,0 36.902849,-14.025446,0 36.872042,-13.982844,0 36.842166,-13.939237,0 36.812297,-13.895639,0 36.782435,-13.852051,0 36.752579,-13.808473,0 36.72273,-13.764905,0 36.691753,-13.722597,0 36.660572,-13.680538,0 36.629397,-13.63849,0 36.59823,-13.59645,0 36.57152,-13.549909,0 36.546805,-13.501705,0 36.522095,-13.453512,0 36.497391,-13.405331,0 36.472693,-13.35716,0 36.448,-13.309,0</coordinates>
      </LineString>
    </Placemark>
    <Placemark>
      <name>Fault Line 1068</name>
      <LineString>
        <coordinates>36.264,-12.437,0 36.247071,-12.384067,0 36.230115,-12.33105,0 36.213162,-12.278043,0 36.196213,-12.225045,0 36.178724,-12.172328,0 36.161113,-12.119686,0 36.143505,-12.067054,0 36.125901,-12.014432,0 36.1083,-11.96182,0 36.095541,-11.907119,0 36.086283,-11.851358,0 36.077027,-11.795603,0 36.067771,-11.739854,0 36.058517,-11.684112,0 36.053074,-11.627611,0 36.047859,-11.571081,0 36.042643,-11.514555,0 36.037429,-11.458033,0 36.032214,-11.401515,0 36.027,-11.345,0</coordinates>
      </LineString>
    </Placemark>
    <Placemark>
      <name>Fault Line 1069</name>
      <LineString>
        <coordinates>36.758112,-9.702941,0 36.789613,-9.666252,0 36.819725,-9.627606,0 36.839121,-9.579413,0 36.858521,-9.531211,0 36.885614,-9.489185,0 36.918019,-9.453505,0 36.948038,-9.414679,0 36.969045,-9.367472,0 36.990057,-9.320255,0</coordinates>
      </LineString>
    </Placemark>
    <Placemark>
      <name>Fault Line 1070</name>
      <LineString>
        <coordinates>35.288,-9.658,0 35.272434,-9.606455,0 35.256869,-9.554915,0 35.241307,-9.503384,0 35.225747,-9.451862,0 35.210191,-9.400348,0 35.194636,-9.348843,0 35.179543,-9.297143,0 35.166456,-9.244637,0 35.153371,-9.19214,0 35.140288,-9.13965,0 35.127207,-9.087168,0 35.114128,-9.034693,0 35.101051,-8.982227,0 35.087429,-8.929978,0 35.073708,-8.877776,0 35.05999,-8.825581,0 35.046273,-8.773395,0 35.032559,-8.721217,0 35.018846,-8.669047,0 35.004484,-8.617148,0 34.989477,-8.56553,0 34.974472,-8.513922,0 34.95947,-8.462321,0 34.944471,-8.410729,0 34.929473,-8.359145,0 34.914846,-8.307411,0 34.900699,-8.25549,0 34.886555,-8.203576,0 34.872413,-8.15167,0 34.858273,-8.099772,0 34.844136,-8.047882,0 34.83,-7.996,0</coordinates>
      </LineString>
    </Placemark>
    <Placemark>
      <name>Fault Line 1071</name>
      <LineString>
        <coordinates>38.470694,-0.15537,0 38.453464,-0.207132,0 38.436188,-0.258934,0 38.418889,-0.31071,0 38.401568,-0.362461,0 38.38319,-0.413602,0 38.362444,-0.463235,0 38.340506,-0.512011,0 38.323505,-0.563878,0 38.315718,-0.619198,0 38.315056,-0.675392,0 38.31591,-0.731582,0 38.302372,-0.785065,0 38.277495,-0.83145,0 38.255544,-0.88016,0 38.238987,-0.932201,0 38.22348,-0.98475,0 38.208473,-1.037524,0</coordinates>
      </LineString>
    </Placemark>
    <Placemark>
      <name>Fault Line 1072</name>
      <LineString>
        <coordinates>38.163222,-1.27188,0 38.143083,-1.32167,0 38.133964,-1.376437,0 38.122997,-1.430644,0 38.107284,-1.482921,0 38.088719,-1.533654,0 38.068734,-1.583495,0 38.048752,-1.633324,0 38.027871,-1.68254,0 38.006605,-1.731476,0 37.985846,-1.780748,0 37.966018,-1.830619,0 37.947051,-1.881012,0 37.929284,-1.932091,0 37.914839,-1.984816,0 37.901761,-2.038101,0 37.888634,-2.091356,0 37.876032,-2.144806,0 37.862575,-2.197911,0 37.849749,-2.251282,0</coordinates>
      </LineString>
    </Placemark>
    <Placemark>
      <name>Fault Line 1073</name>
      <LineString>
        <coordinates>38.266755,-1.712842,0 38.285089,-1.660382,0 38.301039,-1.606662,0 38.318908,-1.55392,0 38.346102,-1.508087,0 38.382703,-1.474527,0 38.422356,-1.447168,0 38.458925,-1.413515,0 38.492382,-1.374923,0 38.517425,-1.327027,0 38.53343,-1.27316,0 38.554716,-1.222354,0 38.579382,-1.174096,0 38.606018,-1.127567,0 38.634493,-1.082837,0 38.661231,-1.036368,0 38.692029,-0.994194,0</coordinates>
      </LineString>
    </Placemark>
    <Placemark>
      <name>Fault Line 1074</name>
      <LineString>
        <coordinates>38.730805,-0.948442,0 38.76227,-0.905879,0 38.788063,-0.857429,0 38.812147,-0.807535,0 38.839752,-0.760722,0 38.866814,-0.713373,0 38.890181,-0.662865,0 38.914429,-0.613028,0 38.941997,-0.566111,0 38.967918,-0.517651,0 38.985878,-0.46354,0 39.006882,-0.41126,0 39.035722,-0.365565,0 39.051019,-0.310066,0 39.06628,-0.254538,0 39.090903,-0.205642,0</coordinates>
      </LineString>
    </Placemark>
    <Placemark>
      <name>Fault Line 1075</name>
      <LineString>
        <coordinates>37.600682,-1.412731,0 37.585343,-1.359663,0 37.571035,-1.30615,0 37.558755,-1.25185,0 37.547274,-1.197281,0 37.538103,-1.142029,0 37.528567,-1.086883,0 37.518679,-1.031842,0 37.515285,-0.975575,0 37.513996,-0.919171,0 37.511121,-0.862861,0 37.514815,-0.806626,0 37.51641,-0.750232,0 37.522245,-0.694283,0 37.538879,-0.641885,0 37.559907,-0.592047,0 37.577853,-0.540316,0 37.593116,-0.487219,0 37.603324,-0.432216,0 37.613287,-0.377133,0 37.627504,-0.323552,0 37.640576,-0.269576,0</coordinates>
      </LineString>
    </Placemark>
    <Placemark>
      <name>Fault Line 1076</name>
      <LineString>
        <coordinates>42.66453,0.675921,0 42.660369,0.741217,0 42.665111,0.806353,0 42.663441,0.871771,0 42.658907,0.936932,0 42.645668,0.999852,0</coordinates>
      </LineString>
    </Placemark>
    <Placemark>
      <name>Fault Line 1077</name>
      <LineString>
        <coordinates>37.030042,-2.326611,0 37.029365,-2.266672,0 37.034134,-2.207025,0 37.029813,-2.147323,0 37.022393,-2.088106,0 37.021379,-2.028233,0</coordinates>
      </LineString>
    </Placemark>
    <Placemark>
      <name>Fault Line 1078</name>
      <LineString>
        <coordinates>41.396133,-1.445378,0 41.425585,-1.465172,0 41.457024,-1.477317,0</coordinates>
      </LineString>
    </Placemark>
    <Placemark>
      <name>Fault Line 1079</name>
      <LineString>
        <coordinates>38.2251,-1.4008,0 38.220868,-1.459434,0 38.218647,-1.518245,0 38.220289,-1.577087,0 38.224471,-1.635727,0 38.229795,-1.69422,0 38.238044,-1.752166,0 38.255228,-1.806852,0 38.280227,-1.856425,0 38.304446,-1.906639,0 38.325267,-1.959285,0 38.347074,-2.011295,0 38.371148,-2.061668,0 38.396775,-2.110797,0 38.424436,-2.158113,0 38.452536,-2.205024,0 38.48053,-2.252197,0</coordinates>
      </LineString>
    </Placemark>
    <Placemark>
      <name>Fault Line 1080</name>
      <LineString>
        <coordinates>36.922013,-3.959368,0 36.928347,-4.012261,0 36.942268,-4.062975,0 36.956183,-4.1137,0 36.964825,-4.166236,0</coordinates>
      </LineString>
    </Placemark>
    <Placemark>
      <name>Fault Line 1081</name>
      <LineString>
        <coordinates>41.164021,-1.489551,0 41.133105,-1.447372,0 41.099037,-1.409692,0 41.063534,-1.374442,0 41.027128,-1.340871,0 40.987495,-1.314512,0 40.946503,-1.292113,0 40.906567,-1.2666,0 40.866298,-1.242036,0 40.822063,-1.237899,0 40.777723,-1.237084,0 40.733605,-1.231168,0</coordinates>
      </LineString>
    </Placemark>
    <Placemark>
      <name>Fault Line 1082</name>
      <LineString>
        <coordinates>41.247683,-1.320767,0 41.281638,-1.354405,0 41.314375,-1.390134,0 41.346021,-1.427582,0 41.376492,-1.46674,0 41.405457,-1.507869,0</coordinates>
      </LineString>
    </Placemark>
    <Placemark>
      <name>Fault Line 1083</name>
      <LineString>
        <coordinates>40.439663,-1.207335,0 40.413964,-1.16138,0 40.384481,-1.119545,0 40.342942,-1.103005,0 40.300691,-1.090824,0</coordinates>
      </LineString>
    </Placemark>
    <Placemark>
      <name>Fault Line 1084</name>
      <LineString>
        <coordinates>40.632955,-0.95338,0 40.591966,-0.94703,0 40.551646,-0.935436,0 40.510996,-0.926032,0</coordinates>
      </LineString>
    </Placemark>
    <Placemark>
      <name>Fault Line 1085</name>
      <LineString>
        <coordinates>41.242998,-1.66536,0 41.27379,-1.701399,0 41.307788,-1.732296,0</coordinates>
      </LineString>
    </Placemark>
    <Placemark>
      <name>Fault Line 1086</name>
      <LineString>
        <coordinates>41.311583,-1.762054,0 41.281315,-1.725461,0 41.247346,-1.695179,0 41.212934,-1.665811,0 41.180212,-1.633311,0</coordinates>
      </LineString>
    </Placemark>
    <Placemark>
      <name>Fault Line 1087</name>
      <LineString>
        <coordinates>40.711631,-1.292802,0 40.671706,-1.259611,0 40.629623,-1.231421,0 40.58893,-1.199908,0</coordinates>
      </LineString>
    </Placemark>
    <Placemark>
      <name>Fault Line 1088</name>
      <LineString>
        <coordinates>40.376323,-1.043733,0 40.371075,-0.996092,0</coordinates>
      </LineString>
    </Placemark>
    <Placemark>
      <name>Fault Line 1089</name>
      <LineString>
        <coordinates>40.673689,-1.381288,0 40.678874,-1.449497,0</coordinates>
      </LineString>
    </Placemark>
    <Placemark>
      <name>Fault Line 1090</name>
      <LineString>
        <coordinates>40.254637,-1.039865,0 40.222513,-1.051053,0</coordinates>
      </LineString>
    </Placemark>
    <Placemark>
      <name>Fault Line 1091</name>
      <LineString>
        <coordinates>36.668888,-4.645913,0 36.626621,-4.708054,0</coordinates>
      </LineString>
    </Placemark>
    <Placemark>
      <name>Fault Line 1092</name>
      <LineString>
        <coordinates>36.591183,-4.66207,0 36.634881,-4.632961,0 36.673623,-4.594409,0</coordinates>
      </LineString>
    </Placemark>
    <Placemark>
      <name>Fault Line 1093</name>
      <LineString>
        <coordinates>37.123893,-3.775708,0 37.103149,-3.718768,0 37.087965,-3.659151,0</coordinates>
      </LineString>
    </Placemark>
    <Placemark>
      <name>Fault Line 1094</name>
      <LineString>
        <coordinates>36.9137,-3.5976,0 36.9282,-3.6649,0</coordinates>
      </LineString>
    </Placemark>
    <Placemark>
      <name>Fault Line 1095</name>
      <LineString>
        <coordinates>37.047496,-3.641084,0 37.015654,-3.58173,0 36.975196,-3.531187,0</coordinates>
      </LineString>
    </Placemark>
    <Placemark>
      <name>Fault Line 1096</name>
      <LineString>
        <coordinates>37.104942,-3.595234,0 37.075287,-3.568279,0 37.048943,-3.536431,0</coordinates>
      </LineString>
    </Placemark>
    <Placemark>
      <name>Fault Line 1097</name>
      <LineString>
        <coordinates>37.104696,-3.647084,0 37.137511,-3.673633,0 37.170261,-3.70032,0 37.202496,-3.727982,0</coordinates>
      </LineString>
    </Placemark>
    <Placemark>
      <name>Fault Line 1098</name>
      <LineString>
        <coordinates>37.260896,-3.78348,0 37.214096,-3.751281,0</coordinates>
      </LineString>
    </Placemark>
    <Placemark>
      <name>Fault Line 1099</name>
      <LineString>
        <coordinates>37.263096,-3.774081,0 37.216896,-3.731982,0</coordinates>
      </LineString>
    </Placemark>
    <Placemark>
      <name>Fault Line 1100</name>
      <LineString>
        <coordinates>37.263296,-3.757281,0 37.230489,-3.724421,0 37.199496,-3.688883,0</coordinates>
      </LineString>
    </Placemark>
    <Placemark>
      <name>Fault Line 1101</name>
      <LineString>
        <coordinates>37.254797,-3.844679,0 37.267696,-3.757281,0</coordinates>
      </LineString>
    </Placemark>
    <Placemark>
      <name>Fault Line 1102</name>
      <LineString>
        <coordinates>37.14145,-3.489294,0 37.101349,-3.532293,0</coordinates>
      </LineString>
    </Placemark>
    <Placemark>
      <name>Fault Line 1103</name>
      <LineString>
        <coordinates>37.250268,-3.631908,0 37.21455,-3.585987,0 37.174168,-3.546609,0</coordinates>
      </LineString>
    </Placemark>
    <Placemark>
      <name>Fault Line 1104</name>
      <LineString>
        <coordinates>37.213747,-3.591799,0 37.166684,-3.582937,0 37.125572,-3.553136,0 37.083949,-3.524492,0</coordinates>
      </LineString>
    </Placemark>
    <Placemark>
      <name>Fault Line 1105</name>
      <LineString>
        <coordinates>36.912,-3.894,0 36.944482,-3.936063,0</coordinates>
      </LineString>
    </Placemark>
    <Placemark>
      <name>Fault Line 1106</name>
      <LineString>
        <coordinates>37.247897,-3.962576,0 37.25197,-3.913564,0 37.263397,-3.866478,0</coordinates>
      </LineString>
    </Placemark>
    <Placemark>
      <name>Fault Line 1107</name>
      <LineString>
        <coordinates>37.164696,-3.78828,0 37.20271,-3.815201,0 37.240797,-3.841979,0</coordinates>
      </LineString>
    </Placemark>
    <Placemark>
      <name>Fault Line 1108</name>
      <LineString>
        <coordinates>37.302996,-3.748381,0 37.31448,-3.7024,0 37.327296,-3.656983,0</coordinates>
      </LineString>
    </Placemark>
    <Placemark>
      <name>Fault Line 1109</name>
      <LineString>
        <coordinates>37.258496,-3.693383,0 37.298096,-3.720082,0</coordinates>
      </LineString>
    </Placemark>
    <Placemark>
      <name>Fault Line 1110</name>
      <LineString>
        <coordinates>37.322596,-3.669283,0 37.281596,-3.644284,0</coordinates>
      </LineString>
    </Placemark>
    <Placemark>
      <name>Fault Line 1111</name>
      <LineString>
        <coordinates>37.361798,-3.157145,0 37.323447,-3.119535,0 37.285098,-3.081943,0</coordinates>
      </LineString>
    </Placemark>
    <Placemark>
      <name>Fault Line 1112</name>
      <LineString>
        <coordinates>37.593592,-3.004405,0 37.52282,-3.007139,0</coordinates>
      </LineString>
    </Placemark>
    <Placemark>
      <name>Fault Line 1113</name>
      <LineString>
        <coordinates>37.209524,-3.168216,0 37.251358,-3.200221,0 37.290522,-3.237192,0</coordinates>
      </LineString>
    </Placemark>
    <Placemark>
      <name>Fault Line 1114</name>
      <LineString>
        <coordinates>37.469918,-3.186477,0 37.430683,-3.151442,0 37.389413,-3.120269,0 37.346996,-3.091658,0 37.303958,-3.064571,0 37.262284,-3.034314,0</coordinates>
      </LineString>
    </Placemark>
    <Placemark>
      <name>Fault Line 1115</name>
      <LineString>
        <coordinates>37.004103,-2.941418,0 37.0007,-2.887331,0 36.997061,-2.833202,0</coordinates>
      </LineString>
    </Placemark>
    <Placemark>
      <name>Fault Line 1116</name>
      <LineString>
        <coordinates>37.351633,-2.683271,0 37.385973,-2.715301,0 37.419961,-2.747835,0 37.45834,-2.771407,0 37.4995,-2.785716,0 37.541948,-2.791536,0 37.584597,-2.794114,0 37.626813,-2.802188,0 37.668241,-2.81525,0</coordinates>
      </LineString>
    </Placemark>
    <Placemark>
      <name>Fault Line 1117</name>
      <LineString>
        <coordinates>37.794311,-2.497491,0 37.765336,-2.538278,0 37.736519,-2.579227,0 37.707265,-2.61966,0 37.678205,-2.660303,0 37.648216,-2.699836,0</coordinates>
      </LineString>
    </Placemark>
    <Placemark>
      <name>Fault Line 1118</name>
      <LineString>
        <coordinates>39.601207,2.803568,0 39.63071,2.855695,0 39.657914,2.909901,0 39.685271,2.963998,0 39.71469,3.016258,0</coordinates>
      </LineString>
    </Placemark>
    <Placemark>
      <name>Fault Line 1119</name>
      <LineString>
        <coordinates>39.112689,-6.985914,0 39.154332,-6.96292,0 39.195218,-6.937753,0 39.235193,-6.910238,0 39.274077,-6.880215,0 39.312445,-6.849088,0 39.350776,-6.81787,0 39.389096,-6.786612,0 39.427405,-6.755314,0 39.465705,-6.723979,0 39.503999,-6.692616,0 39.541904,-6.660449,0 39.57922,-6.627129,0 39.615934,-6.592683,0 39.651871,-6.556866,0 39.686802,-6.51939,0 39.721016,-6.48079,0 39.754488,-6.441089,0 39.787173,-6.400274,0 39.819343,-6.358754,0 39.851106,-6.316687,0 39.882461,-6.274083,0 39.91367,-6.23128,0 39.945151,-6.188795,0 39.977087,-6.146874,0 40.009194,-6.105155,0</coordinates>
      </LineString>
    </Placemark>
    <Placemark>
      <name>Fault Line 1120</name>
      <LineString>
        <coordinates>36.14241,-8.00626,0 36.128784,-8.060215,0 36.115161,-8.114161,0 36.101706,-8.168163,0 36.089345,-8.222555,0 36.078114,-8.277312,0 36.068158,-8.332439,0 36.060859,-8.388192,0 36.056896,-8.444457,0 36.055853,-8.500916,0 36.057739,-8.557342,0 36.060603,-8.613706,0 36.063509,-8.670069,0 36.066477,-8.726429,0 36.069521,-8.782786,0 36.07265,-8.839139,0 36.075842,-8.895489,0 36.079051,-8.95184,0 36.082261,-9.008194,0 36.085458,-9.064551,0 36.08866,-9.12092,0</coordinates>
      </LineString>
    </Placemark>
    <Placemark>
      <name>Fault Line 1121</name>
      <LineString>
        <coordinates>35.535761,-3.719746,0 35.513325,-3.770749,0 35.49089,-3.821739,0 35.468459,-3.872717,0 35.446034,-3.923685,0 35.423613,-3.974641,0 35.401196,-4.025587,0 35.378785,-4.076522,0 35.356378,-4.127446,0 35.333977,-4.178359,0 35.31158,-4.229261,0 35.289184,-4.280149,0</coordinates>
      </LineString>
    </Placemark>
    <Placemark>
      <name>Fault Line 1122</name>
      <LineString>
        <coordinates>35.549771,-4.266139,0 35.559017,-4.212929,0 35.56826,-4.159711,0 35.577504,-4.106487,0 35.58675,-4.053257,0 35.595996,-4.000022,0 35.605243,-3.946781,0 35.614491,-3.893534,0 35.62374,-3.840281,0 35.63299,-3.787022,0 35.642237,-3.733756,0</coordinates>
      </LineString>
    </Placemark>
    <Placemark>
      <name>Fault Line 1123</name>
      <LineString>
        <coordinates>40.9735,0.87637,0 41.014938,0.904863,0 41.057751,0.929544,0 41.100583,0.954185,0 41.142083,0.982574,0 41.172067,1.030104,0 41.190778,1.086935,0 41.219505,1.135853,0 41.260125,1.166457,0 41.302254,1.190075,0</coordinates>
      </LineString>
    </Placemark>
    <Placemark>
      <name>Fault Line 1124</name>
      <LineString>
        <coordinates>42.647515,2.587942,0 42.624025,2.533651,0 42.598349,2.481241,0 42.569815,2.431655,0 42.54485,2.378661,0 42.532401,2.318087,0 42.524747,2.256074,0 42.511759,2.195728,0 42.492006,2.138875,0 42.465644,2.087208,0 42.437362,2.037464,0 42.414553,1.982823,0 42.393475,1.926938,0 42.366625,1.875816,0 42.349271,1.817672,0 42.349634,1.754977,0 42.357719,1.693433,0</coordinates>
      </LineString>
    </Placemark>
    <Placemark>
      <name>Fault Line 1125</name>
      <LineString>
        <coordinates>42.346,2.974,0 42.316487,3.02159,0 42.286446,3.068592,0 42.254597,3.113344,0 42.220246,3.154555,0 42.184729,3.1939,0 42.148001,3.231144,0 42.110435,3.266814,0 42.074444,3.305298,0 42.039139,3.344899,0 41.999605,3.37641,0 41.959351,3.406205,0 41.923774,3.44529,0 41.890481,3.487832,0 41.857238,3.530424,0 41.824,3.573,0</coordinates>
      </LineString>
    </Placemark>
    <Placemark>
      <name>Fault Line 1126</name>
      <LineString>
        <coordinates>41.991111,2.608355,0 42.031564,2.571124,0 42.062982,2.520474,0 42.092129,2.467395,0 42.134417,2.434008,0 42.182944,2.427092,0</coordinates>
      </LineString>
    </Placemark>
    <Placemark>
      <name>Fault Line 1127</name>
      <LineString>
        <coordinates>41.690082,2.295287,0 41.701078,2.350611,0 41.716968,2.40377,0 41.730921,2.45791,0 41.751278,2.508287,0 41.781718,2.548343,0</coordinates>
      </LineString>
    </Placemark>
    <Placemark>
      <name>Fault Line 1128</name>
      <LineString>
        <coordinates>41.265399,1.957364,0 41.299562,1.99993,0 41.334837,2.04088,0 41.369857,2.082237,0 41.406698,2.120708,0 41.440363,2.164066,0 41.467615,2.214826,0</coordinates>
      </LineString>
    </Placemark>
    <Placemark>
      <name>Fault Line 1129</name>
      <LineString>
        <coordinates>40.934202,0.638203,0 40.980445,0.617222,0 41.028329,0.603161,0 41.076669,0.614158,0</coordinates>
      </LineString>
    </Placemark>
    <Placemark>
      <name>Fault Line 1130</name>
      <LineString>
        <coordinates>40.386814,0.016462,0 40.422693,0.052988,0 40.455868,0.093708,0 40.484376,0.140152,0 40.519119,0.178585,0 40.562333,0.196892,0 40.605311,0.21615,0 40.648046,0.236335,0 40.668013,0.29008,0 40.69681,0.336359,0 40.732306,0.373698,0 40.773771,0.3981,0 40.817912,0.412113,0 40.861442,0.430677,0</coordinates>
      </LineString>
    </Placemark>
    <Placemark>
      <name>Fault Line 1131</name>
      <LineString>
        <coordinates>40.56414,0.529839,0 40.609167,0.558108,0 40.653988,0.586965,0</coordinates>
      </LineString>
    </Placemark>
    <Placemark>
      <name>Fault Line 1132</name>
      <LineString>
        <coordinates>40.284,0.397,0 40.331603,0.428731,0 40.381071,0.455127,0 40.431,0.48,0</coordinates>
      </LineString>
    </Placemark>
    <Placemark>
      <name>Fault Line 1133</name>
      <LineString>
        <coordinates>40.217,0.431,0 40.260399,0.444003,0 40.302092,0.464487,0 40.34038,0.494299,0 40.376385,0.52868,0 40.413614,0.560752,0 40.45423,0.584726,0 40.496,0.605,0</coordinates>
      </LineString>
    </Placemark>
    <Placemark>
      <name>Fault Line 1134</name>
      <LineString>
        <coordinates>40.391483,0.354473,0 40.360109,0.315339,0 40.329653,0.274993,0 40.295081,0.240912,0</coordinates>
      </LineString>
    </Placemark>
    <Placemark>
      <name>Fault Line 1135</name>
      <LineString>
        <coordinates>40.335161,0.199273,0 40.29495,0.161682,0</coordinates>
      </LineString>
    </Placemark>
    <Placemark>
      <name>Fault Line 1136</name>
      <LineString>
        <coordinates>40.467184,0.205817,0 40.425978,0.187736,0 40.386307,0.164479,0 40.347012,0.140159,0 40.306287,0.120318,0 40.267019,0.095954,0</coordinates>
      </LineString>
    </Placemark>
    <Placemark>
      <name>Fault Line 1137</name>
      <LineString>
        <coordinates>40.359281,-0.074936,0 40.399604,-0.05182,0 40.438238,-0.02416,0 40.477107,0.002942,0 40.517768,0.024959,0</coordinates>
      </LineString>
    </Placemark>
    <Placemark>
      <name>Fault Line 1138</name>
      <LineString>
        <coordinates>40.268564,-0.099783,0 40.308067,-0.059349,0 40.351995,-0.027704,0 40.398037,-0.001724,0 40.446777,0.01385,0</coordinates>
      </LineString>
    </Placemark>
    <Placemark>
      <name>Fault Line 1139</name>
      <LineString>
        <coordinates>40.336781,-0.056497,0 40.293112,-0.096954,0 40.247178,-0.132816,0 40.202983,-0.17231,0</coordinates>
      </LineString>
    </Placemark>
    <Placemark>
      <name>Fault Line 1140</name>
      <LineString>
        <coordinates>39.785292,-0.316066,0 39.82057,-0.245336,0</coordinates>
      </LineString>
    </Placemark>
    <Placemark>
      <name>Fault Line 1141</name>
      <LineString>
        <coordinates>39.158,-0.175,0 39.200954,-0.20594,0 39.244336,-0.235977,0 39.284502,-0.272741,0 39.32462,-0.309612,0 39.367,-0.342,0</coordinates>
      </LineString>
    </Placemark>
    <Placemark>
      <name>Fault Line 1142</name>
      <LineString>
        <coordinates>39.186,-0.134,0 39.224773,-0.163706,0 39.266126,-0.186905,0 39.305524,-0.215233,0 39.34347,-0.246713,0 39.382,-0.277,0</coordinates>
      </LineString>
    </Placemark>
    <Placemark>
      <name>Fault Line 1143</name>
      <LineString>
        <coordinates>39.463,0.007,0 39.418516,-0.014396,0 39.372676,-0.030515,0 39.326305,-0.043835,0 39.279991,-0.057481,0 39.232964,-0.066142,0 39.186455,-0.078607,0 39.141255,-0.097449,0 39.098325,-0.123658,0 39.058,-0.156,0</coordinates>
      </LineString>
    </Placemark>
    <Placemark>
      <name>Fault Line 1144</name>
      <LineString>
        <coordinates>39.392,0.062,0 39.345124,0.052085,0 39.29846,0.040598,0 39.251,0.038,0</coordinates>
      </LineString>
    </Placemark>
    <Placemark>
      <name>Fault Line 1145</name>
      <LineString>
        <coordinates>39.291,0.242,0 39.332947,0.225346,0 39.37,0.195,0</coordinates>
      </LineString>
    </Placemark>
    <Placemark>
      <name>Fault Line 1146</name>
      <LineString>
        <coordinates>42.542983,3.089265,0 42.533331,3.028705,0 42.525243,2.967733,0 42.520051,2.90619,0 42.512741,2.84505,0 42.493827,2.788689,0 42.478409,2.730417,0 42.472808,2.668985,0 42.469609,2.607414,0</coordinates>
      </LineString>
    </Placemark>
    <Placemark>
      <name>Fault Line 1147</name>
      <LineString>
        <coordinates>40.313029,-0.026308,0 40.273209,-0.049955,0 40.230642,-0.062997,0 40.187281,-0.070263,0 40.146627,-0.091292,0 40.109249,-0.120901,0</coordinates>
      </LineString>
    </Placemark>
    <Placemark>
      <name>Fault Line 1148</name>
      <LineString>
        <coordinates>40.374239,0.085498,0 40.418575,0.12974,0</coordinates>
      </LineString>
    </Placemark>
    <Placemark>
      <name>Fault Line 1149</name>
      <LineString>
        <coordinates>40.162519,-0.068128,0 40.196091,-0.023394,0 40.231644,0.0188,0 40.270464,0.055752,0 40.312477,0.086139,0 40.358598,0.103501,0</coordinates>
      </LineString>
    </Placemark>
    <Placemark>
      <name>Fault Line 1150</name>
      <LineString>
        <coordinates>39.951446,-0.357716,0 39.973084,-0.303106,0 39.991067,-0.246368,0 40.006664,-0.188426,0 40.018044,-0.12882,0 40.032428,-0.070322,0 40.050687,-0.013684,0 40.06841,0.043259,0 40.096449,0.092636,0</coordinates>
      </LineString>
    </Placemark>
    <Placemark>
      <name>Fault Line 1151</name>
      <LineString>
        <coordinates>39.912039,-0.197146,0 39.939954,-0.241192,0 39.9628,-0.289937,0</coordinates>
      </LineString>
    </Placemark>
    <Placemark>
      <name>Fault Line 1152</name>
      <LineString>
        <coordinates>38.160815,0.16872,0 38.137844,0.217329,0 38.113805,0.265074,0 38.08872,0.311926,0 38.062556,0.3578,0 38.035075,0.402398,0 38.008139,0.447512,0 37.98226,0.493593,0 37.956401,0.539676,0 37.932275,0.587233,0 37.913077,0.638256,0 37.895448,0.690168,0 37.875753,0.740861,0</coordinates>
      </LineString>
    </Placemark>
    <Placemark>
      <name>Fault Line 1153</name>
      <LineString>
        <coordinates>37.488878,-0.46829,0 37.528008,-0.439591,0 37.563096,-0.403532,0 37.588543,-0.356306,0 37.6093,-0.305543,0 37.642003,-0.266037,0 37.684553,-0.246548,0 37.728076,-0.230847,0 37.771075,-0.21298,0</coordinates>
      </LineString>
    </Placemark>
    <Placemark>
      <name>Fault Line 1154</name>
      <LineString>
        <coordinates>37.06361,-2.500984,0 37.021553,-2.477661,0 36.975222,-2.462355,0 36.935877,-2.42813,0 36.911664,-2.376407,0 36.88642,-2.325477,0 36.861094,-2.274627,0 36.836137,-2.223511,0</coordinates>
      </LineString>
    </Placemark>
    <Placemark>
      <name>Fault Line 1155</name>
      <LineString>
        <coordinates>36.933699,-2.726454,0 36.910657,-2.676942,0 36.877674,-2.637207,0 36.844925,-2.597188,0 36.818003,-2.55091,0</coordinates>
      </LineString>
    </Placemark>
    <Placemark>
      <name>Fault Line 1156</name>
      <LineString>
        <coordinates>36.76633,-2.904202,0 36.731445,-2.879639,0 36.699927,-2.848498,0</coordinates>
      </LineString>
    </Placemark>
    <Placemark>
      <name>Fault Line 1157</name>
      <LineString>
        <coordinates>36.717726,-2.638137,0 36.750926,-2.70845,0</coordinates>
      </LineString>
    </Placemark>
    <Placemark>
      <name>Fault Line 1158</name>
      <LineString>
        <coordinates>37.407712,-2.438031,0 37.397361,-2.383516,0 37.390101,-2.328339,0 37.395296,-2.272795,0 37.400483,-2.217246,0 37.402848,-2.161389,0 37.39457,-2.106435,0</coordinates>
      </LineString>
    </Placemark>
    <Placemark>
      <name>Fault Line 1159</name>
      <LineString>
        <coordinates>40.112991,0.080704,0 40.152055,0.118565,0 40.191083,0.156511,0 40.228242,0.197569,0 40.26575,0.2381,0 40.306401,0.2732,0</coordinates>
      </LineString>
    </Placemark>
    <Placemark>
      <name>Fault Line 1160</name>
      <LineString>
        <coordinates>43.115113,-0.664515,0 43.094679,-0.602979,0 43.078757,-0.539083,0 43.068098,-0.473182,0 43.067154,-0.405702,0 43.071622,-0.338486,0</coordinates>
      </LineString>
    </Placemark>
    <Placemark>
      <name>Fault Line 1161</name>
      <LineString>
        <coordinates>42.667332,0.603945,0 42.628342,0.636641,0 42.599411,0.68489,0</coordinates>
      </LineString>
    </Placemark>
    <Placemark>
      <name>Fault Line 1162</name>
      <LineString>
        <coordinates>37.437388,-1.476922,0 37.421258,-1.530558,0 37.402001,-1.582528,0 37.377853,-1.631139,0</coordinates>
      </LineString>
    </Placemark>
    <Placemark>
      <name>Fault Line 1163</name>
      <LineString>
        <coordinates>37.457386,-1.606921,0 37.47439,-1.562055,0 37.492559,-1.517927,0</coordinates>
      </LineString>
    </Placemark>
    <Placemark>
      <name>Fault Line 1164</name>
      <LineString>
        <coordinates>37.50371,-1.566338,0 37.492882,-1.516977,0 37.482907,-1.467338,0</coordinates>
      </LineString>
    </Placemark>
    <Placemark>
      <name>Fault Line 1165</name>
      <LineString>
        <coordinates>37.453523,-1.50052,0 37.487181,-1.487263,0</coordinates>
      </LineString>
    </Placemark>
    <Placemark>
      <name>Fault Line 1166</name>
      <LineString>
        <coordinates>37.89778,-2.14368,0 37.937425,-2.178478,0 37.976644,-2.214063,0 38.013923,-2.252885,0</coordinates>
      </LineString>
    </Placemark>
    <Placemark>
      <name>Fault Line 1167</name>
      <LineString>
        <coordinates>37.712157,-0.72265,0 37.713984,-0.779666,0 37.715807,-0.836683,0 37.717629,-0.893703,0 37.719452,-0.950723,0 37.721275,-1.007745,0 37.723093,-1.064771,0</coordinates>
      </LineString>
    </Placemark>
    <Placemark>
      <name>Fault Line 1168</name>
      <LineString>
        <coordinates>37.703717,-1.087369,0 37.741708,-1.128482,0 37.782266,-1.16549,0 37.825516,-1.197242,0</coordinates>
      </LineString>
    </Placemark>
    <Placemark>
      <name>Fault Line 1169</name>
      <LineString>
        <coordinates>37.869944,-1.013735,0 37.833359,-0.978032,0 37.796782,-0.942344,0 37.760212,-0.906662,0 37.723648,-0.870987,0 37.687091,-0.835319,0 37.650538,-0.799661,0</coordinates>
      </LineString>
    </Placemark>
    <Placemark>
      <name>Fault Line 1170</name>
      <LineString>
        <coordinates>38.207794,-0.468503,0 38.207256,-0.410015,0 38.206923,-0.351508,0 38.209378,-0.293081,0 38.210872,-0.2346,0 38.209205,-0.176126,0 38.207383,-0.117662,0 38.206312,-0.05917,0</coordinates>
      </LineString>
    </Placemark>
    <Placemark>
      <name>Fault Line 1171</name>
      <LineString>
        <coordinates>37.812151,-2.561121,0 37.798069,-2.507803,0 37.783348,-2.454772,0 37.766851,-2.402595,0 37.748447,-2.351463,0 37.729466,-2.300678,0</coordinates>
      </LineString>
    </Placemark>
    <Placemark>
      <name>Fault Line 1172</name>
      <LineString>
        <coordinates>37.425687,-1.951616,0 37.415416,-2.006988,0 37.405319,-2.062404,0</coordinates>
      </LineString>
    </Placemark>
    <Placemark>
      <name>Fault Line 1173</name>
      <LineString>
        <coordinates>38.690768,-0.319985,0 38.709286,-0.367517,0</coordinates>
      </LineString>
    </Placemark>
    <Placemark>
      <name>Fault Line 1174</name>
      <LineString>
        <coordinates>38.745542,-0.44514,0 38.788119,-0.462898,0</coordinates>
      </LineString>
    </Placemark>
    <Placemark>
      <name>Fault Line 1175</name>
      <LineString>
        <coordinates>38.0559,-0.85843,0 38.018759,-0.826733,0 37.988237,-0.785199,0 37.96648,-0.735588,0 37.945883,-0.685203,0 37.923821,-0.635839,0 37.901829,-0.586441,0</coordinates>
      </LineString>
    </Placemark>
    <Placemark>
      <name>Fault Line 1176</name>
      <LineString>
        <coordinates>38.077423,-0.752654,0 38.041236,-0.713959,0 38.014536,-0.664388,0 37.999212,-0.607589,0 37.995955,-0.547719,0</coordinates>
      </LineString>
    </Placemark>
    <Placemark>
      <name>Fault Line 1177</name>
      <LineString>
        <coordinates>38.605103,-1.757996,0 38.59202,-1.705624,0 38.580008,-1.652842,0 38.564286,-1.60169,0 38.544345,-1.553016,0 38.522095,-1.505981,0</coordinates>
      </LineString>
    </Placemark>
    <Placemark>
      <name>Fault Line 1178</name>
      <LineString>
        <coordinates>42.893615,-4.743877,0 42.873009,-4.691335,0 42.849679,-4.640936,0 42.825194,-4.591585,0 42.800938,-4.542045,0 42.774836,-4.4943,0 42.746626,-4.448855,0 42.72022,-4.401462,0 42.695656,-4.352288,0</coordinates>
      </LineString>
    </Placemark>
    <Placemark>
      <name>Fault Line 1179</name>
      <LineString>
        <coordinates>36.284942,-3.36331,0 36.254925,-3.323014,0 36.225309,-3.282279,0 36.198592,-3.238587,0 36.17505,-3.19219,0 36.152994,-3.144698,0 36.133351,-3.095623,0 36.116128,-3.045183,0 36.100724,-2.993861,0 36.085277,-2.942575,0</coordinates>
      </LineString>
    </Placemark>
    <Placemark>
      <name>Fault Line 1180</name>
      <LineString>
        <coordinates>40.442763,0.691196,0 40.398375,0.7069,0 40.352611,0.712496,0 40.307662,0.725097,0</coordinates>
      </LineString>
    </Placemark>
    <Placemark>
      <name>Fault Line 1181</name>
      <LineString>
        <coordinates>43.120841,-0.594269,0 43.115911,-0.531019,0 43.109884,-0.467954,0 43.104262,-0.404823,0 43.103097,-0.34125,0 43.106009,-0.277781,0 43.106517,-0.214189,0 43.104587,-0.150649,0 43.102511,-0.08712,0 43.101276,-0.023551,0 43.099085,0.039967,0</coordinates>
      </LineString>
    </Placemark>
    <Placemark>
      <name>Fault Line 1182</name>
      <LineString>
        <coordinates>45.293202,14.227425,0 45.316566,14.175266,0 45.343813,14.127041,0 45.375073,14.084001,0 45.403845,14.037556,0 45.425262,13.983629,0 45.445375,13.92893,0</coordinates>
      </LineString>
    </Placemark>
    <Placemark>
      <name>Fault Line 1183</name>
      <LineString>
        <coordinates>45.662845,14.032765,0 45.683306,13.976629,0 45.708117,13.924186,0 45.729626,13.868811,0 45.751502,13.813712,0 45.773984,13.759094,0 45.799671,13.707441,0 45.823646,13.654097,0 45.843813,13.597579,0 45.868831,13.545189,0 45.90086,13.501235,0</coordinates>
      </LineString>
    </Placemark>
    <Placemark>
      <name>Fault Line 1184</name>
      <LineString>
        <coordinates>45.509473,14.349844,0 45.537342,14.297446,0 45.569377,14.250118,0 45.603556,14.205931,0 45.637155,14.160818,0 45.66483,14.108089,0 45.691147,14.05393,0 45.717322,13.999606,0 45.747128,13.949238,0 45.779301,13.901927,0 45.811855,13.855127,0 45.845513,13.809935,0 45.882621,13.770677,0 45.921854,13.735915,0 45.960379,13.699528,0 45.998901,13.663109,0 46.033378,13.619061,0 46.069793,13.578072,0</coordinates>
      </LineString>
    </Placemark>
    <Placemark>
      <name>Fault Line 1185</name>
      <LineString>
        <coordinates>45.762554,14.24317,0 45.789739,14.191882,0 45.815642,14.139222,0 45.839452,14.08454,0 45.862805,14.029433,0 45.885928,13.974102,0 45.908954,13.918665,0 45.942172,13.875175,0 45.977553,13.835337,0 46.013191,13.795955,0 46.046561,13.752621,0 46.077261,13.705343,0 46.113697,13.667432,0 46.144478,13.620207,0 46.170987,13.567836,0 46.19585,13.513763,0</coordinates>
      </LineString>
    </Placemark>
    <Placemark>
      <name>Fault Line 1186</name>
      <LineString>
        <coordinates>45.640398,14.584108,0 45.657025,14.525204,0 45.687321,14.478738,0 45.71968,14.435193,0 45.753293,14.393616,0 45.786152,14.350795,0 45.816164,14.303849,0 45.8465,14.257306,0 45.877312,14.211385,0 45.909171,14.166939,0 45.94104,14.122481,0 45.971668,14.076232,0 45.998466,14.025272,0 46.023335,13.972301,0 46.049176,13.920281,0 46.076006,13.869285,0 46.105804,13.821811,0 46.137395,13.776787,0 46.168937,13.731665,0 46.198029,13.683206,0 46.225882,13.633226,0 46.25429,13.583878,0 46.280803,13.532348,0 46.303508,13.477118,0 46.32842,13.423895,0 46.354978,13.372414,0</coordinates>
      </LineString>
    </Placemark>
    <Placemark>
      <name>Fault Line 1187</name>
      <LineString>
        <coordinates>46.137457,13.949266,0 46.160678,13.892398,0 46.188741,13.840252,0 46.219389,13.791208,0 46.250006,13.742096,0 46.272607,13.684593,0 46.300246,13.631869,0 46.32882,13.580003,0</coordinates>
      </LineString>
    </Placemark>
    <Placemark>
      <name>Fault Line 1188</name>
      <LineString>
        <coordinates>46.015452,14.200831,0 46.04523,14.143761,0 46.077186,14.08916,0 46.11073,14.036545,0 46.141932,13.981148,0</coordinates>
      </LineString>
    </Placemark>
    <Placemark>
      <name>Fault Line 1189</name>
      <LineString>
        <coordinates>45.913513,14.364701,0 45.946811,14.308356,0 45.975442,14.246902,0 46.00741,14.188673,0</coordinates>
      </LineString>
    </Placemark>
    <Placemark>
      <name>Fault Line 1190</name>
      <LineString>
        <coordinates>45.739622,14.70235,0 45.759308,14.642214,0 45.780708,14.583273,0 45.803977,14.52578,0 45.839861,14.483683,0 45.877504,14.444853,0 45.912116,14.400558,0 45.947938,14.35827,0 45.983894,14.31619,0 46.017714,14.270233,0</coordinates>
      </LineString>
    </Placemark>
    <Placemark>
      <name>Fault Line 1191</name>
      <LineString>
        <coordinates>46.17238,14.133495,0 46.19437,14.084361,0 46.21712,14.035935,0 46.249202,14.00022,0</coordinates>
      </LineString>
    </Placemark>
    <Placemark>
      <name>Fault Line 1192</name>
      <LineString>
        <coordinates>45.774805,14.64268,0 45.816105,14.605792,0 45.8569,14.567735,0 45.900832,14.537704,0 45.948114,14.521219,0 45.991352,14.489124,0 46.032171,14.451,0 46.070165,14.406879,0</coordinates>
      </LineString>
    </Placemark>
    <Placemark>
      <name>Fault Line 1193</name>
      <LineString>
        <coordinates>46.177082,14.301038,0 46.198967,14.24572,0 46.227596,14.197229,0 46.257434,14.15026,0 46.282341,14.097599,0 46.304581,14.042472,0 46.333017,13.993822,0</coordinates>
      </LineString>
    </Placemark>
    <Placemark>
      <name>Fault Line 1194</name>
      <LineString>
        <coordinates>45.611525,14.888167,0 45.643535,14.846097,0 45.679475,14.811091,0 45.706609,14.762459,0 45.738869,14.720709,0 45.776969,14.69069,0 45.815422,14.661589,0 45.850681,14.625082,0 45.890105,14.598756,0 45.931166,14.578219,0 45.973987,14.567395,0 46.014229,14.543707,0 46.048612,14.505669,0</coordinates>
      </LineString>
    </Placemark>
    <Placemark>
      <name>Fault Line 1195</name>
      <LineString>
        <coordinates>45.492543,15.101017,0 45.532567,15.07083,0 45.568769,15.032015,0 45.603237,14.990079,0 45.639836,14.951982,0 45.67271,14.907456,0 45.707028,14.865191,0 45.741374,14.822946,0 45.77265,14.776037,0 45.80382,14.728957,0 45.839397,14.688788,0 45.877318,14.653283,0 45.918393,14.625933,0 45.958833,14.59681,0</coordinates>
      </LineString>
    </Placemark>
    <Placemark>
      <name>Fault Line 1196</name>
      <LineString>
        <coordinates>46.386754,14.106377,0 46.403849,14.043737,0 46.42035,13.980744,0</coordinates>
      </LineString>
    </Placemark>
    <Placemark>
      <name>Fault Line 1197</name>
      <LineString>
        <coordinates>46.243291,14.348629,0 46.274256,14.304686,0 46.299607,14.253744,0 46.322845,14.20071,0 46.348025,14.149546,0 46.374946,14.100279,0</coordinates>
      </LineString>
    </Placemark>
    <Placemark>
      <name>Fault Line 1198</name>
      <LineString>
        <coordinates>45.692992,15.145263,0 45.723861,15.098282,0 45.756203,15.053351,0 45.786805,15.005959,0 45.81806,14.959425,0 45.846126,14.908855,0 45.865106,14.850196,0 45.885701,14.792651,0 45.913985,14.742269,0 45.947945,14.699714,0 45.983551,14.660014,0 46.017871,14.618011,0 46.051182,14.574329,0 46.085766,14.532723,0 46.123168,14.496495,0</coordinates>
      </LineString>
    </Placemark>
    <Placemark>
      <name>Fault Line 1199</name>
      <LineString>
        <coordinates>46.281413,14.568688,0 46.287622,14.505374,0 46.306477,14.447526,0 46.323214,14.388309,0 46.341706,14.330178,0 46.359292,14.271441,0 46.381812,14.216333,0 46.403406,14.160428,0 46.422851,14.102867,0 46.441107,14.044474,0 46.455627,13.983895,0 46.468016,13.922312,0 46.479662,13.860411,0 46.489574,13.797862,0 46.494711,13.734106,0 46.498363,13.670048,0</coordinates>
      </LineString>
    </Placemark>
    <Placemark>
      <name>Fault Line 1200</name>
      <LineString>
        <coordinates>46.230585,15.539947,0 46.226948,15.475056,0 46.211856,15.413727,0 46.204363,15.349555,0 46.206527,15.284554,0 46.209127,15.219584,0 46.21152,15.154592,0 46.213578,15.089576,0 46.215198,15.02453,0 46.215264,14.959441,0 46.215726,14.894357,0 46.214814,14.829282,0 46.224038,14.765569,0 46.232796,14.701708,0 46.248109,14.640469,0 46.269928,14.583532,0</coordinates>
      </LineString>
    </Placemark>
    <Placemark>
      <name>Fault Line 1201</name>
      <LineString>
        <coordinates>46.202516,14.560985,0 46.190888,14.492433,0 46.175547,14.425439,0 46.176646,14.354225,0</coordinates>
      </LineString>
    </Placemark>
    <Placemark>
      <name>Fault Line 1202</name>
      <LineString>
        <coordinates>46.142293,14.601371,0 46.101655,14.636716,0 46.062076,14.674448,0 46.02165,14.710238,0 45.990924,14.762295,0 45.960696,14.814667,0</coordinates>
      </LineString>
    </Placemark>
    <Placemark>
      <name>Fault Line 1203</name>
      <LineString>
        <coordinates>45.844403,14.979755,0 45.886368,14.953461,0 45.926166,14.920928,0 45.966132,14.888797,0 45.997888,14.841329,0 46.029603,14.793777,0 46.065369,14.752593,0 46.106779,14.724134,0</coordinates>
      </LineString>
    </Placemark>
    <Placemark>
      <name>Fault Line 1204</name>
      <LineString>
        <coordinates>46.447388,14.439822,0 46.434622,14.382116,0 46.426438,14.322695,0 46.415273,14.264316,0 46.411038,14.203865,0</coordinates>
      </LineString>
    </Placemark>
    <Placemark>
      <name>Fault Line 1205</name>
      <LineString>
        <coordinates>46.423301,14.186019,0 46.461554,14.14753,0 46.498987,14.107353,0 46.533912,14.062636,0 46.568604,14.017507,0 46.597623,13.964555,0 46.627094,13.912106,0 46.659717,13.863744,0 46.695929,13.821116,0 46.733924,13.781896,0 46.77194,13.742692,0 46.807909,13.699541,0 46.843437,13.655587,0 46.880406,13.614223,0 46.920058,13.578933,0</coordinates>
      </LineString>
    </Placemark>
    <Placemark>
      <name>Fault Line 1206</name>
      <LineString>
        <coordinates>46.259115,14.593638,0 46.247898,14.530148,0 46.253819,14.465184,0 46.27505,14.407289,0</coordinates>
      </LineString>
    </Placemark>
    <Placemark>
      <name>Fault Line 1207</name>
      <LineString>
        <coordinates>46.427292,14.891907,0 46.439345,14.830328,0 46.448668,14.767747,0 46.45591,14.704579,0 46.462806,14.64132,0 46.467885,14.577695,0 46.469384,14.513674,0 46.470998,14.449659,0 46.471136,14.385601,0 46.472044,14.321555,0 46.474464,14.25759,0 46.4782,14.193755,0 46.488941,14.131688,0</coordinates>
      </LineString>
    </Placemark>
    <Placemark>
      <name>Fault Line 1208</name>
      <LineString>
        <coordinates>46.016348,14.886539,0 46.050117,14.843809,0 46.085183,14.803279,0 46.123592,14.769596,0</coordinates>
      </LineString>
    </Placemark>
    <Placemark>
      <name>Fault Line 1209</name>
      <LineString>
        <coordinates>45.963393,14.981497,0 45.930478,15.018994,0 45.900417,15.061134,0 45.874475,15.108571,0 45.845545,15.152084,0</coordinates>
      </LineString>
    </Placemark>
    <Placemark>
      <name>Fault Line 1210</name>
      <LineString>
        <coordinates>46.304189,15.024912,0 46.263635,15.006694,0 46.246241,14.95067,0 46.234099,14.891838,0 46.225002,14.83188,0 46.228369,14.770996,0</coordinates>
      </LineString>
    </Placemark>
    <Placemark>
      <name>Fault Line 1211</name>
      <LineString>
        <coordinates>46.043387,15.183782,0 46.064184,15.124041,0 46.086732,15.065609,0 46.118153,15.016402,0 46.147893,14.965038,0 46.176251,14.912166,0</coordinates>
      </LineString>
    </Placemark>
    <Placemark>
      <name>Fault Line 1212</name>
      <LineString>
        <coordinates>45.818382,15.446997,0 45.849627,15.502643,0 45.882095,15.556884,0</coordinates>
      </LineString>
    </Placemark>
    <Placemark>
      <name>Fault Line 1213</name>
      <LineString>
        <coordinates>45.933758,15.364403,0 45.969936,15.327239,0 46.00301,15.284479,0 46.031734,15.235615,0 46.064046,15.191619,0 46.096702,15.148126,0 46.128015,15.102601,0 46.15861,15.056047,0 46.191063,15.012215,0</coordinates>
      </LineString>
    </Placemark>
    <Placemark>
      <name>Fault Line 1214</name>
      <LineString>
        <coordinates>45.928917,15.46494,0 45.902233,15.387691,0</coordinates>
      </LineString>
    </Placemark>
    <Placemark>
      <name>Fault Line 1215</name>
      <LineString>
        <coordinates>45.93021,15.467283,0 45.964371,15.521708,0 46.000524,15.573416,0</coordinates>
      </LineString>
    </Placemark>
    <Placemark>
      <name>Fault Line 1216</name>
      <LineString>
        <coordinates>45.984007,15.56764,0 46.017459,15.61968,0 46.04614,15.677353,0 46.059382,15.745875,0</coordinates>
      </LineString>
    </Placemark>
    <Placemark>
      <name>Fault Line 1217</name>
      <LineString>
        <coordinates>45.964302,15.702145,0 45.954724,15.634919,0 45.940792,15.569214,0</coordinates>
      </LineString>
    </Placemark>
    <Placemark>
      <name>Fault Line 1218</name>
      <LineString>
        <coordinates>46.204792,15.948821,0 46.204798,15.884761,0 46.208013,15.820869,0 46.213233,15.757249,0 46.221201,15.69422,0 46.231897,15.632028,0 46.244447,15.570553,0 46.257015,15.509072,0 46.269135,15.447388,0 46.281093,15.385625,0 46.295978,15.325194,0 46.314585,15.266943,0 46.330734,15.207158,0 46.347245,15.147562,0 46.364122,15.088164,0 46.382026,15.029381,0 46.401637,14.971734,0 46.423153,14.915511,0 46.450457,14.864587,0</coordinates>
      </LineString>
    </Placemark>
    <Placemark>
      <name>Fault Line 1219</name>
      <LineString>
        <coordinates>46.220506,16.024645,0 46.233405,16.091191,0 46.242975,16.158915,0 46.25112,16.227039,0 46.256384,16.295761,0 46.2598,16.364734,0 46.261817,16.433824,0 46.260516,16.50295,0 46.257437,16.571984,0</coordinates>
      </LineString>
    </Placemark>
    <Placemark>
      <name>Fault Line 1220</name>
      <LineString>
        <coordinates>46.534955,14.661065,0 46.539493,14.727766,0 46.530447,14.793487,0 46.521366,14.859187,0 46.513182,14.925125,0 46.500443,14.989508,0 46.480994,15.050311,0</coordinates>
      </LineString>
    </Placemark>
    <Placemark>
      <name>Fault Line 1221</name>
      <LineString>
        <coordinates>46.734693,14.907421,0 46.776066,14.885568,0 46.816964,14.861871,0 46.857404,14.836531,0 46.899046,14.815743,0 46.939284,14.789683,0 46.979103,14.76226,0 47.018928,14.734834,0 47.05842,14.706371,0 47.095742,14.672152,0 47.132985,14.637727,0 47.170125,14.603039,0 47.207272,14.568344,0 47.242584,14.529694,0 47.277351,14.489962,0 47.310224,14.446844,0 47.341958,14.401881,0 47.367776,14.349012,0</coordinates>
      </LineString>
    </Placemark>
    <Placemark>
      <name>Fault Line 1222</name>
      <LineString>
        <coordinates>46.264989,15.636367,0 46.27697,15.572492,0 46.296838,15.512857,0 46.319481,15.455309,0 46.345207,15.400518,0 46.370751,15.345522,0 46.395751,15.289978,0 46.422322,15.235965,0 46.450745,15.183946,0 46.482099,15.135577,0 46.516776,15.092225,0 46.551553,15.049015,0 46.58772,15.00826,0 46.625044,14.96975,0 46.665341,14.938198,0 46.705862,14.907238,0 46.744826,14.872264,0 46.781232,14.831817,0 46.817318,14.790734,0 46.853345,14.749468,0</coordinates>
      </LineString>
    </Placemark>
    <Placemark>
      <name>Fault Line 1223</name>
      <LineString>
        <coordinates>46.320971,15.492093,0 46.325107,15.555636,0 46.33059,15.618972,0 46.348308,15.67743,0 46.363132,15.737573,0 46.364402,15.801419,0 46.363532,15.86528,0 46.369244,15.928616,0 46.37095,15.992449,0 46.393094,16.048742,0</coordinates>
      </LineString>
    </Placemark>
    <Placemark>
      <name>Fault Line 1224</name>
      <LineString>
        <coordinates>46.534209,15.244672,0 46.531103,15.317446,0 46.531377,15.390358,0 46.530924,15.463267,0 46.530645,15.536177,0 46.531069,15.609085,0</coordinates>
      </LineString>
    </Placemark>
    <Placemark>
      <name>Fault Line 1225</name>
      <LineString>
        <coordinates>46.423167,16.2691,0 46.39843,16.211013,0 46.374628,16.152138,0 46.351782,16.092494,0 46.331238,16.031142,0 46.31232,15.968726,0 46.296279,15.904662,0 46.283161,15.839237,0 46.267323,15.775103,0 46.258965,15.708095,0 46.265391,15.642166,0</coordinates>
      </LineString>
    </Placemark>
    <Placemark>
      <name>Fault Line 1226</name>
      <LineString>
        <coordinates>46.612036,15.499368,0 46.623626,15.55912,0 46.634066,15.619335,0</coordinates>
      </LineString>
    </Placemark>
    <Placemark>
      <name>Fault Line 1227</name>
      <LineString>
        <coordinates>46.473297,16.046539,0 46.48891,16.106862,0 46.499537,16.169446,0 46.516382,16.229095,0 46.529194,16.290842,0 46.544026,16.351641,0 46.557959,16.412904,0 46.568559,16.475588,0</coordinates>
      </LineString>
    </Placemark>
    <Placemark>
      <name>Fault Line 1228</name>
      <LineString>
        <coordinates>45.643503,15.159109,0 45.681782,15.204804,0 45.720027,15.250588,0 45.747423,15.310255,0 45.783043,15.360248,0 45.815399,15.415243,0</coordinates>
      </LineString>
    </Placemark>
    <Placemark>
      <name>Fault Line 1229</name>
      <LineString>
        <coordinates>45.804956,15.783784,0 45.772119,15.736466,0 45.746564,15.680699,0 45.729001,15.618932,0 45.703347,15.563244,0</coordinates>
      </LineString>
    </Placemark>
    <Placemark>
      <name>Fault Line 1230</name>
      <LineString>
        <coordinates>45.822079,15.819708,0 45.861584,15.841628,0 45.89682,15.875381,0 45.926366,15.918994,0 45.948769,15.970678,0 45.954299,16.030837,0</coordinates>
      </LineString>
    </Placemark>
    <Placemark>
      <name>Fault Line 1231</name>
      <LineString>
        <coordinates>45.91745,16.129153,0 45.938488,16.066793,0 45.968709,16.012577,0</coordinates>
      </LineString>
    </Placemark>
    <Placemark>
      <name>Fault Line 1232</name>
      <LineString>
        <coordinates>45.332065,14.301646,0 45.354297,14.250927,0 45.379163,14.202728,0 45.406391,14.157169,0 45.431642,14.109328,0</coordinates>
      </LineString>
    </Placemark>
    <Placemark>
      <name>Fault Line 1233</name>
      <LineString>
        <coordinates>44.166428,16.036774,0 44.160712,15.973772,0 44.166537,15.910791,0 44.1785,15.849507,0 44.191925,15.788802,0 44.210062,15.730513,0 44.228398,15.672327,0 44.246474,15.613964,0 44.264838,15.555759,0 44.283517,15.49773,0 44.304569,15.44129,0 44.330294,15.388745,0 44.356027,15.336185,0 44.383686,15.28555,0 44.414181,15.238183,0 44.444684,15.190802,0 44.479814,15.150169,0 44.515185,15.109921,0 44.549441,15.067797,0 44.583317,15.025046,0 44.619691,14.986526,0 44.656873,14.949539,0 44.699072,14.925406,0 44.741961,14.903802,0 44.786203,14.888512,0 44.830692,14.87471,0 44.876034,14.868517,0 44.921298,14.861274,0 44.966462,14.852872,0 45.01048,14.836285,0 45.054527,14.819844,0 45.099037,14.803798,0</coordinates>
      </LineString>
    </Placemark>
    <Placemark>
      <name>Fault Line 1234</name>
      <LineString>
        <coordinates>45.102068,14.803613,0 45.135174,14.761807,0 45.167208,14.718332,0 45.19789,14.672912,0 45.228009,14.626716,0 45.257841,14.580121,0 45.287649,14.533471,0 45.317513,14.486869,0 45.350673,14.444992,0 45.382132,14.400512,0 45.41711,14.361696,0 45.451982,14.3225,0</coordinates>
      </LineString>
    </Placemark>
    <Placemark>
      <name>Fault Line 1235</name>
      <LineString>
        <coordinates>44.813107,14.844784,0 44.840539,14.792023,0 44.871404,14.743154,0 44.904344,14.697033,0 44.939426,14.654149,0 44.972147,14.607664,0 45.002984,14.558648,0 45.032665,14.508198,0 45.065809,14.462241,0 45.101772,14.42072,0 45.140431,14.38436,0 45.179464,14.348788,0 45.217994,14.312101,0 45.253756,14.270123,0 45.287847,14.225834,0</coordinates>
      </LineString>
    </Placemark>
    <Placemark>
      <name>Fault Line 1236</name>
      <LineString>
        <coordinates>44.661653,15.676836,0 44.686154,15.624269,0 44.710657,15.57168,0 44.736643,15.520498,0 44.765734,15.472718,0 44.792171,15.421947,0 44.820479,15.373195,0 44.854133,15.331716,0 44.887159,15.289221,0 44.916362,15.24145,0 44.940252,15.188094,0 44.964691,15.135213,0 44.986611,15.08015,0 45.012766,15.028893,0 45.048419,14.990749,0 45.089775,14.966744,0 45.132337,14.947406,0 45.175031,14.92865,0 45.216502,14.904991,0 45.255292,14.873456,0 45.29057,14.834457,0 45.326535,14.796724,0 45.361309,14.756771,0 45.391029,14.709247,0 45.412761,14.653619,0 45.432161,14.59625,0 45.458001,14.54427,0 45.485684,14.494231,0 45.517179,14.448317,0</coordinates>
      </LineString>
    </Placemark>
    <Placemark>
      <name>Fault Line 1237</name>
      <LineString>
        <coordinates>45.481274,14.915551,0 45.453401,14.966903,0 45.42555,15.018253,0 45.395265,15.066699,0 45.362102,15.111132,0 45.327407,15.153101,0 45.293164,15.19579,0 45.255232,15.2316,0 45.216415,15.265416,0 45.176778,15.297236,0 45.138354,15.331897,0 45.099368,15.365252,0 45.059931,15.397507,0 45.023795,15.436728,0 44.989836,15.479645,0 44.956433,15.523401,0 44.921972,15.565459,0 44.887489,15.607455,0 44.851873,15.647497,0 44.814446,15.68408,0 44.776592,15.719756,0 44.74057,15.758994,0 44.706533,15.801575,0 44.670976,15.841597,0 44.634772,15.880431,0 44.597684,15.917555,0 44.55796,15.948819,0 44.515536,15.971497,0</coordinates>
      </LineString>
    </Placemark>
    <Placemark>
      <name>Fault Line 1238</name>
      <LineString>
        <coordinates>44.92851,15.473805,0 44.956933,15.426467,0 44.981749,15.375217,0 45.003861,15.321528,0 45.026964,15.26866,0 45.051843,15.217408,0 45.079732,15.169337,0 45.112423,15.127749,0 45.145594,15.086906,0 45.17717,15.043573,0 45.212175,15.00589,0 45.247656,14.969091,0 45.28395,14.933906,0 45.318807,14.895932,0</coordinates>
      </LineString>
    </Placemark>
    <Placemark>
      <name>Fault Line 1239</name>
      <LineString>
        <coordinates>44.967328,15.748312,0 44.998287,15.702988,0 45.032161,15.662024,0 45.063509,15.61719,0 45.093196,15.570119,0 45.122717,15.522815,0 45.154826,15.479001,0 45.186466,15.434483,0 45.216703,15.388019,0 45.24842,15.343563,0 45.284607,15.306607,0 45.321411,15.270878,0 45.357518,15.233714,0 45.390123,15.190462,0 45.42126,15.14505,0 45.454181,15.102204,0</coordinates>
      </LineString>
    </Placemark>
    <Placemark>
      <name>Fault Line 1240</name>
      <LineString>
        <coordinates>45.091512,15.66303,0 45.132753,15.631588,0 45.172109,15.595596,0 45.207542,15.552146,0 45.238317,15.502028,0 45.269429,15.452306,0 45.304329,15.40792,0 45.340078,15.364895,0 45.377097,15.324072,0 45.413748,15.282557,0 45.451823,15.243652,0</coordinates>
      </LineString>
    </Placemark>
    <Placemark>
      <name>Fault Line 1241</name>
      <LineString>
        <coordinates>44.893205,15.751778,0 44.921131,15.699417,0 44.948876,15.646842,0 44.974432,15.592072,0 45.002808,15.540125,0 45.034348,15.491937,0 45.061129,15.438267,0 45.089099,15.385753,0</coordinates>
      </LineString>
    </Placemark>
    <Placemark>
      <name>Fault Line 1242</name>
      <LineString>
        <coordinates>46.563,13.976117,0 46.587663,13.922534,0 46.612334,13.868934,0 46.637012,13.815317,0 46.661698,13.761684,0 46.687904,13.709578,0 46.714965,13.658386,0 46.742035,13.607178,0 46.766895,13.55361,0 46.791156,13.499437,0 46.815425,13.445247,0 46.840883,13.392208,0 46.866793,13.339615,0 46.891814,13.286085,0 46.915723,13.231453,0 46.939632,13.176824,0</coordinates>
      </LineString>
    </Placemark>
    <Placemark>
      <name>Fault Line 1243</name>
      <LineString>
        <coordinates>38.278507,22.133258,0 38.281503,22.195578,0 38.279026,22.257937,0 38.274215,22.320069,0 38.266815,22.381782,0 38.254715,22.442271,0 38.238708,22.501134,0</coordinates>
      </LineString>
    </Placemark>
    <Placemark>
      <name>Fault Line 1244</name>
      <LineString>
        <coordinates>38.17,22.3593,0 38.171416,22.300274,0 38.174075,22.241344,0 38.17918,22.182672,0 38.186642,22.124405,0 38.202613,22.068966,0 38.224408,22.016825,0 38.245728,21.964352,0 38.2704,21.9143,0</coordinates>
      </LineString>
    </Placemark>
    <Placemark>
      <name>Fault Line 1245</name>
      <LineString>
        <coordinates>38.329,21.9959,0 38.327271,21.936753,0 38.3235,21.877788,0 38.321948,21.818661,0 38.3193,21.7596,0</coordinates>
      </LineString>
    </Placemark>
    <Placemark>
      <name>Fault Line 1246</name>
      <LineString>
        <coordinates>38.0431,22.7869,0 38.051281,22.733071,0 38.065188,22.681164,0 38.082877,22.631137,0 38.101674,22.581754,0 38.121336,22.532904,0 38.135907,22.481242,0 38.142036,22.426907,0 38.1465,22.3722,0</coordinates>
      </LineString>
    </Placemark>
    <Placemark>
      <name>Fault Line 1247</name>
      <LineString>
        <coordinates>38.1034,23.2794,0 38.095888,23.222846,0 38.074168,23.17258,0 38.051575,23.122951,0 38.035204,23.069544,0 38.021108,23.015111,0 38.015668,22.958237,0 38.022736,22.901651,0 38.0229,22.8444,0</coordinates>
      </LineString>
    </Placemark>
    <Placemark>
      <name>Fault Line 1248</name>
      <LineString>
        <coordinates>38.209,22.7638,0 38.20239,22.82285,0 38.182677,22.876954,0 38.173183,22.93534,0 38.172317,22.994949,0 38.175626,23.054421,0 38.204058,23.101828,0 38.235907,23.145596,0 38.229029,23.204617,0 38.2352,23.2659,0</coordinates>
      </LineString>
    </Placemark>
  </Document>
</kml>
