FID,wkb_geometry,idfs,idds,idsource,strikemin,strikeavg,strikemax,dipmin,dipavg,dipmax,rakemin,rakeavg,rakemax,mindepth,maxdepth,length,e2elength,widthmin,widthavg,widthmax,areamin,areaavg,areamax,srmin,srmax,sramean,srgmean,complex,topoavg,mohoavg,mu,faulttype,fsltecto,fslname,fslslip,fsldim,mwmaxp02,mwmaxp05,mwmaxavg,mwmaxp95,mwmaxp98,m0rmin,m0rmax,m0ramean,m0rgmean
efsm20_cf_top.1,"LINESTRING (37.112471 -33.139421, 37.10204 -33.082124, 37.091611 -33.024835, 37.081183 -32.967554, 37.070757 -32.91028, 37.060194 -32.853053, 37.049608 -32.79584, 37.039024 -32.738634, 37.028144 -32.681525, 37.016918 -32.624529, 37.005693 -32.567542, 36.994469 -32.510562)",PTCF000,#02,MAR001,103,103,104,79,90,90,-10,0,10,2,13.5,57.3,57.3,11.5,11.5,11.7,659,659,671,16.901,27.5743,22.2377,21.5878,0,2189,13.5,33,LL,MAR,Leonard2014_Interplate,SS,L,6.54,6.59,6.81,7.12,7.22,17.5655,17.7858,17.6847,17.6718
efsm20_cf_top.2,"LINESTRING (37.210783 -32.840068, 37.201385 -32.786187, 37.191989 -32.732312, 37.182593 -32.678444, 37.173199 -32.624582, 37.164453 -32.570555, 37.15636 -32.516374, 37.148268 -32.462198, 37.140711 -32.407906, 37.133319 -32.353584, 37.125928 -32.299267, 37.118538 -32.244956, 37.111149 -32.190651)",PTCF001,#02,MAR002,99,101,102,79,90,90,-10,0,10,2.5,13,58.6,58.6,10.5,10.5,10.7,616,616,627,13.8537,27.8635,20.8586,19.6472,0,2433,13,33,LL,MAR,Leonard2014_Interplate,SS,L,6.51,6.56,6.78,7.09,7.19,17.4493,17.7605,17.627,17.601
efsm20_cf_top.3,"LINESTRING (37.434967 -32.478846, 37.423919 -32.424111, 37.412872 -32.369383, 37.401826 -32.314663, 37.390782 -32.25995, 37.37974 -32.205245, 37.368699 -32.150548, 37.35766 -32.095858, 37.350041 -32.040259, 37.343047 -31.984535, 37.336054 -31.928816, 37.329061 -31.873102, 37.322069 -31.817392, 37.315077 -31.761687, 37.308087 -31.705988, 37.30073 -31.65037, 37.293327 -31.594768, 37.285924 -31.539171, 37.278522 -31.48358, 37.27112 -31.427994, 37.263719 -31.372413, 37.25632 -31.316842)",PTCF002,#02,MAR003,98,100,104,79,90,90,-10,0,10,2,12.5,104.7,104.6,10.5,10.5,10.7,1100,1100,1119,15.0806,25.699,20.3898,19.6864,0,1462,12.5,33,LL,MAR,Leonard2014_Interplate,SS,L,6.76,6.81,7.03,7.34,7.44,17.7382,17.9774,17.8692,17.8539
efsm20_cf_top.4,"LINESTRING (37.722205 -31.577966, 37.717992 -31.521992, 37.713778 -31.466021, 37.709565 -31.410053, 37.705352 -31.354088, 37.701029 -31.29814, 37.695972 -31.242294, 37.690915 -31.186452, 37.686121 -31.130576, 37.681427 -31.074689, 37.676734 -31.018805, 37.672041 -30.962924, 37.667348 -30.907047, 37.662655 -30.85117)",PTCF003,#02,MAR004,94,95,95,79,90,90,-10,0,10,2,12.5,64.3,64.3,10.5,10.5,10.7,675,675,687,18.891,23.689,21.29,21.1544,0,1712,12.5,33,LL,MAR,Leonard2014_Interplate,SS,L,6.55,6.6,6.82,7.13,7.23,17.6241,17.7302,17.676,17.6733
efsm20_cf_top.5,"LINESTRING (38.422781 -30.81635, 38.418416 -30.756152, 38.414052 -30.695958, 38.409531 -30.635787, 38.403771 -30.575791, 38.398011 -30.515799, 38.392251 -30.455812, 38.386492 -30.39583, 38.381046 -30.335807, 38.375641 -30.275782, 38.370237 -30.215762)",PTCF004,#02,MAR005,94,95,95,79,90,90,-10,0,10,2,15,52.7,52.7,13,13,13.2,685,685,697,18.9309,23.0157,20.9733,20.8736,0,1818,17.5,33,LL,MAR,Leonard2014_Interplate,SS,L,6.56,6.61,6.83,7.14,7.24,17.6312,17.7238,17.6757,17.6736
efsm20_cf_top.6,"LINESTRING (39.368561 -30.150482, 39.373301 -30.093973, 39.377958 -30.037447, 39.382391 -29.980889, 39.386825 -29.924327, 39.39126 -29.867761, 39.395694 -29.811192, 39.400129 -29.754619, 39.404564 -29.698043, 39.408775 -29.641435, 39.412883 -29.584812, 39.416992 -29.528185, 39.421101 -29.471554)",PTCF005,#02,MAR006,86,86,86,79,90,90,-10,0,10,2,15,58.6,58.6,13,13,13.2,762,762,776,20.2776,27.1055,23.6915,23.4443,0,1822,21.5,33,LL,MAR,Leonard2014_Interplate,SS,L,6.6,6.65,6.87,7.18,7.28,17.7076,17.8414,17.7752,17.7706
efsm20_cf_top.7,"LINESTRING (40.64343 -29.83008, 40.635175 -29.77175, 40.62692 -29.713428, 40.618667 -29.655112, 40.610415 -29.596803, 40.600969 -29.538816, 40.591503 -29.480842, 40.582038 -29.422876, 40.572574 -29.364919, 40.563112 -29.306969, 40.55598 -29.248451, 40.549385 -29.189832, 40.542791 -29.131217, 40.536197 -29.072606)",PTCF006,#02,MAR007,100,102,104,79,90,90,-10,0,10,2.5,15,65.1,65.1,12.5,12.5,12.7,814,814,828,23.8337,26.098,24.9659,24.9402,0,2280,18.5,33,LL,MAR,Leonard2014_Interplate,SS,L,6.63,6.68,6.9,7.21,7.31,17.8061,17.8533,17.8263,17.8258
efsm20_cf_top.8,"LINESTRING (42.270488 -29.712497, 42.273093 -29.652058, 42.275699 -29.591616, 42.277929 -29.531144, 42.27968 -29.470642, 42.281431 -29.410138, 42.283182 -29.349632, 42.284933 -29.289125, 42.286684 -29.228616, 42.288435 -29.168105, 42.288825 -29.10755, 42.288703 -29.046992, 42.288581 -28.986434)",PTCF007,#02,MAR008,88,90,92,79,90,90,-170,180,170,2.5,15,59.8,59.8,12.5,12.5,12.7,747,747,761,20.7314,28.7863,24.7589,24.4291,0,2307,15,33,RL,MAR,Leonard2014_Interplate,SS,L,6.59,6.64,6.86,7.17,7.27,17.7086,17.8589,17.7857,17.7799
efsm20_cf_top.9,"LINESTRING (68.898722 -17.583145, 68.88873 -17.456481, 68.878742 -17.329871, 68.868758 -17.203316, 68.858779 -17.076815, 68.84878 -16.950383, 68.838654 -16.824086, 68.828533 -16.697844, 68.818281 -16.57174, 68.808001 -16.445712, 68.797726 -16.319739, 68.787455 -16.193822, 68.777188 -16.067949)",ISCF000,#02,MAR013,104,104,105,79,90,90,-10,0,10,1.5,15,62.3,62.3,13.5,13.5,13.7,841,841,856,14.8512,20.6566,17.7539,17.515,0,1432,19.5,33,LL,MAR,Leonard2014_Interplate,SS,L,6.64,6.69,6.91,7.22,7.32,17.6151,17.7662,17.6927,17.6868
efsm20_cf_top.10,"LINESTRING (52.707599 -35.439964, 52.706987 -35.365858, 52.706374 -35.291753, 52.705762 -35.217649, 52.705149 -35.143546, 52.702347 -35.069584, 52.699354 -34.995647, 52.696361 -34.921715, 52.693368 -34.847788, 52.690376 -34.773866, 52.687384 -34.699949, 52.684391 -34.626037, 52.681246 -34.552146, 52.677679 -34.478315, 52.674112 -34.40449, 52.670545 -34.330671, 52.666979 -34.256858, 52.663413 -34.183052, 52.660838 -34.109138, 52.658393 -34.035215, 52.655948 -33.961296, 52.653504 -33.887382, 52.651059 -33.813472, 52.648615 -33.739565, 52.645298 -33.665757, 52.641459 -33.592022, 52.637621 -33.518294, 52.633783 -33.444572, 52.629946 -33.370857, 52.626519 -33.297094, 52.623473 -33.22329, 52.620428 -33.149491, 52.617382 -33.075697, 52.613415 -33.002028, 52.606709 -32.928909, 52.600004 -32.855802, 52.5933 -32.782706, 52.586597 -32.709621, 52.579975 -32.636527, 52.57376 -32.563344, 52.567547 -32.490171, 52.561334 -32.417009, 52.554803 -32.343934, 52.547041 -32.271195, 52.53928 -32.198469, 52.53152 -32.125756, 52.523762 -32.053055, 52.516005 -31.980367, 52.508249 -31.907691, 52.500053 -31.835161, 52.491266 -31.762832, 52.48248 -31.690517, 52.473695 -31.618215, 52.464913 -31.545928, 52.457762 -31.47317, 52.450708 -31.400397, 52.443655 -31.327636, 52.436603 -31.254885, 52.429552 -31.182146, 52.422503 -31.109418, 52.415454 -31.036702, 52.408406 -30.963993)",UNCF000,#02,MAR135,93,96,100,79,90,90,-170,180,170,3.5,14,304.6,304.4,10.5,10.5,10.7,3198,3198,3256,12.3524,42.2774,27.3149,22.8523,0,3463,14,33,RL,MAR,Leonard2014_Interplate,SS,L,7.22,7.27,7.49,7.8,7.9,18.1152,18.6573,18.4598,18.3823
efsm20_cf_top.11,"LINESTRING (52.120194 -31.561707, 52.117382 -31.488675, 52.11457 -31.415648, 52.111758 -31.342625, 52.108946 -31.269607, 52.104672 -31.196783, 52.100373 -31.12397, 52.096074 -31.051164, 52.091776 -30.978365, 52.087478 -30.905573, 52.08318 -30.832788, 52.078883 -30.76001, 52.074587 -30.687239, 52.070291 -30.614475, 52.065995 -30.541718, 52.0617 -30.468968, 52.057405 -30.396225, 52.05311 -30.323489, 52.048779 -30.250765, 52.044439 -30.17805, 52.040099 -30.105342, 52.035759 -30.032641, 52.03142 -29.959947, 52.027082 -29.88726, 52.022743 -29.81458, 52.018406 -29.741915)",UNCF001,#02,MAR042,92,93,94,79,90,90,-170,180,170,3.5,14,124.9,124.9,10.5,10.5,10.7,1311,1311,1335,13.0307,39.5592,26.295,22.7043,0,3424,14,33,RL,MAR,Leonard2014_Interplate,SS,L,6.84,6.89,7.11,7.42,7.52,17.7512,18.2413,18.0561,17.9924
efsm20_cf_top.12,"LINESTRING (70.90245 -14.349128, 70.883636 -14.223146, 70.864837 -14.097263, 70.846053 -13.971478, 70.827283 -13.845792, 70.808528 -13.720204, 70.789788 -13.594713, 70.771062 -13.46932, 70.7516 -13.345084, 70.731132 -13.222467, 70.71068 -13.09995, 70.690245 -12.977532, 70.669826 -12.855215, 70.649409 -12.733019, 70.627714 -12.612975, 70.606037 -12.493031, 70.584378 -12.373186, 70.562736 -12.253442, 70.541113 -12.133796, 70.519508 -12.014248, 70.49792 -11.894799, 70.47635 -11.775448)",SJCF000,#02,MAR043,113,115,116,79,90,90,-170,180,170,1.5,11,105.8,105.8,9.5,9.5,9.7,1006,1006,1024,7.9684,26.6266,17.2975,14.5661,0,1349,11,33,RL,MAR,Leonard2014_Interplate,SS,L,6.72,6.77,6.99,7.3,7.4,17.4223,17.954,17.7589,17.6842
efsm20_cf_top.13,"LINESTRING (71.33885 -12.856182, 71.31492 -12.732406, 71.291011 -12.608742, 71.267124 -12.485188, 71.243258 -12.361745, 71.219413 -12.238412, 71.19559 -12.115191, 71.171789 -11.992081, 71.148009 -11.869082, 71.125068 -11.744716, 71.102177 -11.620409, 71.079306 -11.496212, 71.056455 -11.372124, 71.033624 -11.248145, 71.010814 -11.124274, 70.988023 -11.000513, 70.96525 -10.876848)",SJCF001,#02,MAR044,121,123,125,79,90,90,-170,180,170,1,10.5,82.4,82.3,9.5,9.5,9.7,782,782,797,7.0358,22.4072,14.7215,12.556,0,1121,10.5,33,RL,MAR,Leonard2014_Interplate,SS,L,6.61,6.66,6.88,7.19,7.29,17.2593,17.7701,17.5799,17.5108
efsm20_cf_top.14,"LINESTRING (71.86105 -11.866582, 71.840226 -11.738996, 71.819418 -11.611505, 71.798627 -11.484126, 71.777855 -11.356856, 71.757101 -11.229696, 71.736364 -11.102647, 71.715646 -10.975707, 71.694945 -10.848876, 71.674262 -10.722154, 71.653597 -10.59554, 71.632949 -10.469036, 71.612305 -10.342662, 71.59156 -10.216593, 71.570833 -10.090631, 71.550123 -9.964777, 71.529431 -9.83903, 71.508757 -9.713389, 71.4881 -9.587855, 71.46746 -9.462428, 71.446822 -9.337134, 71.42618 -9.21198, 71.405556 -9.086931, 71.38495 -8.961987, 71.36436 -8.837149, 71.343788 -8.712415, 71.323233 -8.587786, 71.302696 -8.46326, 71.282175 -8.338838, 71.261672 -8.21452, 71.241185 -8.090306, 71.220716 -7.966195, 71.199724 -7.84306, 71.178614 -7.720252, 71.157522 -7.597547, 71.136447 -7.474945, 71.11539 -7.352446, 71.094351 -7.23005, 71.07333 -7.107757, 71.052326 -6.985566, 71.03134 -6.863477)",SJCF002,#02,MAR045,116,118,120,79,90,90,-170,180,170,2,9.5,199.6,199.5,7.5,7.5,7.6,1497,1497,1524,13.7789,21.9384,17.8586,17.3864,0,2170,9.5,33,RL,MAR,Leonard2014_Interplate,SS,L,6.9,6.95,7.17,7.48,7.58,17.8329,18.0427,17.9456,17.9339
efsm20_cf_top.15,"LINESTRING (71.638882 -6.180397, 71.614809 -6.061921, 71.590757 -5.943546, 71.566726 -5.825277, 71.542717 -5.707113, 71.518729 -5.589055, 71.494762 -5.471102, 71.470817 -5.353254, 71.446893 -5.23551, 71.422463 -5.118944, 71.397022 -5.004675, 71.371604 -4.890507, 71.346208 -4.776441, 71.320835 -4.662476, 71.295484 -4.548612, 71.270156 -4.434848, 71.24485 -4.321184, 71.219566 -4.207621)",SJCF003,#02,MAR046,125,126,127,79,90,90,-170,180,170,2,8,84,84,6,6,6.1,504,504,513,13.8936,18.8312,16.3624,16.175,0,2225,8,33,RL,MAR,Leonard2014_Interplate,SS,L,6.42,6.47,6.69,7,7.1,17.3637,17.5035,17.4347,17.4297
efsm20_cf_top.16,"LINESTRING (79.162634 2.677927, 79.13172 2.849357, 79.100851 3.020535, 79.070028 3.191463, 79.039249 3.362139, 79.008516 3.532569, 78.977827 3.702749, 78.947244 3.87299, 78.917325 4.045955, 78.88745 4.218664, 78.857619 4.391117, 78.827832 4.563316, 78.79785 4.734163, 78.767242 4.901582, 78.736677 5.068762, 78.706156 5.235706, 78.675678 5.402412, 78.645243 5.56888, 78.616172 5.741087, 78.587362 5.913988, 78.558593 6.086637, 78.529866 6.259038, 78.50118 6.431186, 78.472536 6.603085, 78.443934 6.774735, 78.412614 6.933682, 78.381324 7.092353, 78.350077 7.25081, 78.318871 7.409052, 78.287708 7.567083, 78.256586 7.7249, 78.225506 7.882508, 78.194467 8.039904, 78.163471 8.197089, 78.132516 8.354059, 78.101594 8.510865)",UNCF002,#02,MAR047,126,130,134,79,90,90,-170,180,170,3,11.5,173.9,173.8,8.5,8.5,8.7,1479,1479,1505,12.6916,43.4245,28.058,23.4761,0,2903,11.5,33,RL,MAR,Leonard2014_Interplate,SS,L,6.89,6.94,7.16,7.47,7.57,17.7919,18.3338,18.1364,18.059
efsm20_cf_top.17,"LINESTRING (80.473058 -3.267705, 80.448115 -3.04002, 80.423217 -2.812745, 80.398363 -2.585877, 80.373554 -2.359413, 80.348789 -2.133352, 80.324067 -1.907693, 80.298822 -1.684668, 80.272665 -1.465968, 80.246555 -1.247653, 80.22049 -1.029723, 80.1968 -0.803144, 80.17408 -0.573689, 80.151398 -0.344626, 80.125795 -0.126901, 80.098271 0.082123, 80.070795 0.290785, 80.043366 0.499085, 80.015708 0.705801, 79.98765 0.910148, 79.95964 1.114147, 79.931677 1.3178, 79.903611 1.520423, 79.874858 1.719326, 79.846154 1.917898, 79.817497 2.116138, 79.788888 2.314049, 79.761291 2.515941, 79.734205 2.71948, 79.707164 2.922677, 79.680169 3.125535, 79.653462 3.329062, 79.62811 3.537392, 79.6028 3.745379, 79.577532 3.953021, 79.552306 4.160319, 79.527121 4.367274, 79.501978 4.57389, 79.476876 4.780167, 79.451815 4.986106, 79.426794 5.191719)",UNCF003,#02,MAR048,122,127,131,79,90,90,-170,180,170,3,15,201.2,200.9,12,12,12.2,2414,2414,2458,11.6592,74.4218,43.0405,29.4567,0,3202,15,33,RL,MAR,Leonard2014_Interplate,SS,L,7.1,7.15,7.37,7.68,7.78,17.968,18.7808,18.5352,18.3705
efsm20_cf_top.18,"LINESTRING (80.879356 -4.385236, 80.857947 -4.134323, 80.836577 -3.88386, 80.815245 -3.633845, 80.793951 -3.384275, 80.770128 -3.144412, 80.746123 -2.905866, 80.722162 -2.667758, 80.698245 -2.43009, 80.674372 -2.192859, 80.650543 -1.956062, 80.626758 -1.719698, 80.603016 -1.483766, 80.579317 -1.248262, 80.555661 -1.013183, 80.532046 -0.778516)",GLCF000,#02,MAR049,119,120,122,79,90,90,-170,180,170,3.5,14.5,75.4,75.4,11,11,11.2,829,829,844,10.6716,69.0303,39.851,27.1416,0,3326,14.5,33,RL,MAR,Leonard2014_Interplate,SS,L,6.64,6.69,6.91,7.22,7.32,17.4655,18.2841,18.0378,17.871
efsm20_cf_top.19,"LINESTRING (81.469596 -5.6749, 81.444055 -5.416011, 81.418566 -5.157654, 81.39313 -4.899825, 81.367745 -4.642523, 81.342412 -4.385742, 81.31713 -4.129481, 81.291899 -3.873735, 81.266718 -3.618502, 81.24044 -3.368867, 81.212189 -3.129474, 81.183994 -2.890561, 81.155855 -2.652124, 81.127772 -2.414159, 81.099745 -2.176664, 81.071772 -1.939638, 81.043855 -1.703074, 81.016004 -1.467076)",GLCF001,#02,MAR050,124,126,128,79,90,90,-170,180,170,3.5,15,87.3,87.3,11.5,11.5,11.7,1004,1004,1022,8.0033,37.5293,22.7663,17.3309,0,3364,15.5,33,RL,MAR,Leonard2014_Interplate,SS,L,6.72,6.77,6.99,7.3,7.4,17.4233,18.1022,17.8774,17.7589
efsm20_cf_top.20,"LINESTRING (82.097793 -5.849767, 82.059017 -5.688784, 82.020288 -5.52799, 81.981604 -5.367391, 81.942968 -5.206984, 81.904379 -5.046774, 81.865836 -4.886759, 81.82734 -4.726936, 81.78889 -4.567306, 81.750487 -4.407867, 81.71213 -4.248621, 81.673819 -4.089566, 81.635554 -3.930704, 81.597336 -3.772036, 81.559165 -3.613561, 81.52104 -3.45528, 81.482962 -3.297191, 81.444924 -3.139271)",GLCF002,#02,MAR051,149,151,153,79,90,90,-170,180,170,3.5,15,84.4,84.4,11.5,11.5,11.7,971,971,989,5.4348,21.1503,13.2925,10.7213,0,3534,16,33,RL,MAR,Leonard2014_Interplate,SS,L,6.71,6.76,6.98,7.29,7.39,17.241,17.8389,17.6294,17.5361
efsm20_cf_top.21,"LINESTRING (82.8685 -7.2124, 82.835759 -6.963663, 82.803089 -6.715458, 82.770489 -6.467786, 82.737958 -6.220643, 82.705496 -5.974022, 82.669749 -5.758571, 82.631751 -5.569323, 82.59381 -5.380352, 82.555925 -5.191663, 82.518236 -5.001588, 82.485004 -4.76846, 82.451839 -4.535799, 82.41874 -4.303604, 82.385707 -4.07187, 82.352739 -3.840596, 82.319837 -3.609784, 82.287001 -3.379434, 82.254231 -3.149543, 82.221525 -2.920111, 82.188891 -2.691175)",GLCF003,#02,MAR052,136,141,150,79,90,90,-170,180,170,4,15,100.2,99.9,11,11,11.2,1102,1102,1122,8.8163,18.3723,13.5943,12.727,0,3807,17,33,RL,MAR,Leonard2014_Interplate,SS,L,6.76,6.81,7.03,7.34,7.44,17.506,17.8327,17.6941,17.6655
efsm20_cf_top.22,"LINESTRING (23.951103 -46.670093, 23.942693 -46.621612, 23.934284 -46.573134, 23.925876 -46.52466, 23.917468 -46.476189, 23.909113 -46.42771, 23.90076 -46.379234, 23.892408 -46.330761, 23.884056 -46.282291, 23.875704 -46.233824, 23.867353 -46.18536, 23.859003 -46.136899, 23.850653 -46.088441, 23.842304 -46.039986, 23.833955 -45.991534, 23.825607 -45.943085, 23.817259 -45.894639, 23.808912 -45.846196, 23.800565 -45.797757, 23.792219 -45.74932, 23.783873 -45.700886, 23.775283 -45.652505, 23.766686 -45.604128, 23.758089 -45.555754, 23.749492 -45.507383, 23.740896 -45.459016, 23.732301 -45.410652, 23.723706 -45.362291, 23.715111 -45.313933, 23.706517 -45.265578, 23.697924 -45.217226, 23.689332 -45.168877, 23.680739 -45.120531, 23.672148 -45.072188, 23.663557 -45.023848, 23.654966 -44.975511, 23.646376 -44.927178, 23.637012 -44.879019, 23.627604 -44.830875, 23.618196 -44.782733, 23.608789 -44.734593)",UNCF004,#02,MAR053,101,101,102,79,90,90,-170,180,170,4.5,15,200.6,200.6,10.5,10.5,10.7,2106,2106,2144,20.2576,30.7563,25.507,24.961,0,4256,15,33,RL,MAR,Leonard2014_Interplate,SS,L,7.04,7.09,7.31,7.62,7.72,18.1486,18.3377,18.2487,18.2393
efsm20_cf_top.23,"LINESTRING (33.799812 -39.613049, 33.791705 -39.559254, 33.7836 -39.505471, 33.775496 -39.451693, 33.767376 -39.397923, 33.758644 -39.344297, 33.749914 -39.290675, 33.741184 -39.237059, 33.732455 -39.183448, 33.723727 -39.129843, 33.714999 -39.076243, 33.706273 -39.022648, 33.697547 -38.969058, 33.688822 -38.915473, 33.680098 -38.861894, 33.671375 -38.80832, 33.662653 -38.754751, 33.653932 -38.701187, 33.645211 -38.647629, 33.63647 -38.594081, 33.627392 -38.540621, 33.618315 -38.487166, 33.609238 -38.433717, 33.600163 -38.380273, 33.591088 -38.326834, 33.582015 -38.273401, 33.572942 -38.219973, 33.56387 -38.166551, 33.554799 -38.113134, 33.545729 -38.059722, 33.53666 -38.006316, 33.527592 -37.952915, 33.518524 -37.89952, 33.509458 -37.84613, 33.500418 -37.792739, 33.491636 -37.739291, 33.482854 -37.685848, 33.474074 -37.63241, 33.465294 -37.578977)",UNCF005,#02,MAR054,100,101,101,79,90,90,-170,180,170,3.5,12.5,192,192,9,9,9.2,1728,1728,1759,22.3075,36.1926,29.2501,28.4142,0,3301,12.5,33,RL,MAR,Leonard2014_Interplate,SS,L,6.96,7.01,7.23,7.54,7.64,18.1044,18.3223,18.2221,18.2095
efsm20_cf_top.24,"LINESTRING (35.315823 -36.590564, 35.306815 -36.536186, 35.297808 -36.481808, 35.288801 -36.427436, 35.279795 -36.37307, 35.270974 -36.318664, 35.262153 -36.264264, 35.253333 -36.20987, 35.244514 -36.155481, 35.235696 -36.101098, 35.226879 -36.046721, 35.218063 -35.99235, 35.209248 -35.937984, 35.200434 -35.883624, 35.191621 -35.82927, 35.182808 -35.774921, 35.173996 -35.720578, 35.165186 -35.66624, 35.156376 -35.611908, 35.147562 -35.557583, 35.138379 -35.503356, 35.129198 -35.449135, 35.120017 -35.39492, 35.110838 -35.34071, 35.101659 -35.286506, 35.092481 -35.232308, 35.083305 -35.178116, 35.074129 -35.12393, 35.064955 -35.069749, 35.055781 -35.015574, 35.046608 -34.961406, 35.037436 -34.907243, 35.028266 -34.853086, 35.019096 -34.798935, 35.009934 -34.744788, 35.000993 -34.690592, 34.992053 -34.636402, 34.983113 -34.582217, 34.974175 -34.528038)",UNCF006,#02,MAR055,102,103,104,79,90,90,-170,180,170,3.5,14,191.3,191.3,10.5,10.5,10.7,2009,2009,2045,18.1927,47.4594,32.8261,29.384,0,3403,14,33,RL,MAR,Leonard2014_Interplate,SS,L,7.02,7.07,7.29,7.6,7.7,18.0814,18.5056,18.3377,18.2896
efsm20_cf_top.25,"LINESTRING (57.275594 -33.82681, 57.27529 -33.742524, 57.274986 -33.658242, 57.274681 -33.573961, 57.274377 -33.489681, 57.274073 -33.405401, 57.273803 -33.321121, 57.274049 -33.236841, 57.274295 -33.15256, 57.27454 -33.068278, 57.274786 -32.983996, 57.275031 -32.899713, 57.275277 -32.81543)",UNCF007,#02,MAR056,90,90,91,79,90,90,-170,180,170,2,15,60.8,60.8,13,13,13.2,790,790,805,19.9035,24.2776,22.0905,21.982,0,1820,17.5,33,RL,MAR,Leonard2014_Interplate,SS,L,6.62,6.67,6.89,7.2,7.3,17.7153,17.8093,17.7606,17.7584
efsm20_cf_top.26,"LINESTRING (56.935603 -34.297004, 56.927212 -34.217602, 56.918825 -34.138247, 56.91044 -34.058909, 56.902057 -33.979588, 56.896391 -33.899482, 56.890777 -33.819375, 56.885164 -33.73928, 56.879552 -33.659197, 56.873952 -33.579123, 56.868452 -33.499037, 56.862953 -33.418962, 56.857455 -33.338898, 56.851957 -33.258846)",UNCF008,#02,MAR057,97,99,102,79,90,90,-170,180,170,2,15,63.8,63.7,13,13,13.2,829,829,844,17.6192,25.9683,21.7938,21.3902,0,1882,17.5,33,RL,MAR,Leonard2014_Interplate,SS,L,6.64,6.69,6.91,7.22,7.32,17.6831,17.8593,17.7754,17.7673
efsm20_cf_top.27,"LINESTRING (54.353843 -35.799611, 54.348398 -35.724301, 54.342954 -35.649001, 54.337511 -35.573711, 54.332069 -35.498431, 54.327117 -35.423063, 54.322247 -35.347688, 54.317377 -35.272322, 54.312508 -35.196964, 54.30764 -35.121615, 54.301998 -35.046434, 54.29635 -34.971265, 54.290703 -34.896106, 54.285057 -34.820956)",UNCF009,#02,MAR058,98,99,99,79,90,90,-170,180,170,2,14.5,63.9,63.9,12.5,12.5,12.7,799,799,814,18.7464,26.108,22.4272,22.1231,0,2038,14.5,33,RL,MAR,Leonard2014_Interplate,SS,L,6.62,6.67,6.89,7.2,7.3,17.6941,17.8457,17.7719,17.766
efsm20_cf_top.28,"LINESTRING (55.904081 -35.176307, 55.889814 -35.09958, 55.875553 -35.022887, 55.861297 -34.946219, 55.847284 -34.869434, 55.835396 -34.791547, 55.823512 -34.713682, 55.811587 -34.635861, 55.797763 -34.559068, 55.783944 -34.482299, 55.770129 -34.405555, 55.756319 -34.328835)",UNCF00A,#02,MAR059,107,109,110,79,90,90,-170,180,170,2,15,55.4,55.4,13,13,13.2,721,721,734,18.0182,26.6666,22.3424,21.92,0,1924,16,33,RL,MAR,Leonard2014_Interplate,SS,L,6.58,6.63,6.85,7.16,7.26,17.6319,17.8099,17.7254,17.7171
efsm20_cf_top.29,"LINESTRING (49.665187 -29.133444, 49.663062 -29.062217, 49.660937 -28.990993, 49.658811 -28.919772, 49.656687 -28.848554, 49.654562 -28.77734, 49.652241 -28.706143, 49.64897 -28.635038, 49.6457 -28.563937, 49.642429 -28.492841, 49.639159 -28.42175, 49.635889 -28.350664, 49.63262 -28.279589)",UNCF00B,#02,MAR060,94,95,95,79,90,90,-170,180,170,2.5,14.5,61.6,61.6,12,12,12.2,739,739,752,17.8437,32.5717,25.2077,24.1081,0,2397,14.5,33,RL,MAR,Leonard2014_Interplate,SS,L,6.59,6.64,6.86,7.17,7.27,17.6386,17.9078,17.7887,17.7693
efsm20_cf_top.30,"LINESTRING (48.575512 -28.283938, 48.581439 -28.213915, 48.587367 -28.143883, 48.593296 -28.073843, 48.599225 -28.003795, 48.605155 -27.933739, 48.611061 -27.86367, 48.616923 -27.793584, 48.622787 -27.72349, 48.628651 -27.653388, 48.634516 -27.583278, 48.640381 -27.513159)",UNCF00C,#02,MAR061,83,83,84,79,90,90,-170,180,170,2.5,14.5,57.1,57.1,12,12,12.2,686,686,698,20.4122,29.6291,25.0206,24.5926,0,2503,14.5,33,RL,MAR,Leonard2014_Interplate,SS,L,6.56,6.61,6.83,7.14,7.24,17.6644,17.834,17.7528,17.7453
efsm20_cf_top.31,"LINESTRING (43.76884 -29.061753, 43.768683 -29.000292, 43.768527 -28.938834, 43.76837 -28.877376, 43.768214 -28.815918, 43.768057 -28.75446, 43.767901 -28.693002, 43.767744 -28.631544, 43.767588 -28.570087, 43.767431 -28.50863, 43.767275 -28.447173, 43.767118 -28.385716, 43.766962 -28.324259, 43.766805 -28.262802)",UNCF00D,#02,MAR062,91,91,92,79,90,90,-170,180,170,2.5,14.5,64.2,64.2,12,12,12.2,770,770,784,19.1105,28.9608,24.0356,23.5256,0,2384,14.5,33,RL,MAR,Leonard2014_Interplate,SS,L,6.61,6.66,6.88,7.19,7.29,17.6862,17.8745,17.7858,17.7765
efsm20_cf_top.355,"LINESTRING (37.443053 -1.739363, 37.482178 -1.722022, 37.520231 -1.701125, 37.555876 -1.674303, 37.586852 -1.639444)",ESCF00B,#07,PF_2,19,28,41,79,90,90,0,0,0,0,8,18.5,18.3,8,8,8.1,148,148,150,0.01,0.08,0.045,0.0283,0,-349,25.5,33,LL,INT,Leonard2014_Interplate,SS,W,5.71,5.76,5.98,6.29,6.39,13.6878,14.5986,14.341,14.1396
efsm20_cf_top.32,"LINESTRING (36.968201 -33.44858, 36.96162 -33.392657, 36.95504 -33.336742, 36.94846 -33.280832, 36.941881 -33.224927, 36.935302 -33.169027, 36.928724 -33.113131, 36.922147 -33.05724, 36.91557 -33.001354, 36.908994 -32.945472, 36.902418 -32.889595, 36.895843 -32.833723, 36.889268 -32.777855)",PTCF008,#02,MAR063,98,98,99,79,90,90,-170,180,170,2,14,60.3,60.3,12,12,12.2,723,723,736,20.0431,28.3723,24.2077,23.8468,0,2206,14,33,RL,MAR,Leonard2014_Interplate,SS,L,6.58,6.63,6.85,7.16,7.26,17.6797,17.8384,17.7617,17.7552
efsm20_cf_top.33,"LINESTRING (36.780453 -33.813312, 36.770514 -33.75798, 36.760576 -33.702658, 36.750639 -33.647343, 36.740704 -33.592034, 36.73077 -33.536733, 36.720837 -33.481438, 36.710905 -33.42615, 36.700975 -33.370869, 36.691046 -33.315594, 36.681118 -33.260326, 36.671191 -33.205065, 36.661265 -33.149811, 36.651341 -33.094564)",PTCF009,#02,MAR064,103,103,103,79,90,90,-170,180,170,2,14.5,65.7,65.7,12.5,12.5,12.7,821,821,835,17.8686,25.5195,21.694,21.3541,0,2052,14.5,33,RL,MAR,Leonard2014_Interplate,SS,L,6.63,6.68,6.9,7.21,7.31,17.6848,17.8473,17.769,17.7622
efsm20_cf_top.34,"LINESTRING (36.259423 -34.200676, 36.250217 -34.146548, 36.241013 -34.092428, 36.23181 -34.038315, 36.222607 -33.984208, 36.213406 -33.930107, 36.204206 -33.876012, 36.195007 -33.821923, 36.185809 -33.76784, 36.176612 -33.713764, 36.167416 -33.659693, 36.158221 -33.605628, 36.149027 -33.55157)",UNCF00E,#02,MAR065,102,102,103,79,90,90,-170,180,170,2,15,59.5,59.5,13,13,13.2,774,774,788,18.9908,25.1803,22.0855,21.8676,0,2087,16,33,RL,MAR,Leonard2014_Interplate,SS,L,6.61,6.66,6.88,7.19,7.29,17.6857,17.8159,17.7512,17.7469
efsm20_cf_top.35,"LINESTRING (34.584881 -37.27058, 34.580847 -37.216902, 34.576814 -37.163227, 34.572781 -37.109554, 34.568747 -37.055884, 34.564715 -37.002217, 34.560682 -36.948552, 34.556649 -36.89489, 34.552617 -36.84123, 34.548585 -36.787573, 34.544553 -36.733919, 34.540521 -36.680267, 34.53649 -36.626618)",UNCF00F,#02,MAR066,94,94,94,79,90,90,-170,180,170,2.5,12.5,59.2,59.2,10,10,10.2,592,592,603,16.6716,29.3498,23.0107,22.1203,0,2674,12.5,33,RL,MAR,Leonard2014_Interplate,SS,L,6.49,6.54,6.76,7.07,7.17,17.5129,17.7663,17.6529,17.6357
efsm20_cf_top.36,"LINESTRING (31.274568 -41.639048, 31.26518 -41.586921, 31.255794 -41.534804, 31.246409 -41.482692, 31.237025 -41.430585, 31.227641 -41.378482, 31.218259 -41.326384, 31.208877 -41.274292, 31.199496 -41.222205, 31.190116 -41.170123, 31.180737 -41.118045, 31.171359 -41.065972, 31.161982 -41.013904, 31.152606 -40.961842)",UNCF00G,#02,MAR067,103,103,103,79,90,90,-170,180,170,3,12,65.8,65.8,9,9,9.2,592,592,603,17.32,30.3274,23.8237,22.9188,0,2915,12,33,RL,MAR,Leonard2014_Interplate,SS,L,6.49,6.54,6.76,7.07,7.17,17.5296,17.7807,17.6681,17.6513
efsm20_cf_top.37,"LINESTRING (30.101124 -42.935153, 30.09296 -42.884255, 30.084796 -42.83336, 30.076633 -42.782469, 30.068471 -42.731582, 30.060309 -42.680699, 30.052148 -42.62982, 30.043988 -42.578945, 30.035828 -42.528074, 30.027669 -42.477207, 30.019511 -42.426344, 30.011353 -42.375485, 30.003196 -42.32463, 29.995039 -42.273779, 29.986884 -42.222933, 29.978728 -42.172091, 29.970574 -42.121252, 29.96242 -42.070417, 29.954266 -42.019586, 29.946114 -41.968759, 29.937962 -41.917937)",UNCF00H,#02,MAR068,99,99,99,79,90,90,-170,180,170,3.5,12,99.6,99.6,8.5,8.5,8.7,847,847,862,18.5669,29.7937,24.1803,23.5197,0,3488,12,33,RL,MAR,Leonard2014_Interplate,SS,L,6.65,6.7,6.92,7.23,7.33,17.7149,17.9281,17.8297,17.8176
efsm20_cf_top.38,"LINESTRING (26.110979 -45.293783, 26.103735 -45.243656, 26.096491 -45.193531, 26.089248 -45.143409, 26.082006 -45.09329, 26.074763 -45.043175, 26.067521 -44.993062, 26.06028 -44.942952, 26.053039 -44.892845, 26.045798 -44.842741, 26.038558 -44.79264, 26.031318 -44.742542, 26.024079 -44.692447)",UNCF00I,#02,MAR069,99,99,99,79,90,90,-170,180,170,3.5,12,60.8,60.8,8.5,8.5,8.7,517,517,526,22.487,27.8835,25.1853,25.0403,0,3387,12,33,RL,MAR,Leonard2014_Interplate,SS,L,6.43,6.48,6.7,7.01,7.11,17.584,17.6852,17.6332,17.6307
efsm20_cf_top.39,"LINESTRING (25.295661 -45.987843, 25.285066 -45.938641, 25.274473 -45.889444, 25.26388 -45.840251, 25.253289 -45.791062, 25.242698 -45.741878, 25.232108 -45.692697, 25.221519 -45.64352, 25.210931 -45.594348, 25.200344 -45.54518, 25.189758 -45.496015, 25.179172 -45.446855, 25.168588 -45.397699, 25.158004 -45.348547, 25.147421 -45.299399)",UNCF00J,#02,MAR070,104,104,104,79,90,90,-170,180,170,2.5,12,71.2,71.2,9.5,9.5,9.7,676,676,688,21.699,29.2152,25.4571,25.1782,0,2687,12,33,RL,MAR,Leonard2014_Interplate,SS,L,6.55,6.6,6.82,7.13,7.23,17.6851,17.822,17.7545,17.7497
efsm20_cf_top.40,"LINESTRING (20.651703 -45.959507, 20.644233 -45.910057, 20.636765 -45.860611, 20.629296 -45.811167, 20.621828 -45.761726, 20.61436 -45.712287, 20.606893 -45.662851, 20.599426 -45.613417, 20.59196 -45.563985, 20.584494 -45.514556, 20.577028 -45.465129, 20.569562 -45.415705, 20.562097 -45.366283)",UNCF00K,#02,MAR071,99,99,100,79,90,90,-170,180,170,3.5,12,62.5,62.5,8.5,8.5,8.7,532,532,541,20.2675,32.437,26.3523,25.6402,0,3383,12,33,RL,MAR,Leonard2014_Interplate,SS,L,6.45,6.5,6.72,7.03,7.13,17.5509,17.7629,17.6649,17.653
efsm20_cf_top.41,"LINESTRING (15.484303 -46.951607, 15.475865 -46.90509, 15.467438 -46.858629, 15.459011 -46.812169, 15.450584 -46.765711, 15.442157 -46.719255, 15.433731 -46.672801, 15.425305 -46.626349, 15.416888 -46.579897, 15.412685 -46.532834, 15.408481 -46.485772, 15.404277 -46.438711, 15.400073 -46.391651, 15.39587 -46.344592, 15.391667 -46.297534, 15.387463 -46.250477, 15.38326 -46.203421, 15.379057 -46.156366, 15.374854 -46.109312, 15.370651 -46.062259, 15.366448 -46.015207, 15.362245 -45.968156, 15.357369 -45.921175, 15.351967 -45.874257, 15.346566 -45.82734, 15.341164 -45.780424, 15.335763 -45.73351, 15.330362 -45.686597, 15.324961 -45.639685, 15.31956 -45.592774, 15.314159 -45.545865, 15.308759 -45.498957, 15.303358 -45.45205, 15.297958 -45.405144, 15.292558 -45.358239, 15.287158 -45.311336, 15.281758 -45.264434, 15.276358 -45.217533, 15.270959 -45.170633, 15.265559 -45.123734, 15.26016 -45.076837, 15.254761 -45.029941, 15.249362 -44.983046, 15.243963 -44.936152)",UNCF00L,#02,MAR072,96,97,101,79,90,90,-170,180,170,4,12,217.9,217.7,8,8,8.1,1743,1743,1774,26.1777,52.0878,39.1328,36.9261,0,4229,12,33,RL,MAR,Leonard2014_Interplate,SS,L,6.96,7.01,7.23,7.54,7.64,18.1777,18.4843,18.3523,18.3271
efsm20_cf_top.51,"LINESTRING (38.410179 -30.642536, 38.451711 -30.620846, 38.493247 -30.599155, 38.534786 -30.577462, 38.576329 -30.555767, 38.617924 -30.534221, 38.659526 -30.512684, 38.701131 -30.491144, 38.74274 -30.469603, 38.784352 -30.44806, 38.825967 -30.426515, 38.867586 -30.404969, 38.909208 -30.383421, 38.950833 -30.361871, 38.992551 -30.340611, 39.034316 -30.319493, 39.076084 -30.298373, 39.117856 -30.277251, 39.159631 -30.256127, 39.201409 -30.235002, 39.243191 -30.213875, 39.284976 -30.192747, 39.326764 -30.171617, 39.368561 -30.150482)",PTCF00I,#02,MAR022,20,20,21,40,50,60,-100,-90,-80,2,15,114.8,114.8,15,17,20.2,1723,1948,2321,1.1048,3.3143,2.2096,1.9135,0,1763,18,33,N,MAR,Leonard2014_Interplate,DS,W,6.44,6.49,6.71,7.02,7.12,16.798,17.4046,17.1523,17.0898
efsm20_cf_top.42,"LINESTRING (36.82489 -24.601, 36.829022 -24.545156, 36.833154 -24.489309, 36.837287 -24.433459, 36.84142 -24.377606, 36.845553 -24.32175, 36.849686 -24.265891, 36.85382 -24.210029, 36.857953 -24.154164, 36.862087 -24.098296, 36.866221 -24.042425, 36.870356 -23.986551, 36.87449 -23.930674, 36.878625 -23.874794, 36.88276 -23.818911, 36.886895 -23.763025, 36.891031 -23.707136, 36.895167 -23.651244, 36.899302 -23.595349, 36.903439 -23.539451, 36.907575 -23.48355, 36.911577 -23.42763, 36.915426 -23.37169, 36.919275 -23.315747, 36.923124 -23.259801, 36.926973 -23.203853, 36.930822 -23.147902, 36.934672 -23.091948, 36.938522 -23.035991, 36.942372 -22.980031, 36.946222 -22.924069, 36.950072 -22.868104, 36.953923 -22.812136, 36.957773 -22.756165, 36.961624 -22.700191, 36.965476 -22.644214, 36.969327 -22.588235, 36.973178 -22.532253, 36.97703 -22.476268, 36.980882 -22.42028, 36.984734 -22.364289, 36.98877 -22.308316, 36.993332 -22.252403, 36.997893 -22.196487, 37.002456 -22.140567, 37.007018 -22.084644, 37.011581 -22.028718, 37.016144 -21.972788, 37.020707 -21.916855, 37.02527 -21.860919, 37.029834 -21.80498, 37.034398 -21.749037, 37.038962 -21.693091, 37.043527 -21.637142, 37.048092 -21.58119, 37.052657 -21.525234, 37.057222 -21.469275, 37.061788 -21.413313, 37.066354 -21.357347, 37.07092 -21.301378, 37.075486 -21.245406, 37.080053 -21.18943, 37.084434 -21.133428, 37.088058 -21.077339, 37.091683 -21.021247, 37.095307 -20.965152, 37.098932 -20.909055, 37.102557 -20.852955, 37.106182 -20.796852, 37.109807 -20.740747, 37.113432 -20.684639, 37.117058 -20.628528, 37.120684 -20.572415, 37.124309 -20.516299, 37.127935 -20.46018, 37.131562 -20.404059, 37.135188 -20.347935, 37.138815 -20.291808, 37.142441 -20.235679, 37.146068 -20.179547, 37.149695 -20.123412, 37.158697 -20.068232, 37.173098 -20.014877, 37.187502 -19.961512, 37.201909 -19.908138, 37.216318 -19.854755, 37.230729 -19.801363, 37.245143 -19.747962, 37.259559 -19.694552, 37.273978 -19.641132, 37.288399 -19.587703, 37.302823 -19.534265, 37.317249 -19.480818, 37.331678 -19.427361, 37.346109 -19.373895, 37.360543 -19.32042, 37.374979 -19.266936, 37.389418 -19.213443, 37.403859 -19.15994, 37.418302 -19.106428, 37.432749 -19.052907, 37.447197 -18.999376, 37.461229 -18.94566, 37.475025 -18.891836, 37.488823 -18.838003, 37.502624 -18.784161, 37.516427 -18.73031, 37.530232 -18.67645, 37.54404 -18.622581, 37.557849 -18.568703, 37.571662 -18.514816, 37.585476 -18.46092, 37.599293 -18.407015, 37.613112 -18.3531, 37.626933 -18.299176, 37.640757 -18.245244, 37.654583 -18.191302, 37.668412 -18.137351, 37.682243 -18.083391, 37.696076 -18.029422, 37.709911 -17.975444, 37.708026 -17.918751, 37.699006 -17.863169, 37.689988 -17.807594, 37.680971 -17.752025, 37.671955 -17.696463, 37.66294 -17.640907, 37.653925 -17.585358, 37.644912 -17.529815, 37.6359 -17.474279, 37.626889 -17.418749, 37.617879 -17.363226, 37.608871 -17.307709, 37.599863 -17.252199, 37.590856 -17.196695, 37.58185 -17.141198, 37.572846 -17.085707, 37.563842 -17.030222, 37.55484 -16.974744, 37.545838 -16.919272, 37.536838 -16.863806, 37.527838 -16.808347, 37.518737 -16.752921, 37.509625 -16.697505, 37.500513 -16.642095, 37.491403 -16.586691, 37.482294 -16.531294, 37.473186 -16.475904, 37.464079 -16.42052, 37.454973 -16.365143, 37.445868 -16.309772, 37.436764 -16.254407, 37.427661 -16.199049, 37.41856 -16.143697, 37.409459 -16.088352, 37.400359 -16.033013, 37.391261 -15.97768, 37.382163 -15.922354, 37.373067 -15.867034, 37.363971 -15.811721, 37.354877 -15.756414, 37.345784 -15.701114, 37.331287 -15.647677, 37.309066 -15.59863, 37.286849 -15.549594, 37.264638 -15.500569, 37.242431 -15.451555, 37.22023 -15.402552, 37.198033 -15.35356, 37.175841 -15.304579, 37.153655 -15.255608, 37.131473 -15.206649, 37.109296 -15.1577, 37.087124 -15.108763, 37.064957 -15.059836, 37.042795 -15.01092, 37.020637 -14.962015, 36.998485 -14.91312, 36.976337 -14.864236, 36.954195 -14.815363, 36.93241 -14.76728)",UNCF00M,#02,GLR001,70,88,116,75,85,90,160,160,160,4,16.5,898.4,874.4,12.5,12.5,13,11230,11273,11637,1.9714,6.0286,4,3.4474,0.0023,4130,16.5,33,RL,MAR,Leonard2014_Interplate,SS,L,7.76,7.81,8.03,8.34,8.44,17.8637,18.3646,18.1726,18.1081
efsm20_cf_top.43,"LINESTRING (37.069173 -32.901578, 37.116976 -32.883249, 37.164359 -32.863275, 37.210783 -32.840068)",PTCF00A,#02,MAR014,17,19,22,40,50,60,-100,-90,-80,2.5,13.5,16.7,16.7,12.7,14.4,17.1,212,239,285,1.1643,3.4928,2.3286,2.0166,0.0004,2488,13.5,33,N,MAR,Leonard2014_Interplate,DS,W,6.26,6.31,6.53,6.84,6.94,15.9105,16.517,16.2648,16.2023
efsm20_cf_top.44,"LINESTRING (37.146365 -32.449458, 37.095335 -32.46824, 37.04471 -32.488688, 36.994469 -32.510562)",PTCF00B,#02,MAR015,196,197,199,40,50,60,-100,-90,-80,2.5,13.5,17.7,17.7,12.7,14.4,17.1,225,255,304,0.894,2.682,1.788,1.5485,0.0001,2397,13.5,33,N,MAR,Leonard2014_Interplate,DS,W,6.26,6.31,6.53,6.84,6.94,15.8227,16.4293,16.177,16.1146
efsm20_cf_top.45,"LINESTRING (37.168497 -32.597626, 37.213007 -32.578204, 37.25752 -32.558781, 37.302036 -32.539357, 37.34651 -32.519772, 37.390737 -32.49931, 37.434967 -32.478846)",PTCF00C,#02,MAR016,19,19,20,40,50,60,-100,-90,-80,2,12.5,31.4,31.4,12.1,13.7,16.3,381,431,514,0.9202,2.7605,1.8403,1.5938,0,1869,12.5,33,N,MAR,Leonard2014_Interplate,DS,W,6.21,6.26,6.48,6.79,6.89,16.0635,16.6701,16.4178,16.3553
efsm20_cf_top.46,"LINESTRING (37.355967 -32.08747, 37.314926 -32.103839, 37.273892 -32.120205, 37.23286 -32.13657, 37.191831 -32.152935, 37.151481 -32.171768, 37.111149 -32.190651)",PTCF00D,#02,MAR017,197,198,200,40,50,60,-100,-90,-80,2,12.5,28.7,28.7,12.1,13.7,16.3,348,394,469,0.8147,2.4442,1.6295,1.4111,0.0002,1754,12.5,33,N,MAR,Leonard2014_Interplate,DS,W,6.21,6.26,6.48,6.79,6.89,15.9714,16.578,16.3257,16.2632
efsm20_cf_top.47,"LINESTRING (37.307273 -31.699506, 37.35387 -31.688793, 37.400468 -31.678079, 37.447067 -31.667365, 37.493525 -31.65571, 37.539262 -31.640161, 37.585001 -31.624611, 37.630742 -31.609061, 37.676485 -31.593509, 37.722205 -31.577966)",PTCF00E,#02,MAR018,10,12,14,40,50,60,-100,-90,-80,2,12,47.4,47.4,11.5,13.1,15.6,547,619,737,1.0068,3.0205,2.0137,1.7439,0.0005,1858,12,33,N,MAR,Leonard2014_Interplate,DS,W,6.15,6.2,6.42,6.73,6.83,16.2597,16.8663,16.6141,16.5516
efsm20_cf_top.48,"LINESTRING (37.689517 -31.171014, 37.645945 -31.184441, 37.602378 -31.197866, 37.558812 -31.21129, 37.515248 -31.224714, 37.472065 -31.239964, 37.428912 -31.255341, 37.385761 -31.270717, 37.342612 -31.286093, 37.299465 -31.301468, 37.25632 -31.316842)",PTCF00F,#02,MAR019,193,194,195,40,50,60,-100,-90,-80,2,13,49.9,49.9,12.7,14.4,17.1,633,716,853,1.038,3.114,2.076,1.7979,0.0001,1634,13,33,N,MAR,Leonard2014_Interplate,DS,W,6.26,6.31,6.53,6.84,6.94,16.3364,16.943,16.6907,16.6282
efsm20_cf_top.49,"LINESTRING (37.70169 -31.305434, 37.740961 -31.276574, 37.780237 -31.24771, 37.819519 -31.218842, 37.858806 -31.18997, 37.89893 -31.16299, 37.939368 -31.136762, 37.979811 -31.110531, 38.020259 -31.084297, 38.060712 -31.05806, 38.101169 -31.031819, 38.141631 -31.005576, 38.181985 -30.979055, 38.222105 -30.951946, 38.26223 -30.924834, 38.302359 -30.897718, 38.342494 -30.8706, 38.382633 -30.843478, 38.422781 -30.81635)",PTCF00G,#02,MAR020,26,27,29,40,50,60,-100,-90,-80,2,13.5,90.9,90.9,13.3,15,17.9,1207,1365,1627,1.0382,3.1146,2.0764,1.7982,0.0001,1774,13.5,33,N,MAR,Leonard2014_Interplate,DS,W,6.3,6.35,6.57,6.88,6.98,16.6166,17.2232,16.9709,16.9084
efsm20_cf_top.50,"LINESTRING (38.385834 -30.388978, 38.345233 -30.413685, 38.304637 -30.43839, 38.264045 -30.463092, 38.223457 -30.487792, 38.183125 -30.513149, 38.142887 -30.538733, 38.102654 -30.564314, 38.062425 -30.589892, 38.022201 -30.615468, 37.982152 -30.641471, 37.942199 -30.667694, 37.90225 -30.693914, 37.862306 -30.720131, 37.822367 -30.746345, 37.782432 -30.772555, 37.742502 -30.798763, 37.702576 -30.824968, 37.662655 -30.85117)",PTCF00H,#02,MAR021,204,205,206,40,50,60,-100,-90,-80,2,15,90,90,15,17,20.2,1352,1528,1821,0.9555,2.8666,1.9111,1.655,0.0001,1713,15.5,33,N,MAR,Leonard2014_Interplate,DS,W,6.44,6.49,6.71,7.02,7.12,16.6296,17.2362,16.9839,16.9214
efsm20_cf_top.52,"LINESTRING (39.405958 -29.680262, 39.364313 -29.70111, 39.322667 -29.721959, 39.281024 -29.742806, 39.239385 -29.763652, 39.197884 -29.784941, 39.156526 -29.806677, 39.115171 -29.828411, 39.07382 -29.850143, 39.032472 -29.871873, 38.991128 -29.893601, 38.949787 -29.915327, 38.90845 -29.937052, 38.867116 -29.958775, 38.825786 -29.980496, 38.784389 -30.001998, 38.742959 -30.023382, 38.701532 -30.044764, 38.660109 -30.066145, 38.618689 -30.087524, 38.577272 -30.108901, 38.535858 -30.130277, 38.494448 -30.151651, 38.453041 -30.173023, 38.411637 -30.194393, 38.370237 -30.215762)",PTCF00J,#02,MAR023,203,204,204,40,50,60,-100,-90,-80,2,15,124.1,124.1,15,17,20.2,1864,2107,2511,0.8936,2.6809,1.7873,1.5478,0,1334,21.5,33,N,MAR,Leonard2014_Interplate,DS,W,6.44,6.49,6.71,7.02,7.12,16.74,17.3466,17.0943,17.0319
efsm20_cf_top.53,"LINESTRING (39.376742 -30.052954, 39.421738 -30.042279, 39.466735 -30.031604, 39.511733 -30.020929, 39.556658 -30.009735, 39.601437 -29.997589, 39.646217 -29.985443, 39.690998 -29.973296, 39.73578 -29.96115, 39.780563 -29.949003, 39.825347 -29.936855, 39.870133 -29.924708, 39.91492 -29.91256, 39.959708 -29.900411, 40.004545 -29.888568, 40.050202 -29.884852, 40.095859 -29.881137, 40.141517 -29.877422, 40.187175 -29.873706, 40.232833 -29.869991, 40.278491 -29.866275, 40.324149 -29.86256, 40.369807 -29.858844, 40.415465 -29.855129, 40.461123 -29.851413, 40.506731 -29.846747, 40.552282 -29.841194, 40.597833 -29.83564, 40.64343 -29.83008)",PTCF00K,#02,MAR024,5,10,14,40,50,60,-100,-90,-80,2,15,142.4,142.1,15,17,20.2,2138,2417,2881,1.1441,3.4323,2.2882,1.9817,0.0014,1494,19,33,N,MAR,Leonard2014_Interplate,DS,W,6.44,6.49,6.71,7.02,7.12,16.907,17.5136,17.2613,17.1989
efsm20_cf_top.54,"LINESTRING (40.561347 -29.29616, 40.517209 -29.300016, 40.473036 -29.303876, 40.428863 -29.307735, 40.384686 -29.311502, 40.340485 -29.314758, 40.296284 -29.318015, 40.252083 -29.321271, 40.207846 -29.323523, 40.163605 -29.325654, 40.119364 -29.327786, 40.075123 -29.329917, 40.030882 -29.332048, 39.986641 -29.334179, 39.942573 -29.339685, 39.899111 -29.350675, 39.85565 -29.361665, 39.812191 -29.372656, 39.768732 -29.383645, 39.725274 -29.394635, 39.681817 -29.405624, 39.638361 -29.416613, 39.594907 -29.427602, 39.551454 -29.43859, 39.508002 -29.449578, 39.464551 -29.460566, 39.421101 -29.471554)",PTCF00L,#02,MAR025,184,188,193,40,50,60,-100,-90,-80,2,15,128,127.7,15,17,20.2,1921,2172,2588,1.1927,3.578,2.3853,2.0658,0.0016,1456,22,33,N,MAR,Leonard2014_Interplate,DS,W,6.44,6.49,6.71,7.02,7.12,16.8786,17.4852,17.2329,17.1705
efsm20_cf_top.55,"LINESTRING (40.610267 -29.595759, 40.655187 -29.588708, 40.700107 -29.581658, 40.745027 -29.574607, 40.789943 -29.567498, 40.834845 -29.560224, 40.879747 -29.55295, 40.92465 -29.545676, 40.969553 -29.538402, 41.014527 -29.53194, 41.059638 -29.527473, 41.104749 -29.523007, 41.149877 -29.518826, 41.195013 -29.514808, 41.240149 -29.51079, 41.285285 -29.506772, 41.330421 -29.502754, 41.3756 -29.49968, 41.420838 -29.49968, 41.466076 -29.49968, 41.511314 -29.49968, 41.556552 -29.49968, 41.601784 -29.498806, 41.647014 -29.497671, 41.692244 -29.496536, 41.737474 -29.495401, 41.782704 -29.494267, 41.827934 -29.493132, 41.873164 -29.491997, 41.918354 -29.49475, 41.963307 -29.501553, 42.00826 -29.508355, 42.053214 -29.515158, 42.098131 -29.522398, 42.142892 -29.531222, 42.187653 -29.540045, 42.232415 -29.548869, 42.277161 -29.55769)",PTCF00M,#02,MAR026,353,3,9,40,50,60,-100,-90,-80,2,15,186.1,185.4,15,17,20.2,2794,3158,3764,1.1365,3.4096,2.2731,1.9686,0.0025,1586,16.5,33,N,MAR,Leonard2014_Interplate,DS,W,6.44,6.49,6.71,7.02,7.12,17.0203,17.6269,17.3746,17.3121
efsm20_cf_top.56,"LINESTRING (42.288581 -28.986434, 42.244 -28.976911, 42.199324 -28.967368, 42.154649 -28.957824, 42.109974 -28.948281, 42.065252 -28.939176, 42.020432 -28.930996, 41.975613 -28.922815, 41.930794 -28.914635, 41.885565 -28.915069, 41.840383 -28.917846, 41.795201 -28.920623, 41.750019 -28.9234, 41.704837 -28.926176, 41.659695 -28.929932, 41.614726 -28.93643, 41.569757 -28.942929, 41.524789 -28.949427, 41.479707 -28.954308, 41.434615 -28.959011, 41.389523 -28.963715, 41.344388 -28.967623, 41.299202 -28.970269, 41.254016 -28.972914, 41.20883 -28.97556, 41.163644 -28.978205, 41.118458 -28.980851, 41.073299 -28.984216, 41.028143 -28.987645, 40.982987 -28.991073, 40.937832 -28.994502, 40.892677 -28.99793, 40.847531 -29.001554, 40.80253 -29.007572, 40.75753 -29.01359, 40.71253 -29.019608, 40.66804 -29.030351, 40.624091 -29.044436, 40.580143 -29.058521, 40.536197 -29.072606)",PTCF00N,#02,MAR027,172,183,195,40,50,60,-100,-90,-80,2,15,196.1,195,15,17,20.2,2944,3328,3967,1.1824,3.5473,2.3648,2.048,0.0038,1852,17,33,N,MAR,Leonard2014_Interplate,DS,W,6.44,6.49,6.71,7.02,7.12,17.0602,17.6668,17.4146,17.3521
efsm20_cf_top.57,"LINESTRING (37.035502 -32.72046, 36.986687 -32.740091, 36.937875 -32.759721, 36.889065 -32.77935)",PTCF00O,#02,MAR073,198,198,198,40,50,60,-100,-90,-80,2,13.5,17.1,17.1,13.3,15,17.9,227,257,306,0.9685,2.9055,1.937,1.6775,0,2048,13.5,33,N,MAR,Leonard2014_Interplate,DS,W,6.3,6.35,6.57,6.88,6.98,15.8609,16.4674,16.2152,16.1527
efsm20_cf_top.58,"LINESTRING (36.9408 -33.2246, 36.983713 -33.203308, 37.026629 -33.182014, 37.069548 -33.160718, 37.112471 -33.139421)",PTCF00P,#02,MAR074,22,22,22,40,50,60,-100,-90,-80,2.5,14,20.5,20.5,13.3,15,17.9,273,308,367,1.1204,3.3612,2.2408,1.9406,0,2305,14,33,N,MAR,Leonard2014_Interplate,DS,W,6.3,6.35,6.57,6.88,6.98,16.0035,16.6101,16.3578,16.2953
efsm20_cf_top.59,"LINESTRING (36.9159 -33.0049, 36.871802 -33.019846, 36.827706 -33.034791, 36.783612 -33.049735, 36.73952 -33.064679, 36.695429 -33.079622, 36.651341 -33.094564)",PTCF00Q,#02,MAR075,195,195,195,40,50,60,-100,-90,-80,2,14.5,30.5,30.5,14.4,16.3,19.4,440,497,593,1.0781,3.2344,2.1563,1.8674,0,1800,14.5,33,N,MAR,Leonard2014_Interplate,DS,W,6.39,6.44,6.66,6.97,7.07,16.1946,16.8012,16.5489,16.4865
efsm20_cf_top.60,"LINESTRING (36.72942 -33.533435, 36.777173 -33.516465, 36.824927 -33.499495, 36.872683 -33.482524, 36.920441 -33.465553, 36.968201 -33.44858)",PTCF00R,#02,MAR076,16,16,16,40,50,60,-100,-90,-80,1.5,14.5,27.6,27.6,15,17,20.2,414,468,558,1.0254,3.0762,2.0508,1.776,0,1690,14.5,33,N,MAR,Leonard2014_Interplate,DS,W,6.44,6.49,6.71,7.02,7.12,16.1468,16.7534,16.5011,16.4386
efsm20_cf_top.61,"LINESTRING (36.69747 -33.378079, 36.651758 -33.392539, 36.606047 -33.406999, 36.560338 -33.421458, 36.514631 -33.435917, 36.468925 -33.450375, 36.423221 -33.464833, 36.377519 -33.47929, 36.331818 -33.493747, 36.286119 -33.508203, 36.240422 -33.522659, 36.194726 -33.537114, 36.149027 -33.55157)",UNCF00N,#02,MAR077,194,195,195,40,50,60,-100,-90,-80,2,15,62.9,62.9,15,17,20.2,945,1068,1273,1.0845,3.2535,2.169,1.8784,0,1983,15,33,N,MAR,Leonard2014_Interplate,DS,W,6.44,6.49,6.71,7.02,7.12,16.529,17.1356,16.8833,16.8208
efsm20_cf_top.62,"LINESTRING (36.22973 -33.988321, 36.272087 -33.974861, 36.314443 -33.961401, 36.3568 -33.947941, 36.399159 -33.93448, 36.441519 -33.921019, 36.483881 -33.907557, 36.526244 -33.894095, 36.568609 -33.880632, 36.610975 -33.867169, 36.653342 -33.853705, 36.695711 -33.840241, 36.738081 -33.826777, 36.780453 -33.813312)",UNCF00O,#02,MAR078,15,15,15,40,50,60,-100,-90,-80,2,15,63.2,63.2,15,17,20.2,949,1073,1278,0.9374,2.8123,1.8749,1.6237,0,1986,15.5,33,N,MAR,Leonard2014_Interplate,DS,W,6.44,6.49,6.71,7.02,7.12,16.4676,17.0742,16.8219,16.7595
efsm20_cf_top.63,"LINESTRING (36.187497 -33.764267, 36.146532 -33.788626, 36.105571 -33.812982, 36.064614 -33.837336, 36.023661 -33.861688, 35.982712 -33.886038, 35.941767 -33.910385, 35.901313 -33.935944, 35.861008 -33.961842, 35.820707 -33.987736, 35.78041 -34.013628, 35.740118 -34.039518, 35.69983 -34.065404, 35.659546 -34.091288, 35.619267 -34.117169, 35.578992 -34.143047, 35.538722 -34.168922, 35.498456 -34.194795, 35.458179 -34.22063, 35.417822 -34.246262, 35.377469 -34.271891, 35.337121 -34.297518, 35.296777 -34.323142, 35.256437 -34.348763, 35.216101 -34.374382, 35.17577 -34.399998, 35.135443 -34.425611, 35.09512 -34.451221, 35.054801 -34.476829, 35.014487 -34.502435, 34.974175 -34.528038)",UNCF00P,#02,MAR079,206,208,208,40,50,60,-100,-90,-80,2,15,151.6,151.6,15,17,20.2,2275,2572,3066,1.15,3.4499,2.3,1.9918,0.0001,2088,16,33,N,MAR,Leonard2014_Interplate,DS,W,6.44,6.49,6.71,7.02,7.12,16.9363,17.5428,17.2906,17.2281
efsm20_cf_top.64,"LINESTRING (35.046916 -34.963223, 35.088276 -34.940885, 35.129626 -34.918552, 35.170979 -34.896217, 35.212336 -34.87388, 35.253696 -34.851542, 35.295059 -34.829201, 35.336426 -34.806859, 35.377796 -34.784515, 35.41917 -34.76217, 35.460547 -34.739822, 35.501927 -34.717472, 35.543311 -34.695121, 35.584698 -34.672768, 35.626089 -34.650413, 35.667483 -34.628056, 35.708881 -34.605697, 35.750282 -34.583336, 35.791061 -34.559291, 35.829426 -34.529804, 35.867796 -34.500314, 35.906171 -34.470819, 35.944551 -34.441321, 35.982937 -34.411819, 36.021327 -34.382312, 36.059723 -34.352802, 36.098124 -34.323288, 36.13653 -34.293769, 36.174941 -34.264247, 36.213358 -34.234721, 36.251779 -34.205191)",UNCF00Q,#02,MAR080,25,28,33,40,50,60,-100,-90,-80,2,15,150.8,150.5,15,17,20.2,2264,2559,3050,1.0394,3.1181,2.0788,1.8003,0.0014,2191,16,33,N,MAR,Leonard2014_Interplate,DS,W,6.44,6.49,6.71,7.02,7.12,16.8901,17.4967,17.2444,17.182
efsm20_cf_top.65,"LINESTRING (35.244895 -36.157829, 35.205503 -36.183897, 35.166115 -36.209962, 35.126731 -36.236024, 35.087352 -36.262084, 35.047977 -36.28814, 35.008606 -36.314194, 34.96924 -36.340245, 34.929878 -36.366292, 34.89052 -36.392337, 34.851167 -36.41838, 34.811818 -36.444419, 34.772473 -36.470456, 34.733132 -36.496489, 34.693796 -36.52252, 34.654464 -36.548548, 34.615136 -36.574574, 34.575812 -36.600596, 34.53649 -36.626618)",UNCF00R,#02,MAR081,207,207,207,40,50,60,-100,-90,-80,2.5,12.5,89.6,89.6,11.5,13.1,15.6,1035,1170,1394,1.3071,3.9212,2.6142,2.2639,0,2444,12.5,33,N,MAR,Leonard2014_Interplate,DS,W,6.15,6.2,6.42,6.73,6.83,16.6497,17.2563,17.004,16.9416
efsm20_cf_top.66,"LINESTRING (34.576743 -37.079422, 34.615821 -37.054201, 34.654902 -37.028978, 34.693987 -37.003753, 34.733076 -36.978525, 34.772169 -36.953295, 34.811266 -36.928062, 34.850367 -36.902826, 34.889294 -36.877185, 34.928048 -36.851143, 34.966806 -36.825098, 35.005569 -36.79905, 35.044336 -36.772999, 35.083107 -36.746946, 35.121882 -36.720889, 35.160662 -36.69483, 35.199446 -36.668768, 35.238234 -36.642703, 35.277026 -36.616635, 35.315823 -36.590564)",UNCF00S,#02,MAR082,27,27,28,40,50,60,-100,-90,-80,2.5,12.5,93.5,93.5,11.5,13.1,15.6,1079,1220,1454,0.7882,2.3646,1.5764,1.3652,0,2292,12.5,33,N,MAR,Leonard2014_Interplate,DS,W,6.15,6.2,6.42,6.73,6.83,16.4484,17.0549,16.8027,16.7402
efsm20_cf_top.67,"LINESTRING (34.544357 -36.830769, 34.504446 -36.854842, 34.464539 -36.878912, 34.424636 -36.90298, 34.384737 -36.927046, 34.344841 -36.951109, 34.304949 -36.97517, 34.265061 -36.999229, 34.225177 -37.023285, 34.185296 -37.04734, 34.145419 -37.071392, 34.105546 -37.095442, 34.065677 -37.119489, 34.025811 -37.143534, 33.985949 -37.167577, 33.946251 -37.192004, 33.908205 -37.219978, 33.870164 -37.247949, 33.832127 -37.275916, 33.794095 -37.30388, 33.756068 -37.331841, 33.718045 -37.359798, 33.680027 -37.387752, 33.6438 -37.418941, 33.608087 -37.450959, 33.572379 -37.482973, 33.536676 -37.514981, 33.500978 -37.546985, 33.465294 -37.578977)",UNCF00T,#02,MAR083,205,209,216,40,50,60,-100,-90,-80,2.5,12.5,138.8,138.4,11.5,13.1,15.6,1602,1811,2159,1.199,3.5969,2.3979,2.0766,0.0017,2348,12.5,33,N,MAR,Leonard2014_Interplate,DS,W,6.15,6.2,6.42,6.73,6.83,16.8021,17.4086,17.1563,17.0939
efsm20_cf_top.68,"LINESTRING (33.54593 -38.007724, 33.584502 -37.980727, 33.623076 -37.953728, 33.661654 -37.926726, 33.700237 -37.899721, 33.738824 -37.872713, 33.777415 -37.845702, 33.816011 -37.818688, 33.854611 -37.791671, 33.893216 -37.764651, 33.931195 -37.736362, 33.968945 -37.707618, 34.0067 -37.678871, 34.04446 -37.650121, 34.082225 -37.621367, 34.119994 -37.592609, 34.157768 -37.563848, 34.195547 -37.535082, 34.233331 -37.506313, 34.27112 -37.477541, 34.310211 -37.451425, 34.349437 -37.425599, 34.388667 -37.399769, 34.427901 -37.373937, 34.46714 -37.348102, 34.506383 -37.322264, 34.54563 -37.296423, 34.584881 -37.27058)",UNCF00U,#02,MAR084,27,30,32,40,50,60,-100,-90,-80,2.5,13,134.1,134,12.1,13.7,16.3,1625,1837,2190,1.0191,3.0572,2.0381,1.7651,0.0002,2644,13,33,N,MAR,Leonard2014_Interplate,DS,W,6.21,6.26,6.48,6.79,6.89,16.7377,17.3442,17.0919,17.0295
efsm20_cf_top.69,"LINESTRING (33.72287 -39.192781, 33.679568 -39.207262, 33.636268 -39.221742, 33.59297 -39.236221, 33.549673 -39.2507, 33.506378 -39.265179, 33.463084 -39.279657, 33.419792 -39.294134, 33.376501 -39.308611, 33.333212 -39.323088, 33.289924 -39.337564, 33.246638 -39.352039, 33.203354 -39.366514, 33.160071 -39.380989, 33.116789 -39.395463, 33.073509 -39.409936, 33.030231 -39.424409, 32.986954 -39.438881, 32.943679 -39.453353, 32.902991 -39.476102, 32.865985 -39.506477, 32.828984 -39.536849, 32.791987 -39.567216, 32.754996 -39.597579, 32.71801 -39.627938, 32.681029 -39.658293, 32.644052 -39.688644, 32.60708 -39.718991, 32.570113 -39.749334, 32.533151 -39.779673, 32.496194 -39.810008, 32.459242 -39.840339, 32.422295 -39.870666, 32.385353 -39.900989, 32.348415 -39.931308, 32.311482 -39.961623, 32.274555 -39.991934, 32.237632 -40.022241, 32.200714 -40.052544, 32.163801 -40.082843, 32.126892 -40.113138, 32.089989 -40.143429, 32.05309 -40.173716, 32.016196 -40.203999, 31.979307 -40.234279, 31.942423 -40.264554, 31.905544 -40.294825, 31.868669 -40.325092, 31.831799 -40.355356, 31.794934 -40.385616, 31.758073 -40.415872, 31.721217 -40.446124, 31.684366 -40.476372, 31.64752 -40.506616, 31.61122 -40.537745, 31.575911 -40.570396, 31.540608 -40.603042, 31.50531 -40.635684, 31.470017 -40.668321, 31.434729 -40.700953, 31.399446 -40.73358, 31.364169 -40.766202, 31.328896 -40.79882, 31.293629 -40.831433, 31.258367 -40.864041, 31.22311 -40.896645, 31.187857 -40.929244, 31.152606 -40.961842)",UNCF00V,#02,MAR085,196,211,219,40,50,60,-100,-90,-80,2.5,12,334.9,330.5,11,12.4,14.8,3673,4153,4949,1.1993,3.598,2.3987,2.0773,0.0083,2307,12,33,N,MAR,Leonard2014_Interplate,DS,W,6.1,6.15,6.37,6.68,6.78,17.1625,17.7691,17.5168,17.4543
efsm20_cf_top.70,"LINESTRING (31.237 -41.4304, 31.273335 -41.399612, 31.309644 -41.368845, 31.345958 -41.338075, 31.382277 -41.307301, 31.4186 -41.276522, 31.454928 -41.24574, 31.491261 -41.214953, 31.527599 -41.184162, 31.563942 -41.153368, 31.600289 -41.122569, 31.636641 -41.091766, 31.672998 -41.060959, 31.70936 -41.030148, 31.745727 -40.999333, 31.782099 -40.968513, 31.818476 -40.93769, 31.854857 -40.906862, 31.891243 -40.876031, 31.927634 -40.845195, 31.96403 -40.814355, 32.001093 -40.784627, 32.038665 -40.755785, 32.076241 -40.72694, 32.113822 -40.698091, 32.151408 -40.669239, 32.188998 -40.640383, 32.226593 -40.611523, 32.264192 -40.58266, 32.301796 -40.553794, 32.339405 -40.524924, 32.377018 -40.49605, 32.414636 -40.467173, 32.452258 -40.438292, 32.489885 -40.409408, 32.527516 -40.38052, 32.565152 -40.351629, 32.602793 -40.322735, 32.640438 -40.293836, 32.678088 -40.264934, 32.715743 -40.236029, 32.753402 -40.20712, 32.791066 -40.178207, 32.828735 -40.149291, 32.866408 -40.120371, 32.904086 -40.091448, 32.941768 -40.062521, 32.979455 -40.033591, 33.017147 -40.004656, 33.054844 -39.975719, 33.092545 -39.946778, 33.130251 -39.917833, 33.167962 -39.888884, 33.209831 -39.869741, 33.251957 -39.851412, 33.294086 -39.833083, 33.336217 -39.814752, 33.37835 -39.79642, 33.420486 -39.778088, 33.462624 -39.759754, 33.504764 -39.74142, 33.546907 -39.723084, 33.589052 -39.704748, 33.631199 -39.68641, 33.673349 -39.668071, 33.715501 -39.649732, 33.757655 -39.631391, 33.799812 -39.613049)",UNCF00W,#02,MAR086,20,32,37,40,50,60,-100,-90,-80,2.5,12,334,332,11,12.4,14.8,3664,4142,4936,0.999,2.9969,1.998,1.7303,0.0038,2414,12,33,N,MAR,Leonard2014_Interplate,DS,W,6.1,6.15,6.37,6.68,6.78,17.082,17.6886,17.4363,17.3738
efsm20_cf_top.71,"LINESTRING (31.203297 -41.225126, 31.162479 -41.247614, 31.121664 -41.270101, 31.080852 -41.292585, 31.040044 -41.315068, 30.999239 -41.337549, 30.958437 -41.360029, 30.917638 -41.382507, 30.876842 -41.404982, 30.83605 -41.427457, 30.795261 -41.449929, 30.754475 -41.472399, 30.713692 -41.494868, 30.672913 -41.517335, 30.632137 -41.5398, 30.591364 -41.562264, 30.550594 -41.584725, 30.50978 -41.607071, 30.468916 -41.629286, 30.428056 -41.6515, 30.387199 -41.673712, 30.346345 -41.695922, 30.305494 -41.71813, 30.264646 -41.740337, 30.223801 -41.762542, 30.182959 -41.784746, 30.14212 -41.806947, 30.101285 -41.829148, 30.060452 -41.851346, 30.019622 -41.873543, 29.978796 -41.895738, 29.937962 -41.917937)",UNCF00X,#02,MAR087,206,207,207,40,50,60,-100,-90,-80,3,12,155.5,155.5,10.4,11.7,14,1617,1827,2178,1.2719,3.8156,2.5437,2.2029,0,2806,12,33,N,MAR,Leonard2014_Interplate,DS,W,6.04,6.09,6.31,6.62,6.72,16.8315,17.4381,17.1858,17.1234
efsm20_cf_top.72,"LINESTRING (30.007003 -42.341674, 30.047983 -42.319406, 30.088978 -42.297129, 30.129976 -42.274851, 30.170977 -42.252572, 30.211981 -42.230291, 30.252988 -42.208008, 30.293998 -42.185723, 30.335012 -42.163437, 30.376028 -42.141149, 30.417048 -42.118859, 30.458071 -42.096568, 30.499097 -42.074275, 30.540126 -42.05198, 30.581158 -42.029683, 30.622194 -42.007384, 30.663233 -41.985084, 30.704103 -41.962364, 30.744829 -41.939282, 30.785558 -41.916198, 30.826291 -41.893113, 30.867027 -41.870025, 30.907766 -41.846936, 30.948509 -41.823845, 30.989255 -41.800752, 31.030004 -41.777657, 31.070756 -41.75456, 31.111512 -41.731461, 31.152271 -41.708361, 31.193033 -41.685258, 31.233799 -41.662154, 31.274568 -41.639048)",UNCF00Y,#02,MAR088,27,27,27,40,50,60,-100,-90,-80,3,12,156.2,156.2,10.4,11.7,14,1623,1835,2186,0.9988,2.9963,1.9975,1.7299,0,2799,12,33,N,MAR,Leonard2014_Interplate,DS,W,6.04,6.09,6.31,6.62,6.72,16.7283,17.3348,17.0825,17.0201
efsm20_cf_top.73,"LINESTRING (30.035997 -42.528383, 29.995166 -42.550389, 29.954338 -42.572394, 29.913513 -42.594397, 29.872691 -42.616399, 29.831872 -42.638399, 29.791056 -42.660397, 29.750243 -42.682394, 29.709433 -42.704389, 29.668627 -42.726383, 29.627823 -42.748374, 29.587022 -42.770365, 29.546224 -42.792353, 29.505429 -42.81434, 29.464637 -42.836326, 29.423848 -42.85831, 29.383062 -42.880292, 29.342279 -42.902273, 29.303054 -42.9277, 29.264345 -42.954139, 29.225639 -42.980575, 29.186937 -43.007009, 29.148239 -43.033441, 29.109545 -43.059869, 29.070855 -43.086295, 29.032168 -43.112718, 28.993485 -43.139139, 28.954806 -43.165558, 28.916131 -43.191974, 28.877459 -43.218387, 28.838791 -43.244798, 28.800127 -43.271206, 28.761467 -43.297611, 28.72281 -43.324014, 28.684157 -43.350415, 28.645447 -43.376695, 28.606308 -43.402127, 28.567173 -43.427557, 28.528042 -43.452985, 28.488914 -43.478409, 28.44979 -43.503832, 28.410669 -43.529252, 28.371552 -43.554671, 28.332438 -43.580087, 28.293328 -43.6055, 28.254221 -43.630911, 28.215118 -43.65632, 28.176018 -43.681727, 28.136922 -43.707132, 28.097829 -43.732534, 28.05874 -43.757934, 28.019654 -43.783332, 27.980572 -43.808727, 27.940731 -43.832555, 27.900057 -43.854493, 27.859385 -43.876429, 27.818716 -43.898364, 27.77805 -43.920298, 27.737387 -43.94223, 27.696727 -43.96416, 27.656069 -43.986088, 27.615415 -44.008016, 27.574347 -44.028931, 27.533144 -44.049499, 27.491943 -44.070065, 27.450745 -44.09063, 27.409549 -44.111194, 27.368356 -44.131757, 27.327165 -44.152319, 27.285977 -44.172879, 27.244791 -44.193438, 27.203608 -44.213996, 27.162427 -44.234553, 27.121249 -44.255108, 27.080177 -44.27592, 27.040272 -44.299415, 27.000369 -44.322907, 26.96047 -44.346399, 26.920574 -44.369888, 26.880681 -44.393376, 26.840791 -44.416861, 26.800904 -44.440345, 26.76102 -44.463827, 26.721139 -44.487307, 26.678337 -44.503067, 26.634832 -44.516192, 26.591328 -44.529315, 26.547825 -44.542439, 26.504323 -44.555562, 26.460822 -44.568685, 26.417323 -44.581807, 26.373825 -44.594929, 26.330328 -44.608051, 26.286725 -44.62072, 26.24296 -44.632672, 26.199196 -44.644623, 26.155433 -44.656575, 26.111671 -44.668526, 26.06791 -44.680477, 26.024079 -44.692447)",UNCF00Z,#02,MAR089,194,205,210,40,50,60,-100,-90,-80,3,12,496,494.1,10.4,11.7,14,5155,5828,6945,1.1594,3.4782,2.3188,2.0081,0.0025,2844,12,33,N,MAR,Leonard2014_Interplate,DS,W,6.04,6.09,6.31,6.62,6.72,17.295,17.9015,17.6493,17.5868
efsm20_cf_top.74,"LINESTRING (26.077943 -45.10112, 26.122613 -45.094321, 26.1674 -45.087505, 26.212187 -45.080688, 26.256974 -45.073872, 26.301096 -45.06292, 26.344233 -45.047854, 26.387372 -45.032787, 26.430512 -45.017719, 26.473654 -45.002651, 26.516797 -44.987583, 26.559942 -44.972514, 26.603088 -44.957444, 26.646236 -44.942374, 26.689385 -44.927303, 26.732535 -44.912232, 26.775687 -44.897161, 26.81884 -44.882089, 26.860283 -44.861863, 26.901553 -44.841188, 26.942825 -44.820511, 26.9841 -44.799833, 27.025377 -44.779153, 27.066657 -44.758473, 27.107939 -44.737791, 27.149224 -44.717107, 27.190512 -44.696423, 27.231802 -44.675737, 27.273095 -44.65505, 27.31439 -44.634361, 27.355688 -44.613672, 27.396988 -44.592981, 27.437755 -44.570984, 27.477727 -44.547199, 27.517703 -44.523412, 27.557681 -44.499622, 27.597663 -44.475831, 27.637648 -44.452038, 27.677636 -44.428244, 27.717627 -44.404447, 27.758305 -44.382175, 27.799616 -44.361435, 27.840929 -44.340693, 27.882245 -44.31995, 27.923563 -44.299206, 27.964884 -44.278461, 28.006207 -44.257714, 28.047533 -44.236966, 28.088862 -44.216217, 28.130193 -44.195466, 28.171527 -44.174715, 28.212863 -44.153961, 28.254202 -44.133207, 28.293788 -44.108427, 28.333137 -44.08316, 28.37249 -44.057891, 28.411847 -44.032619, 28.451207 -44.007345, 28.490571 -43.982069, 28.529938 -43.956791, 28.569309 -43.93151, 28.608683 -43.906227, 28.648061 -43.880941, 28.687443 -43.855654, 28.726828 -43.830364, 28.766217 -43.805072, 28.805609 -43.779777, 28.845005 -43.75448, 28.884405 -43.729181, 28.923808 -43.703879, 28.963015 -43.678171, 29.00124 -43.65059, 29.039469 -43.623005, 29.077702 -43.595418, 29.115939 -43.567828, 29.15418 -43.540235, 29.192425 -43.512639, 29.230674 -43.48504, 29.268927 -43.457438, 29.307185 -43.429834, 29.345446 -43.402226, 29.383712 -43.374615, 29.421982 -43.347001, 29.460256 -43.319384, 29.498534 -43.291764, 29.536816 -43.264141, 29.575103 -43.236516, 29.613393 -43.208887, 29.653958 -43.185941, 29.694594 -43.163151, 29.735233 -43.140359, 29.775875 -43.117565, 29.81652 -43.09477, 29.857168 -43.071973, 29.897819 -43.049174, 29.938474 -43.026373, 29.979132 -43.003571, 30.019793 -42.980767, 30.060457 -42.957961, 30.101124 -42.935153)",UNCF010,#02,MAR090,8,25,32,40,50,60,-100,-90,-80,3,12,497.6,495.2,10.4,11.7,14,5171,5846,6967,1.1392,3.4177,2.2785,1.9732,0.0031,2816,12,33,N,MAR,Leonard2014_Interplate,DS,W,6.04,6.09,6.31,6.62,6.72,17.2887,17.8953,17.643,17.5805
efsm20_cf_top.75,"LINESTRING (26.047697 -44.895729, 26.004827 -44.915023, 25.961959 -44.934317, 25.919093 -44.953609, 25.87623 -44.972901, 25.833369 -44.992191, 25.79051 -45.01148, 25.747654 -45.030768, 25.7048 -45.050055, 25.661948 -45.069341, 25.619098 -45.088627, 25.57625 -45.107911, 25.533363 -45.127081, 25.490471 -45.146231, 25.447581 -45.165381, 25.404694 -45.18453, 25.361809 -45.203677, 25.318926 -45.222824, 25.276045 -45.24197, 25.233166 -45.261115, 25.190289 -45.280259, 25.147421 -45.299399)",UNCF011,#02,MAR091,202,202,202,40,50,60,-100,-90,-80,3,12,108,108,10.4,11.7,14,1122,1269,1512,1.2647,3.7942,2.5294,2.1906,0,3178,12,33,N,MAR,Leonard2014_Interplate,DS,W,6.04,6.09,6.31,6.62,6.72,16.6706,17.2772,17.0249,16.9624
efsm20_cf_top.76,"LINESTRING (25.225503 -45.694771, 25.267734 -45.675905, 25.309963 -45.65704, 25.352194 -45.638174, 25.394426 -45.619307, 25.436661 -45.600439, 25.478898 -45.58157, 25.521137 -45.562701, 25.563378 -45.54383, 25.605621 -45.524959, 25.647866 -45.506086, 25.690113 -45.487213, 25.732239 -45.468005, 25.774312 -45.448651, 25.816388 -45.429296, 25.858466 -45.40994, 25.900546 -45.390583, 25.942628 -45.371225, 25.984712 -45.351866, 26.026799 -45.332506, 26.068888 -45.313145, 26.110979 -45.293783)",UNCF012,#02,MAR092,22,22,23,40,50,60,-100,-90,-80,3,12,106.3,106.3,10.4,11.7,14,1105,1249,1489,1.0654,3.1962,2.1308,1.8453,0,2821,12,33,N,MAR,Leonard2014_Interplate,DS,W,6.04,6.09,6.31,6.62,6.72,16.5895,17.196,16.9438,16.8813
efsm20_cf_top.104,"LINESTRING (71.33885 -12.856182, 71.379621 -12.784236, 71.420422 -12.712238, 71.461244 -12.640203, 71.501382 -12.564301, 71.540741 -12.484298, 71.580124 -12.404247, 71.619531 -12.324149, 71.658961 -12.244003, 71.698828 -12.165902, 71.739351 -12.091132, 71.779896 -12.016322, 71.820462 -11.941472, 71.86105 -11.866582)",SJCF007,#02,MAR120,27,28,30,40,50,60,-100,-90,-80,2,9.5,67.7,67.7,8.7,9.8,11.7,586,663,790,0.9266,2.7799,1.8533,1.605,0.0002,1917,9.5,33,N,MAR,Leonard2014_Interplate,DS,W,5.84,5.89,6.11,6.42,6.52,16.2534,16.86,16.6077,16.5453
efsm20_cf_top.77,"LINESTRING (25.20947 -45.599917, 25.168104 -45.621363, 25.12674 -45.642808, 25.085379 -45.664251, 25.044021 -45.685693, 25.002665 -45.707134, 24.961311 -45.728573, 24.91996 -45.750012, 24.878611 -45.771449, 24.837265 -45.792884, 24.795922 -45.814319, 24.754581 -45.835751, 24.713243 -45.857183, 24.671907 -45.878613, 24.630574 -45.900042, 24.589243 -45.92147, 24.547915 -45.942896, 24.506589 -45.964321, 24.465266 -45.985745, 24.423747 -46.006699, 24.382137 -46.027426, 24.340528 -46.048151, 24.298922 -46.068876, 24.257318 -46.089599, 24.215717 -46.110321, 24.174118 -46.131042, 24.132521 -46.151762, 24.090927 -46.172481, 24.049335 -46.193198, 24.007745 -46.213914, 23.966158 -46.234629, 23.924573 -46.255343, 23.882982 -46.27606)",UNCF013,#02,MAR093,205,205,206,40,50,60,-100,-90,-80,3.5,12,162.6,162.6,9.8,11.1,13.2,1596,1804,2150,1.2224,3.6672,2.4448,2.1172,0,3255,12,33,N,MAR,Leonard2014_Interplate,DS,W,5.98,6.03,6.25,6.56,6.66,16.8087,17.4153,17.163,17.1005
efsm20_cf_top.78,"LINESTRING (23.939943 -46.672037, 23.981831 -46.653274, 24.023712 -46.634514, 24.065595 -46.615754, 24.10748 -46.596992, 24.149367 -46.57823, 24.191256 -46.559466, 24.233147 -46.540702, 24.27504 -46.521937, 24.316935 -46.503171, 24.358832 -46.484404, 24.400731 -46.465636, 24.442632 -46.446867, 24.484535 -46.428098, 24.52644 -46.409327, 24.568347 -46.390556, 24.610256 -46.371783, 24.652167 -46.35301, 24.69408 -46.334236, 24.735995 -46.315461, 24.776284 -46.29277, 24.816219 -46.269324, 24.856157 -46.245877, 24.896097 -46.222427, 24.936041 -46.198977, 24.975987 -46.175524, 25.015936 -46.15207, 25.055888 -46.128614, 25.095843 -46.105156, 25.135801 -46.081697, 25.175762 -46.058236, 25.215725 -46.034773, 25.255692 -46.011309, 25.295661 -45.987843)",UNCF014,#02,MAR094,23,25,29,40,50,60,-100,-90,-80,3,12,166.1,165.9,10.4,11.7,14,1726,1951,2325,1.2208,3.6625,2.4416,2.1145,0.0008,3118,12,33,N,MAR,Leonard2014_Interplate,DS,W,6.04,6.09,6.31,6.62,6.72,16.8421,17.4487,17.1964,17.134
efsm20_cf_top.79,"LINESTRING (23.608789 -44.734593, 23.564195 -44.742128, 23.519601 -44.749664, 23.475008 -44.757199, 23.430415 -44.764734, 23.385822 -44.77227, 23.34123 -44.779805, 23.296638 -44.78734, 23.252046 -44.794875, 23.207455 -44.80241, 23.162864 -44.809945, 23.118273 -44.81748, 23.073683 -44.825014, 23.029093 -44.832549, 22.984503 -44.840084, 22.939914 -44.847618, 22.895325 -44.855153, 22.850832 -44.863324, 22.806526 -44.872619, 22.762221 -44.881914, 22.717916 -44.891209, 22.673611 -44.900504, 22.629307 -44.909799, 22.585003 -44.919093, 22.5407 -44.928388, 22.496397 -44.937682, 22.452095 -44.946977, 22.407793 -44.956271, 22.363591 -44.966094, 22.320774 -44.981497, 22.277959 -44.9969, 22.235145 -45.012303, 22.192332 -45.027705, 22.14952 -45.043106, 22.10671 -45.058508, 22.063901 -45.073908, 22.021093 -45.089308, 21.978287 -45.104708, 21.935482 -45.120107, 21.892678 -45.135506, 21.849876 -45.150905, 21.807075 -45.166302, 21.764275 -45.1817, 21.721476 -45.197097, 21.678679 -45.212493, 21.635883 -45.227889, 21.591944 -45.238948, 21.547779 -45.248911, 21.503615 -45.258875, 21.459451 -45.268838, 21.415288 -45.278801, 21.371126 -45.288765, 21.326342 -45.294727, 21.281386 -45.298937, 21.23643 -45.303146, 21.191474 -45.307355, 21.146518 -45.311564, 21.101563 -45.315773, 21.056608 -45.319982, 21.011653 -45.324192, 20.966698 -45.328401, 20.921743 -45.33261, 20.876788 -45.336819, 20.831833 -45.341028, 20.786878 -45.345237, 20.741923 -45.349446, 20.696968 -45.353655, 20.652013 -45.357864, 20.607059 -45.362073, 20.562097 -45.366283)",UNCF015,#02,MAR095,185,191,199,40,50,60,-100,-90,-80,3,12,346.2,345,10.4,11.7,14,3598,4068,4848,0.9998,2.9993,1.9996,1.7317,0.0023,3129,12,33,N,MAR,Leonard2014_Interplate,DS,W,6.04,6.09,6.31,6.62,6.72,17.0745,17.6811,17.4288,17.3663
efsm20_cf_top.80,"LINESTRING (20.629503 -45.747717, 20.674493 -45.744827, 20.719627 -45.741928, 20.764761 -45.739028, 20.809895 -45.736129, 20.855029 -45.73323, 20.900163 -45.73033, 20.945297 -45.727431, 20.990431 -45.724532, 21.035565 -45.721632, 21.080699 -45.718733, 21.125833 -45.715834, 21.170967 -45.712934, 21.216101 -45.710035, 21.261236 -45.707135, 21.305974 -45.700103, 21.350224 -45.69012, 21.394474 -45.680138, 21.438725 -45.670155, 21.482976 -45.660172, 21.527228 -45.650188, 21.571481 -45.640205, 21.615734 -45.630221, 21.659988 -45.620238, 21.704242 -45.610254, 21.748497 -45.60027, 21.792752 -45.590286, 21.837008 -45.580302, 21.880276 -45.566157, 21.922586 -45.54897, 21.964898 -45.531783, 22.007211 -45.514594, 22.049526 -45.497405, 22.091843 -45.480216, 22.134161 -45.463026, 22.17648 -45.445835, 22.218801 -45.428644, 22.261124 -45.411452, 22.303448 -45.394259, 22.345774 -45.377066, 22.388101 -45.359872, 22.431627 -45.346627, 22.476255 -45.338763, 22.520883 -45.330898, 22.565511 -45.323034, 22.61014 -45.31517, 22.654769 -45.307305, 22.699398 -45.299441, 22.744028 -45.291576, 22.788658 -45.283711, 22.833289 -45.275847, 22.87792 -45.267982, 22.922551 -45.260117, 22.967183 -45.252252, 23.011815 -45.244387, 23.056448 -45.236522, 23.100965 -45.227913, 23.145473 -45.219245, 23.189981 -45.210576, 23.23449 -45.201908, 23.278999 -45.193239, 23.323509 -45.18457, 23.368019 -45.175901, 23.41253 -45.167232, 23.457041 -45.158563, 23.501553 -45.149894, 23.546065 -45.141225, 23.590577 -45.132556, 23.63509 -45.123886, 23.679603 -45.115217)",UNCF016,#02,MAR096,4,11,21,40,50,60,-100,-90,-80,3,12,346.9,345.4,10.4,11.7,14,3605,4076,4857,1.4704,4.4112,2.9408,2.5468,0.0029,3112,12,33,N,MAR,Leonard2014_Interplate,DS,W,6.04,6.09,6.31,6.62,6.72,17.2429,17.8494,17.5972,17.5347
efsm20_cf_top.81,"LINESTRING (20.584297 -45.587893, 20.540232 -45.598023, 20.496168 -45.608154, 20.452104 -45.618284, 20.408041 -45.628414, 20.363978 -45.638543, 20.319916 -45.648673, 20.275855 -45.658803, 20.231794 -45.668932, 20.187734 -45.679061, 20.143674 -45.689191, 20.099615 -45.69932, 20.055556 -45.709449, 20.011498 -45.719578, 19.96744 -45.729706, 19.923383 -45.739835, 19.879327 -45.749963, 19.835271 -45.760091, 19.791216 -45.77022, 19.747161 -45.780348, 19.703107 -45.790476, 19.659666 -45.803241, 19.616618 -45.817426, 19.573571 -45.831611, 19.530525 -45.845796, 19.48748 -45.85998, 19.444436 -45.874164, 19.401393 -45.888348, 19.358351 -45.902531, 19.314566 -45.913874, 19.27046 -45.92372, 19.226354 -45.933565, 19.182249 -45.943411, 19.138144 -45.953257, 19.09404 -45.963102, 19.049936 -45.972947, 19.005833 -45.982793, 18.96173 -45.992638, 18.917628 -46.002483, 18.873526 -46.012328, 18.829815 -46.023955, 18.786959 -46.038712, 18.744104 -46.053468, 18.701251 -46.068224, 18.658399 -46.082979, 18.615548 -46.097734, 18.572698 -46.112489, 18.529849 -46.127243, 18.487001 -46.141997, 18.444154 -46.156751, 18.401308 -46.171504, 18.358463 -46.186257, 18.315619 -46.20101, 18.272776 -46.215762, 18.228343 -46.223735, 18.183824 -46.231165, 18.139305 -46.238595, 18.094787 -46.246024, 18.050269 -46.253454, 18.005751 -46.260883, 17.961234 -46.268313, 17.916717 -46.275742, 17.8722 -46.283171, 17.827683 -46.290601, 17.783167 -46.29803, 17.738651 -46.305459, 17.693686 -46.308765, 17.648613 -46.309021, 17.60354 -46.309276, 17.558467 -46.309531, 17.513394 -46.309786, 17.468321 -46.310041, 17.423248 -46.310296, 17.378175 -46.310551, 17.333102 -46.310806, 17.288029 -46.311062, 17.242956 -46.311317, 17.197883 -46.311572, 17.15281 -46.311827, 17.107737 -46.312082, 17.062664 -46.312337, 17.017671 -46.315152, 16.972724 -46.318683, 16.927777 -46.322214, 16.88283 -46.325744, 16.837884 -46.329275, 16.792938 -46.332806, 16.747992 -46.336337, 16.703046 -46.339867, 16.6581 -46.343398, 16.613321 -46.348761, 16.568903 -46.356751, 16.524485 -46.364742, 16.480067 -46.372732, 16.43565 -46.380723, 16.391233 -46.388713, 16.346816 -46.396704, 16.302399 -46.404694, 16.257983 -46.412684, 16.213567 -46.420674, 16.169151 -46.428665, 16.124735 -46.436655, 16.08032 -46.444645, 16.035905 -46.452635, 15.99149 -46.460625, 15.947258 -46.469645, 15.90306 -46.478841, 15.858863 -46.488037, 15.814666 -46.497232, 15.77047 -46.506428, 15.726274 -46.515623, 15.682078 -46.524819, 15.637883 -46.534014, 15.593688 -46.54321, 15.549493 -46.552405, 15.505299 -46.5616, 15.461105 -46.570795, 15.416897 -46.579993)",UNCF017,#02,MAR097,181,191,198,40,50,60,-100,-90,-80,3,12,586.4,584.1,10.4,11.7,14,6094,6889,8211,1.3202,3.9605,2.6403,2.2866,0.0025,3168,12,33,N,MAR,Leonard2014_Interplate,DS,W,6.04,6.09,6.31,6.62,6.72,17.4241,18.0306,17.7784,17.7159
efsm20_cf_top.105,"LINESTRING (71.443424 -5.224069, 71.408474 -5.313315, 71.375818 -5.410576, 71.343189 -5.507758, 71.314849 -5.617154, 71.291727 -5.737773, 71.268626 -5.858288, 71.245545 -5.978696, 71.222637 -6.099278, 71.200092 -6.220382, 71.177566 -6.341381, 71.15506 -6.462276, 71.129491 -6.577033, 71.096743 -6.672606, 71.06402 -6.768103, 71.03134 -6.863477)",SJCF008,#02,MAR121,216,229,238,40,50,60,-100,-90,-80,1.5,9.5,75.1,74.4,9.2,10.4,12.4,694,785,935,0.8319,2.4956,1.6637,1.4408,0.0062,1490,9.5,33,N,MAR,Leonard2014_Interplate,DS,W,5.91,5.96,6.18,6.49,6.59,16.28,16.8866,16.6343,16.5718
efsm20_cf_top.82,"LINESTRING (15.484303 -46.951607, 15.528447 -46.942422, 15.572742 -46.933206, 15.617038 -46.92399, 15.661334 -46.914774, 15.705631 -46.905557, 15.749928 -46.896341, 15.794225 -46.887124, 15.838523 -46.877907, 15.882821 -46.86869, 15.92712 -46.859474, 15.971419 -46.850257, 16.015718 -46.84104, 16.060148 -46.832531, 16.105061 -46.827449, 16.149974 -46.822368, 16.194887 -46.817286, 16.2398 -46.812205, 16.284713 -46.807123, 16.329626 -46.802042, 16.37454 -46.79696, 16.419454 -46.791879, 16.464368 -46.786797, 16.509282 -46.781716, 16.554196 -46.776634, 16.598953 -46.770214, 16.643574 -46.762835, 16.688196 -46.755455, 16.732818 -46.748075, 16.77744 -46.740695, 16.822062 -46.733315, 16.866685 -46.725935, 16.911308 -46.718555, 16.955931 -46.711175, 17.000554 -46.703795, 17.045178 -46.696415, 17.089802 -46.689035, 17.134791 -46.684716, 17.17992 -46.686911, 17.225049 -46.689106, 17.270178 -46.6913, 17.315307 -46.693495, 17.360436 -46.695689, 17.405565 -46.697884, 17.450694 -46.700078, 17.495823 -46.702273, 17.540952 -46.704467, 17.586081 -46.706662, 17.631219 -46.704701, 17.675909 -46.697759, 17.720599 -46.690817, 17.765289 -46.683876, 17.80998 -46.676934, 17.854671 -46.669992, 17.899362 -46.66305, 17.944053 -46.656108, 17.988745 -46.649166, 18.033437 -46.642224, 18.078129 -46.635282, 18.122821 -46.62834, 18.167514 -46.621397, 18.212207 -46.614455, 18.2569 -46.607513, 18.301593 -46.600571, 18.346287 -46.593628, 18.390981 -46.586686, 18.435675 -46.579744, 18.479177 -46.566898, 18.522278 -46.552625, 18.56538 -46.538353, 18.608483 -46.52408, 18.651587 -46.509806, 18.694692 -46.495533, 18.737798 -46.481259, 18.780905 -46.466984, 18.824013 -46.45271, 18.867122 -46.438435, 18.910232 -46.424159, 18.953343 -46.409884, 18.996455 -46.395608, 19.039688 -46.381739, 19.083395 -46.369647, 19.127103 -46.357554, 19.170812 -46.345461, 19.214522 -46.333368, 19.258232 -46.321274, 19.301943 -46.309181, 19.345655 -46.297087, 19.389367 -46.284993, 19.43316 -46.273223, 19.477029 -46.261771, 19.520898 -46.250319, 19.564768 -46.238866, 19.608639 -46.227414, 19.65251 -46.215961, 19.696382 -46.204508, 19.740255 -46.193055, 19.784128 -46.181602, 19.828002 -46.170148, 19.871877 -46.158695, 19.915752 -46.147241, 19.959647 -46.135872, 20.003585 -46.124689, 20.047523 -46.113505, 20.091462 -46.102321, 20.135402 -46.091137, 20.179342 -46.079953, 20.223283 -46.068768, 20.267225 -46.057584, 20.311167 -46.046399, 20.35511 -46.035214, 20.399054 -46.024029, 20.442998 -46.012844, 20.486943 -46.001658, 20.530889 -45.990473, 20.574835 -45.979287, 20.618782 -45.968101, 20.66273 -45.956915)",UNCF018,#02,MAR098,358,11,18,40,50,60,-100,-90,-80,3,12,587.7,585.3,10.4,11.7,14,6108,6905,8229,1.2379,3.7137,2.4758,2.1441,0.0026,2974,12,33,N,MAR,Leonard2014_Interplate,DS,W,6.04,6.09,6.31,6.62,6.72,17.3971,18.0037,17.7514,17.6889
efsm20_cf_top.83,"LINESTRING (43.767717 -28.541392, 43.725808 -28.564762, 43.683903 -28.58813, 43.642002 -28.611496, 43.600476 -28.636089, 43.558881 -28.660446, 43.515212 -28.676438, 43.471545 -28.692429, 43.428513 -28.711394, 43.387245 -28.736714, 43.347123 -28.76529, 43.306248 -28.791752, 43.263423 -28.81153, 43.220601 -28.831307, 43.177782 -28.851082, 43.136935 -28.87755, 43.099765 -28.912736, 43.062602 -28.947915, 43.025446 -28.983087, 42.988298 -29.018253, 42.951157 -29.053412, 42.914023 -29.088563, 42.869615 -29.099921, 42.824898 -29.108731, 42.779862 -29.103807, 42.735126 -29.095182, 42.69039 -29.086558, 42.645376 -29.081251, 42.601452 -29.095628, 42.557489 -29.109776, 42.513407 -29.123216, 42.469326 -29.136655, 42.424987 -29.148427, 42.380569 -29.159618, 42.336152 -29.170808, 42.291696 -29.182008)",UNCF019,#02,MAR099,173,199,216,40,50,60,-100,-90,-80,2,14.5,175.8,172.2,14.4,16.3,19.4,2538,2869,3420,1.2071,3.6214,2.4143,2.0908,0.0134,1975,14.5,33,N,MAR,Leonard2014_Interplate,DS,W,6.39,6.44,6.66,6.97,7.07,17.0048,17.6114,17.3591,17.2966
efsm20_cf_top.84,"LINESTRING (42.279206 -29.674691, 42.324769 -29.662118, 42.369318 -29.649825, 42.413868 -29.637531, 42.458446 -29.625415, 42.503125 -29.614, 42.547806 -29.602585, 42.592488 -29.591169, 42.637328 -29.580957, 42.681946 -29.592851, 42.726565 -29.604745, 42.77203 -29.605076, 42.817033 -29.596257, 42.862042 -29.587482, 42.907161 -29.579828, 42.952281 -29.572174, 42.997401 -29.564519, 43.041985 -29.55233, 43.07815 -29.514616, 43.114322 -29.476894, 43.150502 -29.439164, 43.18669 -29.401426, 43.222886 -29.36368, 43.25909 -29.325925, 43.301866 -29.304763, 43.344813 -29.28425, 43.387764 -29.263735, 43.430718 -29.243218, 43.472291 -29.21786, 43.513111 -29.190259, 43.553936 -29.162654, 43.597539 -29.144873, 43.641487 -29.128779, 43.684932 -29.110244, 43.726884 -29.086, 43.76884 -29.061753)",UNCF01A,#02,MAR100,351,18,39,40,50,60,-100,-90,-80,2,14.5,177.1,173,14.4,16.3,19.4,2556,2889,3443,1.0822,3.2465,2.1644,1.8744,0.0149,1973,14.5,33,N,MAR,Leonard2014_Interplate,DS,W,6.39,6.44,6.66,6.97,7.07,16.9603,17.5669,17.3146,17.2522
efsm20_cf_top.85,"LINESTRING (48.640381 -27.513159, 48.595694 -27.503656, 48.551008 -27.494153, 48.506266 -27.485296, 48.461505 -27.476665, 48.416745 -27.468033, 48.371986 -27.459402, 48.327136 -27.45192, 48.282057 -27.448844, 48.236978 -27.445769, 48.193543 -27.427412, 48.150203 -27.408569, 48.105653 -27.397808, 48.061004 -27.388023, 48.016356 -27.378238, 47.971446 -27.371669, 47.926473 -27.366135, 47.883351 -27.346298, 47.841905 -27.319697, 47.800465 -27.293098, 47.758388 -27.268837, 47.716083 -27.245489, 47.673783 -27.222142, 47.631487 -27.198799, 47.58675 -27.19004, 47.541648 -27.19222, 47.496546 -27.194399, 47.451453 -27.19692, 47.40638 -27.200138, 47.361307 -27.203356, 47.316234 -27.206573, 47.271326 -27.200065, 47.228808 -27.177799, 47.186294 -27.155535, 47.143783 -27.133273, 47.101276 -27.111012, 47.058773 -27.088754, 47.013661 -27.087176, 46.968539 -27.087857, 46.923417 -27.088537, 46.878403 -27.093204, 46.833701 -27.102226, 46.789 -27.111247, 46.744731 -27.124021, 46.702225 -27.146121, 46.659723 -27.168219, 46.615718 -27.182771, 46.571033 -27.191926, 46.526348 -27.201081, 46.481664 -27.210235, 46.436823 -27.217561, 46.391916 -27.223988, 46.34701 -27.230415, 46.302104 -27.236841, 46.257198 -27.243268, 46.212293 -27.249695, 46.168046 -27.262489, 46.127188 -27.290138, 46.086336 -27.317783, 46.04192 -27.329268, 45.997182 -27.337758, 45.952445 -27.346249, 45.912924 -27.377567, 45.874023 -27.410424, 45.835129 -27.443275, 45.796242 -27.47612, 45.754845 -27.50187, 45.710098 -27.510221, 45.665422 -27.51932, 45.620816 -27.529084, 45.576211 -27.538847, 45.532171 -27.552894, 45.488854 -27.570937, 45.446113 -27.591576, 45.404794 -27.61742, 45.36348 -27.643261, 45.322171 -27.669099, 45.280866 -27.694933, 45.239566 -27.720765, 45.194577 -27.725739, 45.149505 -27.728869, 45.104846 -27.738042, 45.060188 -27.747214, 45.016371 -27.762479, 44.974872 -27.787544, 44.933378 -27.812606, 44.891889 -27.837666, 44.849623 -27.859968, 44.806128 -27.876911, 44.762635 -27.893854, 44.719144 -27.910796, 44.675638 -27.927645, 44.632126 -27.944453, 44.588616 -27.961259, 44.545109 -27.978065, 44.501604 -27.99487, 44.457512 -28.008322, 44.41299 -28.01862, 44.368469 -28.028917, 44.324718 -28.044371, 44.281199 -28.061041, 44.2378 -28.078303, 44.194501 -28.096032, 44.151205 -28.11376, 44.107911 -28.131487, 44.069383 -28.164191, 44.030889 -28.196952, 43.989641 -28.222398, 43.944518 -28.221924, 43.899539 -28.226967, 43.855244 -28.238926, 43.81095 -28.250884, 43.766805 -28.262802)",UNCF01B,#02,MAR101,157,187,212,40,50,60,-100,-90,-80,2,14.5,562,545,14.4,16.3,19.4,8111,9170,10928,1.2994,3.8982,2.5988,2.2506,0.0194,2165,14.5,33,N,MAR,Leonard2014_Interplate,DS,W,6.39,6.44,6.66,6.97,7.07,17.5413,18.1479,17.8957,17.8332
efsm20_cf_top.93,"LINESTRING (54.285057 -34.820956, 54.241013 -34.838499, 54.196971 -34.856042, 54.152932 -34.873583, 54.108895 -34.891124, 54.064861 -34.908663, 54.021057 -34.927782, 53.977256 -34.946901, 53.933458 -34.966019, 53.889663 -34.985135, 53.845871 -35.00425, 53.802082 -35.023364, 53.758295 -35.042476, 53.714512 -35.061588, 53.670731 -35.080698, 53.625841 -35.071492, 53.581409 -35.057321, 53.536979 -35.043151, 53.492551 -35.028981, 53.448124 -35.014812, 53.403699 -35.000643, 53.359275 -34.986475, 53.31733 -34.958171, 53.275868 -34.927975, 53.234412 -34.897785, 53.190701 -34.87844, 53.145559 -34.874036, 53.100417 -34.869632, 53.055275 -34.865229, 53.010133 -34.860825, 52.964948 -34.857857, 52.919742 -34.856035, 52.874536 -34.854213, 52.829395 -34.849793, 52.784264 -34.845125, 52.739133 -34.840457, 52.693806 -34.835768)",UNCF01J,#02,MAR109,158,182,196,40,50,60,-100,-90,-80,2,14,181,176.9,13.9,15.7,18.7,2509,2836,3380,0.8818,2.6455,1.7636,1.5274,0.0145,2023,14,33,N,MAR,Leonard2014_Interplate,DS,W,6.35,6.4,6.62,6.93,7.03,16.8633,17.4699,17.2176,17.1552
efsm20_cf_top.116,"LINESTRING (81.469596 -5.6749, 81.51098 -5.563075, 81.552378 -5.451214, 81.593803 -5.339279, 81.635255 -5.22727, 81.67415 -5.077525, 81.712816 -4.924282, 81.751525 -4.770863, 81.790279 -4.617271)",GLCF009,#02,MAR132,24,28,32,40,50,60,-100,-90,-80,3.5,15,39.6,39.6,13.3,15,17.9,526,595,709,0.6177,1.8531,1.2354,1.0699,0.0013,3441,16.5,33,N,MAR,Leonard2014_Interplate,DS,W,6.3,6.35,6.57,6.88,6.98,16.0305,16.6371,16.3849,16.3224
efsm20_cf_top.86,"LINESTRING (43.7684 -28.7964, 43.813742 -28.784671, 43.857768 -28.773283, 43.901832 -28.76217, 43.945923 -28.751249, 43.990572 -28.746384, 44.035221 -28.74152, 44.079019 -28.728494, 44.122419 -28.713097, 44.166349 -28.700951, 44.210594 -28.691264, 44.254681 -28.680257, 44.289582 -28.641058, 44.324491 -28.60185, 44.362343 -28.568377, 44.406168 -28.555457, 44.449994 -28.542537, 44.493822 -28.529617, 44.537651 -28.516696, 44.581068 -28.50127, 44.624267 -28.484669, 44.667468 -28.468068, 44.710671 -28.451466, 44.753877 -28.434863, 44.797085 -28.418259, 44.84052 -28.402861, 44.885279 -28.405114, 44.930039 -28.407368, 44.974795 -28.405005, 45.017964 -28.388136, 45.061135 -28.371267, 45.104308 -28.354396, 45.147484 -28.337525, 45.18871 -28.312699, 45.226335 -28.278216, 45.263967 -28.243726, 45.308486 -28.236779, 45.353114 -28.231428, 45.396948 -28.218344, 45.440236 -28.201971, 45.483526 -28.185597, 45.525522 -28.163395, 45.564428 -28.13172, 45.60334 -28.100039, 45.642259 -28.068353, 45.682529 -28.040306, 45.727091 -28.033898, 45.771653 -28.02749, 45.816216 -28.021082, 45.860779 -28.014674, 45.904097 -27.998335, 45.945533 -27.9739, 45.985176 -27.94392, 46.024825 -27.913935, 46.06448 -27.883946, 46.104141 -27.853952, 46.146852 -27.834511, 46.191447 -27.828548, 46.235493 -27.816831, 46.27625 -27.789981, 46.317012 -27.763127, 46.359964 -27.744751, 46.404558 -27.738751, 46.449153 -27.732751, 46.493748 -27.726751, 46.538343 -27.72075, 46.582939 -27.71475, 46.627535 -27.70875, 46.672167 -27.703339, 46.71684 -27.698672, 46.761513 -27.694005, 46.805481 -27.681552, 46.847151 -27.657562, 46.888825 -27.633569, 46.931833 -27.615275, 46.975477 -27.600542, 47.019016 -27.615929, 47.061222 -27.637916, 47.103432 -27.659904, 47.145645 -27.681894, 47.187862 -27.703887, 47.230083 -27.725881, 47.274824 -27.728826, 47.319528 -27.724834, 47.364232 -27.720841, 47.409015 -27.720049, 47.453707 -27.724347, 47.498399 -27.728645, 47.541824 -27.744871, 47.584234 -27.766205, 47.626647 -27.787542, 47.669064 -27.80888, 47.711484 -27.830221, 47.754366 -27.849434, 47.798376 -27.861789, 47.842387 -27.874144, 47.886895 -27.881576, 47.931502 -27.887554, 47.976101 -27.893664, 48.020518 -27.902242, 48.064651 -27.913638, 48.10775 -27.931871, 48.150852 -27.950105, 48.195065 -27.960818, 48.239776 -27.964701, 48.284487 -27.968585, 48.329089 -27.974691, 48.373499 -27.983402, 48.41791 -27.992112, 48.462322 -28.000823, 48.506809 -28.008616, 48.551451 -28.014029, 48.596094 -28.019442)",UNCF01C,#02,MAR102,341,7,40,40,50,60,-100,-90,-80,2,14,557.9,540.1,13.9,15.7,18.7,7731,8740,10415,1.0645,3.1936,2.1291,1.8438,0.0205,2189,14,33,N,MAR,Leonard2014_Interplate,DS,W,6.35,6.4,6.62,6.93,7.03,17.4339,18.0405,17.7882,17.7257
efsm20_cf_top.87,"LINESTRING (49.63262 -28.279589, 49.590471 -28.256985, 49.548326 -28.234383, 49.50581 -28.213522, 49.462055 -28.200058, 49.418302 -28.186593, 49.37455 -28.17313, 49.333452 -28.146447, 49.294299 -28.113617, 49.255153 -28.080793, 49.216015 -28.047975, 49.176185 -28.017192, 49.134227 -27.993974, 49.092273 -27.970759, 49.050323 -27.947546, 49.008377 -27.924336, 48.966728 -27.899931, 48.926257 -27.871317, 48.885792 -27.842707, 48.84381 -27.819727, 48.801007 -27.800583, 48.758207 -27.781439, 48.715215 -27.763328, 48.671376 -27.750731, 48.627543 -27.738135)",UNCF01D,#02,MAR103,152,161,170,40,50,60,-100,-90,-80,2.5,14.5,119.1,118.5,13.9,15.7,18.7,1650,1865,2223,1.3926,4.1777,2.7851,2.412,0.0031,2454,14.5,33,N,MAR,Leonard2014_Interplate,DS,W,6.35,6.4,6.62,6.93,7.03,16.8798,17.4864,17.2341,17.1717
efsm20_cf_top.88,"LINESTRING (48.575512 -28.283938, 48.62038 -28.295885, 48.664906 -28.311018, 48.708665 -28.330632, 48.751804 -28.353202, 48.79317 -28.382445, 48.834543 -28.411692, 48.877483 -28.435174, 48.920776 -28.457128, 48.963187 -28.482778, 49.00488 -28.511055, 49.046579 -28.539335, 49.087774 -28.569301, 49.127868 -28.602593, 49.167969 -28.635891, 49.208077 -28.669195, 49.250722 -28.694074, 49.295413 -28.708226, 49.340106 -28.722379, 49.3848 -28.736533, 49.429496 -28.750687, 49.472493 -28.774207, 49.515413 -28.798082, 49.559601 -28.815649, 49.604747 -28.825919, 49.649894 -28.836189)",UNCF01E,#02,MAR104,333,343,353,40,50,60,-100,-90,-80,2.5,14.5,126.9,126,13.9,15.7,18.7,1758,1987,2368,0.9686,2.9057,1.9371,1.6776,0.0041,2376,14.5,33,N,MAR,Leonard2014_Interplate,DS,W,6.35,6.4,6.62,6.93,7.03,16.7496,17.3562,17.1039,17.0414
efsm20_cf_top.89,"LINESTRING (52.018406 -29.741915, 51.973546 -29.74769, 51.928704 -29.741565, 51.884221 -29.730539, 51.839329 -29.725462, 51.794345 -29.723548, 51.749361 -29.721635, 51.704377 -29.719721, 51.659393 -29.717807, 51.614405 -29.716149, 51.569403 -29.716121, 51.524401 -29.716093, 51.479399 -29.716066, 51.434397 -29.716038, 51.389395 -29.71601, 51.344393 -29.715982, 51.299391 -29.715954, 51.254396 -29.714733, 51.20961 -29.707734, 51.164824 -29.700736, 51.120039 -29.693737, 51.075202 -29.687615, 51.030347 -29.681865, 50.98578 -29.671945, 50.942755 -29.651002, 50.899734 -29.63006, 50.85739 -29.605917, 50.820855 -29.564314, 50.784329 -29.522723, 50.747813 -29.481143, 50.711307 -29.439573, 50.676225 -29.395082, 50.641393 -29.350139, 50.606571 -29.305209, 50.571759 -29.260293, 50.536958 -29.21539, 50.500481 -29.173943, 50.463651 -29.133305, 50.426831 -29.092677, 50.391565 -29.048817, 50.357171 -29.003316, 50.330437 -28.946595, 50.303713 -28.889894, 50.276999 -28.833214, 50.244178 -28.785056, 50.201123 -28.764597, 50.158071 -28.74414, 50.115023 -28.723684, 50.071108 -28.708379, 50.026439 -28.699873, 49.981771 -28.691367, 49.938449 -28.672439, 49.897162 -28.64464, 49.855729 -28.617388, 49.812928 -28.595836, 49.770131 -28.574286, 49.727338 -28.552738, 49.684548 -28.531192, 49.642023 -28.509779)",UNCF01F,#02,MAR105,128,164,187,40,50,60,-100,-90,-80,2.5,14.5,290.2,278,13.9,15.7,18.7,4021,4546,5418,1.2023,3.6069,2.4046,2.0824,0.0269,2735,14.5,33,N,MAR,Leonard2014_Interplate,DS,W,6.35,6.4,6.62,6.93,7.03,17.2029,17.8094,17.5572,17.4947
efsm20_cf_top.90,"LINESTRING (49.665187 -29.133444, 49.707231 -29.148908, 49.750844 -29.16495, 49.792754 -29.189587, 49.834171 -29.216167, 49.876064 -29.240916, 49.92045 -29.250687, 49.964837 -29.260458, 50.009224 -29.27023, 50.050162 -29.29867, 50.073869 -29.357939, 50.107381 -29.404348, 50.140903 -29.450772, 50.174436 -29.497209, 50.207979 -29.543661, 50.242687 -29.588009, 50.27766 -29.631878, 50.312642 -29.675761, 50.347634 -29.719656, 50.383262 -29.762309, 50.419035 -29.804697, 50.454818 -29.847096, 50.490653 -29.889418, 50.526676 -29.931374, 50.562708 -29.973342, 50.59875 -30.015321, 50.635167 -30.056522, 50.673324 -30.093634, 50.71149 -30.130754, 50.753988 -30.153292, 50.796632 -30.175157, 50.839222 -30.197303, 50.881802 -30.219517, 50.924385 -30.241734, 50.966972 -30.263952, 51.011798 -30.263277, 51.056623 -30.262447, 51.10145 -30.261951, 51.146065 -30.268921, 51.19068 -30.275892, 51.235295 -30.282862, 51.280085 -30.285847, 51.324915 -30.285847, 51.369745 -30.285847, 51.414575 -30.285847, 51.459405 -30.285847, 51.504235 -30.285847, 51.549065 -30.285847, 51.593895 -30.285847, 51.638721 -30.286602, 51.683535 -30.288459, 51.728349 -30.290315, 51.773163 -30.292172, 51.817977 -30.294028, 51.862615 -30.300703, 51.906921 -30.311757, 51.951504 -30.31939, 51.996249 -30.314938, 52.040994 -30.310485)",UNCF01G,#02,MAR106,304,345,6,40,50,60,-100,-90,-80,2.5,14.5,288.9,276.8,13.9,15.7,18.7,4004,4526,5394,1.107,3.3211,2.2141,1.9174,0.027,2578,14.5,33,N,MAR,Leonard2014_Interplate,DS,W,6.35,6.4,6.62,6.93,7.03,17.1651,17.7717,17.5194,17.457
efsm20_cf_top.91,"LINESTRING (52.408406 -30.963993, 52.363974 -30.962471, 52.319542 -30.96095, 52.27511 -30.959428, 52.230729 -30.963251, 52.186353 -30.967198, 52.141977 -30.971146, 52.097606 -30.975093)",UNCF01H,#02,MAR107,177,180,182,40,50,60,-100,-90,-80,3,14,34.6,34.6,12.7,14.4,17.1,439,497,592,1.658,4.9741,3.3161,2.8718,0.0004,2882,14,33,N,MAR,Leonard2014_Interplate,DS,W,6.26,6.31,6.53,6.84,6.94,16.3809,16.9875,16.7352,16.6728
efsm20_cf_top.92,"LINESTRING (52.120194 -31.561707, 52.163247 -31.557315, 52.206293 -31.552923, 52.24934 -31.548532, 52.292408 -31.552359, 52.335405 -31.557912, 52.378413 -31.552593, 52.421421 -31.547273, 52.46443 -31.541954)",UNCF01I,#02,MAR108,354,1,3,40,50,60,-100,-90,-80,3,14,38.4,38.3,12.7,14.4,17.1,487,551,657,0.6651,1.9954,1.3303,1.152,0.0011,3162,14,33,N,MAR,Leonard2014_Interplate,DS,W,6.26,6.31,6.53,6.84,6.94,16.0292,16.6358,16.3836,16.3211
efsm20_cf_top.94,"LINESTRING (52.707599 -35.439964, 52.752344 -35.445618, 52.797227 -35.451289, 52.84211 -35.45696, 52.887099 -35.459476, 52.932099 -35.461339, 52.977099 -35.463202, 53.019282 -35.48931, 53.061105 -35.516998, 53.102933 -35.54469, 53.144767 -35.572386, 53.186607 -35.600085, 53.228581 -35.62724, 53.272773 -35.641568, 53.316967 -35.655897, 53.361162 -35.670227, 53.405359 -35.684556, 53.449557 -35.698887, 53.493757 -35.713218, 53.537959 -35.727549, 53.582162 -35.741881, 53.626504 -35.728806, 53.670055 -35.709599, 53.713609 -35.690391, 53.757166 -35.671181, 53.800726 -35.651971, 53.844288 -35.632759, 53.887839 -35.61345, 53.931364 -35.593955, 53.974892 -35.574459, 54.018423 -35.554962, 54.061957 -35.535463, 54.105494 -35.515963, 54.149034 -35.496462, 54.192773 -35.478288, 54.236635 -35.460969, 54.280499 -35.44365, 54.324365 -35.42633)",UNCF01K,#02,MAR110,340,2,17,40,50,60,-100,-90,-80,2,14,185.2,179.8,13.9,15.7,18.7,2566,2901,3457,1.2172,3.6516,2.4344,2.1083,0.0188,1945,14,33,N,MAR,Leonard2014_Interplate,DS,W,6.35,6.4,6.62,6.93,7.03,17.0131,17.6197,17.3674,17.305
efsm20_cf_top.95,"LINESTRING (55.802783 -34.571679, 55.758022 -34.587566, 55.713515 -34.605552, 55.672085 -34.63954, 55.630662 -34.673521, 55.587168 -34.69803, 55.543406 -34.720966, 55.499648 -34.7439, 55.455894 -34.766831, 55.412303 -34.790688, 55.369016 -34.816177, 55.325734 -34.841663, 55.282457 -34.867147, 55.238283 -34.887308, 55.193973 -34.906517, 55.149666 -34.925725, 55.105361 -34.944932, 55.059781 -34.949195, 55.015947 -34.926983, 54.972117 -34.904772, 54.927249 -34.91936, 54.884525 -34.947299, 54.840439 -34.967849, 54.794945 -34.974264, 54.749525 -34.982089, 54.706818 -35.009986, 54.664117 -35.037879, 54.620904 -35.063278, 54.575926 -35.076695, 54.53095 -35.090112, 54.485975 -35.103528, 54.441393 -35.120373, 54.397033 -35.138853, 54.352676 -35.157332, 54.308903 -35.175567)",UNCF01L,#02,MAR111,165,195,206,40,50,60,-100,-90,-80,2,15,172.5,170.5,15,17,20.2,2589,2927,3489,0.9908,2.9725,1.9817,1.7162,0.0074,1772,15.5,33,N,MAR,Leonard2014_Interplate,DS,W,6.44,6.49,6.71,7.02,7.12,16.9277,17.5343,17.282,17.2196
efsm20_cf_top.96,"LINESTRING (54.353843 -35.799611, 54.397884 -35.78199, 54.441336 -35.764605, 54.48479 -35.747219, 54.528247 -35.729831, 54.571928 -35.71419, 54.615838 -35.700567, 54.65975 -35.686944, 54.703663 -35.67332, 54.74697 -35.65475, 54.788367 -35.625914, 54.83028 -35.599385, 54.874862 -35.602333, 54.919341 -35.608338, 54.9636 -35.618108, 55.00786 -35.627878, 55.052159 -35.637097, 55.094321 -35.61162, 55.136488 -35.58614, 55.17866 -35.560657, 55.221716 -35.54018, 55.265102 -35.521952, 55.308491 -35.503722, 55.351882 -35.485492, 55.394719 -35.463557, 55.437069 -35.438841, 55.479424 -35.414123, 55.521783 -35.389402, 55.564372 -35.365922, 55.607114 -35.343302, 55.64986 -35.32068, 55.69261 -35.298055, 55.735364 -35.275429, 55.777037 -35.247118, 55.81735 -35.213122, 55.86031 -35.191691, 55.904081 -35.176307)",UNCF01M,#02,MAR112,355,15,27,40,50,60,-100,-90,-80,2,15,178.7,176.9,15,17,20.2,2682,3032,3613,1.1095,3.3285,2.219,1.9217,0.0064,1783,15.5,33,N,MAR,Leonard2014_Interplate,DS,W,6.44,6.49,6.71,7.02,7.12,16.9921,17.5987,17.3464,17.2839
efsm20_cf_top.97,"LINESTRING (56.879357 -33.656005, 56.835556 -33.672922, 56.791757 -33.689837, 56.748586 -33.711444, 56.70741 -33.743464, 56.666871 -33.77804, 56.630559 -33.82566, 56.594934 -33.874919, 56.563081 -33.932025, 56.531241 -33.989107, 56.490099 -34.021082, 56.446251 -34.037404, 56.407108 -34.076685, 56.367974 -34.115956, 56.32885 -34.155218, 56.285364 -34.174372, 56.240738 -34.180729, 56.196112 -34.187086, 56.151895 -34.19966, 56.107817 -34.213695, 56.06374 -34.227729, 56.019797 -34.24303, 55.976671 -34.264498, 55.933549 -34.285964, 55.88975 -34.302486, 55.845257 -34.311272, 55.800764 -34.320058, 55.756319 -34.328835)",UNCF01N,#02,MAR113,186,199,225,40,50,60,-100,-90,-80,1.5,15,134.4,131.6,15.6,17.6,21,2095,2368,2823,1.0664,3.1992,2.1328,1.8471,0.0134,1623,17,33,N,MAR,Leonard2014_Interplate,DS,W,6.48,6.53,6.75,7.06,7.16,16.8676,17.4742,17.2219,17.1595
efsm20_cf_top.98,"LINESTRING (55.863399 -34.963038, 55.907731 -34.953336, 55.95201 -34.943645, 55.9957 -34.927542, 56.038672 -34.906123, 56.081648 -34.884703, 56.125195 -34.867358, 56.169109 -34.853268, 56.213025 -34.839179, 56.257278 -34.82905, 56.301726 -34.822201, 56.346174 -34.815353, 56.390423 -34.805136, 56.43433 -34.790881, 56.478239 -34.776625, 56.522149 -34.762368, 56.562273 -34.727005, 56.600729 -34.685955, 56.639373 -34.645447, 56.680678 -34.614789, 56.721989 -34.584126, 56.763307 -34.553458, 56.802403 -34.514243, 56.835683 -34.459965, 56.868977 -34.405667, 56.902283 -34.351346, 56.935603 -34.297004)",UNCF01O,#02,MAR114,6,20,43,40,50,60,-100,-90,-80,1.5,15,129,126.1,15.6,17.6,21,2011,2273,2709,1.0244,3.0732,2.0488,1.7743,0.0145,1667,16.5,33,N,MAR,Leonard2014_Interplate,DS,W,6.48,6.53,6.75,7.06,7.16,16.8323,17.4389,17.1866,17.1241
efsm20_cf_top.99,"LINESTRING (57.275594 -33.16639, 57.228232 -33.172071, 57.18087 -33.177752, 57.133508 -33.183433, 57.086793 -33.198883, 57.040187 -33.215393, 56.993582 -33.231892, 56.946519 -33.243148, 56.89925 -33.250995, 56.851957 -33.258846)",UNCF01P,#02,MAR115,184,187,191,40,50,60,-100,-90,-80,1.5,15,47.5,47.4,15.6,17.6,21,740,837,998,1.1391,3.4172,2.2781,1.9729,0.0009,1513,17.5,33,N,MAR,Leonard2014_Interplate,DS,W,6.48,6.53,6.75,7.06,7.16,16.4446,17.0512,16.7989,16.7364
efsm20_cf_top.100,"LINESTRING (56.897774 -33.913875, 56.945233 -33.906547, 56.992727 -33.899212, 57.040045 -33.888681, 57.086868 -33.8723, 57.133693 -33.855919, 57.18052 -33.839537, 57.228034 -33.832603, 57.275594 -33.82681)",UNCF01Q,#02,MAR116,4,8,12,40,50,60,-100,-90,-80,1.5,15,42.4,42.3,15.6,17.6,21,661,747,890,0.973,2.9189,1.9459,1.6852,0.0008,1680,17.5,33,N,MAR,Leonard2014_Interplate,DS,W,6.48,6.53,6.75,7.06,7.16,16.3267,16.9333,16.681,16.6186
efsm20_cf_top.101,"LINESTRING (70.96525 -10.876848, 70.927202 -10.94458, 70.889173 -11.012279, 70.851163 -11.079944, 70.813171 -11.147576, 70.775634 -11.217394, 70.738858 -11.290724, 70.702102 -11.364012, 70.665367 -11.43726, 70.628652 -11.510467, 70.591034 -11.579246, 70.552787 -11.644679, 70.514558 -11.710081, 70.47635 -11.775448)",SJCF004,#02,MAR117,212,213,216,40,50,60,-100,-90,-80,1,11,63.6,63.6,11.5,13.1,15.6,735,830,990,0.6626,1.9879,1.3252,1.1477,0.0002,1125,11,33,N,MAR,Leonard2014_Interplate,DS,W,6.15,6.2,6.42,6.73,6.83,16.2058,16.8124,16.5601,16.4976
efsm20_cf_top.102,"LINESTRING (70.64965 -12.734352, 70.687838 -12.668807, 70.726028 -12.603257, 70.764236 -12.537677, 70.802462 -12.472067, 70.839143 -12.39863, 70.875826 -12.325069, 70.91253 -12.251467, 70.949254 -12.177823, 70.986484 -12.106456, 71.024473 -12.03883, 71.06248 -11.97117, 71.100506 -11.903477, 71.13855 -11.835752)",SJCF005,#02,MAR118,27,28,31,40,50,60,-100,-90,-80,1,11,63.5,63.4,11.5,13.1,15.6,733,829,987,0.9304,2.7913,1.8609,1.6116,0.0003,996,11,33,N,MAR,Leonard2014_Interplate,DS,W,6.15,6.2,6.42,6.73,6.83,16.3522,16.9588,16.7065,16.6441
efsm20_cf_top.103,"LINESTRING (71.697817 -10.85624, 71.658665 -10.928063, 71.619533 -10.999849, 71.580421 -11.071597, 71.541329 -11.143309, 71.502258 -11.214984, 71.464013 -11.290808, 71.42611 -11.368173, 71.38823 -11.445492, 71.350372 -11.522765, 71.312536 -11.599992, 71.273601 -11.671542, 71.234324 -11.741112, 71.195067 -11.810648, 71.155824 -11.880158)",SJCF006,#02,MAR119,212,213,216,40,50,60,-100,-90,-80,1.5,10,70.4,70.3,9.8,11.1,13.2,691,781,930,0.6626,1.9879,1.3252,1.1477,0.0002,1593,10,33,N,MAR,Leonard2014_Interplate,DS,W,5.98,6.03,6.25,6.56,6.66,16.179,16.7856,16.5333,16.4708
efsm20_cf_top.106,"LINESTRING (71.21145 -7.867121, 71.248613 -7.782227, 71.281597 -7.681469, 71.314609 -7.580628, 71.347648 -7.479703, 71.380715 -7.378694, 71.413809 -7.277599, 71.439452 -7.156912, 71.46318 -7.032262, 71.486929 -6.907498, 71.5107 -6.782619, 71.534493 -6.657626, 71.558092 -6.532117, 71.581547 -6.406186, 71.605023 -6.280139, 71.638882 -6.180397)",SJCF009,#02,MAR122,35,50,57,40,50,60,-100,-90,-80,1.5,9,77.1,76.3,8.7,9.8,11.7,667,754,899,0.9592,2.8776,1.9184,1.6614,0.006,1598,9,33,N,MAR,Leonard2014_Interplate,DS,W,5.84,5.89,6.11,6.42,6.52,16.3248,16.9314,16.6791,16.6166
efsm20_cf_top.107,"LINESTRING (78.079006 8.510865, 78.034116 8.517167, 77.989226 8.523468, 77.944337 8.52977, 77.899448 8.536071, 77.854559 8.542373, 77.80967 8.548675, 77.764781 8.554976, 77.719892 8.561278, 77.674997 8.556106, 77.630185 8.54232, 77.585373 8.528534, 77.540562 8.514747, 77.495752 8.500961, 77.450947 8.486844, 77.406181 8.470413, 77.361416 8.453982, 77.316652 8.437552, 77.271889 8.421122, 77.227127 8.404692, 77.182366 8.388263, 77.137606 8.371834, 77.092847 8.355405, 77.048089 8.338977, 77.003332 8.322549, 76.958562 8.306885, 76.913671 8.301404, 76.86878 8.295923, 76.823889 8.290442, 76.778998 8.284962, 76.734107 8.279481, 76.689216 8.274, 76.644325 8.268519, 76.599434 8.263038, 76.554543 8.257557, 76.509653 8.252077, 76.464763 8.246596, 76.419875 8.240803, 76.374993 8.23403, 76.330111 8.227257, 76.28523 8.220484, 76.240349 8.213711, 76.195468 8.206938, 76.150587 8.200165, 76.105691 8.204639, 76.060855 8.215293, 76.016019 8.225947, 75.971184 8.2366, 75.926349 8.247254, 75.881515 8.257907, 75.836681 8.26856, 75.791848 8.279213, 75.747158 8.297228, 75.703511 8.340098, 75.659872 8.382961, 75.61624 8.425816, 75.572615 8.468665, 75.528997 8.511506, 75.485386 8.554341, 75.441782 8.597168, 75.399397 8.656128, 75.357664 8.721833, 75.315946 8.787513, 75.274244 8.853169, 75.232558 8.9188, 75.190887 8.984406, 75.149232 9.049988, 75.107593 9.115546, 75.06597 9.181077, 75.024363 9.246582, 74.981627 9.299916, 74.93785 9.338536, 74.894079 9.377151, 74.850314 9.415761, 74.806555 9.454365, 74.762803 9.492964, 74.719057 9.531557, 74.675318 9.570144, 74.631585 9.608725, 74.587858 9.647301, 74.543433 9.672, 74.499004 9.696528, 74.454578 9.721054, 74.410155 9.745578, 74.365734 9.770101, 74.321316 9.794622, 74.276901 9.819142, 74.232212 9.835471, 74.187308 9.832819, 74.142404 9.830167, 74.0975 9.827516, 74.052596 9.824864, 74.007693 9.822212, 73.96279 9.81956, 73.917887 9.816909, 73.872984 9.814257, 73.828715 9.787092, 73.786543 9.731728, 73.744383 9.676382, 73.702236 9.621051, 73.660102 9.565738, 73.617981 9.510442, 73.575873 9.455162, 73.533778 9.3999, 73.491872 9.343003, 73.460387 9.230413, 73.428931 9.11793, 73.397505 9.005552, 73.366108 8.893279, 73.336199 8.776351, 73.309402 8.650774, 73.282632 8.525323, 73.255889 8.399998, 73.229173 8.274798, 73.202484 8.149724, 73.175821 8.024775, 73.149185 7.89995, 73.122575 7.775249, 73.095991 7.650671, 73.069434 7.526216, 73.044123 7.398923, 73.020598 7.267842, 72.997095 7.13689, 72.973615 7.006065, 72.950158 6.875366, 72.926724 6.744795, 72.903313 6.61435, 72.879924 6.484032, 72.856558 6.353839, 72.833214 6.223772, 72.809893 6.093829, 72.786594 5.964011, 72.763317 5.834317, 72.740063 5.704747, 72.71683 5.575301, 72.69362 5.445977, 72.670432 5.316776, 72.647266 5.187698, 72.624121 5.058742, 72.600999 4.929907, 72.577898 4.801195, 72.55482 4.672604, 72.531763 4.544136, 72.508728 4.415789, 72.485715 4.287563, 72.462723 4.159458, 72.439753 4.031472, 72.416805 3.903607, 72.393878 3.775862, 72.370972 3.648236, 72.348088 3.520728, 72.325225 3.393339, 72.302383 3.266068, 72.279897 3.138266, 72.261781 3.003321, 72.24368 2.868488, 72.225594 2.733767, 72.207523 2.599156, 72.189467 2.464656, 72.171085 2.330761, 72.148098 2.204835, 72.125131 2.079026, 72.102186 1.953332, 72.079262 1.827753, 72.056359 1.70229, 72.033476 1.576942, 72.010615 1.451707, 71.987774 1.326586, 71.964954 1.201579, 71.942155 1.076685, 71.919377 0.951905, 71.896619 0.827238, 71.873881 0.702683, 71.851657 0.577322, 71.830837 0.449646, 71.810034 0.322081, 71.78925 0.194626, 71.768483 0.067282, 71.747735 -0.059953, 71.727004 -0.187077, 71.706292 -0.314092, 71.685597 -0.440997, 71.66492 -0.567793, 71.644261 -0.694481, 71.623619 -0.82106, 71.602995 -0.947532, 71.582388 -1.073895, 71.561799 -1.200152, 71.541228 -1.326301, 71.521182 -1.453155, 71.501476 -1.580413, 71.481787 -1.707567, 71.462114 -1.834614, 71.442458 -1.961556, 71.422818 -2.088393, 71.403194 -2.215124, 71.383586 -2.341751, 71.363995 -2.468274, 71.344811 -2.595279, 71.327227 -2.724411, 71.309657 -2.853444, 71.2921 -2.982377, 71.274556 -3.111212, 71.257026 -3.239948, 71.240204 -3.369483, 71.236776 -3.508704, 71.233348 -3.6479, 71.229921 -3.787072, 71.226495 -3.92622, 71.223069 -4.065343, 71.219566 -4.207621)",UNCF01R,#02,MAR123,152,207,272,40,50,60,-100,-90,-80,2.5,10.5,1048.8,845.3,9.2,10.4,12.4,9688,10953,13053,0.6888,2.0664,1.3776,1.193,0.1247,2259,10.5,33,N,MAR,Leonard2014_Interplate,DS,W,5.91,5.96,6.18,6.49,6.59,17.3429,17.9494,17.6972,17.6347
efsm20_cf_top.117,"LINESTRING (82.188891 -2.691175, 82.146182 -2.821718, 82.103507 -2.952156, 82.060866 -3.08249, 82.018258 -3.212721, 81.975685 -3.342849, 81.934333 -3.491121, 81.893091 -3.640209, 81.851892 -3.78914, 81.811586 -3.949021, 81.771883 -4.115402, 81.732221 -4.281608)",GLCF00A,#02,MAR133,202,206,212,40,50,60,-100,-90,-80,3.5,15,56.6,56.5,13.3,15,17.9,751,850,1012,0.5302,1.5907,1.0605,0.9184,0.0013,3616,15.5,33,N,MAR,Leonard2014_Interplate,DS,W,6.3,6.35,6.57,6.88,6.98,16.1189,16.7255,16.4732,16.4107
efsm20_cf_top.118,"LINESTRING (82.097793 -5.849767, 82.13724 -5.722602, 82.17672 -5.595331, 82.216232 -5.467957, 82.255776 -5.34048, 82.295352 -5.2129, 82.33496 -5.085217, 82.374063 -4.948401, 82.412625 -4.802455, 82.451226 -4.656363)",GLCF00B,#02,MAR134,25,27,28,40,50,60,-100,-90,-80,4,15,43.2,43.2,12.7,14.4,17.1,548,620,739,0.611,1.833,1.222,1.0583,0.0001,4037,17,33,N,MAR,Leonard2014_Interplate,DS,W,6.26,6.31,6.53,6.84,6.94,16.0435,16.6501,16.3978,16.3354
efsm20_cf_top.122,"LINESTRING (70.760219 -13.396713, 70.719764 -13.457515, 70.679325 -13.518292, 70.637871 -13.572338, 70.594923 -13.614352, 70.551984 -13.656358, 70.509054 -13.698354, 70.466133 -13.740342, 70.42378 -13.787114, 70.382348 -13.840634, 70.340929 -13.894136, 70.299524 -13.947622, 70.264357 -14.031568, 70.23861 -14.141349, 70.212885 -14.251038, 70.187182 -14.360634, 70.153729 -14.450037, 70.114557 -14.516132, 70.074373 -14.576627, 70.033338 -14.631853, 69.992317 -14.687059, 69.95131 -14.742246, 69.910317 -14.797414, 69.869338 -14.852564, 69.828372 -14.907695, 69.787421 -14.962808, 69.745797 -15.013419, 69.703968 -15.062499, 69.662151 -15.111566, 69.620346 -15.160619, 69.578553 -15.209657, 69.536772 -15.258682, 69.495002 -15.307692, 69.453099 -15.355673, 69.411054 -15.402538, 69.36902 -15.449392, 69.326997 -15.496233, 69.284985 -15.543062, 69.242984 -15.589879, 69.200994 -15.636683, 69.159103 -15.684104, 69.11726 -15.731769, 69.075429 -15.779421, 69.033609 -15.82706, 68.991801 -15.874686, 68.949668 -15.919944, 68.906521 -15.956969, 68.863381 -15.993987, 68.820248 -16.030999, 68.777188 -16.067949)",GLCF00D,#02,MAR041,197,205,235,40,50,60,-100,-90,-80,1.5,12,246,243.2,12.1,13.7,16.3,2983,3372,4019,0.6626,1.9879,1.3252,1.1477,0.0074,1262,12,33,N,MAR,Leonard2014_Interplate,DS,W,6.21,6.26,6.48,6.79,6.89,16.8144,17.421,17.1687,17.1062
efsm20_cf_top.123,"LINESTRING (44.435646 6.924362, 44.463146 6.875568, 44.492509 6.82893, 44.522923 6.78361, 44.55455 6.739932, 44.587178 6.697704, 44.620176 6.65602, 44.656347 6.619882, 44.697783 6.597526, 44.741171 6.584394, 44.784915 6.573851, 44.82878 6.564351, 44.872665 6.55503, 44.916258 6.543284, 44.958875 6.525789, 45.000223 6.502997, 45.041321 6.478327)",FRCF000,#03,00000_1,310,334,353,65,55,45,-90,-90,-90,0,10,79,76,14.1,12.2,11,1117,964,872,0.7,0.9,0.8,0.7937,0.0216,-1969,44.5,33,N,INT,Leonard2014_Interplate,DS,W,6.08,6.13,6.35,6.66,6.76,16.4117,16.413,16.4058,16.4024
efsm20_cf_top.356,"LINESTRING (37.586852 -1.639444, 37.621371 -1.598343, 37.65342 -1.554173, 37.67682 -1.50204, 37.696793 -1.447662)",ESCF00C,#07,PF_3,42,53,64,79,90,90,0,0,0,0,8,21.1,20.8,8,8,8.1,169,169,172,0.04,0.16,0.1,0.08,0,-356,25.5,33,LL,INT,Leonard2014_Interplate,SS,W,5.71,5.76,5.98,6.29,6.39,14.348,14.9578,14.7459,14.649
efsm20_cf_top.108,"LINESTRING (71.456326 -5.240818, 71.485236 -5.127254, 71.51331 -5.016975, 71.541409 -4.906597, 71.569533 -4.79612, 71.583491 -4.66121, 71.591145 -4.521258, 71.598801 -4.38125, 71.606461 -4.241188, 71.614124 -4.101072, 71.62179 -3.9609, 71.628825 -3.82034, 71.635845 -3.67972, 71.642868 -3.539049, 71.649894 -3.398328, 71.65933 -3.258979, 71.679141 -3.130993, 71.698969 -3.0029, 71.718813 -2.874699, 71.738674 -2.746391, 71.758551 -2.617973, 71.778446 -2.489448, 71.798357 -2.360814, 71.818285 -2.232071, 71.83823 -2.103218, 71.85895 -1.975491, 71.879759 -1.847772, 71.900586 -1.719941, 71.921432 -1.592, 71.942295 -1.463945, 71.963178 -1.335779, 71.984078 -1.207499, 72.004997 -1.079107, 72.025934 -0.950601, 72.04689 -0.821981, 72.067865 -0.693248, 72.088858 -0.564401, 72.109869 -0.435438, 72.1309 -0.306362, 72.151949 -0.17717, 72.173723 -0.049113, 72.196591 0.077044, 72.219479 0.203318, 72.242388 0.329709, 72.265319 0.456217, 72.288271 0.582842, 72.311244 0.709586, 72.334239 0.836447, 72.357255 0.963427, 72.380293 1.090524, 72.403352 1.217741, 72.426433 1.345077, 72.449535 1.472534, 72.472659 1.60011, 72.494696 1.729944, 72.512871 1.866375, 72.531061 2.002922, 72.549267 2.139584, 72.567488 2.276362, 72.585724 2.413256, 72.606543 2.546117, 72.627797 2.67836, 72.649071 2.810724, 72.670364 2.94321, 72.691677 3.075819, 72.71301 3.208549, 72.734362 3.341403, 72.755734 3.47438, 72.777126 3.607481, 72.798538 3.740706, 72.821719 3.870674, 72.846185 3.99809, 72.870675 4.125628, 72.895188 4.253291, 72.919726 4.381077, 72.944287 4.508988, 72.968872 4.637023, 72.993481 4.765183, 73.018114 4.893469, 73.042771 5.021882, 73.067453 5.15042, 73.092159 5.279085, 73.116889 5.407878, 73.141644 5.536799, 73.166424 5.665847, 73.192061 5.793072, 73.217893 5.920013, 73.243751 6.04708, 73.269635 6.174275, 73.295545 6.301597, 73.321481 6.429046, 73.347443 6.556622, 73.373431 6.684327, 73.399445 6.81216, 73.425485 6.940124, 73.451552 7.068216, 73.477645 7.196439, 73.503765 7.324792, 73.529032 7.455442, 73.55406 7.586861, 73.579113 7.718416, 73.604192 7.850107, 73.629297 7.981932, 73.654427 8.113891, 73.695171 8.180697, 73.736524 8.242734, 73.777892 8.304794, 73.819275 8.366877, 73.860673 8.428982, 73.905271 8.446511, 73.950121 8.45036, 73.994971 8.454209, 74.039821 8.458058, 74.084671 8.461908, 74.129521 8.465757, 74.174371 8.469606, 74.219231 8.467869, 74.263636 8.444337, 74.308044 8.420805, 74.352454 8.397271, 74.396867 8.373736, 74.441282 8.3502, 74.4857 8.326662, 74.529063 8.283602, 74.571881 8.233345, 74.61471 8.183076, 74.657549 8.132794, 74.700399 8.082501, 74.743259 8.032194, 74.78613 7.981876, 74.829011 7.931546, 74.871902 7.881204, 74.914804 7.830849, 74.957716 7.780482, 75.000638 7.730103, 75.04357 7.679713, 75.086512 7.629312, 75.128968 7.572904, 75.171148 7.513279, 75.213342 7.453636, 75.255549 7.393973, 75.29777 7.334291, 75.340803 7.284258, 75.384333 7.241291, 75.42787 7.198316, 75.471414 7.155335, 75.514965 7.112346, 75.558524 7.06935, 75.60209 7.026347, 75.645663 6.983337, 75.689243 6.94032, 75.733738 6.917104, 75.778528 6.906761, 75.823319 6.896417, 75.86811 6.886073, 75.912902 6.87573, 75.957694 6.865386, 76.002487 6.855042, 76.04728 6.844698, 76.092073 6.834354, 76.136935 6.835098, 76.181779 6.840536, 76.226623 6.845973, 76.271467 6.851411, 76.316311 6.856848, 76.361155 6.862286, 76.405999 6.867723, 76.450841 6.873483, 76.495671 6.880868, 76.540501 6.888253, 76.585331 6.895638, 76.630162 6.903023, 76.674993 6.910408, 76.719824 6.917793, 76.764655 6.925179, 76.809487 6.932564, 76.854319 6.939949, 76.899151 6.947334, 76.943983 6.95472, 76.988816 6.962105, 77.033649 6.96949, 77.078482 6.976876, 77.123315 6.984261, 77.168149 6.991647, 77.21287 7.007678, 77.257582 7.024282, 77.302295 7.040888, 77.347009 7.057493, 77.391724 7.074099, 77.43644 7.090706, 77.481157 7.107312, 77.525875 7.123919, 77.570594 7.140527, 77.615314 7.157135, 77.660035 7.173743, 77.704757 7.190351, 77.749364 7.167822, 77.793941 7.143959, 77.83852 7.120096, 77.883101 7.096231, 77.927963 7.09493, 77.972752 7.107215, 78.017542 7.1195, 78.062332 7.131784, 78.107122 7.144119, 78.151912 7.156538, 78.196702 7.168957, 78.241493 7.181377, 78.286284 7.193796, 78.331076 7.206216)",UNCF01S,#02,MAR124,336,27,88,40,50,60,-100,-90,-80,2.5,9.5,1042.8,841.1,8.1,9.1,10.9,8428,9529,11356,0.7597,2.279,1.5193,1.3158,0.1243,2460,9.5,33,N,MAR,Leonard2014_Interplate,DS,W,5.77,5.82,6.04,6.35,6.45,17.3249,17.9315,17.6792,17.6167
efsm20_cf_top.109,"LINESTRING (79.426794 5.191719, 79.381743 5.125965, 79.336705 5.060231, 79.29168 4.994516, 79.246668 4.928819, 79.201669 4.863142, 79.157383 4.785151, 79.114727 4.685013, 79.072098 4.584936, 79.029496 4.484924, 78.986921 4.384977, 78.945198 4.276027, 78.907074 4.136718)",UNCF01T,#02,MAR125,193,199,214,40,50,60,-100,-90,-80,2,11,62.2,61.9,10.4,11.7,14,647,731,871,0.763,2.289,1.526,1.3216,0.0039,2184,11,33,N,MAR,Leonard2014_Interplate,DS,W,6.04,6.09,6.31,6.62,6.72,16.2118,16.8184,16.5661,16.5036
efsm20_cf_top.110,"LINESTRING (79.162634 2.677927, 79.20266 2.776321, 79.242685 2.874714, 79.282736 2.973169, 79.324481 3.048955, 79.366562 3.119428, 79.408657 3.189927, 79.450767 3.26045, 79.492892 3.330998, 79.535031 3.40157, 79.577184 3.472164, 79.61935 3.542781)",UNCF01U,#02,MAR126,16,19,25,40,50,60,-100,-90,-80,3.5,13.5,53.9,53.8,11.5,13.1,15.6,622,703,838,0.9737,2.921,1.9473,1.6864,0.0012,3541,13.5,33,N,MAR,Leonard2014_Interplate,DS,W,6.15,6.2,6.42,6.73,6.83,16.3009,16.9074,16.6552,16.5927
efsm20_cf_top.111,"LINESTRING (80.532046 -0.778516, 80.488071 -0.872607, 80.444119 -0.966652, 80.400189 -1.060647, 80.357899 -1.178219, 80.315952 -1.299578, 80.274024 -1.420881)",GLCF004,#02,MAR127,197,201,204,40,50,60,-100,-90,-80,3,14.5,31.1,31.1,13.3,15,17.9,413,467,557,0.929,2.787,1.858,1.6091,0.001,2913,14.5,33,N,MAR,Leonard2014_Interplate,DS,W,6.3,6.35,6.57,6.88,6.98,16.1026,16.7092,16.4569,16.3945
efsm20_cf_top.112,"LINESTRING (80.473058 -3.267705, 80.512139 -3.15468, 80.551243 -3.041588, 80.590377 -2.928411, 80.630482 -2.828286, 80.670955 -2.733484, 80.71145 -2.63863)",GLCF005,#02,MAR128,20,23,26,40,50,60,-100,-90,-80,3.5,15,28.9,28.9,13.3,15,17.9,384,434,517,1.541,4.623,3.082,2.6691,0.0005,3333,15,33,N,MAR,Leonard2014_Interplate,DS,W,6.3,6.35,6.57,6.88,6.98,16.2903,16.8968,16.6446,16.5821
efsm20_cf_top.113,"LINESTRING (81.016004 -1.467076, 80.975574 -1.579417, 80.935173 -1.691679, 80.895129 -1.808494, 80.855206 -1.926445, 80.815314 -2.044301, 80.775454 -2.162065, 80.735625 -2.279735, 80.695824 -2.397324)",GLCF006,#02,MAR129,202,204,205,40,50,60,-100,-90,-80,3.5,14,39.2,39.2,12.1,13.7,16.3,476,538,641,0.8536,2.5607,1.7071,1.4784,0.0001,3713,14,33,N,MAR,Leonard2014_Interplate,DS,W,6.21,6.26,6.48,6.79,6.89,16.1269,16.7335,16.4812,16.4187
efsm20_cf_top.114,"LINESTRING (80.868783 -4.399424, 80.907855 -4.285681, 80.946952 -4.171865, 80.986078 -4.057965, 81.025233 -3.94398, 81.064417 -3.82991, 81.103752 -3.717497, 81.143132 -3.605263, 81.18254 -3.492949, 81.221976 -3.380556)",GLCF007,#02,MAR130,24,25,26,40,50,60,-100,-90,-80,3,15,43.1,43,13.9,15.7,18.7,597,674,804,0.8557,2.5671,1.7114,1.4821,0.0001,3177,15.5,33,N,MAR,Leonard2014_Interplate,DS,W,6.35,6.4,6.62,6.93,7.03,16.2265,16.8331,16.5808,16.5183
efsm20_cf_top.115,"LINESTRING (81.444924 -3.139271, 81.401152 -3.244658, 81.357664 -3.354648, 81.315471 -3.484547, 81.273324 -3.614306)",GLCF008,#02,MAR131,200,203,206,40,50,60,-100,-90,-80,3.5,15,20.7,20.7,13.3,15,17.9,275,311,370,0.6832,2.0497,1.3665,1.1834,0.0006,3547,15,33,N,MAR,Leonard2014_Interplate,DS,W,6.3,6.35,6.57,6.88,6.98,15.7919,16.3985,16.1462,16.0837
efsm20_cf_top.119,"LINESTRING (57.296194 -33.569635, 57.339294 -33.538995, 57.381148 -33.509242, 57.423008 -33.479484, 57.464874 -33.449722, 57.506746 -33.419955, 57.548632 -33.390227, 57.590525 -33.360498, 57.632424 -33.330765, 57.674329 -33.301027, 57.71624 -33.271286, 57.753108 -33.223535, 57.785442 -33.165328, 57.81779 -33.107097, 57.855413 -33.061324, 57.894238 -33.019198, 57.933074 -32.977062, 57.971785 -32.934478, 58.009619 -32.889132, 58.047465 -32.843772, 58.08145 -32.78852, 58.106517 -32.71821, 58.131595 -32.647865, 58.156686 -32.577487, 58.181788 -32.507075, 58.217686 -32.456136, 58.255124 -32.409315, 58.292574 -32.36248, 58.330036 -32.315629, 58.36751 -32.268763, 58.404996 -32.221882, 58.442908 -32.176212, 58.482837 -32.137268, 58.522775 -32.098315, 58.560225 -32.051122, 58.584384 -31.978713, 58.608555 -31.906269, 58.632738 -31.83379, 58.656932 -31.761275, 58.694129 -31.713164, 58.733162 -31.670733, 58.772205 -31.62829, 58.811259 -31.585835, 58.850324 -31.543368, 58.889399 -31.50089, 58.927784 -31.456066, 58.965866 -31.410233, 59.00396 -31.364387, 59.042066 -31.318527, 59.069234 -31.249194, 59.0964 -31.179803, 59.12358 -31.110377, 59.150773 -31.040917, 59.17798 -30.971422, 59.214753 -30.921373, 59.251885 -30.872291, 59.28903 -30.823191, 59.326188 -30.774075, 59.366119 -30.734129, 59.406071 -30.694218, 59.446032 -30.654297, 59.486003 -30.614367, 59.525983 -30.574427, 59.565973 -30.534477, 59.605909 -30.494268, 59.642232 -30.442327, 59.678568 -30.390367, 59.714917 -30.338387, 59.75128 -30.286388, 59.787656 -30.23437, 59.824046 -30.182333, 59.860449 -30.130276, 59.896866 -30.0782, 59.933296 -30.026104, 59.96974 -29.97399, 60.006197 -29.921856, 60.042668 -29.869702, 60.079275 -29.817873, 60.116185 -29.766859, 60.153108 -29.715827, 60.190044 -29.664777, 60.227401 -29.614924, 60.26487 -29.565354, 60.302352 -29.515768, 60.339847 -29.466164, 60.377355 -29.416541, 60.414876 -29.366901, 60.448646 -29.307169, 60.476616 -29.236122, 60.504602 -29.165039, 60.538587 -29.105649, 60.575517 -29.053973, 60.61246 -29.002277, 60.649417 -28.950563, 60.686388 -28.89883, 60.723372 -28.847077, 60.76037 -28.795305, 60.79654 -28.741075, 60.832022 -28.684908, 60.867518 -28.628718, 60.903029 -28.572504, 60.938555 -28.516268, 60.974095 -28.460008, 61.00965 -28.403724, 61.04522 -28.347417, 61.081445 -28.292854, 61.118238 -28.23988, 61.155044 -28.186885, 61.191865 -28.133871, 61.228699 -28.080837, 61.265547 -28.027783, 61.302409 -27.974708, 61.339285 -27.921614, 61.376175 -27.8685, 61.413079 -27.815365, 61.449997 -27.76221, 61.486929 -27.709035, 61.52449 -27.657761, 61.562205 -27.606927, 61.599934 -27.556076, 61.637676 -27.505207, 61.675431 -27.454319, 61.7132 -27.403414, 61.750982 -27.35249, 61.788778 -27.301549, 61.826587 -27.25059, 61.864409 -27.199612, 61.902245 -27.148616, 61.9394 -27.095344, 61.974218 -27.035298, 62.009052 -26.975225, 62.043901 -26.915124, 62.078766 -26.854997, 62.113647 -26.794842, 62.148544 -26.73466, 62.183456 -26.674451, 62.218384 -26.614215, 62.253328 -26.553952, 62.288288 -26.493662, 62.323263 -26.433345, 62.358254 -26.373, 62.393261 -26.312628, 62.428284 -26.252228, 62.463019 -26.190984, 62.495464 -26.124054, 62.527926 -26.057089, 62.560405 -25.99009, 62.5929 -25.923056, 62.625412 -25.855987, 62.657448 -25.787769, 62.68869 -25.717753, 62.719948 -25.647698, 62.751224 -25.577606, 62.782516 -25.507475, 62.813826 -25.437307, 62.845152 -25.367101, 62.876046 -25.295906, 62.906743 -25.224227, 62.937457 -25.152508, 62.968201 -25.080776, 63.001379 -25.014423, 63.034574 -24.948036)",UNCF01V,#02,MAR028,26,39,62,40,50,60,-100,-90,-80,1,15,802.6,795.2,16.2,18.3,21.8,12975,14668,17481,1.1115,3.3344,2.2229,1.9251,0.0059,1226,18.5,33,N,MAR,Leonard2014_Interplate,DS,W,6.52,6.57,6.79,7.1,7.2,17.6775,18.2841,18.0318,17.9693
efsm20_cf_top.120,"LINESTRING (62.910371 -24.598994, 62.87439 -24.658382, 62.838425 -24.717743, 62.802476 -24.777078, 62.766543 -24.836386, 62.728142 -24.887701, 62.689426 -24.937811, 62.650723 -24.987903, 62.612033 -25.037978, 62.573356 -25.088036, 62.535325 -25.140306, 62.497569 -25.193445, 62.459827 -25.246563, 62.422412 -25.300682, 62.385577 -25.356561, 62.348757 -25.412417, 62.311952 -25.46825, 62.275162 -25.52406, 62.239008 -25.58169, 62.202987 -25.639637, 62.166981 -25.697559, 62.130991 -25.755457, 62.095016 -25.81333, 62.059056 -25.871178, 62.023112 -25.929001, 61.987147 -25.986697, 61.951182 -26.044324, 61.915232 -26.101926, 61.879297 -26.159504, 61.843378 -26.217057, 61.807474 -26.274585, 61.771586 -26.332089, 61.735713 -26.389567, 61.699855 -26.447021, 61.664013 -26.504451, 61.627783 -26.560721, 61.591315 -26.616242, 61.554861 -26.67174, 61.518422 -26.727217, 61.481997 -26.782671, 61.445587 -26.838103, 61.409192 -26.893512, 61.372723 -26.948642, 61.335984 -27.002918, 61.29926 -27.057174, 61.26255 -27.111407, 61.225854 -27.16562, 61.189173 -27.219811, 61.152506 -27.273981, 61.115854 -27.32813, 61.079216 -27.382257, 61.042592 -27.436364, 61.005982 -27.490449, 60.969387 -27.544514, 60.933133 -27.599485, 60.896997 -27.654722, 60.860876 -27.709938, 60.824769 -27.76513, 60.788677 -27.820301, 60.752599 -27.87545, 60.716535 -27.930576, 60.680486 -27.985681, 60.644451 -28.040764, 60.608431 -28.095825, 60.572114 -28.150007, 60.535698 -28.203855, 60.499296 -28.257681, 60.462908 -28.311486, 60.426534 -28.365271, 60.390175 -28.419034, 60.35383 -28.472776, 60.317787 -28.527283, 60.282598 -28.583958, 60.247423 -28.640609, 60.212263 -28.697237, 60.177118 -28.753842, 60.141988 -28.810423, 60.106872 -28.866979, 60.070734 -28.92082, 60.033811 -28.972421, 59.996902 -29.024004, 59.960006 -29.075569, 59.923124 -29.127115, 59.886255 -29.178641, 59.848868 -29.228602, 59.811196 -29.277649, 59.773536 -29.326679, 59.736893 -29.378602, 59.701519 -29.433828, 59.666159 -29.489032, 59.630814 -29.544214, 59.595483 -29.599373, 59.560166 -29.65451, 59.524864 -29.709625, 59.489576 -29.764717, 59.454302 -29.819786, 59.416171 -29.866853, 59.376034 -29.906912, 59.335907 -29.946962, 59.29579 -29.987003, 59.255683 -30.027034, 59.215585 -30.067054, 59.175497 -30.107065, 59.135898 -30.148838, 59.097049 -30.19316, 59.058211 -30.237469, 59.019385 -30.281765, 58.98057 -30.326048, 58.941766 -30.370319, 58.902974 -30.414577, 58.864199 -30.458841, 58.837369 -30.52873, 58.810552 -30.598584, 58.783749 -30.668404, 58.756959 -30.738188, 58.730183 -30.807938, 58.7013 -30.874442, 58.662059 -30.916896, 58.622829 -30.959338, 58.583609 -31.001769, 58.5444 -31.044188, 58.505202 -31.086596, 58.465977 -31.128866, 58.426744 -31.171063, 58.387522 -31.21325, 58.34831 -31.255424, 58.317993 -31.31882, 58.295405 -31.392946, 58.272827 -31.467037, 58.25026 -31.541093, 58.216541 -31.597752, 58.179425 -31.6461, 58.142322 -31.694432, 58.105231 -31.742747, 58.068153 -31.791047, 58.029467 -31.834559, 57.990122 -31.875865, 57.950787 -31.91716, 57.911462 -31.958444, 57.885935 -32.028225, 57.86051 -32.098088, 57.835096 -32.167917, 57.809695 -32.237713, 57.78174 -32.303928, 57.740198 -32.336454, 57.698664 -32.368975, 57.657137 -32.401491, 57.615617 -32.434, 57.574477 -32.468121, 57.544158 -32.53016, 57.513853 -32.592171, 57.483561 -32.654154, 57.444013 -32.69415, 57.402027 -32.724327, 57.360048 -32.754501, 57.318075 -32.784669, 57.275277 -32.81543)",UNCF01W,#02,MAR029,206,218,244,40,50,60,-100,-90,-80,1,15,781,773.4,16.2,18.3,21.8,12626,14274,17011,1.1714,3.5143,2.3429,2.029,0.0063,1229,18,33,N,MAR,Leonard2014_Interplate,DS,W,6.52,6.57,6.79,7.1,7.2,17.6885,18.2951,18.0428,17.9803
efsm20_cf_top.121,"LINESTRING (68.850324 -16.969641, 68.891695 -16.920672, 68.933464 -16.871233, 68.975245 -16.821779, 69.017069 -16.77252, 69.059088 -16.72448, 69.101118 -16.676426, 69.14316 -16.628359, 69.185432 -16.581823, 69.227883 -16.536503, 69.270344 -16.491172, 69.312815 -16.44583, 69.355173 -16.399551, 69.397447 -16.352575, 69.439732 -16.305586, 69.482028 -16.258586, 69.524335 -16.211573, 69.566653 -16.164547, 69.608983 -16.11751, 69.652186 -16.077446, 69.695917 -16.042367, 69.739655 -16.007284, 69.783399 -15.972195, 69.82715 -15.937101, 69.870907 -15.902001, 69.914671 -15.866897, 69.9571 -15.819836, 69.999492 -15.772385, 70.041895 -15.724923, 70.084308 -15.677449, 70.126732 -15.629963, 70.169167 -15.582464, 70.211613 -15.534953, 70.253627 -15.484106, 70.29509 -15.429323, 70.336567 -15.374523, 70.378057 -15.319704, 70.419561 -15.264867, 70.461079 -15.210012, 70.492792 -15.112811, 70.5177 -14.99908, 70.542629 -14.885251, 70.56758 -14.771325, 70.609831 -14.721364, 70.652489 -14.674525, 70.695158 -14.627674, 70.737837 -14.580812, 70.780526 -14.533938, 70.821619 -14.475264, 70.862026 -14.41221, 70.90245 -14.349128)",GLCF00C,#02,MAR040,16,24,57,40,50,60,-100,-90,-80,1,12.5,252.4,249.2,13.3,15,17.9,3351,3788,4515,0.9342,2.8027,1.8685,1.6181,0.0081,1190,12.5,33,N,MAR,Leonard2014_Interplate,DS,W,6.3,6.35,6.57,6.88,6.98,17.0141,17.6207,17.3685,17.306
efsm20_cf_top.124,"LINESTRING (47.708206 -1.800805, 47.737028 -1.852209, 47.769117 -1.899166, 47.802628 -1.943903, 47.836896 -1.987378, 47.873155 -2.027138, 47.910457 -2.064724, 47.94791 -2.101997, 47.985169 -2.13973, 48.022147 -2.178102, 48.05919 -2.216361, 48.094934 -2.257319, 48.130453 -2.298744, 48.16598 -2.340182, 48.201517 -2.381629, 48.237063 -2.423087, 48.272619 -2.464556, 48.308184 -2.506036, 48.343758 -2.547527, 48.379341 -2.589029, 48.41523 -2.629959, 48.44619 -2.67921, 48.485296 -2.712841, 48.525056 -2.744705, 48.568835 -2.760537, 48.612849 -2.774827, 48.656864 -2.789121, 48.698691 -2.814325, 48.739215 -2.84404, 48.779514 -2.874473, 48.819445 -2.906025, 48.859483 -2.93729, 48.899604 -2.968338, 48.93988 -2.99934)",FRCF001,#03,00323_1,309,327,348,80,65,50,-90,-90,-90,0,15,165.2,163.1,19.6,16.6,15.2,3235,2734,2516,0.04,0.06,0.05,0.049,0.0053,-68,31,33,N,SCR,Leonard2014_SCR,DS,W,6.77,6.82,7.04,7.35,7.45,15.6304,15.6974,15.6543,15.6455
efsm20_cf_top.125,"LINESTRING (48.994369 8.330434, 48.953069 8.302674, 48.911775 8.274917, 48.870505 8.247098, 48.829515 8.218362, 48.788847 8.188616, 48.749109 8.156128, 48.712806 8.115454, 48.678529 8.070954, 48.644267 8.026458, 48.610014 7.981976, 48.575771 7.937507, 48.541538 7.89305, 48.499847 7.866923, 48.460311 7.834057, 48.424368 7.79289, 48.38898 7.750675, 48.353266 7.709116, 48.314736 7.67374, 48.271966 7.652041, 48.228184 7.635532, 48.183293 7.628406, 48.138182 7.630908, 48.093441 7.639887, 48.048872 7.650603, 48.004042 7.658507, 47.958901 7.658264, 47.914126 7.649705, 47.870396 7.633009, 47.828403 7.60833, 47.787062 7.58134, 47.744526 7.558858, 47.700665 7.542994, 47.655496 7.533234)",DECF000,#03,02804_1,172,202,221,65,67,70,-45,-45,-45,0,15,165.7,160.1,16,16.3,16.6,2645,2700,2742,0.0612,0.1378,0.0995,0.0918,0.0132,-180,26,33,N,INT,Leonard2014_Interplate,DS,W,6.39,6.44,6.66,6.97,7.07,15.7277,16.0959,15.9477,15.9127
efsm20_cf_top.126,"LINESTRING (45.753998 6.273414, 45.791246 6.235736, 45.830962 6.204265, 45.868934 6.168615, 45.902864 6.125344, 45.934181 6.078155, 45.966734 6.032699, 46.00204 5.991689, 46.039071 5.953939, 46.075843 5.91564, 46.1139 5.880017, 46.154881 5.851922, 46.197537 5.829598, 46.239724 5.805471, 46.282848 5.785074, 46.328025 5.779025, 46.373083 5.771316, 46.41731 5.756633)",FRCF002,#03,05317_1,316,334,357,70,75,80,-10,-10,-10,0,15,85.8,83.8,15.2,15.5,16,1307,1332,1369,0.1523,0.4062,0.2792,0.2487,0.0059,-726,34,33,LL,INT,Leonard2014_Interplate,SS,W,6.43,6.48,6.7,7.01,7.11,15.8174,16.2638,16.089,16.0388
efsm20_cf_top.127,"LINESTRING (45.884975 5.62971, 45.871863 5.687973, 45.854236 5.743707, 45.831621 5.795578, 45.799884 5.836409, 45.763005 5.867064, 45.724912 5.894523)",FRCF003,#03,05526_1,106,129,151,70,80,90,15,15,15,0,15,28.4,27.2,15,15.2,16,427,433,454,0.16,0.35,0.255,0.2366,0.0078,-506,34.5,33,LL,INT,Leonard2014_Interplate,SS,L,6.34,6.39,6.61,6.92,7.02,15.3527,15.7196,15.5617,15.5292
efsm20_cf_top.128,"LINESTRING (45.762835 5.183497, 45.814665 5.22072, 45.866808 5.257063)",FRCF004,#03,05605_1,24,25,25,70,80,90,90,90,90,0,10,12.9,12.9,10,10.2,10.6,129,131,137,0.0102,0.0203,0.0152,0.0144,0,-210,30.5,33,R,INT,Leonard2014_Interplate,DS,L,5.85,5.9,6.12,6.43,6.53,13.6374,13.9633,13.8173,13.7938
efsm20_cf_top.129,"LINESTRING (44.730804 5.023776, 44.774281 5.034704, 44.817448 5.047854, 44.859226 5.06805, 44.899393 5.093958, 44.930893 5.137669, 44.962891 5.180676, 44.999692 5.215192, 45.035445 5.25187, 45.072144 5.286648, 45.109105 5.320887, 45.14896 5.347854, 45.186482 5.380893, 45.224162 5.413587, 45.25493 5.458582, 45.27575 5.513921, 45.299656 5.566702, 45.329565 5.61291, 45.367357 5.645427, 45.408681 5.667613, 45.449125 5.69289, 45.490628 5.720773)",FRCF005,#03,05625_1,9,31,60,29,37,45,90,90,90,0,6,103.3,100.6,8.5,10,12.4,877,1030,1279,0.1163,0.8308,0.4736,0.3109,0.0206,-444,32.5,33,R,INT,Leonard2014_Interplate,DS,W,5.86,5.91,6.13,6.44,6.54,15.5269,16.5448,16.2068,16.024
efsm20_cf_top.130,"LINESTRING (45.286102 5.646456, 45.328275 5.681445, 45.366949 5.723855, 45.403418 5.770083, 45.448057 5.799798)",FRCF006,#03,06008_1,23,32,40,36,45,54,90,90,90,0,6.5,21.8,21.6,8,9.2,11.2,174,200,243,0.09,0.28,0.185,0.1587,0.0045,-784,36.5,33,R,INT,Leonard2014_Interplate,DS,W,5.77,5.82,6.04,6.35,6.45,14.713,15.3519,15.0869,15.0203
efsm20_cf_top.131,"LINESTRING (45.010165 5.479001, 45.056911 5.479154, 45.102943 5.490686, 45.1491 5.501179, 45.194206 5.518591, 45.238714 5.539149)",FRCF007,#03,06304_1,358,9,16,60,70,80,90,90,90,0,6.5,26,25.8,6.7,7.1,7.7,175,183,199,0.0745,0.298,0.1862,0.149,0.002,-1053,34,33,R,INT,Leonard2014_Interplate,DS,W,5.7,5.7,5.75,6.06,6.16,14.6336,15.2915,15.0518,14.955
efsm20_cf_top.132,"LINESTRING (44.390944 4.533932, 44.427196 4.575804, 44.462725 4.618722, 44.497196 4.663327, 44.528686 4.712099, 44.559713 4.761476, 44.593095 4.807755, 44.62817 4.851522, 44.6653 4.89183, 44.704272 4.928569)",FRCF008,#03,06723_1,32,41,47,60,75,90,45,45,45,0,15,47,46.8,15,15.5,17.3,704,729,813,0.01,0.1,0.055,0.0316,0.0008,-230,29,33,R,INT,Leonard2014_Interplate,DS,W,6.34,6.39,6.61,6.92,7.02,14.3663,15.4288,15.1218,14.8811
efsm20_cf_top.133,"LINESTRING (43.807269 6.263227, 43.845375 6.227527, 43.889331 6.208753, 43.934853 6.217867, 43.979461 6.233434, 44.025431 6.235435, 44.070797 6.224909, 44.111561 6.195256, 44.154882 6.173736, 44.1989 6.192327, 44.244578 6.184841, 44.290189 6.176581, 44.336177 6.175559, 44.380308 6.193674, 44.425262 6.207279, 44.469646 6.224169, 44.515905 6.24646)",FRCF009,#03,06847_1,328,1,21,22,38,55,90,90,90,0,5.5,82.2,78.8,6.7,9,14.7,553,736,1209,0.37,0.56,0.465,0.4552,0.0321,-1029,35.5,33,R,INT,Leonard2014_Interplate,DS,W,5.74,5.79,6.01,6.32,6.42,15.8293,16.3491,16.0526,16.0434
efsm20_cf_top.134,"LINESTRING (44.054736 4.831543, 44.054281 4.771448, 44.054868 4.711355, 44.060029 4.651684, 44.070402 4.593255)",FRCF00A,#03,07434_1,268,274,283,50,55,60,90,90,90,0,10,19.2,19.1,11.5,12.2,13.1,222,235,251,0.01,0.05,0.03,0.0224,0.0029,-99,28,33,R,INT,Leonard2014_Interplate,DS,W,6.08,6.13,6.35,6.66,6.76,13.8647,14.6169,14.366,14.2391
efsm20_cf_top.135,"LINESTRING (44.790084 -1.16575, 44.758541 -1.116745, 44.72702 -1.067914, 44.693756 -1.021457, 44.657702 -0.979348, 44.618893 -0.942418, 44.583555 -0.899178, 44.551025 -0.851818)",FRCF00B,#03,08901_1,131,136,144,50,60,70,-90,-90,-90,0,10,36.5,36.4,10.6,11.5,13.1,388,421,476,0.006,0.05,0.028,0.0173,0.0016,-20,31.5,33,N,SCR,Leonard2014_SCR,DS,W,6.38,6.43,6.65,6.96,7.06,13.8859,14.8954,14.5903,14.3812
efsm20_cf_top.136,"LINESTRING (45.04272 5.766902, 45.081811 5.805287, 45.121242 5.842998, 45.159125 5.883796, 45.196247 5.926003, 45.23614 5.962801, 45.278185 5.994424, 45.320837 6.024382, 45.36408 6.052594, 45.407175 6.081602)",FRCF00C,#03,09871_1,22,29,37,60,75,90,180,180,180,0.5,10,47.6,47.4,9.5,9.8,11,452,468,522,0.06,0.08,0.07,0.0693,0.001,-980,40,33,RL,INT,Leonard2014_Interplate,SS,W,5.94,5.99,6.21,6.52,6.62,14.9522,15.1396,15.0342,15.0298
efsm20_cf_top.137,"LINESTRING (44.237756 6.102826, 44.200774 6.06544, 44.157444 6.045333, 44.113449 6.028274, 44.075603 5.992685, 44.040131 5.95266, 44.000249 5.921722, 43.957477 5.899486, 43.914842 5.876758, 43.876598 5.842122, 43.839618 5.804958, 43.802477 5.76813, 43.767179 5.727997, 43.733632 5.685103, 43.706163 5.634623, 43.678301 5.584583, 43.642011 5.546263, 43.601632 5.514424)",FRCF00D,#03,10485_1,193,212,231,10,37,65,15,15,15,0,6.5,86.4,85,7.2,10.8,37.4,620,933,3235,0.01,0.1,0.055,0.0316,0.0131,-536,32.5,33,LL,INT,Leonard2014_Interplate,SS,W,6.04,6.09,6.31,6.62,6.72,14.3108,16.0284,15.2289,14.9883
efsm20_cf_top.138,"LINESTRING (43.628413 4.079972, 43.657862 4.127985, 43.687918 4.175219, 43.718663 4.221621, 43.749928 4.267376, 43.780862 4.313586, 43.810502 4.361419, 43.838585 4.411047, 43.864772 4.462651, 43.88942 4.515715, 43.914129 4.568747, 43.939266 4.62141, 43.96492 4.673613, 43.99185 4.724584, 44.018848 4.775508, 44.04585 4.826452, 44.073292 4.876964, 44.102074 4.926033, 44.13152 4.974355, 44.159235 5.024648, 44.185477 5.076478, 44.209743 5.13017, 44.23292 5.184811)",FRCF00E,#03,10486_1,46,52,58,50,65,80,45,45,45,0,15,111.3,111.1,15.2,16.6,19.6,1696,1842,2180,0.0141,0.1273,0.0707,0.0424,0.0008,-106,28,33,R,INT,Leonard2014_Interplate,DS,W,6.41,6.46,6.68,6.99,7.09,14.897,15.9618,15.6333,15.4113
efsm20_cf_top.139,"LINESTRING (43.661699 3.436215, 43.700903 3.466528, 43.738664 3.500183, 43.77215 3.541629, 43.803611 3.586035, 43.833059 3.633043, 43.862185 3.680455, 43.89276 3.726104, 43.923432 3.771651, 43.953979 3.817383, 43.983591 3.864309, 44.013012 3.911491, 44.043724 3.957078, 44.075573 4.001153, 44.108637 4.043482, 44.143026 4.083738, 44.178963 4.1213, 44.21568 4.157388, 44.25204 4.194196, 44.286467 4.234486, 44.318159 4.278963, 44.347165 4.326909, 44.37219 4.379079, 44.396829 4.431629, 44.422827 4.482902, 44.450681 4.532252, 44.483641 4.57501, 44.518152 4.615317, 44.55472 4.651907, 44.593305 4.684185, 44.633677 4.711847, 44.676002 4.732982, 44.718775 4.752512)",FRCF00F,#03,10487_1,17,41,56,50,65,80,45,45,45,0,15,159.8,157.6,15.2,16.6,19.6,2434,2645,3130,0.03,0.14,0.085,0.0648,0.006,-269,28.5,33,R,INT,Leonard2014_Interplate,DS,W,6.41,6.46,6.68,6.99,7.09,15.382,16.1601,15.8704,15.7526
efsm20_cf_top.140,"LINESTRING (47.707046 6.881639, 47.732476 6.936929, 47.75818 6.991966, 47.785283 7.045528, 47.813763 7.097509, 47.844303 7.146857, 47.877044 7.192996, 47.912158 7.235109, 47.950916 7.269408, 47.991348 7.299117, 48.034744 7.317248, 48.079558 7.324287, 48.124101 7.334459, 48.16821 7.348259, 48.210695 7.370772, 48.253494 7.391926, 48.296747 7.410901, 48.340058 7.429597, 48.383425 7.448009, 48.427055 7.464967, 48.470805 7.481224, 48.515297 7.491981, 48.559732 7.503264, 48.603237 7.521003, 48.643997 7.550062, 48.683043 7.584114, 48.723501 7.614172, 48.765576 7.638628, 48.809249 7.65546, 48.852134 7.676469, 48.892791 7.706001, 48.931145 7.741982, 48.967116 7.783306, 48.999119 7.831638, 49.030458 7.881002, 49.062976 7.928591, 49.098684 7.970548, 49.140149 7.997496, 49.183158 8.018039, 49.227076 8.033465, 49.270965 8.049093, 49.314545 8.066649, 49.357938 8.085279, 49.400954 8.105881, 49.444341 8.124578, 49.488326 8.139619, 49.5325 8.153303, 49.576796 8.16603, 49.620451 8.183251, 49.662148 8.209623, 49.70303 8.238908, 49.744214 8.267192, 49.786087 8.292954, 49.828645 8.315891, 49.871251 8.340514)",FRCF00G,#03,10525_1,7,25,57,65,67,70,-45,-45,-45,0,15,270.6,263.3,16,16.3,16.6,4320,4410,4479,0.0153,0.1225,0.0689,0.0433,0.0105,-272,26.5,33,N,INT,Leonard2014_Interplate,DS,W,6.39,6.44,6.66,6.97,7.07,15.3386,16.2578,16.0011,15.7994
efsm20_cf_top.141,"LINESTRING (50.099805 8.658689, 50.056423 8.679235, 50.013044 8.699779, 49.967978 8.707527, 49.922683 8.704372, 49.878367 8.689488, 49.834597 8.671135, 49.791444 8.649571, 49.746862 8.636783, 49.701565 8.633724, 49.656311 8.638064, 49.611363 8.647251, 49.566311 8.655134, 49.521302 8.66358, 49.476323 8.672383, 49.431267 8.680182, 49.386308 8.689203, 49.341286 8.697442, 49.295974 8.69993, 49.251024 8.69083, 49.208069 8.668603, 49.168824 8.633859, 49.131946 8.593531, 49.094868 8.553662, 49.057587 8.514268, 49.020244 8.475041, 48.982797 8.436076, 48.944859 8.398257, 48.90754 8.359067, 48.871032 8.318177, 48.835077 8.276198, 48.799093 8.234306, 48.760931 8.197153, 48.721118 8.164254, 48.680626 8.133343, 48.640116 8.102513, 48.599433 8.072233, 48.559161 8.040747, 48.518663 8.009954, 48.477771 7.980397, 48.434969 7.95784, 48.390213 7.9469, 48.344937 7.943225, 48.299597 7.9436, 48.254406 7.938069, 48.209732 7.926439, 48.165603 7.910822, 48.121666 7.894048, 48.077726 7.877304, 48.034598 7.856364, 47.992822 7.830021, 47.95308 7.79742, 47.914482 7.761912, 47.875095 7.728415, 47.833817 7.70046, 47.78989 7.683732, 47.744765 7.677167, 47.699507 7.673111, 47.654343 7.667159, 47.609561 7.656619, 47.565266 7.642267, 47.520894 7.628452, 47.474742 7.616706)",DECF001,#03,10526_1,163,195,218,65,67,70,-45,-45,-45,0,15,312.7,301.7,16,16.3,16.6,4992,5096,5176,0.1072,0.2755,0.1913,0.1718,0.0138,-252,26.5,33,N,INT,Leonard2014_Interplate,DS,W,6.39,6.44,6.66,6.97,7.07,16.247,16.6726,16.5075,16.4608
efsm20_cf_top.142,"LINESTRING (43.55646 5.298506, 43.554003 5.233923, 43.548018 5.16986, 43.536465 5.107273, 43.530141 5.04329)",FRCF00H,#03,10690_1,254,260,265,25,35,45,90,90,90,0,7,20.8,20.8,9.9,12.2,16.6,206,254,345,0.3,0.4,0.35,0.3464,0.002,-101,27.5,33,R,INT,Leonard2014_Interplate,DS,W,6.08,6.13,6.35,6.66,6.76,15.3099,15.6584,15.4677,15.4633
efsm20_cf_top.143,"LINESTRING (44.165652 5.143324, 44.196633 5.191767, 44.211819 5.253149, 44.200139 5.316006, 44.182665 5.376179, 44.177707 5.440717, 44.181917 5.505358, 44.177762 5.570006, 44.169971 5.63399, 44.160676 5.697573, 44.152264 5.761385, 44.148228 5.826016, 44.145 5.890732, 44.135467 5.955979)",FRCF00I,#03,10711_1,47,91,110,20,52,85,90,90,90,0,7,67.4,64.9,7,8.9,20.5,474,599,1380,0.003,0.02,0.0115,0.0077,0.0228,-865,31,33,R,INT,Leonard2014_Interplate,DS,W,5.73,5.78,6,6.31,6.41,13.6712,14.9594,14.3566,14.1824
efsm20_cf_top.144,"LINESTRING (43.602521 5.476454, 43.605878 5.417306, 43.618998 5.360803, 43.633851 5.305025)",FRCF00J,#03,10735_1,273,283,289,28,35,42,90,90,90,0,8,14.3,14.2,12,13.9,17,171,200,244,0.03,0.33,0.18,0.0995,0.006,-306,29,33,R,INT,Leonard2014_Interplate,DS,L,6.03,6.08,6.3,6.61,6.71,14.2297,15.425,15.0748,14.8173
efsm20_cf_top.145,"LINESTRING (44.916272 5.604044, 44.95263 5.551037, 44.99106 5.501083, 45.032135 5.455494)",FRCF00K,#03,10741_1,312,316,320,70,80,90,0,0,0,0,7,17.4,17.4,7,7.1,7.4,122,124,129,0.07,0.19,0.13,0.1153,0.0003,-1190,34,33,LL,INT,Leonard2014_Interplate,SS,W,5.7,5.7,5.85,6.16,6.26,14.4498,14.9094,14.7253,14.6732
efsm20_cf_top.146,"LINESTRING (45.702146 5.831562, 45.672897 5.879708, 45.630616 5.899554)",FRCF00L,#03,10743_1,129,144,160,70,80,90,0,0,0,0,5.5,9.9,9.5,5.3,5.4,5.7,53,54,56,0.18,0.29,0.235,0.2285,0.0062,-427,36.5,33,LL,INT,Leonard2014_Interplate,SS,W,5.7,5.7,5.7,5.87,5.97,14.4976,14.7317,14.6201,14.6079
efsm20_cf_top.147,"LINESTRING (47.54229 -2.237364, 47.512117 -2.186098, 47.487144 -2.130531, 47.475304 -2.066156, 47.464014 -2.00158, 47.463768 -1.934887, 47.461913 -1.868251, 47.462987 -1.801578, 47.46088 -1.73496, 47.454486 -1.668947, 47.446073 -1.603441, 47.431777 -1.540219, 47.430938 -1.473576, 47.430635 -1.406926, 47.442793 -1.342736, 47.451714 -1.277381, 47.452246 -1.210707, 47.449848 -1.144122, 47.443848 -1.078043, 47.432979 -1.013345, 47.423828 -0.948083, 47.411548 -0.883966, 47.397038 -0.820891, 47.380098 -0.75917, 47.35743 -0.701621, 47.333959 -0.644804, 47.30824 -0.590172, 47.283809 -0.534295, 47.261074 -0.476909, 47.234659 -0.423078, 47.20906 -0.368427, 47.184142 -0.313124, 47.159874 -0.257225, 47.138891 -0.198543, 47.114312 -0.142983, 47.09101 -0.086273, 47.070321 -0.027442, 47.048474 0.030459, 47.030119 0.090892, 47.007731 0.1483, 46.98908 0.208489, 46.970905 0.26897)",FRCF00M,#03,10745_1,73,107,130,45,60,75,-135,-135,-135,0,13,205.7,199.5,13.5,15,18.4,2768,3087,3781,0.0071,0.0636,0.0354,0.0212,0.0149,-47,30.5,33,N,SCR,Leonard2014_SCR,DS,W,6.66,6.71,6.93,7.24,7.34,14.8119,15.8996,15.5571,15.3344
efsm20_cf_top.148,"LINESTRING (47.089774 -1.05707, 47.079573 -0.993874, 47.069012 -0.930817, 47.057019 -0.868329, 47.046004 -0.805468, 47.033921 -0.743043, 47.019895 -0.681516, 47.005635 -0.62012, 46.990779 -0.559046, 46.972634 -0.499931, 46.948807 -0.445344, 46.922918 -0.392834, 46.895404 -0.342153, 46.867166 -0.292359, 46.840484 -0.240786, 46.81101 -0.192598, 46.780216 -0.146234, 46.749596 -0.099651, 46.719316 -0.052623, 46.68935 -0.004948)",FRCF00N,#03,10747_1,102,117,132,50,70,90,-135,-135,-135,0,18.5,93.4,91.5,18.5,19.7,24.2,1729,1840,2257,0.0071,0.0159,0.0115,0.0106,0.0071,-129,31.5,33,N,SCR,Leonard2014_SCR,DS,W,6.96,7.01,7.23,7.54,7.64,14.6075,15.0734,14.844,14.8086
efsm20_cf_top.149,"LINESTRING (47.078393 -1.058662, 47.049274 -1.00797, 47.019455 -0.958333, 46.991849 -0.906041, 46.965988 -0.851889, 46.940741 -0.797145, 46.919151 -0.739167, 46.898966 -0.680137, 46.879923 -0.620319, 46.863428 -0.558925, 46.842229 -0.500721, 46.818224 -0.444919, 46.790806 -0.392612, 46.762613 -0.341218, 46.73124 -0.29394, 46.698449 -0.248787, 46.66591 -0.203274, 46.632634 -0.158937, 46.599649 -0.114165, 46.566847 -0.069139, 46.534054 -0.024126, 46.501337 0.020977, 46.469026 0.066667, 46.437443 0.113391, 46.407698 0.162563, 46.378871 0.212846, 46.350462 0.263601, 46.325573 0.31807, 46.302096 0.373814)",FRCF00O,#03,10747_2,110,126,136,50,70,90,-135,-135,-135,0,18.5,140.4,139.2,18.5,19.7,24.2,2598,2764,3391,0.0071,0.0159,0.0115,0.0106,0.0029,-152,31.5,33,N,SCR,Leonard2014_SCR,DS,W,6.96,7.01,7.23,7.54,7.64,14.7844,15.2502,15.0208,14.9854
efsm20_cf_top.150,"LINESTRING (47.161219 -1.51532, 47.135453 -1.458523, 47.117306 -1.395703, 47.103569 -1.330533, 47.100632 -1.262456, 47.100491 -1.194244, 47.098178 -1.126118, 47.090406 -1.058966)",FRCF00P,#03,10747_3,89,102,123,50,70,90,-135,-135,-135,0,18.5,36.1,35.4,18.5,19.7,24.2,668,711,873,0.0071,0.0318,0.0194,0.015,0.0068,-54,31,33,N,SCR,Leonard2014_SCR,DS,L,6.76,6.81,7.03,7.34,7.44,14.1949,14.9618,14.6584,14.5467
efsm20_cf_top.151,"LINESTRING (47.159165 -1.543046, 47.126958 -1.496525, 47.095989 -1.448251, 47.065393 -1.399494, 47.035196 -1.350228, 47.004758 -1.301313, 46.974367 -1.252364, 46.944963 -1.202165, 46.917051 -1.150196, 46.890932 -1.096293, 46.865609 -1.041608, 46.8401 -0.987136, 46.814404 -0.932876, 46.788513 -0.878838, 46.762038 -0.825436, 46.735063 -0.772597, 46.708007 -0.719871, 46.681085 -0.667027, 46.654898 -0.613431, 46.629069 -0.559491, 46.601878 -0.507015, 46.57288 -0.456657, 46.543096 -0.407308, 46.513604 -0.357617, 46.48492 -0.306965, 46.45537 -0.257399, 46.424657 -0.209373, 46.393944 -0.161375, 46.360845 -0.116864, 46.325554 -0.076071, 46.287696 -0.040453, 46.247629 -0.010347, 46.206663 0.017093, 46.165245 0.043053, 46.123297 0.067153, 46.080725 0.088839, 46.03784 0.109185, 45.995966 0.133501, 45.955103 0.161134, 45.91569 0.192805, 45.877407 0.2272, 45.839743 0.262951, 45.801395 0.297146, 45.760247 0.323793, 45.718367 0.348007)",FRCF00Q,#03,10747_4,123,136,160,50,70,90,-135,-135,-135,0,18.5,220.9,216,18.5,19.7,24.2,4087,4349,5335,0.0071,0.0318,0.0194,0.015,0.0076,-119,31.5,33,N,SCR,Leonard2014_SCR,DS,W,6.96,7.01,7.23,7.54,7.64,14.9811,15.7481,15.4447,15.333
efsm20_cf_top.152,"LINESTRING (47.545275 -2.310902, 47.515062 -2.260547, 47.48538 -2.209533, 47.459937 -2.153753, 47.432318 -2.100316, 47.406929 -2.044539, 47.381208 -1.989124, 47.357108 -1.932166, 47.331674 -1.876513, 47.304361 -1.822862, 47.277683 -1.768547, 47.253049 -1.712201, 47.224401 -1.660164, 47.196428 -1.607364, 47.166866 -1.556396)",FRCF00R,#03,10747_5,121,126,131,50,70,90,-135,-135,-135,0,18.5,70.8,70.7,18.5,19.7,24.2,1310,1394,1710,0.0071,0.0636,0.0354,0.0212,0.0005,-31,30.5,33,N,SCR,Leonard2014_SCR,DS,W,6.96,7.01,7.23,7.54,7.64,14.4871,15.555,15.2118,14.9892
efsm20_cf_top.153,"LINESTRING (48.03332 -5.042586, 48.035789 -4.975225, 48.037997 -4.907841, 48.038387 -4.840378, 48.0378 -4.772917, 48.037789 -4.705449, 48.037804 -4.637981, 48.036615 -4.57054, 48.03437 -4.50316, 48.031643 -4.435825, 48.028539 -4.368528, 48.026816 -4.301125, 48.02001 -4.234451, 48.011546 -4.168211, 47.999284 -4.103327, 47.98762 -4.038209, 47.97962 -3.971882, 47.971823 -3.90551, 47.959824 -3.840566, 47.950509 -3.774659, 47.937731 -3.710075, 47.928762 -3.644091, 47.918672 -3.578479, 47.907946 -3.513106, 47.897171 -3.447764, 47.882152 -3.38433, 47.868506 -3.320228, 47.852435 -3.257403, 47.832162 -3.197362, 47.811039 -3.137996, 47.790736 -3.078025, 47.770452 -3.018063, 47.75353 -2.955855, 47.736635 -2.893651, 47.71811 -2.832503, 47.699147 -2.771675, 47.679195 -2.711572, 47.65774 -2.652647, 47.635506 -2.594388, 47.613039 -2.536348, 47.591294 -2.477732, 47.569791 -2.418945, 47.545187 -2.362917, 47.518757 -2.308503)",FRCF00S,#03,10747_6,88,106,125,50,70,90,-135,-135,-135,0,18.5,215.7,212.2,18.5,19.7,24.2,3991,4247,5209,0.0071,0.1273,0.0672,0.03,0.0056,-52,31.5,33,N,SCR,Leonard2014_SCR,DS,W,6.96,7.01,7.23,7.54,7.64,14.9708,16.3401,15.9739,15.6237
efsm20_cf_top.154,"LINESTRING (46.419146 2.631119, 46.407924 2.567723, 46.396843 2.504287, 46.391499 2.439318, 46.381486 2.375529, 46.374892 2.310822, 46.359417 2.249389, 46.344449 2.187712, 46.33918 2.122793, 46.330524 2.058647, 46.324281 1.993925, 46.315349 1.929878, 46.304646 1.866414, 46.299389 1.80154, 46.29438 1.736631, 46.288551 1.671872, 46.284836 1.606793, 46.286802 1.541556, 46.293575 1.476991, 46.306162 1.414267, 46.322661 1.353458, 46.337853 1.291921, 46.352149 1.229688)",FRCF00T,#03,10749_1,250,267,293,71,80,90,-110,-110,-110,0,15,110.4,107.7,15,15.2,15.9,1656,1682,1752,0.0065,0.0129,0.0097,0.0092,0.0042,-338,30.5,33,N,SCR,Leonard2014_SCR,DS,W,6.68,6.73,6.95,7.26,7.36,14.5505,14.8725,14.731,14.708
efsm20_cf_top.155,"LINESTRING (46.505472 2.860631, 46.550569 2.867445, 46.5954 2.874344, 46.640262 2.880786, 46.685038 2.873184, 46.730097 2.87117, 46.77503 2.876464, 46.819836 2.883709, 46.863448 2.900391, 46.907744 2.912635, 46.952819 2.911703, 46.997771 2.906744, 47.042241 2.895905, 47.086172 2.881053, 47.130077 2.866026, 47.174359 2.85361, 47.219183 2.846543, 47.264138 2.841614, 47.309188 2.839152, 47.354124 2.833861, 47.398684 2.82378, 47.442693 2.809344, 47.485917 2.790411, 47.528846 2.770044, 47.572655 2.754295, 47.617114 2.743246, 47.662119 2.739395, 47.70717 2.741819, 47.752156 2.746123, 47.797191 2.749111, 47.842267 2.748349, 47.887132 2.741813, 47.93159 2.730685, 47.976412 2.723498, 48.021368 2.718522)",FRCF00U,#03,10751_1,342,357,15,65,75,85,-70,-70,-70,0,15,170.5,168.9,15.1,15.5,16.6,2567,2647,2821,0.0055,0.0132,0.0094,0.0085,0.0024,-192,30,33,N,SCR,Leonard2014_SCR,DS,W,6.7,6.75,6.97,7.28,7.38,14.6682,15.0895,14.9144,14.8707
efsm20_cf_top.156,"LINESTRING (51.052437 1.205988, 51.02921 1.267066, 51.008936 1.330719, 50.995314 1.398674, 50.987048 1.468757, 50.969048 1.534056, 50.948497 1.597402, 50.924325 1.657409, 50.894373 1.710418, 50.871089 1.771233, 50.847996 1.832203, 50.832274 1.898772, 50.821104 1.967588, 50.798017 2.028498, 50.762771 2.072443, 50.732922 2.125414, 50.698847 2.171546, 50.665807 2.219485, 50.638945 2.276194, 50.608744 2.328526, 50.575987 2.376856, 50.542177 2.423319, 50.508977 2.470823, 50.48261 2.527918, 50.459714 2.588568, 50.43921 2.651267, 50.413664 2.709191, 50.385353 2.763827, 50.356548 2.817791, 50.326168 2.869554, 50.292247 2.915573, 50.255111 2.955009, 50.215447 2.98908)",FRCF00V,#03,10752_1,102,127,151,65,75,85,135,135,135,0,15,159.7,156.4,15.1,15.5,16.6,2405,2481,2644,0.0146,0.0586,0.0366,0.0293,0.0053,-51,35.5,33,R,SCR,Leonard2014_SCR,DS,W,6.7,6.75,6.97,7.28,7.38,15.064,15.7086,15.4766,15.3799
efsm20_cf_top.157,"LINESTRING (42.647515 2.587942, 42.624099 2.533821, 42.598509 2.481569, 42.570081 2.432119, 42.54516 2.37932, 42.532588 2.318996, 42.524885 2.257194, 42.512033 2.196998, 42.492478 2.140234, 42.466348 2.088588, 42.438205 2.038946, 42.415297 1.984605, 42.394228 1.928934, 42.367657 1.877783, 42.349978 1.820033, 42.349622 1.757533, 42.357719 1.693434)",FRCF00W,#03,ES004_1,232,247,281,60,70,80,-45,-45,-45,0,15,82.4,80.1,15.2,16,17.3,1255,1315,1427,0.0075,0.015,0.0113,0.0106,0.0095,-1211,37,33,N,INT,Leonard2014_Interplate,DS,W,6.37,6.42,6.64,6.95,7.05,14.4922,14.849,14.6906,14.6628
efsm20_cf_top.158,"LINESTRING (36.067488 -2.469673, 36.055428 -2.414213, 36.043162 -2.358833, 36.026951 -2.305036, 36.010743 -2.251249, 35.994538 -2.197472, 35.976166 -2.144782, 35.956843 -2.092626, 35.937525 -2.04048, 35.919565 -1.987611, 35.900289 -1.935466, 35.878285 -1.885007, 35.855901 -1.834816, 35.830064 -1.787252)",ESCF000,#05,YFW1,105,113,123,78,84,90,170,175,180,2.5,25,67.1,66.9,22.5,22.6,23,1510,1518,1544,0.5,1,0.75,0.7071,0.0004,1808,25,33,RL,INT,Leonard2014_Interplate,SS,L,6.9,6.95,7.17,7.48,7.58,16.3964,16.7071,16.5749,16.5493
efsm20_cf_top.159,"LINESTRING (35.675437 -1.056188, 35.68493 -1.110735, 35.694421 -1.165271, 35.703913 -1.219813, 35.713936 -1.274217, 35.725376 -1.328202, 35.736817 -1.382194, 35.748003 -1.436276, 35.758287 -1.490636, 35.768572 -1.545003, 35.778859 -1.599376, 35.789147 -1.653756, 35.799436 -1.708144, 35.809726 -1.762538, 35.820018 -1.816939, 35.830311 -1.871346, 35.841229 -1.925575, 35.852616 -1.979663, 35.870202 -2.031173, 35.895798 -2.0773, 35.921399 -2.123438, 35.944385 -2.171644, 35.962374 -2.223001, 35.980367 -2.274367)",DZCF000,#05,YFE,281,286,304,57,73,90,170,175,180,2.5,25,115.9,114.9,22.5,23.5,26.8,2607,2726,3108,0.5,1,0.75,0.7071,0.0023,1007,26.5,33,RL,INT,Leonard2014_Interplate,SS,L,7.15,7.2,7.42,7.73,7.83,16.6336,17.011,16.8291,16.8035
efsm20_cf_top.160,"LINESTRING (35.447558 -3.74086, 35.491461 -3.734914, 35.535364 -3.728967, 35.579268 -3.723021, 35.61985 -3.701577, 35.657539 -3.673239, 35.690699 -3.637322, 35.718213 -3.594772, 35.756455 -3.567541, 35.797535 -3.547538, 35.83854 -3.527291, 35.879458 -3.506766, 35.920379 -3.48624, 35.961302 -3.465712, 36.001912 -3.444243, 36.042507 -3.422721, 36.083105 -3.401197, 36.123706 -3.379671, 36.163849 -3.358389)",ESCF001,#05,AIF1,7,24,52,85,87,90,10,32.5,55,1.5,18,88.3,86.8,16.5,16.5,16.6,1458,1460,1463,1.8728,5.7272,3.8,3.275,0.0009,927,20.5,33,LL,INT,Leonard2014_Interplate,SS,W,6.5,6.55,6.77,7.08,7.18,16.9547,17.4418,17.2626,17.198
efsm20_cf_top.161,"LINESTRING (35.747576 -3.570591, 35.787782 -3.54679, 35.827992 -3.522986, 35.863794 -3.490166, 35.899504 -3.457177, 35.925501 -3.412426, 35.949575 -3.366049, 35.968829 -3.316342, 35.988087 -3.266626, 36.007219 -3.216823, 36.026197 -3.166918, 36.045178 -3.117003, 36.062326 -3.066072, 36.076888 -3.013912, 36.091452 -2.961744, 36.099354 -2.907416, 36.101628 -2.852283, 36.103901 -2.797148, 36.100395 -2.742114, 36.095966 -2.687184, 36.091538 -2.632257, 36.08575 -2.577528, 36.076604 -2.52351, 36.067488 -2.469673)",ESCF002,#05,AR1_Simple,26,70,102,20,40,60,50,75,100,2,12.5,114.1,105.3,12.1,16.3,30.7,1383,1863,3502,0.02,0.9,0.46,0.1342,0.0586,1509,21.5,33,R,INT,Leonard2014_Interplate,DS,W,6.4,6.45,6.67,6.98,7.08,14.9603,17.017,16.4515,15.9165
efsm20_cf_top.162,"LINESTRING (36.636184 -12.216624, 36.624462 -12.163287, 36.615703 -12.109012, 36.613776 -12.053706, 36.611849 -11.998402, 36.620775 -11.944172, 36.633518 -11.891131, 36.646263 -11.838082, 36.666023 -11.788473, 36.686919 -11.739577, 36.710866 -11.692896, 36.737949 -11.648947, 36.765038 -11.604988, 36.792133 -11.56102, 36.820616 -11.518424, 36.85112 -11.478056, 36.883048 -11.439427, 36.912055 -11.397338, 36.93736 -11.35165, 36.962037 -11.305412, 36.98672 -11.259164, 37.012838 -11.214151, 37.040912 -11.17101, 37.072583 -11.131958, 37.10426 -11.092897, 37.129318 -11.04688, 37.148685 -10.996713, 37.170377 -10.948054, 37.193804 -10.900663, 37.215452 -10.851943, 37.232657 -10.800493, 37.253208 -10.751006, 37.274456 -10.701972)",PTCF00S,#05,F6,46,64,107,10,18,27,80,85,90,4.5,17,158.1,152.2,27.5,40.5,72,4353,6395,11381,0.5,1,0.75,0.7071,0.0358,3848,18.5,33,R,INT,Leonard2014_Interplate,DS,W,7.38,7.43,7.65,7.96,8.06,16.8563,17.5747,17.1994,17.1739
efsm20_cf_top.163,"LINESTRING (35.81848 -10.478964, 35.851889 -10.443124, 35.88349 -10.404715, 35.911121 -10.361881, 35.931569 -10.313276, 35.962189 -10.273635, 35.992146 -10.233213, 36.025784 -10.197471, 36.064943 -10.171703, 36.104034 -10.145767, 36.136807 -10.108764, 36.165978 -10.067381, 36.190685 -10.021744, 36.213974 -9.974962, 36.246776 -9.937948, 36.285163 -9.910381, 36.323453 -9.882597, 36.357394 -9.847143, 36.392911 -9.814143, 36.433029 -9.79063, 36.469637 -9.759492, 36.499524 -9.718727, 36.529417 -9.677954)",PTCF00T,#05,F1,26,43,63,6,19,32,58,61.5,65,5,13.5,108.5,106.9,16,26.1,81.3,1740,2833,8823,0.0986,0.3014,0.2,0.1724,0.0143,4524,17,33,R,INT,Leonard2014_Interplate,DS,W,6.91,6.96,7.18,7.49,7.59,15.753,16.9433,16.2717,16.2073
efsm20_cf_top.164,"LINESTRING (36.60099 -10.259958, 36.637571 -10.223762, 36.679212 -10.195995, 36.722687 -10.172994, 36.767332 -10.153782, 36.812854 -10.138098, 36.855816 -10.113606, 36.898296 -10.087819, 36.941641 -10.064377, 36.985666 -10.042994, 37.030878 -10.025921)",PTCF00U,#05,F3,16,24,39,17,23,30,47,53.5,60,4.5,20,52.5,52.1,31,39.7,53,1626,2081,2781,0.5,2.5,1.5,1.118,0.0054,3626,20,33,R,INT,Leonard2014_Interplate,DS,L,7.05,7.1,7.32,7.63,7.73,16.4286,17.3606,17.0128,16.8852
efsm20_cf_top.165,"LINESTRING (35.829397 -10.812824, 35.820774 -10.758215, 35.812153 -10.703612, 35.803532 -10.649015, 35.794912 -10.594422, 35.788332 -10.539407, 35.77783 -10.485331, 35.766466 -10.431528, 35.758395 -10.376835, 35.752186 -10.321778, 35.745663 -10.266782, 35.738223 -10.211968, 35.734443 -10.156591, 35.718845 -10.104453, 35.706622 -10.050976, 35.695654 -9.997095, 35.679685 -9.945154, 35.662897 -9.893616, 35.648253 -9.841106, 35.635149 -9.787993, 35.622669 -9.734661, 35.611716 -9.680832, 35.601531 -9.626782, 35.591347 -9.572739, 35.58101 -9.518748, 35.56931 -9.465185, 35.557611 -9.411629, 35.545914 -9.35808, 35.534219 -9.304539, 35.522525 -9.251005, 35.510833 -9.197478, 35.499142 -9.143958, 35.487453 -9.090446, 35.475765 -9.036941, 35.46408 -8.983444, 35.452395 -8.929953, 35.440712 -8.87647, 35.429031 -8.822994, 35.417352 -8.769525, 35.405674 -8.716063, 35.393997 -8.662609, 35.382322 -8.609162, 35.370649 -8.555722, 35.358977 -8.502289, 35.347307 -8.448863, 35.335638 -8.395445, 35.323971 -8.342033, 35.312306 -8.288629, 35.300642 -8.235233, 35.28898 -8.181844, 35.277319 -8.128462, 35.26566 -8.075087, 35.254003 -8.021719, 35.242346 -7.968358, 35.230692 -7.915004, 35.219039 -7.861658, 35.207388 -7.808318, 35.195738 -7.754986, 35.18409 -7.701661, 35.172443 -7.648343, 35.160798 -7.595033, 35.149155 -7.54173, 35.137513 -7.488434, 35.125873 -7.435145, 35.114234 -7.381863, 35.102597 -7.328588, 35.090961 -7.275321, 35.079327 -7.22206, 35.067694 -7.168807, 35.056063 -7.11556, 35.044434 -7.062321, 35.032806 -7.009089, 35.021179 -6.955864, 35.009555 -6.902646, 34.997931 -6.849435, 34.986322 -6.796288)",PTCF00V,#05,F2,96,104,112,85,87,90,150,160,170,5,20,376.2,375.9,15,15,15.1,5643,5651,5664,0.2,2.2,1.2,0.6633,0,2910,20,33,RL,INT,Leonard2014_Interplate,SS,W,6.4,6.45,6.67,6.98,7.08,16.571,17.6141,17.3498,17.0923
efsm20_cf_top.357,"LINESTRING (37.719668 -1.451526, 37.755126 -1.411706, 37.793573 -1.376643, 37.831606 -1.340847)",ESCF00D,#07,LTF_1,35,37,41,75,85,90,0,0,0,0,8,15.8,15.8,8,8,8.3,127,127,131,0.06,0.25,0.155,0.1225,0.0001,-251,24.5,33,LL,INT,Leonard2014_Interplate,SS,W,5.72,5.77,5.99,6.3,6.4,14.3988,15.034,14.8126,14.7104
efsm20_cf_top.166,"LINESTRING (35.53571 -11.173319, 35.555351 -11.121027, 35.562016 -11.064399, 35.570424 -11.008118, 35.578982 -10.951865, 35.587313 -10.895555, 35.60199 -10.841232, 35.608244 -10.784501, 35.620487 -10.72926, 35.630143 -10.673239, 35.630559 -10.615974)",PTCF00W,#05,F5,66,79,90,11,24,38,81,85.5,90,5,15,51.8,51.5,16.2,24.6,52.4,841,1273,2714,0.5,2.5,1.5,1.118,0.0053,4633,17.5,33,R,INT,Leonard2014_Interplate,DS,L,6.83,6.88,7.1,7.41,7.51,16.1424,17.3501,16.7996,16.6719
efsm20_cf_top.167,"LINESTRING (35.361387 -11.231381, 35.36544 -11.175383, 35.36741 -11.118589, 35.373294 -11.0622, 35.383556 -11.006756, 35.395109 -10.951688, 35.402406 -10.895527, 35.40534 -10.838769, 35.414319 -10.78297, 35.428524 -10.728822, 35.448207 -10.677307, 35.47204 -10.628491, 35.501119 -10.584153, 35.528624 -10.538311, 35.557014 -10.493274, 35.585603 -10.44841, 35.607923 -10.398443, 35.624956 -10.345409, 35.641992 -10.292365)",PTCF00X,#05,F4,52,71,89,16,24,33,70,81,92,4.5,16.5,92.7,90.5,22,29.5,43.5,2043,2736,4037,0.5,2.5,1.5,1.118,0.0215,4201,16.5,33,R,INT,Leonard2014_Interplate,DS,W,7.04,7.09,7.31,7.62,7.72,16.5278,17.5225,17.1317,17.004
efsm20_cf_top.168,"LINESTRING (39.965767 19.883833, 39.986369 19.830215, 40.006976 19.776584, 40.027588 19.722941, 40.051266 19.671481, 40.077979 19.622607, 40.108091 19.577211, 40.140296 19.534323, 40.172721 19.491697, 40.20568 19.449758, 40.240201 19.410011, 40.276096 19.372391, 40.311999 19.334764, 40.350043 19.300926, 40.392147 19.276726, 40.434397 19.252952, 40.477641 19.232479, 40.520585 19.212147)",ALCF000,#06,ALCS001,297,318,341,25,32,40,80,90,100,1,15,86.9,84,21.8,26.4,33.1,1892,2295,2877,0.5,1.5,1,0.866,0.0278,145,36,33,R,INT,Leonard2014_Interplate,DS,W,6.92,6.97,7.19,7.5,7.6,16.4943,17.1536,16.8792,16.8167
efsm20_cf_top.169,"LINESTRING (40.869481 19.542573, 40.913838 19.537995, 40.958121 19.532298, 41.000948 19.516325, 41.043325 19.498357, 41.086792 19.485766, 41.127679 19.46248, 41.168932 19.440343, 41.210448 19.419079, 41.251827 19.39734, 41.293122 19.375303, 41.335318 19.35652, 41.376659 19.334611, 41.418163 19.31324, 41.460062 19.293277, 41.502428 19.275138, 41.545883 19.262386, 41.590059 19.255211)",ALCF001,#06,ALCS002,338,344,356,25,32,40,80,90,100,2,15,84.1,83.7,20.2,24.5,30.8,1701,2063,2587,0.15,1,0.575,0.3873,0.0046,27,35.5,33,R,INT,Leonard2014_Interplate,DS,W,6.84,6.89,7.11,7.42,7.52,15.9253,16.9313,16.5927,16.4211
efsm20_cf_top.170,"LINESTRING (40.567024 19.242907, 40.601457 19.201495, 40.635897 19.160073, 40.672765 19.122431, 40.713622 19.092776, 40.756259 19.067842, 40.799588 19.045071, 40.843056 19.02275, 40.887745 19.005125, 40.932784 18.989116, 40.97907 18.981569, 41.025496 18.975083)",ALCF002,#06,ALCS004,319,337,355,20,30,40,80,90,100,2,7,57,55.7,7.8,10,14.6,444,570,834,0.5,1.5,1,0.866,0.0198,159,33,33,R,INT,Leonard2014_Interplate,DS,W,5.86,5.91,6.13,6.44,6.54,15.8646,16.6158,16.2747,16.2123
efsm20_cf_top.171,"LINESTRING (41.228185 19.589029, 41.263628 19.55373, 41.299566 19.519309, 41.337053 19.487931, 41.377351 19.463487, 41.418126 19.440471, 41.459149 19.418237, 41.500849 19.398363, 41.54314 19.380841, 41.585843 19.365196, 41.628611 19.349834)",ALCF003,#06,ALCS018,324,337,346,30,37,45,80,90,100,2,10,49.2,48.8,11.3,13.3,16,557,655,788,0.15,1,0.575,0.3873,0.0073,-6,36,33,R,INT,Leonard2014_Interplate,DS,W,6.17,6.22,6.44,6.75,6.85,15.4405,16.4149,16.0941,15.9225
efsm20_cf_top.172,"LINESTRING (40.63704 19.41275, 40.679011 19.387003, 40.722351 19.365548, 40.767844 19.354246, 40.813143 19.341644, 40.858846 19.331917, 40.904863 19.325255, 40.951024 19.32065, 40.997315 19.320374, 41.043399 19.326179, 41.088588 19.339738)",ALCF004,#06,ALCS020,336,354,14,20,30,40,80,90,100,1,9,51.5,50.6,12.4,16,23.4,641,824,1204,0.15,1,0.575,0.3873,0.0151,34,34.5,33,R,INT,Leonard2014_Interplate,DS,W,6.37,6.42,6.64,6.95,7.05,15.5013,16.5992,16.1939,16.0223
efsm20_cf_top.173,"LINESTRING (46.543022 14.019432, 46.547278 13.954399, 46.549248 13.88913, 46.550799 13.823832, 46.553416 13.758606, 46.560178 13.694008, 46.568777 13.629862, 46.579456 13.566371, 46.590013 13.502825, 46.600572 13.439267, 46.608785 13.374969, 46.61698 13.310656, 46.625509 13.246424, 46.635533 13.18264, 46.645735 13.118904, 46.656816 13.055469, 46.66669 12.9916, 46.676143 12.927584, 46.683605 12.863003, 46.689734 12.798115, 46.695604 12.73317, 46.700962 12.668123, 46.707293 12.603255, 46.714237 12.538512, 46.72107 12.473737, 46.727867 12.408946, 46.734489 12.344109, 46.741097 12.279261, 46.74717 12.214293, 46.752544 12.149186, 46.761643 12.08496, 46.776058 12.022828, 46.790475 11.96068, 46.798598 11.896131, 46.805248 11.831215, 46.813905 11.766795, 46.824363 11.702938, 46.836043 11.63952, 46.847177 11.575881, 46.857392 11.5119, 46.873362 11.450473)",ATCF000,#06,ATCS010,273,282,293,70,77,85,130,150,170,0,15,199.8,199.3,15.1,15.4,16,3009,3077,3190,0.15,0.5,0.325,0.2739,0.0006,-1297,46.5,33,RL,INT,Leonard2014_Interplate,SS,W,6.42,6.47,6.69,7,7.1,16.1731,16.7213,16.5185,16.4442
efsm20_cf_top.174,"LINESTRING (47.316397 11.093027, 47.301511 11.158027, 47.285536 11.223, 47.269501 11.287921, 47.247467 11.34888, 47.216745 11.401016, 47.179445 11.442791, 47.134986 11.464624, 47.090038 11.484153, 47.044279 11.499061, 46.998059 11.487627, 46.953044 11.468479, 46.908408 11.447526, 46.866061 11.418127)",ATCF001,#06,ATCS012,107,152,204,30,40,50,-100,-90,-80,3.5,15,67.7,55.8,15,17.9,23,1017,1212,1557,0.02,0.11,0.065,0.0469,0.1349,-1375,47.5,33,N,INT,Leonard2014_Interplate,DS,W,6.49,6.54,6.76,7.07,7.17,14.8267,15.7523,15.4148,15.273
efsm20_cf_top.175,"LINESTRING (46.159478 7.219481, 46.193563 7.261562, 46.220205 7.313682, 46.243312 7.36924, 46.264266 7.426576, 46.281327 7.486571, 46.293061 7.549202, 46.300387 7.613232, 46.304933 7.677808, 46.306225 7.742693, 46.303579 7.807491, 46.299549 7.872137, 46.295009 7.936703)",CHCF000,#06,CHCS001,42,76,97,50,67,85,-130,-155,180,3,15,59.8,57.2,12,13,15.7,721,780,937,0.1,1,0.55,0.3162,0.0173,-1192,44,33,RL,INT,Leonard2014_Interplate,SS,W,6.24,6.29,6.51,6.82,6.92,15.3763,16.4904,16.151,15.9106
efsm20_cf_top.176,"LINESTRING (36.764656 3.239221, 36.793273 3.283878, 36.821915 3.328575, 36.850563 3.373282, 36.879218 3.418, 36.906779 3.463797, 36.933252 3.510602, 36.959731 3.557418, 36.986216 3.604244, 37.012708 3.651082, 37.039206 3.69793, 37.060621 3.74871, 37.081545 3.799824, 37.102474 3.850949, 37.120953 3.90355, 37.138287 3.956773, 37.155624 4.010006, 37.172965 4.06325, 37.188555 4.117352, 37.202829 4.172034, 37.217105 4.226725, 37.229121 4.282276, 37.24061 4.33801, 37.2521 4.393753, 37.263592 4.449503, 37.275086 4.505261, 37.283879 4.561799, 37.290945 4.618724, 37.298011 4.675654, 37.305078 4.73259, 37.312145 4.78953)",DZCF001,#06,DZCS001,51,66,80,30,40,50,80,95,110,2,25,152.9,150.5,30,35.8,46,4591,5471,7034,0.9,1.7,1.3,1.2369,0.0122,2056,30.5,33,R,INT,Leonard2014_Interplate,DS,W,7.25,7.3,7.52,7.83,7.93,17.1346,17.5961,17.3705,17.3489
efsm20_cf_top.177,"LINESTRING (37.010632 5.185164, 37.032702 5.234277, 37.054776 5.283401, 37.076855 5.332535, 37.096433 5.383323, 37.111969 5.436272, 37.127509 5.489231, 37.143051 5.5422, 37.158596 5.595178, 37.174144 5.648166, 37.188459 5.701708, 37.201589 5.755738, 37.214721 5.809776, 37.227855 5.863823, 37.240992 5.917878, 37.25413 5.971943, 37.263938 6.027118, 37.272605 6.082601, 37.281273 6.138091, 37.289943 6.193587, 37.298576 6.249099, 37.307102 6.304643, 37.31563 6.360193, 37.324158 6.415749, 37.332688 6.471311, 37.341218 6.526879, 37.349749 6.582453, 37.358281 6.638034, 37.361498 6.6945, 37.362799 6.751089, 37.3641 6.807679, 37.365078 6.86428, 37.365343 6.920893, 37.365607 6.977506, 37.365872 7.03412, 37.366136 7.090734, 37.3664 7.147348, 37.366664 7.203962, 37.366929 7.260576, 37.367301 7.31719, 37.3677 7.373803, 37.368099 7.430417, 37.368497 7.487031, 37.368896 7.543645, 37.374131 7.59988, 37.38267 7.655477, 37.391209 7.71108, 37.399638 7.766715, 37.407135 7.822566, 37.414633 7.878422, 37.422132 7.934284, 37.429631 7.990151, 37.437132 8.046024, 37.444633 8.101903, 37.452134 8.157787, 37.459637 8.213676, 37.46714 8.26957, 37.489266 8.318941, 37.517989 8.362601, 37.546719 8.40627, 37.5749 8.450522, 37.603009 8.494863, 37.631124 8.539214, 37.659246 8.583575, 37.687374 8.627947, 37.715509 8.672329, 37.746493 8.713584, 37.77939 8.75242, 37.812293 8.791264, 37.845193 8.830128, 37.877612 8.869654, 37.910038 8.909188, 37.94247 8.94873, 37.974909 8.988281, 38.007355 9.027839, 38.039808 9.067406, 38.072268 9.106981, 38.101962 9.149934, 38.127773 9.196782, 38.15349 9.243729, 38.178497 9.291307, 38.20351 9.338896, 38.22853 9.386497, 38.253555 9.434109, 38.278586 9.481732, 38.303692 9.529309, 38.328812 9.57689, 38.353938 9.624483, 38.37907 9.672087, 38.400894 9.722291, 38.422176 9.772887, 38.443463 9.823494, 38.464755 9.874112, 38.486052 9.924742, 38.507353 9.975384, 38.528705 10.026006, 38.550134 10.07659, 38.571567 10.127186, 38.593005 10.177793, 38.613785 10.228863, 38.628396 10.283336, 38.643011 10.337818, 38.657627 10.39231, 38.672247 10.446813, 38.686869 10.501326, 38.701494 10.555849, 38.715322 10.610722, 38.728746 10.665769, 38.742171 10.720825, 38.755599 10.775891, 38.769029 10.830967, 38.782461 10.886052, 38.795911 10.941208)",DZCF002,#06,DZCS002,43,69,91,30,40,50,80,95,110,2,22,560.4,542.5,26.1,31.1,40,14631,17436,22415,0.9,1.7,1.3,1.2369,0.0244,2233,22,33,R,INT,Leonard2014_Interplate,DS,W,7.1,7.15,7.37,7.68,7.78,17.638,18.0995,17.8739,17.8523
efsm20_cf_top.178,"LINESTRING (45.810829 6.748404, 45.85054 6.782481, 45.8832 6.829547, 45.913372 6.879948, 45.952107 6.916333, 45.992485 6.948837, 46.029154 6.989461, 46.063064 7.034813, 46.096536 7.080862, 46.129428 7.1278, 46.158191 7.179879)",FRCF00X,#06,FRCS009,31,42,53,50,67,85,-130,-155,180,3,15,51.4,51,12,13,15.7,620,671,806,0.1,1,0.55,0.3162,0.0031,-1758,43,33,RL,INT,Leonard2014_Interplate,SS,W,6.24,6.29,6.51,6.82,6.92,15.3106,16.4247,16.0853,15.8449
efsm20_cf_top.179,"LINESTRING (38.804229 20.552848, 38.842955 20.524365, 38.881686 20.495878, 38.920794 20.468237, 38.960869 20.442973, 38.999461 20.414129, 39.03569 20.380576, 39.071925 20.347018, 39.109247 20.31548, 39.14682 20.284426, 39.182495 20.24983, 39.214519 20.209711, 39.24655 20.169583, 39.27895 20.129937, 39.306361 20.084422, 39.32793 20.033913, 39.352347 19.985604, 39.37887 19.939172, 39.411304 19.899495, 39.44545 19.862281, 39.484066 19.833289, 39.521611 19.80201, 39.558517 19.769461, 39.594114 19.734527, 39.629718 19.699586, 39.660872 19.658078, 39.690425 19.614621, 39.718644 19.569674, 39.749695 19.52798, 39.785859 19.493947, 39.822208 19.459741)",GRCF000,#06,GRCS601,299,321,334,20,30,40,80,90,100,2,12,148.9,147.2,15.6,20,29.2,2317,2978,4354,1,2,1.5,1.4142,0.0102,170,39.5,33,R,INT,Leonard2014_Interplate,DS,W,6.62,6.67,6.89,7.2,7.3,16.8834,17.4584,17.1686,17.143
efsm20_cf_top.180,"LINESTRING (38.569469 20.519696, 38.612275 20.532924, 38.655082 20.546153, 38.697891 20.559382, 38.740701 20.572612, 38.783891 20.583633, 38.827122 20.594405, 38.870521 20.603997, 38.913951 20.613357, 38.957487 20.621871, 39.001061 20.630065, 39.044834 20.636257, 39.088615 20.64237, 39.132015 20.65199, 39.175401 20.661718, 39.218709 20.67202)",GRCF001,#06,GRCS602,6,11,14,60,70,80,160,170,180,3,20,73.5,73.4,17.3,18.1,19.6,1268,1329,1442,4,8,6,5.6569,0.0003,9,41.5,33,RL,INT,Leonard2014_Interplate,SS,L,6.84,6.89,7.11,7.42,7.52,17.2237,17.5805,17.4201,17.3946
efsm20_cf_top.181,"LINESTRING (37.695984 19.780975, 37.732019 19.816364, 37.768061 19.851758, 37.804367 19.886733, 37.841142 19.920932, 37.879491 19.952253, 37.917847 19.983578, 37.956209 20.014908, 37.992424 20.050124, 38.028352 20.08583, 38.066763 20.117109, 38.105909 20.1469, 38.142385 20.181752, 38.178524 20.217184, 38.214669 20.252622, 38.252855 20.284424, 38.291279 20.315773, 38.329709 20.347127, 38.368145 20.378486, 38.407736 20.407432, 38.447802 20.435309, 38.487869 20.463198, 38.527619 20.491832, 38.567434 20.520513)",GRCF002,#06,GRCS603,29,34,39,50,60,70,140,160,180,4,25,116.7,116.5,22.3,24.2,27.4,2608,2830,3199,5,20,12.5,10,0.0009,2214,25.5,33,RL,INT,Leonard2014_Interplate,SS,L,7.17,7.22,7.44,7.75,7.85,17.6338,18.3246,18.0672,17.9703
efsm20_cf_top.182,"LINESTRING (38.510829 20.415778, 38.543844 20.376414, 38.576866 20.337041, 38.609895 20.29766, 38.648752 20.268237, 38.689324 20.242872, 38.730013 20.217807, 38.771105 20.193831, 38.812201 20.169854, 38.847 20.132934, 38.879397 20.092552, 38.911802 20.052162, 38.947402 20.01647, 38.983099 19.980921, 39.018819 19.945394, 39.054817 19.910315, 39.090051 19.873957, 39.1196 19.82997, 39.149157 19.785973, 39.178721 19.741965, 39.215647 19.708446, 39.253543 19.676765, 39.291445 19.645079, 39.329753 19.614203, 39.368655 19.584578, 39.407562 19.554949, 39.445591 19.523451, 39.475293 19.479412, 39.505002 19.435362, 39.536615 19.393581, 39.571068 19.355742, 39.605528 19.317896, 39.640563 19.280929, 39.675663 19.244046, 39.71137 19.208142, 39.747017 19.172413)",GRCF003,#06,GRCS604,312,323,336,20,30,40,80,90,100,3,20,175.7,174.3,26.4,34,49.7,4646,5973,8733,1,2,1.5,1.4142,0.0066,1593,36.5,33,R,INT,Leonard2014_Interplate,DS,W,7.19,7.24,7.46,7.77,7.87,17.1856,17.7607,17.4708,17.4452
efsm20_cf_top.183,"LINESTRING (36.980437 20.385806, 37.002333 20.336928, 37.025725 20.289201, 37.051266 20.243219, 37.078375 20.198652, 37.10554 20.154124, 37.134738 20.11165, 37.164883 20.070214, 37.195193 20.028951, 37.225162 19.98728, 37.254676 19.945084, 37.283865 19.902516, 37.312386 19.859223, 37.340956 19.815964, 37.371021 19.774322, 37.404578 19.737126, 37.444725 19.712328, 37.488445 19.700498, 37.532807 19.693415, 37.577504 19.691768)",GRCF004,#06,GRCS606,300,318,359,15,25,35,80,90,100,5,16,94.5,90.4,19.2,26,42.5,1812,2459,4015,1,5,3,2.2361,0.0388,3289,31,33,R,INT,Leonard2014_Interplate,DS,W,6.9,6.95,7.17,7.48,7.58,16.7766,17.8212,17.3864,17.2588
efsm20_cf_top.184,"LINESTRING (37.267591 20.592106, 37.290394 20.543921, 37.314697 20.496857, 37.340036 20.450652, 37.365768 20.404776, 37.391909 20.359251, 37.417478 20.313198, 37.444097 20.268084, 37.471772 20.223972, 37.499684 20.180082, 37.527254 20.135833, 37.556648 20.093475, 37.587777 20.05312, 37.622347 20.017487, 37.658836 19.985029, 37.699179 19.96091, 37.742982 19.95008, 37.78722 19.942603, 37.831788 19.939557)",GRCF005,#06,GRCS607,301,318,358,15,27,40,80,90,100,5,17,89.3,85.1,18.7,26.4,46.4,1668,2361,4142,1,5,3,2.2361,0.042,3500,28,33,R,INT,Leonard2014_Interplate,DS,W,6.92,6.97,7.19,7.5,7.6,16.7406,17.8347,17.3688,17.2411
efsm20_cf_top.362,"LINESTRING (38.077991 -0.748232, 38.093106 -0.664348)",ESCF00I,#07,BSF_3,76,76,76,47,60,73,90,90,90,1,12,7.5,7.5,11.5,12.7,14.9,87,96,113,0.12,0.3,0.21,0.1897,0,-22,23,33,R,INT,Leonard2014_Interplate,DS,L,5.71,5.76,5.98,6.29,6.39,14.5363,15.047,14.8215,14.7773
efsm20_cf_top.185,"LINESTRING (42.195489 18.474288, 42.228832 18.432782, 42.261713 18.390587, 42.294611 18.348395, 42.327593 18.3063, 42.360107 18.263521, 42.389604 18.216889, 42.418896 18.169999, 42.445205 18.119949, 42.471521 18.069884, 42.502595 18.025088, 42.533726 17.980344, 42.563276 17.933644, 42.592244 17.886254, 42.617125 17.834739, 42.641176 17.782478, 42.664734 17.729786, 42.683407 17.673572, 42.698712 17.615489, 42.711442 17.556254, 42.721027 17.495921, 42.726336 17.434611, 42.731803 17.373321, 42.742605 17.31335, 42.752941 17.253217, 42.756365 17.191628, 42.759795 17.129939)",HRCF000,#06,HRCS001,273,298,315,30,37,45,70,90,110,2,15,131.1,126.9,18.4,21.6,26,2411,2832,3409,0.2,1.4,0.8,0.5292,0.026,193,32.5,33,R,INT,Leonard2014_Interplate,DS,W,6.7,6.75,6.97,7.28,7.38,16.2017,17.1973,16.8738,16.6943
efsm20_cf_top.186,"LINESTRING (43.088637 17.316415, 43.086536 17.255551, 43.088351 17.194634, 43.092099 17.13388, 43.095848 17.073122, 43.099657 17.012366, 43.103532 16.951613, 43.107406 16.890857, 43.111872 16.830174, 43.116934 16.769575, 43.117079 16.708578, 43.121553 16.647887, 43.130923 16.588246, 43.141914 16.529118, 43.15634 16.47138, 43.171824 16.414146, 43.183923 16.355386, 43.198749 16.2978, 43.215072 16.240967, 43.24187 16.192164, 43.268675 16.143347)",HRCF001,#06,HRCS002,266,281,306,40,55,70,20,45,70,2,15,99,97.2,13.8,15.9,20.2,1370,1571,2003,0.3,1.4,0.85,0.6481,0.0105,-23,35.5,33,R,INT,Leonard2014_Interplate,DS,W,6.36,6.41,6.63,6.94,7.04,16.1323,16.9662,16.6442,16.5264
efsm20_cf_top.187,"LINESTRING (43.346751 17.474318, 43.368709 17.421771, 43.390669 17.369216, 43.410338 17.314953, 43.428849 17.259906, 43.447504 17.204933, 43.466537 17.150191, 43.485673 17.095499, 43.505521 17.041274, 43.525375 16.987035, 43.545193 16.932754, 43.564349 16.878004, 43.583508 16.823239, 43.604336 16.76963, 43.625325 16.716122)",HRCF002,#06,HRCS003,293,295,298,50,60,70,95,112.5,130,2,20,68.6,68.6,19.2,20.8,23.5,1314,1426,1612,0.1,0.7,0.4,0.2646,0.0002,-490,38.5,33,R,INT,Leonard2014_Interplate,DS,W,6.66,6.71,6.93,7.24,7.34,15.6371,16.5709,16.2746,16.0951
efsm20_cf_top.188,"LINESTRING (42.343354 17.788, 42.355459 17.729047, 42.367566 17.670084, 42.378285 17.610619, 42.381244 17.549534, 42.384203 17.488446, 42.387018 17.427344, 42.389669 17.366225, 42.39232 17.305103, 42.394971 17.243979, 42.399551 17.183061, 42.40632 17.122513, 42.413089 17.061958, 42.42311 17.002228, 42.439365 16.945055, 42.455623 16.88787, 42.472906 16.831226, 42.491686 16.775448, 42.51047 16.719656, 42.531314 16.66521, 42.552943 16.611312, 42.574576 16.557398, 42.596151 16.503422, 42.617102 16.448976, 42.63806 16.394516, 42.659042 16.340055, 42.68006 16.285602, 42.702992 16.232578, 42.731503 16.184804, 42.760022 16.137016, 42.788465 16.089356)",HRCF003,#06,HRCS004,272,288,308,35,47,60,70,85,100,2,12,150.8,147.6,11.5,13.7,17.4,1742,2062,2630,0.05,0.25,0.15,0.1118,0.0144,492,29.5,33,R,INT,Leonard2014_Interplate,DS,W,6.2,6.25,6.47,6.78,6.88,15.4584,16.3364,16.009,15.8813
efsm20_cf_top.189,"LINESTRING (42.880826 17.272037, 42.882146 17.211328, 42.883465 17.150648, 42.884765 17.089966, 42.885726 17.029271, 42.886689 16.968575, 42.887711 16.90788, 42.888954 16.847192, 42.890927 16.786538, 42.897638 16.726514, 42.906104 16.666896, 42.916757 16.607927, 42.926637 16.548698, 42.936169 16.489355, 42.945702 16.430002, 42.955797 16.370813, 42.966007 16.311652, 42.976218 16.252481, 42.981653 16.192132, 42.984905 16.131488, 42.988157 16.070841)",HRCF004,#06,HRCS007,270,276,283,40,55,70,20,45,70,2,15,98.9,98.5,13.8,15.9,20.2,1369,1570,2001,0.1,0.6,0.35,0.2449,0.0024,38,33,33,R,INT,Leonard2014_Interplate,DS,W,6.36,6.41,6.63,6.94,7.04,15.6548,16.5979,16.2585,16.1034
efsm20_cf_top.190,"LINESTRING (43.373249 16.197779, 43.390067 16.140442, 43.407143 16.08323, 43.42472 16.026288, 43.442856 15.969664, 43.462757 15.914158, 43.483052 15.858904, 43.504982 15.804831, 43.526917 15.750743, 43.548859 15.69664, 43.572652 15.644025, 43.597215 15.592068, 43.621785 15.540097, 43.646151 15.487922, 43.670329 15.43556, 43.694514 15.383184, 43.719839 15.331827, 43.745892 15.28115, 43.771952 15.230457, 43.801565 15.183631, 43.835207 15.142336, 43.868857 15.101031, 43.901606 15.058331, 43.933392 15.014224, 43.970137 14.978283, 44.006275 14.941153, 44.040124 14.900041, 44.074874 14.860388, 44.11246 14.826086, 44.150574 14.792907, 44.19374 14.775471, 44.236908 14.758034, 44.280079 14.740596)",HRCF005,#06,HRCS008,291,310,344,30,37,45,90,105,120,2,18,159.9,154.4,22.6,26.6,32,3618,4251,5117,0.1,0.5,0.3,0.2236,0.0277,93,33.5,33,R,INT,Leonard2014_Interplate,DS,W,6.92,6.97,7.19,7.5,7.6,16.077,16.9265,16.6242,16.4965
efsm20_cf_top.191,"LINESTRING (42.939862 17.961619, 42.95998 17.906934, 42.98015 17.852261, 43.000873 17.797959, 43.021602 17.743643, 43.042466 17.689404, 43.064238 17.635818, 43.086078 17.582265, 43.107976 17.528738, 43.132011 17.47694, 43.15964 17.428601, 43.187235 17.380203, 43.214622 17.331565, 43.24247 17.2834, 43.27146 17.236498, 43.300458 17.189583, 43.329464 17.142656)",HRCF006,#06,HRCS009,295,301,309,45,52,60,95,107.5,120,1,15,79.7,79.3,16.2,17.8,19.8,1289,1416,1578,0.3,1.7,1,0.7141,0.0029,-344,37.5,33,R,INT,Leonard2014_Interplate,DS,W,6.49,6.54,6.76,7.07,7.17,16.1057,16.9471,16.6696,16.5234
efsm20_cf_top.192,"LINESTRING (41.955472 17.136485, 41.969347 17.080216, 41.983241 17.023868, 41.997138 16.967509, 42.013325 16.912255, 42.032626 16.858826, 42.052713 16.805908, 42.075073 16.754653, 42.097867 16.703727, 42.1223 16.654184, 42.146739 16.604627, 42.171638 16.555469, 42.196685 16.506429, 42.221876 16.457503, 42.247236 16.408717, 42.272235 16.359573, 42.296714 16.309934, 42.322166 16.261178, 42.350295 16.215172, 42.379491 16.170377, 42.414284 16.133606, 42.449177 16.096991)",ITCF000,#06,HRCS010,287,302,321,35,42,50,70,85,100,2,12,103.1,101.7,13.1,14.9,17.4,1345,1540,1797,0.08,0.25,0.165,0.1414,0.0097,262,28,33,R,INT,Leonard2014_Interplate,DS,W,6.3,6.35,6.57,6.88,6.98,15.5504,16.1709,15.9235,15.8565
efsm20_cf_top.193,"LINESTRING (43.663157 16.786187, 43.693606 16.739544, 43.7255 16.694761, 43.758069 16.650893, 43.790176 16.606351, 43.822292 16.561796, 43.854416 16.51723, 43.887143 16.473492, 43.920242 16.430273, 43.953388 16.387099, 43.986798 16.344297, 44.021921 16.304206, 44.056889 16.26383, 44.091031 16.222083, 44.124734 16.179625, 44.158215 16.136806)",HRCF007,#06,HRCS011,311,316,320,45,55,65,95,112.5,130,2,20,75.8,75.7,19.9,22,25.5,1505,1666,1930,0.1,0.7,0.4,0.2646,0.0005,-521,38,33,R,INT,Leonard2014_Interplate,DS,W,6.72,6.77,6.99,7.3,7.4,15.6962,16.6491,16.3421,16.1627
efsm20_cf_top.194,"LINESTRING (43.431876 16.814312, 43.440986 16.754012, 43.450103 16.693666, 43.45929 16.633331, 43.468811 16.573085, 43.478333 16.51283, 43.489195 16.452995, 43.503126 16.394369, 43.517061 16.335732, 43.531068 16.277114, 43.547096 16.219474, 43.563128 16.16182, 43.580582 16.104943, 43.601447 16.050282, 43.622318 15.995607, 43.647462 15.944458, 43.673126 15.89378, 43.699588 15.843872, 43.726953 15.794883, 43.754326 15.74588, 43.783759 15.699199, 43.814559 15.654218, 43.844158 15.607692, 43.873765 15.561153, 43.903968 15.515334, 43.934361 15.469733, 43.965322 15.42485, 43.999317 15.384403, 44.033483 15.344212, 44.067879 15.304379, 44.101153 15.262716, 44.132073 15.217653, 44.163888 15.173793, 44.200777 15.138465, 44.237674 15.10313)",HRCF008,#06,HRCS012,281,302,325,30,37,45,95,112.5,130,2,15,169.2,163.9,18.4,21.6,26,3110,3655,4399,0.1,0.5,0.3,0.2236,0.0249,-94,35.5,33,R,INT,Leonard2014_Interplate,DS,W,6.7,6.75,6.97,7.28,7.38,16.0113,16.8608,16.5585,16.4308
efsm20_cf_top.195,"LINESTRING (43.734598 16.354446, 43.757819 16.302659, 43.781077 16.250788, 43.808063 16.202485, 43.835127 16.154243, 43.863192 16.107092, 43.892256 16.061096, 43.921569 16.015384, 43.95089 15.969659, 43.979267 15.922774, 44.003455 15.871536, 44.02765 15.820283, 44.054172 15.771283, 44.082447 15.724199, 44.110738 15.67711, 44.141651 15.633313, 44.177573 15.597678, 44.213047 15.56116, 44.248355 15.524307)",HRCF009,#06,HRCS013,301,310,324,45,57,70,95,112.5,130,1,10,88.2,87.6,9.6,10.7,12.7,845,947,1123,0.1,0.4,0.25,0.2,0.004,-290,36.5,33,R,INT,Leonard2014_Interplate,DS,W,5.94,5.99,6.21,6.52,6.62,15.4454,16.171,15.8928,15.7959
efsm20_cf_top.196,"LINESTRING (42.562962 15.884817, 42.552766 15.825095, 42.547001 15.764951, 42.541237 15.704812, 42.548282 15.644923, 42.5554 15.585044, 42.562519 15.525158, 42.58303 15.471256, 42.604361 15.417926, 42.625697 15.364581, 42.647039 15.311222, 42.672189 15.261002, 42.697522 15.210933, 42.722861 15.16085, 42.754806 15.118316, 42.789474 15.079915, 42.824695 15.042438, 42.861638 15.00816, 42.898588 14.973875, 42.936245 14.941036, 42.974005 14.908399, 43.011772 14.875756, 43.049545 14.843107)",ITCF001,#06,HRCS014,256,302,328,35,42,50,70,85,100,2,12,109.4,100.7,13.1,14.9,17.4,1428,1634,1907,0.1,0.2,0.15,0.1414,0.0585,156,31.5,33,R,INT,Leonard2014_Interplate,DS,W,6.3,6.35,6.57,6.88,6.98,15.6731,16.0998,15.9079,15.8823
efsm20_cf_top.197,"LINESTRING (43.551783 16.726834, 43.573723 16.672354, 43.589467 16.613648, 43.599871 16.552704, 43.610277 16.49175, 43.623945 16.432026, 43.638649 16.372757, 43.651695 16.31274, 43.664089 16.252446, 43.676485 16.19214, 43.692586 16.133518, 43.715563 16.079439, 43.740298 16.026841, 43.768211 15.977362, 43.798515 15.930634, 43.831194 15.887062, 43.863541 15.842996, 43.894605 15.797162, 43.925677 15.751315, 43.957077 15.705877, 43.988653 15.66065, 44.020237 15.61541, 44.051484 15.569697, 44.082675 15.523887, 44.113185 15.477172, 44.14255 15.42903, 44.171923 15.380874, 44.20342 15.335374, 44.235505 15.290657, 44.266615 15.244595, 44.297907 15.19875, 44.333113 15.158801, 44.371291 15.124579, 44.413658 15.101948)",HRCF00A,#06,HRCS015,282,306,339,30,37,45,95,112.5,130,1,11,166.4,161.5,14.1,16.6,20,2353,2765,3328,0.1,0.4,0.25,0.2,0.0234,-214,36,33,R,INT,Leonard2014_Interplate,DS,W,6.41,6.46,6.68,6.99,7.09,15.8901,16.6427,16.3581,16.2612
efsm20_cf_top.198,"LINESTRING (42.265763 18.824196, 42.299142 18.783889, 42.330849 18.741018, 42.359779 18.694674, 42.386651 18.646093, 42.408145 18.592814, 42.429645 18.53952, 42.454246 18.488727, 42.479833 18.438817, 42.508184 18.391712, 42.534674 18.342633, 42.559568 18.292018, 42.588967 18.246049, 42.618206 18.199872, 42.642552 18.148699, 42.665605 18.096412, 42.689116 18.044485, 42.715486 17.995142, 42.742394 17.94632, 42.770385 17.898619, 42.799027 17.85162, 42.828785 17.805905, 42.857684 17.759154, 42.885018 17.710663, 42.908997 17.658949, 42.93198 17.606379, 42.956637 17.555224, 42.980722 17.503543, 43.004657 17.451711, 43.031643 17.402738, 43.058637 17.353752)",HRCF00B,#06,HRCS016,300,308,320,30,37,45,80,95,110,1,10,149.6,149.1,12.7,15,18,1904,2237,2692,0.3,1,0.65,0.5477,0.0025,-152,35.5,33,R,INT,Leonard2014_Interplate,DS,W,6.3,6.35,6.57,6.88,6.98,16.2752,16.9486,16.681,16.6066
efsm20_cf_top.199,"LINESTRING (43.084536 16.147005, 43.094156 16.085974, 43.106721 16.026007, 43.12732 15.970349, 43.153189 15.918967, 43.183195 15.871977, 43.219637 15.834484, 43.255658 15.796212, 43.291513 15.757622, 43.333863 15.734569)",HRCF00C,#06,HRCS018,281,309,338,50,60,70,90,105,120,2,15,45.6,43.4,13.8,15,17,631,684,774,0.1,0.5,0.3,0.2236,0.0237,89,33,33,R,INT,Leonard2014_Interplate,DS,W,6.3,6.35,6.57,6.88,6.98,15.3184,16.1061,15.8309,15.7033
efsm20_cf_top.200,"LINESTRING (42.857453 16.043524, 42.871639 15.984628, 42.885828 15.925719, 42.902651 15.868101, 42.922335 15.812181, 42.942025 15.756247, 42.958944 15.698628, 42.975207 15.640642, 42.993058 15.58352, 43.013273 15.527873, 43.033494 15.472211, 43.052976 15.41604, 43.072047 15.359588, 43.088215 15.301446, 43.103223 15.24271, 43.119706 15.184705, 43.137894 15.127648, 43.156086 15.070577, 43.177658 15.015745, 43.199776 14.961302, 43.221267 14.90637, 43.237293 14.848013, 43.25018 14.788152)",HRCF00D,#06,HRCS020,287,293,299,35,47,60,70,85,100,2,12,111.2,111,11.5,13.7,17.4,1284,1520,1938,0.05,0.2,0.125,0.1,0.0013,161,31.5,33,R,INT,Leonard2014_Interplate,DS,W,6.2,6.25,6.47,6.78,6.88,15.3259,16.1069,15.7973,15.7003
efsm20_cf_top.201,"LINESTRING (43.297908 14.766253, 43.330386 14.723415, 43.362846 14.680527, 43.394671 14.636723, 43.426505 14.592908, 43.459175 14.550255, 43.492068 14.507904, 43.524816 14.465319, 43.557201 14.422184, 43.589594 14.379038, 43.623637 14.338362, 43.658199 14.298506, 43.692769 14.25864, 43.728193 14.220212, 43.763701 14.181909, 43.799268 14.14369, 43.835127 14.105976, 43.870994 14.068253, 43.90642 14.029713, 43.940745 13.989279, 43.975078 13.948835, 44.009771 13.908965, 44.045847 13.871519, 44.081931 13.834065, 44.117367 13.795405, 44.152586 13.756344, 44.188346 13.718224, 44.2247 13.681189, 44.261061 13.644145, 44.29743 13.607093, 44.335022 13.572484, 44.374416 13.542017, 44.413816 13.511544)",ITCF002,#06,HRCS021,315,322,332,35,47,60,70,85,100,2,12,160.2,159.7,11.5,13.7,17.4,1850,2190,2793,0.05,0.15,0.1,0.0866,0.0019,77,30.5,33,R,INT,Leonard2014_Interplate,DS,W,6.2,6.25,6.47,6.78,6.88,15.4846,16.1406,15.859,15.7965
efsm20_cf_top.202,"LINESTRING (44.381368 11.581817, 44.358126 11.63794, 44.338401 11.696617, 44.322026 11.757256, 44.307141 11.818625, 44.291875 11.879795, 44.269797 11.936743, 44.239914 11.986239, 44.207161 12.032035, 44.174417 12.077817, 44.141629 12.123661)",ITCF003,#06,ITCS001,107,120,133,30,35,40,80,90,100,2,8,51.6,50.7,9.3,10.5,12,481,539,619,0.24,0.63,0.435,0.3888,0.0134,-72,34,33,R,INT,Leonard2014_Interplate,DS,W,5.91,5.96,6.18,6.49,6.59,15.5812,16.1094,15.8889,15.8401
efsm20_cf_top.203,"LINESTRING (45.423709 10.360387, 45.411371 10.299596, 45.411435 10.236322, 45.414839 10.173233, 45.416368 10.10999, 45.413353 10.046858, 45.409092 9.983877, 45.400923 9.92169, 45.395054 9.858986, 45.393942 9.795752, 45.399257 9.732949, 45.412207 9.672429, 45.425794 9.61218, 45.443163 9.553919, 45.475603 9.510657, 45.51591 9.484028, 45.558163 9.463947)",ITCF004,#06,ITCS002,253,281,341,25,32,40,80,90,100,6,13,79,71.5,10.9,13.2,16.6,861,1044,1309,0.1,0.5,0.3,0.2236,0.0813,-93,32,33,R,INT,Leonard2014_Interplate,DS,W,6.17,6.22,6.44,6.75,6.85,15.4534,16.3345,16.0144,15.8867
efsm20_cf_top.204,"LINESTRING (41.709536 15.567158, 41.706456 15.504483, 41.703375 15.441811, 41.700418 15.379132, 41.697522 15.31645, 41.694626 15.253771, 41.69173 15.191095, 41.688834 15.128422, 41.685939 15.065752, 41.681311 15.003272, 41.678234 14.940624, 41.67739 14.877851, 41.678244 14.815078, 41.678017 14.752326)",ITCF005,#06,ITCS003,264,267,271,75,82,90,-140,-160,180,6,25,67.8,67.7,19,19.2,19.7,1288,1300,1333,0.1,0.5,0.3,0.2236,0.0001,-312,32,33,RL,INT,Leonard2014_Interplate,SS,L,6.83,6.88,7.1,7.41,7.51,15.6284,16.3424,16.1097,15.9821
efsm20_cf_top.358,"LINESTRING (37.877322 -1.321885, 37.897175 -1.279247, 37.909152 -1.232314, 37.919657 -1.184811, 37.931805 -1.137934)",ESCF00E,#07,CAF_1,58,68,73,55,70,85,90,90,90,0,12,17.3,17.2,12.1,12.8,14.6,209,221,253,0.29,0.45,0.37,0.3612,0.0018,-225,24,33,R,INT,Leonard2014_Interplate,DS,L,6.07,6.12,6.34,6.65,6.75,15.3007,15.5747,15.4317,15.4212
efsm20_cf_top.205,"LINESTRING (41.270183 16.521918, 41.270283 16.463116, 41.270383 16.404316, 41.270484 16.345516, 41.270585 16.286716, 41.270685 16.227916, 41.270785 16.169116, 41.270885 16.110316, 41.270985 16.051515, 41.271086 15.992714, 41.271186 15.933913, 41.271287 15.875112, 41.271387 15.816311, 41.271487 15.75751, 41.271587 15.698709, 41.271687 15.639908, 41.271788 15.581107, 41.271889 15.522306, 41.271989 15.463505, 41.272089 15.404703)",ITCF006,#06,ITCS004,269,269,270,70,80,90,-170,180,170,11,22.5,93.4,93.4,11.5,11.7,12.2,1074,1090,1143,0.1,0.5,0.3,0.2236,0,-112,35,33,RL,INT,Leonard2014_Interplate,SS,W,6.12,6.17,6.39,6.7,6.8,15.5494,16.2754,16.0332,15.9055
efsm20_cf_top.206,"LINESTRING (40.69561 15.577227, 40.692918 15.635539, 40.690226 15.693849, 40.687534 15.752157, 40.684843 15.810463, 40.682152 15.868767, 40.67946 15.927068, 40.676769 15.985367, 40.674077 16.043663, 40.671386 16.101957, 40.668695 16.160249, 40.666004 16.218538, 40.663313 16.276825, 40.660622 16.33511, 40.657932 16.393392, 40.655242 16.451672, 40.652551 16.50995, 40.649861 16.568225, 40.64717 16.626498, 40.64448 16.684769, 40.64179 16.743037, 40.6391 16.801303, 40.636411 16.859567, 40.633721 16.917828, 40.631032 16.976087, 40.628343 17.034344, 40.625653 17.0926)",ITCF007,#06,ITCS005,92,93,93,80,85,90,-170,180,170,13,22,128.1,128.1,9,9,9.1,1153,1157,1170,0.1,0.5,0.3,0.2236,0,-458,37,33,RL,INT,Leonard2014_Interplate,SS,W,5.84,5.89,6.11,6.42,6.52,15.5802,16.2858,16.0589,15.9313
efsm20_cf_top.207,"LINESTRING (37.068041 14.221261, 37.066123 14.165199, 37.064206 14.109171, 37.062288 14.053145, 37.060371 13.99712, 37.058454 13.941096, 37.064943 13.885612, 37.078198 13.832044, 37.091455 13.778467, 37.104714 13.724882, 37.124786 13.674727, 37.147564 13.626411, 37.170347 13.578084, 37.193135 13.529747, 37.215928 13.481398, 37.243139 13.436782, 37.275388 13.397801, 37.307644 13.358813, 37.339906 13.319817, 37.37302 13.281951, 37.406643 13.244786, 37.44075 13.208311, 37.477104 13.175439, 37.513464 13.142562)",ITCF008,#06,ITCS006,268,298,325,20,30,40,75,100,125,2,10,114.4,107.5,12.4,16,23.4,1424,1831,2677,0.1,0.7,0.4,0.2646,0.0525,17,29.5,33,R,INT,Leonard2014_Interplate,DS,W,6.37,6.42,6.64,6.95,7.05,15.6721,16.7913,16.3833,16.2038
efsm20_cf_top.208,"LINESTRING (45.821047 12.017185, 45.799374 11.958486, 45.777709 11.899804, 45.756049 11.841141, 45.740621 11.778583, 45.732184 11.713358, 45.711579 11.653969, 45.690979 11.594598, 45.670385 11.535244, 45.650152 11.476929)",ITCF009,#06,ITCS007,240,244,258,30,35,40,80,90,100,0.5,6.5,46.2,46,9.3,10.5,12,432,484,555,0.68,0.96,0.82,0.808,0.0038,-109,36.5,33,R,INT,Leonard2014_Interplate,DS,W,5.91,5.96,6.18,6.49,6.59,15.9862,16.245,16.117,16.1106
efsm20_cf_top.209,"LINESTRING (43.750843 13.280403, 43.735337 13.339926, 43.715523 13.396938, 43.691713 13.450923, 43.665409 13.502625, 43.634677 13.549402, 43.601395 13.592695, 43.565761 13.632235, 43.526311 13.664108, 43.485755 13.693198, 43.444158 13.719331, 43.401913 13.743391, 43.358775 13.76422, 43.31414 13.777815)",ITCF00A,#06,ITCS008,111,141,168,30,37,45,80,90,100,3,8,66.1,63,6.7,7.9,9.5,445,523,629,1.01,1.35,1.18,1.1677,0.0376,2,32.5,33,R,INT,Leonard2014_Interplate,DS,W,5.7,5.7,5.88,6.19,6.29,16.1709,16.4475,16.3085,16.304
efsm20_cf_top.210,"LINESTRING (44.995277 10.043031, 44.9667 10.094978, 44.938132 10.146908, 44.909573 10.198822, 44.880266 10.249873, 44.850908 10.300838, 44.821828 10.352093, 44.795438 10.406139, 44.769056 10.460168, 44.742682 10.51418, 44.716312 10.568185)",ITCF00B,#06,ITCS009,123,126,128,20,30,40,90,105,120,2,8,51.8,51.7,9.3,12,17.5,483,621,908,0.16,0.53,0.345,0.2912,0.0005,-42,36.5,33,R,INT,Leonard2014_Interplate,DS,W,6.06,6.11,6.33,6.64,6.74,15.4067,16.2009,15.8495,15.7759
efsm20_cf_top.211,"LINESTRING (45.483012 10.319751, 45.485111 10.257153, 45.490466 10.194997, 45.498216 10.13335, 45.505052 10.071475, 45.512271 10.009683, 45.521515 9.948433, 45.534952 9.888773, 45.549298 9.82953, 45.564874 9.770909, 45.580987 9.71257, 45.597104 9.654216, 45.61128 9.594824, 45.624964 9.535183, 45.63865 9.475528, 45.649791 9.414787, 45.662625 9.354718)",ITCF00C,#06,ITCS010,272,284,291,25,30,35,80,90,100,5,12,78.1,77.7,12.2,14,16.6,953,1094,1294,0.1,0.5,0.3,0.2236,0.0043,-159,32,33,R,INT,Leonard2014_Interplate,DS,W,6.23,6.28,6.5,6.81,6.91,15.4977,16.3293,16.0345,15.9068
efsm20_cf_top.212,"LINESTRING (44.453236 11.867883, 44.442764 11.927695, 44.425392 11.984124, 44.395083 12.028541, 44.366935 12.07564, 44.346124 12.129667, 44.3201 12.179057, 44.28448 12.21486, 44.246519 12.245593)",ITCF00D,#06,ITCS011,106,129,152,25,35,45,80,90,100,2,10,39,37.8,11.3,13.9,18.9,442,545,739,0.15,0.33,0.24,0.2225,0.0257,-5,32.5,33,R,INT,Leonard2014_Interplate,DS,W,6.22,6.27,6.49,6.8,6.9,15.3397,15.9057,15.6348,15.6019
efsm20_cf_top.213,"LINESTRING (44.744756 11.522629, 44.749557 11.58638, 44.752501 11.650358, 44.746987 11.713999, 44.741473 11.777634, 44.733147 11.84065, 44.721587 11.902636, 44.70657 11.963122, 44.689133 12.022291, 44.668804 12.079586, 44.64197 12.131296, 44.607882 12.173704, 44.570288 12.209771, 44.532701 12.24583, 44.495122 12.281881, 44.457635 12.317845)",ITCF00E,#06,ITCS012,82,115,143,20,30,40,80,100,120,2,8,75.9,70.6,9.3,12,17.5,709,911,1332,0.49,0.55,0.52,0.5191,0.0609,2,32.5,33,R,INT,Leonard2014_Interplate,DS,W,6.06,6.11,6.33,6.64,6.74,16.0592,16.3834,16.1941,16.1934
efsm20_cf_top.214,"LINESTRING (42.554168 13.156327, 42.524243 13.202172, 42.494326 13.248005, 42.464558 13.293995, 42.434811 13.339989, 42.406026 13.387071, 42.377406 13.434315, 42.347947 13.480584, 42.31736 13.525469, 42.285002 13.568002, 42.252248 13.609953, 42.219278 13.651575, 42.186316 13.693188, 42.153194 13.734545, 42.120037 13.775829, 42.086678 13.816794, 42.051071 13.854145, 42.015463 13.891474, 41.97823 13.925789, 41.941004 13.960097, 41.903785 13.994399, 41.866573 14.028694, 41.828998 14.062248, 41.791375 14.095688)",ITCF00F,#06,ITCS013,130,139,147,40,50,60,-100,-90,-80,2,14,115.4,114.8,13.9,15.7,18.7,1599,1808,2155,0.1,1,0.55,0.3162,0.0033,-974,33,33,N,INT,Leonard2014_Interplate,DS,W,6.35,6.4,6.62,6.93,7.03,15.7224,16.8519,16.5161,16.2757
efsm20_cf_top.225,"LINESTRING (43.275167 12.736062, 43.237248 12.767374, 43.200133 12.80036, 43.163025 12.833341, 43.125903 12.866273, 43.088546 12.898679, 43.051195 12.931079, 43.013851 12.963474, 42.976513 12.995862, 42.939182 13.028245, 42.901368 13.059547, 42.8634 13.090481, 42.82272 13.114124, 42.781626 13.136378, 42.74024 13.157588, 42.698857 13.178796, 42.657478 13.200002, 42.616102 13.221206)",ITCF00Q,#06,ITCS028,149,153,161,35,45,55,-100,-90,-80,2.5,14,83.6,83.2,14,16.3,20,1174,1359,1676,0.1,1,0.55,0.3162,0.0029,-967,31.5,33,N,INT,Leonard2014_Interplate,DS,W,6.39,6.44,6.66,6.97,7.07,15.588,16.7428,16.3922,16.1518
efsm20_cf_top.359,"LINESTRING (37.931805 -1.137934, 37.950256 -1.09495, 37.973312 -1.055561, 37.999722 -1.019707)",ESCF00F,#07,CAF_2,46,53,60,75,85,90,0,0,0,0,12,12.9,12.8,12,12,12.4,155,155,160,0.48,0.58,0.53,0.5276,0.0005,-151,23.5,33,LL,INT,Leonard2014_Interplate,SS,L,5.91,5.96,6.18,6.49,6.59,15.3893,15.487,15.434,15.432
efsm20_cf_top.215,"LINESTRING (38.366264 11.56555, 38.385574 11.617166, 38.404877 11.668764, 38.422802 11.721179, 38.439514 11.774257, 38.455966 11.827478, 38.470861 11.881453, 38.485759 11.935438, 38.500897 11.989325, 38.517523 12.042504, 38.534152 12.095693, 38.550785 12.148893, 38.562928 12.204053, 38.574167 12.259534, 38.585408 12.315023, 38.596438 12.37059, 38.605596 12.42672, 38.614755 12.482856, 38.623914 12.538999, 38.633075 12.595149, 38.642128 12.651334, 38.651094 12.707549, 38.660061 12.76377, 38.668612 12.820107, 38.676081 12.8767, 38.683551 12.933299, 38.690926 12.989924, 38.695152 13.047081, 38.699377 13.104241, 38.703603 13.161405, 38.70613 13.218736, 38.707953 13.276112, 38.709776 13.333489, 38.710866 13.390898, 38.70959 13.448301, 38.708315 13.505703, 38.708573 13.563127, 38.711224 13.620453, 38.713875 13.677781, 38.71657 13.735107, 38.720875 13.792274, 38.725181 13.849445, 38.729487 13.906619, 38.732207 13.963956, 38.734428 14.021331, 38.736649 14.078708, 38.738871 14.136087, 38.737014 14.193487, 38.734388 14.250835, 38.731762 14.308181, 38.728128 14.365434, 38.723195 14.422524, 38.718264 14.47961, 38.712538 14.53657, 38.706363 14.593449, 38.700188 14.650324)",ITCF00G,#06,ITCS014,67,83,98,15,27,40,60,90,120,2,18,274.1,270.9,24.9,35.2,61.8,6822,9659,16942,0.1,1.4,0.75,0.3742,0.0104,1461,19,33,R,INT,Leonard2014_Interplate,DS,W,7.23,7.28,7.5,7.81,7.91,16.3524,17.8936,17.3785,17.0765
efsm20_cf_top.216,"LINESTRING (36.677436 14.65614, 36.722567 14.669619, 36.767699 14.683099, 36.812833 14.696579, 36.857968 14.710059, 36.903104 14.72354, 36.946184 14.745125, 36.988505 14.768957, 37.030829 14.792792, 37.073206 14.816656)",ITCF00H,#06,ITCS017,14,18,24,70,80,90,-10,0,10,1,23,46.4,46.3,22,22.3,23.4,1022,1038,1087,1,1.4,1.2,1.1832,0.0007,-349,25.5,33,LL,INT,Leonard2014_Interplate,SS,L,6.73,6.78,7,7.31,7.41,16.5279,16.701,16.6137,16.6076
efsm20_cf_top.217,"LINESTRING (44.92087 8.985882, 44.954675 9.031387, 44.988726 9.076553, 45.027435 9.113496, 45.066152 9.150446, 45.101716 9.193302, 45.133897 9.241165)",ITCF00I,#06,ITCS018,34,40,46,20,32,45,60,75,90,2,8,31.1,31,8.5,11.3,17.5,264,353,546,0.2,0.54,0.37,0.3286,0.0029,-114,34.5,33,R,INT,Leonard2014_Interplate,DS,W,6,6.05,6.27,6.58,6.68,15.2417,15.9885,15.6341,15.5826
efsm20_cf_top.218,"LINESTRING (39.487893 17.212587, 39.443751 17.22998, 39.399611 17.247373, 39.355473 17.264765, 39.311337 17.282155, 39.265283 17.285757, 39.219146 17.285262, 39.173009 17.284767, 39.126872 17.284271, 39.080735 17.283776, 39.034598 17.283281, 38.98903 17.273963, 38.944838 17.256911, 38.900648 17.23986, 38.85646 17.22281, 38.812274 17.205761, 38.768121 17.188724)",ITCF00J,#06,ITCS019,162,180,195,20,30,40,80,90,100,3,12,82.1,80.1,14,18,26.3,1149,1477,2160,0.1,0.5,0.3,0.2236,0.0213,697,34,33,R,INT,Leonard2014_Interplate,DS,W,6.5,6.55,6.77,7.08,7.18,15.5789,16.5519,16.1652,16.0375
efsm20_cf_top.219,"LINESTRING (43.429203 13.429753, 43.393249 13.465942, 43.357303 13.502123, 43.317282 13.529002, 43.275223 13.549138, 43.233953 13.572136, 43.192935 13.595956, 43.151921 13.619772, 43.108617 13.634041, 43.064473 13.642144, 43.021491 13.658121, 42.983868 13.690715, 42.948658 13.727991, 42.910198 13.75867, 42.868778 13.781016, 42.827099 13.802434, 42.785424 13.82385, 42.742909 13.841929, 42.700012 13.858239, 42.656992 13.873933, 42.615113 13.894544, 42.571373 13.905954, 42.527089 13.908617)",ITCF00K,#06,ITCS020,143,160,178,25,30,35,80,90,100,3.5,11,108.9,107.6,13.1,15,17.7,1424,1634,1933,0.15,0.4,0.275,0.2449,0.0105,-165,34,33,R,INT,Leonard2014_Interplate,DS,W,6.3,6.35,6.57,6.88,6.98,15.8482,16.4068,16.1711,16.1208
efsm20_cf_top.220,"LINESTRING (37.760701 13.067571, 37.746554 13.01621, 37.732321 12.964897, 37.72124 12.912363, 37.711814 12.859324, 37.703463 12.806003, 37.692042 12.753607, 37.680553 12.701244, 37.666946 12.64971)",ITCF00L,#06,ITCS021,252,255,260,30,35,40,80,105,130,2,6.5,38.3,38.2,6.7,7.5,8.7,257,288,331,0.1,0.5,0.3,0.2236,0.001,-192,31,33,R,INT,Leonard2014_Interplate,DS,W,5.7,5.7,5.83,6.14,6.24,14.9292,15.7372,15.4558,15.3281
efsm20_cf_top.221,"LINESTRING (44.120595 8.750998, 44.08713 8.709742, 44.049507 8.676164, 44.009454 8.648579, 43.96867 8.623166, 43.927739 8.598233, 43.886812 8.573302, 43.849989 8.538166, 43.827323 8.484761, 43.804742 8.431307, 43.782402 8.377676, 43.760069 8.32406, 43.740349 8.268535, 43.721296 8.212584, 43.702248 8.156647, 43.683349 8.100629, 43.664502 8.044597, 43.64566 7.988579, 43.626822 7.932576, 43.607417 7.876963, 43.587859 7.821469, 43.568307 7.765989, 43.54676 7.711955, 43.524903 7.658178, 43.503051 7.604415, 43.480345 7.551351, 43.457445 7.498464, 43.434552 7.445592, 43.4061 7.398137, 43.376211 7.352406, 43.34457 7.308986, 43.311808 7.267191, 43.279054 7.225406, 43.251525 7.17705, 43.224046 7.128501)",ITCF00M,#06,ITCS022,204,233,246,25,37,50,80,90,100,2.5,15,169,164.2,16.3,20.8,29.6,2757,3510,4998,0.1,0.25,0.175,0.1581,0.0226,2039,21,33,R,INT,Leonard2014_Interplate,DS,W,6.66,6.71,6.93,7.24,7.34,15.959,16.6153,16.3068,16.2627
efsm20_cf_top.222,"LINESTRING (44.85061 7.194259, 44.86853 7.251829, 44.886449 7.309395, 44.904373 7.366976, 44.924285 7.423258, 44.946173 7.478077, 44.971167 7.530201, 44.996767 7.581757, 45.022794 7.632907, 45.052591 7.679784, 45.084841 7.723311, 45.115699 7.768843, 45.145834 7.815359, 45.175978 7.861888)",ITCF00N,#06,ITCS023,45,56,68,40,45,50,130,142.5,155,1,8,64.4,63.7,9.1,9.9,10.9,589,638,701,0.14,0.2,0.17,0.1673,0.0073,-415,29,33,RL,INT,Leonard2014_Interplate,SS,W,5.94,5.99,6.21,6.52,6.62,15.4344,15.6655,15.5535,15.5466
efsm20_cf_top.223,"LINESTRING (42.414358 13.034012, 42.383039 13.079559, 42.351723 13.125103, 42.320415 13.170635, 42.289115 13.216154, 42.257824 13.261662, 42.226541 13.307157, 42.195266 13.352639, 42.164 13.39811, 42.132742 13.443569, 42.101493 13.489015, 42.069717 13.53377, 42.037219 13.577555, 42.00473 13.621328, 41.97225 13.665091, 41.939778 13.708843, 41.907314 13.752582, 41.874859 13.79631, 41.843946 13.841987, 41.81398 13.888766, 41.784022 13.935532, 41.754072 13.982286, 41.723024 14.027712, 41.691816 14.072919)",ITCF00O,#06,ITCS025,131,134,136,40,52,65,-100,-90,-80,1,14.5,117.6,117.5,14.9,17.1,21,1751,2014,2469,0.1,1.7,0.9,0.4123,0.0002,-1237,32,33,N,INT,Leonard2014_Interplate,DS,W,6.45,6.5,6.72,7.03,7.13,15.7618,17.1415,16.7768,16.4378
efsm20_cf_top.224,"LINESTRING (44.1496 10.030988, 44.183102 9.991648, 44.21661 9.9523, 44.250375 9.91336, 44.284161 9.874435, 44.317955 9.835501, 44.351757 9.796557, 44.385567 9.757605, 44.419389 9.718651, 44.453221 9.679691, 44.487212 9.640978, 44.52127 9.602357)",ITCF00P,#06,ITCS026,319,320,321,30,37,45,-100,-90,-80,1,10,53.6,53.6,12.7,15,18,682,801,964,0.1,1,0.55,0.3162,0,-618,31.5,33,N,INT,Leonard2014_Interplate,DS,W,6.3,6.35,6.57,6.88,6.98,15.3522,16.5027,16.1626,15.9222
efsm20_cf_top.263,"LINESTRING (45.291496 11.275158, 45.272406 11.218203, 45.254901 11.160257, 45.237751 11.102116, 45.220604 11.04399, 45.203462 10.985879, 45.186325 10.927783, 45.169233 10.869677, 45.154792 10.810156, 45.142037 10.749881, 45.129286 10.689618)",ITCF01S,#06,ITCS076,243,247,252,30,40,50,80,90,100,3,14,49.4,49.3,14.4,17.1,22,709,845,1086,0.1,0.5,0.3,0.2236,0.001,-20,29,33,R,INT,Leonard2014_Interplate,DS,W,6.45,6.5,6.72,7.03,7.13,15.369,16.2532,15.9223,15.7946
efsm20_cf_top.226,"LINESTRING (37.711821 15.388455, 37.670459 15.365009, 37.632866 15.33301, 37.60065 15.292748, 37.571361 15.249086, 37.54642 15.201336, 37.526394 15.150049, 37.507728 15.097966, 37.489124 15.045861, 37.470566 14.993742, 37.452012 14.941634, 37.432414 14.89015, 37.411883 14.839259, 37.391356 14.788379, 37.370834 14.73751, 37.348628 14.687789, 37.322766 14.640963, 37.296911 14.594147, 37.271061 14.547343, 37.245218 14.500549, 37.218243 14.454791, 37.189688 14.410586, 37.161139 14.366392, 37.132597 14.322206, 37.104061 14.278031, 37.075559 14.23391)",ITCF00R,#06,ITCS029,204,235,246,20,30,40,80,90,100,3,10,126,124.1,10.9,14,20.5,1372,1764,2579,0.1,0.5,0.3,0.2236,0.0129,155,29.5,33,R,INT,Leonard2014_Interplate,DS,W,6.23,6.28,6.5,6.81,6.91,15.656,16.6289,16.2422,16.1145
efsm20_cf_top.227,"LINESTRING (44.1619 12.634045, 44.129502 12.682601, 44.098598 12.732983, 44.067334 12.782908, 44.033317 12.829134)",ITCF00S,#06,ITCS030,132,134,137,25,30,35,80,90,100,3,7,21.2,21.1,7,8,9.5,148,169,200,0.2,0.52,0.36,0.3225,0.0005,12,31,33,R,INT,Leonard2014_Interplate,DS,W,5.7,5.7,5.89,6.2,6.3,14.9885,15.5361,15.3034,15.2556
efsm20_cf_top.228,"LINESTRING (43.713957 13.580776, 43.685937 13.636149, 43.654229 13.687336, 43.617017 13.730846, 43.575766 13.766713, 43.530646 13.792176, 43.486488 13.82065)",ITCF00T,#06,ITCS031,126,144,159,25,32,40,80,90,100,1.5,7,32.5,31.8,8.6,10.4,13,278,338,423,0.49,0.91,0.7,0.6678,0.0185,31,32,33,R,INT,Leonard2014_Interplate,DS,W,5.9,5.95,6.17,6.48,6.58,15.6534,16.1043,15.8921,15.8717
efsm20_cf_top.229,"LINESTRING (43.979274 12.766049, 43.959101 12.820662, 43.938933 12.87526, 43.908917 12.920269, 43.878271 12.964431, 43.848027 13.0091, 43.821047 13.0576, 43.798589 13.110321, 43.776162 13.163048, 43.748328 13.210555, 43.716483 13.252938, 43.683484 13.29357, 43.650492 13.334191, 43.619897 13.378229, 43.591884 13.425174)",ITCF00U,#06,ITCS032,119,130,140,25,30,35,80,90,100,3,7.5,68.8,68.2,7.8,9,10.6,539,619,732,0.2,0.52,0.36,0.3225,0.0067,-26,31.5,33,R,INT,Leonard2014_Interplate,DS,W,5.75,5.8,6.02,6.33,6.43,15.5515,16.0991,15.8664,15.8186
efsm20_cf_top.230,"LINESTRING (36.935412 14.715289, 36.979298 14.71729, 37.023184 14.719291, 37.06707 14.721293, 37.110956 14.723294, 37.154842 14.725295, 37.198728 14.727296, 37.242614 14.729298, 37.2865 14.731299, 37.330387 14.7333)",ITCF00V,#06,ITCS035,2,2,2,60,75,90,-10,10,30,1,23,43.9,43.9,22,22.8,25.4,967,1001,1116,0.1,0.5,0.3,0.2236,0,-501,28.5,33,LL,INT,Leonard2014_Interplate,SS,L,6.72,6.77,6.99,7.3,7.4,15.5039,16.2653,15.9961,15.8684
efsm20_cf_top.231,"LINESTRING (37.129388 14.839836, 37.154581 14.889933, 37.179779 14.940042, 37.204984 14.990163, 37.230195 15.040296, 37.255411 15.090441, 37.280634 15.140597)",ITCF00W,#06,ITCS036,58,58,58,40,45,50,60,75,90,3,15,31.5,31.5,15.7,17,18.7,493,535,588,0.1,0.5,0.3,0.2236,0,-390,27.5,33,R,INT,Leonard2014_Interplate,DS,W,6.44,6.49,6.71,7.02,7.12,15.2118,15.9869,15.7237,15.596
efsm20_cf_top.232,"LINESTRING (42.478125 13.045338, 42.507051 12.998554, 42.535985 12.951756, 42.567289 12.907835, 42.599883 12.86566, 42.635258 12.827822, 42.67271 12.793858, 42.710165 12.759877, 42.748704 12.728198, 42.78725 12.696515, 42.825802 12.664825, 42.864361 12.63313, 42.902926 12.60143, 42.941498 12.569725, 42.980076 12.538014, 43.018661 12.506298, 43.057252 12.474576, 43.095849 12.442849, 43.134453 12.411117, 43.173063 12.37938, 43.21168 12.347638, 43.250303 12.31589, 43.288932 12.284137, 43.327568 12.252379, 43.36621 12.220616, 43.404859 12.188848, 43.439021 12.148479, 43.471651 12.105752, 43.504289 12.063015, 43.536936 12.020267, 43.564131 11.970765, 43.581055 11.913184, 43.597983 11.855589, 43.614915 11.79798, 43.649477 11.758121, 43.685542 11.720871, 43.721615 11.683614, 43.757696 11.646349, 43.793784 11.609076, 43.82988 11.571795, 43.865984 11.534505, 43.893766 11.485358, 43.915177 11.430394, 43.936593 11.375415, 43.958016 11.320421, 43.979444 11.265411, 44.000514 11.210113, 44.020865 11.153961)",ITCF00X,#06,ITCS037,294,320,331,25,32,40,-100,-90,-80,0.5,8,235.3,230,11.7,14.2,17.7,2745,3330,4176,0.1,1,0.55,0.3162,0.0192,-538,30,33,N,INT,Leonard2014_Interplate,DS,W,6.24,6.29,6.51,6.82,6.92,15.9571,17.1393,16.7814,16.541
efsm20_cf_top.233,"LINESTRING (44.191686 12.394104, 44.161677 12.438738, 44.131678 12.483357, 44.101687 12.527963, 44.071704 12.572557, 44.041729 12.617139, 44.011763 12.66171, 43.981804 12.706269)",ITCF00Y,#06,ITCS039,135,135,135,25,30,35,80,90,100,2,10,34.2,34.2,13.9,16,18.9,476,546,646,1,1.07,1.035,1.0344,0,-5,31.5,33,R,INT,Leonard2014_Interplate,DS,W,6.37,6.42,6.64,6.95,7.05,16.1964,16.3584,16.271,16.2707
efsm20_cf_top.234,"LINESTRING (42.429473 13.436513, 42.401491 13.484388, 42.373514 13.532252, 42.345545 13.580104, 42.317584 13.627943, 42.28963 13.675768, 42.261684 13.723581, 42.230067 13.766997, 42.198145 13.809984, 42.166232 13.852961, 42.134326 13.895927, 42.102429 13.938882, 42.070539 13.981826, 42.038657 14.02476)",ITCF00Z,#06,ITCS040,129,133,136,40,52,65,-100,-90,-80,1,14,65.2,65.1,14.3,16.5,20.2,935,1075,1318,0.1,1,0.55,0.3162,0.001,-963,34,33,N,INT,Leonard2014_Interplate,DS,W,6.41,6.46,6.68,6.99,7.09,15.4892,16.6384,16.2903,16.0499
efsm20_cf_top.235,"LINESTRING (43.623121 12.095656, 43.591879 12.142537, 43.560647 12.189404, 43.529424 12.236258, 43.498209 12.283098)",ITCF010,#06,ITCS041,134,135,135,40,45,50,-100,-90,-80,1,6,20.5,20.5,6.7,7.3,8,138,150,165,0.1,1,0.55,0.3162,0,-517,28.5,33,N,INT,Leonard2014_Interplate,DS,W,5.7,5.7,5.79,6.1,6.2,14.6587,15.7349,15.4338,15.1934
efsm20_cf_top.236,"LINESTRING (38.467531 14.839952, 38.437388 14.883119, 38.406373 14.925248, 38.373879 14.965503, 38.342051 15.006595, 38.31203 15.049824, 38.282769 15.093874, 38.252489 15.136776, 38.221286 15.17857, 38.191279 15.221742)",ITCF011,#06,ITCS042,130,133,136,70,77,85,-140,-160,180,1,23.5,45.3,45.3,22.6,23.1,23.9,1024,1047,1085,0.1,0.5,0.3,0.2236,0.0001,533,23.5,33,RL,INT,Leonard2014_Interplate,SS,L,6.74,6.79,7.01,7.32,7.42,15.5287,16.253,16.0154,15.8878
efsm20_cf_top.237,"LINESTRING (44.028121 12.876758, 44.020406 12.938589, 44.008987 12.999534, 43.9883 13.055546, 43.962229 13.107014, 43.925127 13.143098, 43.88661 13.176175, 43.849298 13.211791, 43.811061 13.245444, 43.775328 13.284004)",ITCF012,#06,ITCS043,101,132,150,30,37,45,80,90,100,2.5,7.5,45.3,43.1,6.7,7.9,9.5,305,358,431,0.2,0.52,0.36,0.3225,0.0395,19,31.5,33,R,INT,Leonard2014_Interplate,DS,W,5.7,5.7,5.88,6.19,6.29,15.3037,15.8692,15.629,15.5812
efsm20_cf_top.360,"LINESTRING (38.03397 -0.98276, 38.045641 -0.918413, 38.048025 -0.852476)",ESCF00G,#07,BSF_1,76,81,86,47,60,73,90,90,90,1,12,11.6,11.5,11.5,12.7,14.9,133,147,173,0.25,0.41,0.33,0.3202,0.002,-69,23,33,R,INT,Leonard2014_Interplate,DS,L,5.9,5.95,6.17,6.48,6.58,15.0412,15.3688,15.2039,15.1909
efsm20_cf_top.238,"LINESTRING (45.134877 9.249097, 45.16766 9.290292, 45.19999 9.332225, 45.218573 9.388529, 45.219421 9.450704, 45.217181 9.512809, 45.212849 9.574686, 45.206393 9.636182, 45.199938 9.697672, 45.183 9.754993, 45.165016 9.811652, 45.146548 9.86798, 45.128083 9.924292, 45.109624 9.980589, 45.091039 10.037269)",ITCF013,#06,ITCS044,41,94,114,20,30,40,80,90,100,2,7,68.2,62,7.8,10,14.6,531,682,997,0.48,0.54,0.51,0.5091,0.0785,-56,35,33,R,INT,Leonard2014_Interplate,DS,W,5.86,5.91,6.13,6.44,6.54,15.9246,16.2498,16.06,16.0593
efsm20_cf_top.239,"LINESTRING (44.978787 9.728034, 44.959408 9.782787, 44.940034 9.837525, 44.920665 9.892248, 44.891565 9.937547, 44.858636 9.977255, 44.825716 10.016956, 44.792257 10.055727, 44.75519 10.087295, 44.718129 10.118857, 44.68116 10.150341)",ITCF014,#06,ITCS045,116,134,148,20,30,40,80,90,100,2,10,48.2,47,12.4,16,23.4,599,770,1126,0.24,0.63,0.435,0.3888,0.0216,-148,37,33,R,INT,Leonard2014_Interplate,DS,W,6.37,6.42,6.64,6.95,7.05,15.6764,16.3695,16.0437,15.995
efsm20_cf_top.240,"LINESTRING (44.685912 10.190075, 44.681806 10.25139, 44.677699 10.3127, 44.669713 10.373242, 44.653072 10.430186, 44.636436 10.487116, 44.62024 10.54428, 44.604969 10.601929, 44.589702 10.659565, 44.572483 10.71609, 44.552182 10.770543, 44.534382 10.826677, 44.516862 10.883064)",ITCF015,#06,ITCS046,94,108,116,20,30,40,80,90,100,2,8,58.4,58,9.3,12,17.5,545,701,1025,0.24,0.63,0.435,0.3888,0.0065,-189,37.5,33,R,INT,Leonard2014_Interplate,DS,W,6.06,6.11,6.33,6.64,6.74,15.6355,16.3286,16.0029,15.9541
efsm20_cf_top.241,"LINESTRING (44.515242 10.914507, 44.514688 10.978322, 44.514134 11.042136, 44.51358 11.10595, 44.511394 11.169693, 44.508785 11.233403, 44.506176 11.29711, 44.500066 11.360339, 44.480785 11.418125, 44.458689 11.473875, 44.430756 11.524198, 44.40299 11.57422)",ITCF016,#06,ITCS047,89,102,126,20,30,40,80,90,100,2,8,55.6,53.8,9.3,12,17.5,519,668,976,0.24,0.63,0.435,0.3888,0.0282,-84,36.5,33,R,INT,Leonard2014_Interplate,DS,W,6.06,6.11,6.33,6.64,6.74,15.6142,16.3073,15.9815,15.9328
efsm20_cf_top.242,"LINESTRING (46.085982 11.070047, 46.047148 11.040172, 46.009658 11.006949, 45.97196 10.974238, 45.934269 10.941532, 45.896584 10.908833, 45.856989 10.881204, 45.819095 10.849056, 45.781548 10.816103, 45.743757 10.783748, 45.705328 10.752995, 45.668587 10.718293, 45.63297 10.681286, 45.599486 10.640436, 45.566011 10.599596, 45.536897 10.55245, 45.51085 10.501802, 45.490848 10.445855, 45.483772 10.383883, 45.482878 10.321137)",ITCF017,#06,ITCS048,205,220,268,25,30,35,70,85,100,5,12,93,88.7,12.2,14,16.6,1135,1302,1540,0.1,0.5,0.3,0.2236,0.0399,-446,32.5,33,R,INT,Leonard2014_Interplate,DS,W,6.23,6.28,6.5,6.81,6.91,15.5735,16.4051,16.1102,15.9826
efsm20_cf_top.243,"LINESTRING (44.803319 10.539997, 44.817174 10.597317, 44.825677 10.656671, 44.822259 10.717034, 44.808728 10.774497, 44.793718 10.831211)",ITCF018,#06,ITCS049,70,91,109,30,40,50,80,90,100,3,10,23.9,23,9.1,10.9,14,218,260,334,0.04,0.16,0.1,0.08,0.0282,-25,35.5,33,R,INT,Leonard2014_Interplate,DS,W,5.96,6.01,6.23,6.54,6.64,14.4595,15.2468,14.9336,14.8367
efsm20_cf_top.244,"LINESTRING (45.01156 11.086554, 44.998706 11.146522, 44.985912 11.206213, 44.97312 11.265892, 44.960331 11.325558, 44.947545 11.385212, 44.94946 11.447477, 44.952924 11.509611, 44.946653 11.571303, 44.928495 11.62809, 44.910342 11.684862, 44.892194 11.741619, 44.87405 11.798362, 44.855911 11.85509, 44.837777 11.911803, 44.819647 11.968501)",ITCF019,#06,ITCS050,84,105,112,25,40,55,80,90,100,1,8,73.6,72.7,8.5,10.9,16.6,629,801,1219,0.39,0.45,0.42,0.4189,0.0098,-3,32,33,R,INT,Leonard2014_Interplate,DS,W,5.96,6.01,6.23,6.54,6.64,15.9081,16.2577,16.0456,16.0445
efsm20_cf_top.245,"LINESTRING (44.863667 10.752544, 44.892215 10.803113, 44.90922 10.863174, 44.919019 10.926373, 44.919028 10.991077, 44.904289 11.052332, 44.884364 11.11057, 44.866115 11.169872, 44.847629 11.22901, 44.82697 11.28668, 44.809117 11.346164, 44.794774 11.407489, 44.780689 11.468918, 44.766339 11.530287)",ITCF01A,#06,ITCS051,50,98,115,25,35,45,80,90,100,2,10,66.2,62.3,11.3,13.9,18.9,749,924,1254,0.5,1.04,0.77,0.7211,0.0487,-13,33.5,33,R,INT,Leonard2014_Interplate,DS,W,6.22,6.27,6.49,6.8,6.9,16.0922,16.6338,16.3706,16.3421
efsm20_cf_top.246,"LINESTRING (42.959072 14.884643, 42.934417 14.94004, 42.892527 14.970494, 42.851823 15.00379, 42.81302 15.041049, 42.776184 15.081827, 42.736406 15.11708, 42.692019 15.139931, 42.64458 15.13818, 42.59744 15.130745, 42.550938 15.119127)",ITCF01B,#06,ITCS052,121,157,190,35,37,40,80,90,100,3.5,8,52.8,49.3,6.7,7.2,7.5,355,379,398,0.1,0.5,0.3,0.2236,0.0529,186,32.5,33,R,INT,Leonard2014_Interplate,DS,W,5.7,5.7,5.78,6.09,6.19,15.0687,15.8172,15.5745,15.4468
efsm20_cf_top.247,"LINESTRING (43.415878 12.440055, 43.383543 12.490359, 43.35122 12.540648, 43.318905 12.59092, 43.286601 12.641178, 43.254306 12.691421)",ITCF01C,#06,ITCS056,133,133,133,15,20,25,-100,-90,-80,2,7,27.1,27.1,11.8,14.6,19.3,321,397,524,0.1,1,0.55,0.3162,0,-530,29,33,N,INT,Leonard2014_Interplate,DS,W,6.28,6.33,6.55,6.86,6.96,15.025,16.238,15.8573,15.6169
efsm20_cf_top.248,"LINESTRING (41.198615 15.244018, 41.204372 15.184539, 41.210129 15.125056, 41.215888 15.065569, 41.221646 15.006076, 41.227405 14.946579, 41.233164 14.887076, 41.238924 14.827568)",ITCF01D,#06,ITCS057,277,277,277,60,70,80,-140,-130,-120,11,25,35.1,35.1,14.2,14.9,16.2,499,523,568,0.1,1,0.55,0.3162,0,-527,29.5,33,N,INT,Leonard2014_Interplate,DS,W,6.3,6.35,6.57,6.88,6.98,15.2168,16.2727,15.9776,15.7372
efsm20_cf_top.249,"LINESTRING (41.689311 16.093386, 41.698322 16.037063, 41.706025 15.980387, 41.709912 15.92301, 41.706972 15.86553, 41.704033 15.808053, 41.700622 15.750627, 41.70037 15.693022, 41.703746 15.635593, 41.707125 15.578103)",ITCF01E,#06,ITCS058,265,272,281,75,82,90,-160,-145,-130,0,25,43,42.8,25,25.2,25.9,1076,1087,1114,0.1,1.2,0.65,0.3464,0.0007,-446,32.5,33,RL,INT,Leonard2014_Interplate,SS,L,6.75,6.8,7.02,7.33,7.43,15.5504,16.6446,16.3676,16.0942
efsm20_cf_top.264,"LINESTRING (41.633931 14.740184, 41.633517 14.682789, 41.633103 14.625394, 41.632689 14.567999, 41.632276 14.510605, 41.631862 14.453211, 41.631448 14.395817, 41.631034 14.338424, 41.63062 14.281032)",ITCF01T,#06,ITCS077,270,270,270,60,70,80,-140,-130,-120,11,25,38.2,38.2,14.2,14.9,16.2,543,569,617,0.1,1,0.55,0.3162,0,-749,30,33,N,INT,Leonard2014_Interplate,DS,W,6.3,6.35,6.57,6.88,6.98,15.2529,16.3087,16.0136,15.7732
efsm20_cf_top.250,"LINESTRING (42.222605 13.806227, 42.224549 13.866709, 42.2258 13.927226, 42.225981 13.987767, 42.223255 14.048194, 42.217953 14.108306, 42.212651 14.168413, 42.207516 14.228541, 42.202429 14.288671, 42.197342 14.348796, 42.193376 14.409072, 42.189753 14.469382, 42.18613 14.529689, 42.182423 14.589983, 42.178692 14.650272, 42.174807 14.71054, 42.170946 14.770807, 42.167132 14.831076, 42.163318 14.891341, 42.159504 14.951602, 42.15569 15.01186, 42.151876 15.072114, 42.148294 15.13239, 42.144847 15.192676, 42.141326 15.252951, 42.137831 15.313225, 42.134631 15.373527, 42.131431 15.433826, 42.128246 15.494124, 42.125114 15.554424, 42.121983 15.614722, 42.118851 15.675022)",ITCF01F,#06,ITCS059,88,94,97,65,77,90,-130,-160,170,11,20,154.5,154.4,9,9.2,9.9,1391,1427,1535,0.1,0.5,0.3,0.2236,0.0001,-144,34.5,33,RL,INT,Leonard2014_Interplate,SS,W,5.87,5.92,6.14,6.45,6.55,15.6618,16.4035,16.1502,16.0225
efsm20_cf_top.251,"LINESTRING (46.149167 12.680736, 46.112421 12.641269, 46.076375 12.600352, 46.040426 12.559287, 46.00639 12.514991, 45.972706 12.47017, 45.939031 12.425361, 45.905366 12.380564, 45.87171 12.33578, 45.844297 12.282965, 45.822594 12.224959, 45.800898 12.166971, 45.779209 12.109, 45.757526 12.051046)",ITCF01G,#06,ITCS060,218,230,244,30,40,50,60,80,100,1,9,66.3,65.3,10.4,12.4,16,692,825,1061,0.24,0.91,0.575,0.4673,0.0114,-146,41,33,R,INT,Leonard2014_Interplate,DS,W,6.1,6.15,6.37,6.68,6.78,15.7391,16.5032,16.1948,16.1047
efsm20_cf_top.252,"LINESTRING (46.208223 13.400268, 46.220538 13.333081, 46.229815 13.264869, 46.235575 13.195842, 46.240658 13.126697, 46.245741 13.057566)",ITCF01H,#06,ITCS061,277,280,286,30,35,40,90,100,110,6,11,26.7,26.7,7.8,8.7,10,208,233,267,0.29,0.72,0.505,0.4569,0.0014,-431,43.5,33,R,INT,Leonard2014_Interplate,DS,W,5.71,5.76,5.98,6.29,6.39,15.2989,15.803,15.5893,15.5458
efsm20_cf_top.253,"LINESTRING (46.194763 12.99855, 46.177655 12.941826, 46.160569 12.885175, 46.1494 12.82554, 46.143829 12.764301, 46.145269 12.702572)",ITCF01I,#06,ITCS062,248,258,274,30,35,40,80,90,100,1,7,23.8,23.4,9.3,10.5,12,222,249,286,0.29,0.72,0.505,0.4569,0.012,-217,43,33,R,INT,Leonard2014_Interplate,DS,W,5.91,5.96,6.18,6.49,6.59,15.3275,15.8315,15.6179,15.5744
efsm20_cf_top.254,"LINESTRING (46.27811 13.42402, 46.278542 13.355772, 46.280528 13.287272, 46.284605 13.21896, 46.283552 13.15041, 46.27556 13.082831, 46.272512 13.014419, 46.270015 12.945962, 46.267518 12.877507, 46.265021 12.809057, 46.262524 12.740609)",ITCF01J,#06,ITCS064,262,270,276,30,37,45,80,90,100,1,6,52.7,52.6,6.7,7.9,9.5,354,416,501,0.29,0.72,0.505,0.4569,0.0016,-679,43.5,33,R,INT,Leonard2014_Interplate,DS,W,5.7,5.7,5.88,6.19,6.29,15.5304,16.0759,15.8414,15.7979
efsm20_cf_top.255,"LINESTRING (45.907388 13.412807, 45.922669 13.347799, 45.944475 13.287137, 45.967157 13.227119, 45.994949 13.171698, 46.024492 13.118159, 46.063944 13.080065)",ITCF01K,#06,ITCS065,290,305,328,30,40,50,110,120,130,1,12,31.7,31,14.4,17.1,22,455,543,698,0.14,0.21,0.175,0.1715,0.0161,-60,42,33,R,INT,Leonard2014_Interplate,DS,W,6.45,6.5,6.72,7.03,7.13,15.323,15.6844,15.4961,15.4873
efsm20_cf_top.256,"LINESTRING (46.109589 13.442121, 46.12958 13.38184, 46.149062 13.32119, 46.162163 13.257052, 46.175269 13.1929, 46.188376 13.128734, 46.201487 13.064555, 46.214592 13.000403)",ITCF01L,#06,ITCS066,288,290,297,30,35,40,90,100,110,2,8,36.1,36,9.3,10.5,12,337,377,433,0.29,0.72,0.505,0.4569,0.0019,-217,43,33,R,INT,Leonard2014_Interplate,DS,W,5.91,5.96,6.18,6.49,6.59,15.5079,16.0119,15.7983,15.7548
efsm20_cf_top.257,"LINESTRING (46.543374 13.134538, 46.502436 13.117474, 46.47438 13.073115, 46.441755 13.035948, 46.405105 13.007788)",ITCF01M,#06,ITCS067,197,214,229,60,75,90,0,25,50,1,9,18.6,18.2,8,8.3,9.2,149,154,172,0.05,0.15,0.1,0.0866,0.0054,-969,45,33,LL,INT,Leonard2014_Interplate,SS,W,5.75,5.8,6.02,6.33,6.43,14.3894,14.929,14.7055,14.643
efsm20_cf_top.258,"LINESTRING (41.688429 16.100047, 41.681652 16.161165, 41.675634 16.222419, 41.670059 16.283745, 41.664533 16.345073, 41.660199 16.406567, 41.656257 16.468105, 41.653431 16.529748, 41.650987 16.59142, 41.649373 16.653139, 41.648431 16.71488, 41.647218 16.776611, 41.645924 16.838338, 41.645715 16.900088, 41.645647 16.96184, 41.645577 17.023595)",ITCF01N,#06,ITCS070,89,93,98,70,80,90,-170,175,160,14,25,77,76.9,11,11.2,11.7,847,860,901,0.1,0.5,0.3,0.2236,0.0002,117,31,33,RL,INT,Leonard2014_Interplate,SS,W,6.07,6.12,6.34,6.65,6.75,15.4462,16.1722,15.93,15.8023
efsm20_cf_top.259,"LINESTRING (46.213858 12.986114, 46.208476 12.921711, 46.203095 12.857326, 46.196458 12.793195, 46.178057 12.734065, 46.151981 12.681323)",ITCF01O,#06,ITCS071,236,255,265,30,35,40,80,90,100,0.5,7.5,25,24.5,10.9,12.2,14,272,305,349,0.29,0.72,0.505,0.4569,0.0165,-371,43.5,33,R,INT,Leonard2014_Interplate,DS,W,6.08,6.13,6.35,6.66,6.76,15.4151,15.9191,15.7055,15.662
efsm20_cf_top.260,"LINESTRING (45.44219 9.871985, 45.458196 9.932961, 45.469749 9.995965, 45.47377 10.060844, 45.475364 10.12594, 45.476118 10.191068, 45.478112 10.256142, 45.479609 10.321247, 45.480894 10.386357)",ITCF01P,#06,ITCS072,69,83,88,30,37,45,80,90,100,1,6,40.6,40.3,7.1,8.3,10,287,338,406,0.1,0.5,0.3,0.2236,0.0056,-113,31,33,R,INT,Leonard2014_Interplate,DS,W,5.7,5.71,5.93,6.24,6.34,14.9768,15.8263,15.524,15.3963
efsm20_cf_top.261,"LINESTRING (45.799682 11.01685, 45.759573 10.98568, 45.720013 10.953181, 45.680448 10.920719, 45.640771 10.888563, 45.606004 10.846373, 45.576429 10.796774)",ITCF01Q,#06,ITCS073,207,213,228,25,35,45,70,85,100,3,9,30.4,30.1,8.5,10.5,14.2,258,318,432,0.1,0.5,0.3,0.2236,0.0077,-662,29.5,33,R,INT,Leonard2014_Interplate,DS,W,5.91,5.96,6.18,6.49,6.59,14.9304,15.8529,15.4984,15.3708
efsm20_cf_top.262,"LINESTRING (41.635129 16.815491, 41.635478 16.753309, 41.636529 16.691146, 41.63778 16.628988, 41.63975 16.566862, 41.642345 16.504774, 41.645557 16.442734, 41.649928 16.380819, 41.65476 16.318959, 41.660857 16.257297)",ITCF01R,#06,ITCS074,269,273,277,80,85,90,-140,-135,-130,0,14,46.5,46.5,14,14.1,14.2,651,654,661,0.1,0.8,0.45,0.2828,0.0001,73,31.5,33,N,INT,Leonard2014_Interplate,DS,W,6.23,6.28,6.5,6.81,6.91,15.3322,16.2419,15.987,15.7853
efsm20_cf_top.317,"LINESTRING (43.008139 14.11709, 42.964015 14.135636, 42.918376 14.145096, 42.872215 14.144718, 42.827321 14.130063, 42.783188 14.111273)",ITCF037,#06,ITCS159,164,182,198,41,48,56,80,90,100,5,10.5,25.7,25,6.7,7.5,8.5,173,193,218,0.15,0.2,0.175,0.1732,0.0171,53,33.5,33,R,INT,Leonard2014_Interplate,DS,W,5.7,5.7,5.82,6.13,6.23,14.9321,15.1587,15.0465,15.042
efsm20_cf_top.265,"LINESTRING (42.246399 13.950698, 42.226775 14.003951, 42.205878 14.056239, 42.183425 14.107319, 42.158316 14.156077, 42.130704 14.202286, 42.101915 14.247152, 42.070862 14.289164, 42.037355 14.327579, 42.000963 14.360877, 41.963395 14.391698, 41.925567 14.421921, 41.888194 14.453134)",ITCF01U,#06,ITCS078,117,134,150,20,25,30,80,90,100,8,18,58.7,57.5,20,23.7,29.2,1174,1389,1717,0.1,0.5,0.3,0.2236,0.0188,-660,34.5,33,R,INT,Leonard2014_Interplate,DS,W,6.8,6.85,7.07,7.38,7.48,15.5883,16.4522,16.1385,16.0108
efsm20_cf_top.266,"LINESTRING (42.296081 14.148514, 42.282911 14.204382, 42.264297 14.257494, 42.243455 14.309057, 42.217736 14.356413, 42.185153 14.395287, 42.14978 14.429411, 42.114925 14.464472)",ITCF01V,#06,ITCS079,108,128,145,20,30,40,80,90,100,3,8,33.8,32.9,7.8,10,14.6,263,338,495,0.1,0.5,0.3,0.2236,0.0237,-213,35.5,33,R,INT,Leonard2014_Interplate,DS,W,5.86,5.91,6.13,6.44,6.54,14.9388,15.9118,15.525,15.3974
efsm20_cf_top.267,"LINESTRING (43.991575 10.582487, 44.01708 10.530842, 44.042591 10.479183, 44.068109 10.427508, 44.093635 10.375819, 44.119168 10.324115, 44.144709 10.272396, 44.170257 10.220661, 44.195813 10.168911)",ITCF01W,#06,ITCS083,303,304,304,30,37,45,-100,-90,-80,1,10,40.1,40.1,12.7,15,18,510,599,721,0.1,1,0.55,0.3162,0,-604,33.5,33,N,INT,Leonard2014_Interplate,DS,W,6.3,6.35,6.57,6.88,6.98,15.2262,16.3767,16.0366,15.7962
efsm20_cf_top.268,"LINESTRING (40.759296 13.933662, 40.734484 13.88639, 40.709678 13.839129)",ITCF01X,#06,ITCS085,236,236,236,80,85,90,-100,-90,-80,0,6.5,9.7,9.7,6.7,6.8,6.8,65,65,66,0.1,1,0.55,0.3162,0,109,22.5,33,N,INT,Leonard2014_Interplate,DS,W,5.7,5.7,5.71,6.02,6.12,14.3328,15.3395,15.0748,14.8344
efsm20_cf_top.269,"LINESTRING (41.75276 12.808858, 41.721473 12.761846, 41.690914 12.714004, 41.660679 12.665815, 41.630452 12.617638)",ITCF01Y,#06,ITCS086,230,231,232,60,70,80,-100,-90,-80,5,11.5,20.9,20.9,6.7,7.1,7.7,141,147,160,0.1,1,0.55,0.3162,0,-334,27.5,33,N,INT,Leonard2014_Interplate,DS,W,5.7,5.7,5.75,6.06,6.16,14.6668,15.7226,15.4275,15.1871
efsm20_cf_top.270,"LINESTRING (43.438078 10.487116, 43.485614 10.463471, 43.532889 10.438838, 43.5802 10.414316)",ITCF01Z,#06,ITCS088,338,339,339,40,50,60,-100,-90,-80,1,7,16.9,16.9,6.9,7.8,9.3,117,132,157,0.1,1,0.55,0.3162,0,-101,26,33,N,INT,Leonard2014_Interplate,DS,W,5.7,5.7,5.87,6.18,6.28,14.586,15.7154,15.3796,15.1392
efsm20_cf_top.271,"LINESTRING (40.961752 16.209912, 40.961687 16.149847, 40.961622 16.089782, 40.961557 16.029717, 40.961493 15.969652, 40.961428 15.909587, 40.961363 15.849522, 40.961298 15.789457, 40.961234 15.729393, 40.961169 15.669329, 40.961103 15.609265, 40.961039 15.549199)",ITCF020,#06,ITCS089,269,269,270,70,80,90,-170,180,170,12,23,55.5,55.5,11,11.2,11.7,610,620,649,0.1,0.5,0.3,0.2236,0,-457,37,33,RL,INT,Leonard2014_Interplate,SS,W,6.07,6.12,6.34,6.65,6.75,15.304,16.03,15.7878,15.6602
efsm20_cf_top.272,"LINESTRING (37.622962 12.161024, 37.586638 12.125728, 37.55032 12.090438, 37.514009 12.055155, 37.477705 12.019878, 37.450932 11.972998, 37.424549 11.925784, 37.398284 11.878482, 37.379224 11.82601, 37.360168 11.773549, 37.341116 11.721099, 37.321752 11.668841, 37.294511 11.622487, 37.267277 11.576144, 37.24005 11.529811, 37.212828 11.483489, 37.192228 11.432074, 37.171645 11.380663, 37.151066 11.329263, 37.129837 11.278296, 37.105435 11.229628, 37.081039 11.180971, 37.056416 11.131862)",TNCF000,#06,ITCS090,216,234,244,30,45,60,80,90,100,3,12,112.2,110.7,10.4,12.7,18,1166,1428,2019,0.1,0.5,0.3,0.2236,0.0096,186,28,33,R,INT,Leonard2014_Interplate,DS,W,6.13,6.18,6.4,6.71,6.81,15.5852,16.5227,16.1503,16.0227
efsm20_cf_top.273,"LINESTRING (36.976314 11.783623, 36.952645 11.831397, 36.928982 11.879161, 36.905304 11.926899, 36.881547 11.974561, 36.857795 12.022212, 36.833281 12.069242, 36.807634 12.115303, 36.782132 12.161473, 36.757027 12.207968, 36.731927 12.254452, 36.711092 12.304092, 36.690843 12.354095, 36.669432 12.403326, 36.647459 12.452157, 36.627416 12.502248, 36.610278 12.553973, 36.593144 12.605689, 36.580861 12.659494, 36.56988 12.713725, 36.559215 12.768046, 36.55258 12.823346, 36.545945 12.878641, 36.539481 12.933963, 36.535255 12.989616, 36.53103 13.045266, 36.526804 13.100913, 36.522579 13.156556, 36.518355 13.212196, 36.514131 13.267833, 36.509907 13.323464)",ITCF021,#06,ITCS091,96,112,127,50,60,70,-170,-145,-120,4,12,149.8,146.7,8.5,9.2,10.4,1276,1384,1565,0.2,0.5,0.35,0.3162,0.0105,1062,22,33,RL,INT,Leonard2014_Interplate,SS,W,5.87,5.92,6.14,6.45,6.55,15.9252,16.4119,16.2037,16.1596
efsm20_cf_top.274,"LINESTRING (37.221281 17.151786, 37.184981 17.118168, 37.149873 17.08262, 37.115647 17.045762, 37.082486 17.007418, 37.050361 16.967729, 37.018998 16.92711, 36.989975 16.883865, 36.962237 16.839333, 36.935972 16.793441, 36.911736 16.745849, 36.888443 16.69754, 36.866598 16.648198, 36.847453 16.597147, 36.829873 16.545237, 36.8144 16.492302, 36.801537 16.438299, 36.789631 16.383964, 36.778902 16.329255, 36.769698 16.274122, 36.761173 16.218825, 36.755127 16.163027, 36.749301 16.107198)",ITCF022,#06,ITCS096,215,240,262,10,15,20,80,90,100,4,12,110.4,106.6,23.4,30.9,46.1,2581,3411,5084,0.5,1.3,0.9,0.8062,0.0329,3273,18.5,33,R,INT,Leonard2014_Interplate,DS,W,7.09,7.14,7.36,7.67,7.77,16.6293,17.3387,17.0056,16.9578
efsm20_cf_top.275,"LINESTRING (37.307375 17.023514, 37.273234 16.98455, 37.239556 16.945177, 37.206152 16.905458, 37.173195 16.865171, 37.140723 16.824286, 37.109389 16.782043, 37.07875 16.739024, 37.049039 16.695012, 37.019538 16.650795, 36.991577 16.605054, 36.964384 16.558608, 36.942969 16.50766, 36.922733 16.455977, 36.90802 16.401463, 36.898119 16.345284, 36.888851 16.288943, 36.879692 16.232582, 36.875716 16.175288, 36.872411 16.11793, 36.86999 16.060505)",ITCF023,#06,ITCS097,221,239,266,10,15,20,80,90,100,4,12,102.3,98.3,23.4,30.9,46.1,2393,3163,4714,0.5,1.3,0.9,0.8062,0.038,2987,19.5,33,R,INT,Leonard2014_Interplate,DS,W,7.09,7.14,7.36,7.67,7.77,16.5965,17.3058,16.9728,16.925
efsm20_cf_top.276,"LINESTRING (38.182832 18.473962, 38.138403 18.46005, 38.094059 18.44572, 38.049884 18.430577, 38.005848 18.414806, 37.96232 18.396911, 37.918954 18.378408, 37.876232 18.357646, 37.833513 18.336886, 37.792451 18.311335, 37.751402 18.285763, 37.711506 18.257441, 37.672228 18.227783, 37.634691 18.194738, 37.598802 18.158907, 37.566562 18.117938, 37.535382 18.075699, 37.507142 18.030308, 37.478909 17.984927, 37.452294 17.938037, 37.426188 17.89071, 37.402524 17.841405, 37.380502 17.790925, 37.359618 17.739699, 37.339527 17.687985, 37.320184 17.635837, 37.30177 17.583174, 37.283827 17.530266, 37.266382 17.477109, 37.248941 17.423963, 37.232301 17.370425, 37.215752 17.317082)",ITCF024,#06,ITCS098,192,222,247,10,15,20,80,90,100,4,9,157.7,148.1,14.6,19.3,28.8,2305,3047,4541,0.8,2,1.4,1.2649,0.059,2970,22,33,R,INT,Leonard2014_Interplate,DS,W,6.58,6.63,6.85,7.16,7.26,16.7844,17.4767,17.1485,17.1044
efsm20_cf_top.277,"LINESTRING (38.349352 17.693647, 38.303528 17.685998, 38.258208 17.674463, 38.213277 17.660693, 38.169029 17.643717, 38.125671 17.623372, 38.082799 17.601435, 38.040725 17.577149, 37.998457 17.553425, 37.956645 17.528446, 37.915021 17.502981, 37.873901 17.476247, 37.833711 17.447349, 37.794328 17.416738, 37.755594 17.384841, 37.717948 17.350944, 37.681686 17.314733, 37.647537 17.275394, 37.614422 17.234687, 37.582936 17.19211)",ITCF025,#06,ITCS099,186,206,226,10,25,40,80,90,100,3,12,97.6,95.9,14,21.3,51.8,1367,2079,5060,0.8,2,1.4,1.2649,0.0161,2205,24,33,R,INT,Leonard2014_Interplate,DS,W,6.68,6.73,6.95,7.26,7.36,16.5574,17.5237,16.9825,16.9385
efsm20_cf_top.278,"LINESTRING (45.619382 13.854834, 45.639325 13.799689, 45.663752 13.748247, 45.690716 13.699446, 45.718453 13.651515, 45.745999 13.603336, 45.775076 13.557014, 45.802803 13.508999, 45.832514 13.463466)",ITCF026,#06,ITCS100,298,309,314,50,55,60,130,145,160,1,10,38.7,38.5,10.4,11,11.7,402,425,454,0.03,0.27,0.15,0.09,0.002,-77,41.5,33,RL,INT,Leonard2014_Interplate,SS,W,6.06,6.11,6.33,6.64,6.74,14.5997,15.6072,15.3228,15.1009
efsm20_cf_top.279,"LINESTRING (45.53145 13.855252, 45.550049 13.795848, 45.570401 13.737704, 45.599138 13.68727, 45.627697 13.636605, 45.657661 13.587601, 45.689404 13.540919, 45.721084 13.494123)",SICF000,#06,ITCS101,295,308,315,30,37,45,100,110,120,1.5,8,35.4,35.1,9.2,10.8,13,326,383,461,0.02,0.23,0.125,0.0678,0.0071,-40,40.5,33,R,INT,Leonard2014_Interplate,DS,W,5.95,6,6.22,6.53,6.63,14.3324,15.5436,15.1983,14.9326
efsm20_cf_top.280,"LINESTRING (46.481788 13.830401, 46.488332 13.761943, 46.49305 13.693088, 46.498542 13.624349, 46.504662 13.555714, 46.50635 13.486543, 46.507023 13.417335, 46.510945 13.348352, 46.518147 13.279923, 46.525232 13.211459, 46.531078 13.142739)",ITCF027,#06,ITCS102,272,277,280,65,75,85,140,150,160,1,14,53,52.9,13,13.5,14.3,691,713,760,0.2,0.6,0.4,0.3464,0.0003,-1191,44.5,33,RL,INT,Leonard2014_Interplate,SS,W,6.28,6.33,6.55,6.86,6.96,15.6591,16.1773,15.9736,15.9111
efsm20_cf_top.281,"LINESTRING (44.947558 11.046374, 44.936487 11.110272, 44.917744 11.170476, 44.902502 11.232603, 44.88618 11.294162, 44.86837 11.354875, 44.850211 11.415365, 44.825966 11.471461)",ITCF028,#06,ITCS103,102,110,120,40,45,50,80,90,100,3.5,10,36.2,36.1,8.5,9.2,10.1,308,333,367,0.25,0.5,0.375,0.3536,0.0025,-9,32,33,R,INT,Leonard2014_Interplate,DS,W,5.77,5.82,6.04,6.35,6.45,15.4044,15.7816,15.6152,15.5897
efsm20_cf_top.282,"LINESTRING (39.596552 17.088757, 39.617302 17.036501, 39.635682 16.982673, 39.656013 16.930029, 39.679093 16.879317, 39.704751 16.830724, 39.728449 16.78046, 39.757415 16.73508, 39.782998 16.686364, 39.811588 16.640546, 39.828234 16.585624, 39.841032 16.528968, 39.855076 16.472802, 39.8716 16.417782, 39.896534 16.368418, 39.92091 16.318565)",ITCF029,#06,ITCS104,285,298,309,40,45,50,65,77.5,90,1,10,75.6,75.1,11.7,12.7,14,889,963,1059,0.5,0.9,0.7,0.6708,0.0053,106,36.5,33,R,INT,Leonard2014_Interplate,DS,W,6.13,6.18,6.4,6.71,6.81,16.1662,16.4976,16.3471,16.3286
efsm20_cf_top.283,"LINESTRING (46.093869 12.345425, 46.053412 12.324475, 46.016267 12.291009, 45.988472 12.242258, 45.966955 12.187343, 45.946065 12.131951, 45.922162 12.079158, 45.896961 12.027653, 45.874983 11.973206, 45.857018 11.915823, 45.837385 11.859598, 45.815431 11.80519, 45.79858 11.747176, 45.784997 11.687439)",ITCF02A,#06,ITCS105,202,238,254,30,40,50,60,80,100,1,10,63.2,61.4,11.7,14,18,743,885,1138,0.29,0.72,0.505,0.4569,0.0224,-493,39.5,33,R,INT,Leonard2014_Interplate,DS,W,6.23,6.28,6.5,6.81,6.91,15.8519,16.4321,16.169,16.1255
efsm20_cf_top.284,"LINESTRING (44.115283 12.983903, 44.106865 13.044321, 44.09011 13.101338, 44.067904 13.154605, 44.0425 13.205007, 44.022887 13.260166, 43.991361 13.30332, 43.963911 13.351535, 43.945596 13.407477, 43.928496 13.46414, 43.908275 13.518768, 43.878225 13.563826, 43.835286 13.578613, 43.791868 13.590394, 43.752534 13.618442, 43.715176 13.651241)",ITCF02B,#06,ITCS106,102,131,170,25,32,40,80,90,100,2,7,73.8,69.5,7.8,9.4,11.8,574,696,873,0.2,0.52,0.36,0.3225,0.0487,50,31,33,R,INT,Leonard2014_Interplate,DS,W,5.8,5.85,6.07,6.38,6.48,15.5784,16.1755,15.9176,15.8698
efsm20_cf_top.285,"LINESTRING (43.421022 13.950327, 43.452495 13.895549, 43.496842 13.861621, 43.546584 13.847938, 43.595124 13.830912)",ITCF02C,#06,ITCS107,309,334,350,40,47,55,80,90,100,1.5,8,22.5,21.6,7.9,8.9,10.1,178,200,227,0.37,0.54,0.455,0.447,0.0263,37,32,33,R,INT,Leonard2014_Interplate,DS,W,5.74,5.79,6.01,6.32,6.42,15.3382,15.6077,15.4773,15.4696
efsm20_cf_top.286,"LINESTRING (43.88802 13.787571, 43.881922 13.853633, 43.876521 13.919804, 43.864984 13.984438, 43.844 14.044309, 43.816635 14.098823)",ITCF02D,#06,ITCS108,97,108,125,30,35,40,80,90,100,2,8,26.7,26.2,9.3,10.5,12,249,279,320,0.26,0.38,0.32,0.3143,0.015,76,30.5,33,R,INT,Leonard2014_Interplate,DS,W,5.91,5.96,6.18,6.49,6.59,15.3297,15.6036,15.4694,15.4616
efsm20_cf_top.287,"LINESTRING (45.152328 10.268355, 45.135746 10.329803, 45.109272 10.383815, 45.078777 10.433361, 45.041413 10.472316, 44.999225 10.499795)",ITCF02E,#06,ITCS112,110,132,154,25,35,45,80,90,100,2.5,7.5,25.8,24.9,6.7,8.3,11.3,174,214,291,0.23,0.91,0.57,0.4575,0.0286,-26,32.5,33,R,INT,Leonard2014_Interplate,DS,W,5.7,5.71,5.93,6.24,6.34,15.1199,15.9408,15.605,15.5095
efsm20_cf_top.288,"LINESTRING (45.577776 10.729131, 45.542056 10.693165, 45.505514 10.658946, 45.472177 10.618633, 45.448726 10.566054, 45.437516 10.505846, 45.432448 10.443985, 45.435925 10.381881)",ITCF02F,#06,ITCS113,212,239,274,25,35,45,70,85,100,2,7,34,31.3,7.1,8.7,11.8,241,297,402,0.1,0.5,0.3,0.2236,0.065,-108,28,33,R,INT,Leonard2014_Interplate,DS,W,5.71,5.76,5.98,6.29,6.39,14.8997,15.8222,15.4677,15.3401
efsm20_cf_top.289,"LINESTRING (45.560174 10.9041, 45.518024 10.877533, 45.477118 10.847286, 45.438395 10.811691, 45.411443 10.758446, 45.398478 10.695474, 45.394799 10.630069, 45.393762 10.564403)",ITCF02G,#06,ITCS114,202,234,268,25,35,45,70,85,100,3,8,35.9,32.3,7.1,8.7,11.8,254,313,424,0.1,0.5,0.3,0.2236,0.0813,-166,27.5,33,R,INT,Leonard2014_Interplate,DS,W,5.71,5.76,5.98,6.29,6.39,14.9227,15.8452,15.4907,15.3631
efsm20_cf_top.361,"LINESTRING (38.067452 -0.859671, 38.080068 -0.810093, 38.081066 -0.757975)",ESCF00H,#07,BSF_2,71,79,87,47,60,73,90,90,90,1,12,9.1,9,11.5,12.7,14.9,105,116,136,0.25,0.41,0.33,0.3202,0.0052,-40,23,33,R,INT,Leonard2014_Interplate,DS,L,5.79,5.84,6.06,6.37,6.47,14.9384,15.2659,15.1011,15.088
efsm20_cf_top.290,"LINESTRING (45.395065 9.951843, 45.362995 9.905137, 45.346436 9.84425, 45.348819 9.779058, 45.353031 9.714051, 45.357853 9.649123, 45.359673 9.583882, 45.362378 9.518701, 45.370406 9.454407, 45.382777 9.391514, 45.417202 9.348322, 45.46001 9.324804, 45.502582 9.30358)",ITCF02H,#06,ITCS115,225,283,341,25,37,50,80,90,100,2,7,61.1,52,6.7,8.6,12.2,411,524,746,0.1,0.5,0.3,0.2236,0.1198,-83,33,33,R,INT,Leonard2014_Interplate,DS,W,5.7,5.75,5.97,6.28,6.38,15.1328,16.09,15.7147,15.587
efsm20_cf_top.291,"LINESTRING (45.325869 10.317594, 45.306164 10.254705, 45.306115 10.185869, 45.306476 10.117036, 45.312648 10.048759, 45.329055 9.983981, 45.351317 9.922517)",ITCF02I,#06,ITCS116,245,274,297,25,32,40,80,90,100,2.5,7,32.3,31,6.7,8.2,10.2,218,264,331,0.1,0.5,0.3,0.2236,0.0344,-58,31.5,33,R,INT,Leonard2014_Interplate,DS,W,5.7,5.7,5.91,6.22,6.32,14.856,15.7371,15.417,15.2893
efsm20_cf_top.292,"LINESTRING (37.685777 12.824187, 37.650845 12.795865, 37.616931 12.765647, 37.584147 12.733515, 37.551689 12.700891)",ITCF02J,#06,ITCS118,214,217,220,30,40,50,80,90,100,2,9,18.5,18.4,9.1,10.9,14,169,201,258,0.1,0.5,0.3,0.2236,0.0006,-75,31,33,R,INT,Leonard2014_Interplate,DS,W,5.96,6.01,6.23,6.54,6.64,14.7456,15.6299,15.2989,15.1713
efsm20_cf_top.293,"LINESTRING (37.555546 12.728797, 37.507714 12.727643, 37.459962 12.723983, 37.412146 12.722069, 37.364515 12.71645, 37.317487 12.70484)",ITCF02K,#06,ITCS119,182,186,192,50,65,80,30,55,80,1,9,26.6,26.6,8.1,8.8,10.4,216,235,278,0.1,0.5,0.3,0.2236,0.0008,117,30,33,R,INT,Leonard2014_Interplate,DS,W,5.73,5.78,6,6.31,6.41,14.8533,15.6613,15.3665,15.2388
efsm20_cf_top.294,"LINESTRING (37.582268 13.347465, 37.570578 13.294183, 37.566807 13.239106, 37.564709 13.183891, 37.566644 13.128667, 37.581113 13.076484, 37.600141 13.026674, 37.620087 12.977425, 37.643933 12.931027)",ITCF02L,#06,ITCS120,256,282,304,30,35,40,70,90,110,2,6.5,39,37.3,6.7,7.5,8.7,262,294,337,0.1,0.5,0.3,0.2236,0.0349,-312,31,33,R,INT,Leonard2014_Interplate,DS,W,5.7,5.7,5.83,6.14,6.24,14.9373,15.7454,15.4639,15.3363
efsm20_cf_top.295,"LINESTRING (37.110865 15.773426, 37.144167 15.738509, 37.177487 15.70357, 37.211127 15.669102, 37.247092 15.638541, 37.281683 15.605559, 37.314736 15.57016)",ITCF02M,#06,ITCS122,319,321,326,75,80,85,-135,-112.5,-90,7,20,29,28.9,13,13.2,13.5,378,382,390,0.44,0.64,0.54,0.5307,0.0001,2355,22.5,33,N,INT,Leonard2014_Interplate,DS,W,6.16,6.21,6.43,6.74,6.84,15.7395,15.9156,15.8334,15.8259
efsm20_cf_top.296,"LINESTRING (37.09024 15.913261, 37.122166 15.873243, 37.152173 15.830996, 37.182613 15.789222, 37.208244 15.742626, 37.2341 15.696209, 37.270197 15.662225, 37.3063 15.628235, 37.343027 15.595304)",ITCF02N,#06,ITCS123,304,314,324,75,80,85,-135,-112.5,-90,9,20,40.1,39.8,11,11.2,11.4,443,448,457,0.44,0.64,0.54,0.5307,0.0015,2456,22,33,N,INT,Leonard2014_Interplate,DS,W,5.98,6.03,6.25,6.56,6.66,15.8085,15.9846,15.9024,15.8949
efsm20_cf_top.297,"LINESTRING (37.286179 15.968474, 37.312359 15.921492, 37.338665 15.874282, 37.365462 15.827496, 37.393924 15.782277, 37.422393 15.737046, 37.457933 15.700582, 37.494744 15.666161, 37.532829 15.633997, 37.572011 15.603987, 37.608745 15.569382, 37.645317 15.534487, 37.681895 15.499585, 37.721025 15.469409)",ITCF02O,#06,ITCS124,304,317,328,75,80,85,-135,-112.5,-90,11,20,66.2,65.4,9,9.1,9.3,598,605,617,0.44,0.64,0.54,0.5307,0.0022,2186,25.5,33,N,INT,Leonard2014_Interplate,DS,W,5.77,5.82,6.04,6.35,6.45,15.939,16.1151,16.0329,16.0254
efsm20_cf_top.298,"LINESTRING (37.216253 15.895161, 37.245863 15.847817, 37.275466 15.800484, 37.306043 15.754122, 37.334359 15.705524, 37.362682 15.656914, 37.391012 15.608293, 37.418886 15.559238, 37.446242 15.509704)",ITCF02P,#06,ITCS125,304,306,309,75,80,85,-135,-112.5,-90,10,20,42.6,42.6,10,10.2,10.4,428,433,441,0.44,0.64,0.54,0.5307,0.0001,2306,23.5,33,N,INT,Leonard2014_Interplate,DS,W,5.88,5.93,6.15,6.46,6.56,15.7933,15.9694,15.8872,15.8796
efsm20_cf_top.299,"LINESTRING (37.721999 15.431579, 37.757177 15.397929, 37.79102 15.362121, 37.822962 15.323604, 37.85576 15.286237, 37.891321 15.253158, 37.926888 15.220073, 37.965872 15.193878, 38.005137 15.168353, 38.044192 15.142302, 38.083778 15.117564, 38.123866 15.094154, 38.163338 15.069097)",ITCF02Q,#06,ITCS126,316,327,335,70,77,85,-140,-160,180,3,20,58.9,58.5,17.1,17.4,18.1,1005,1027,1065,0.5,2,1.25,1,0.0015,111,28,33,RL,INT,Leonard2014_Interplate,SS,W,6.56,6.61,6.83,7.14,7.24,16.2195,16.8469,16.627,16.5301
efsm20_cf_top.300,"LINESTRING (43.108016 13.068988, 43.067899 13.101579, 43.02595 13.129498, 42.981741 13.14985, 42.937536 13.1702, 42.894162 13.193636, 42.85127 13.218656, 42.805937 13.233646, 42.761303 13.215173, 42.719204 13.186279)",ITCF02R,#06,ITCS127,151,169,208,30,38,47,-100,-90,-80,1.5,10,46.7,44.3,11.6,13.8,17,543,645,795,0.1,0.5,0.3,0.2236,0.0415,-1161,33,33,N,INT,Leonard2014_Interplate,DS,W,6.21,6.26,6.48,6.79,6.89,15.2535,16.1176,15.8054,15.6777
efsm20_cf_top.301,"LINESTRING (42.825185 13.249957, 42.783044 13.258517, 42.740924 13.26594, 42.701002 13.285673, 42.662054 13.308712, 42.623186 13.331986)",ITCF02S,#06,ITCS128,157,165,174,35,47,60,-100,-90,-80,2,9,23.6,23.4,8.1,9.6,12.2,191,226,288,0.1,0.5,0.3,0.2236,0.0054,-1327,33,33,N,INT,Leonard2014_Interplate,DS,W,5.82,5.87,6.09,6.4,6.5,14.7995,15.6774,15.35,15.2224
efsm20_cf_top.302,"LINESTRING (43.763562 12.366368, 43.728621 12.407921, 43.696328 12.452957, 43.664325 12.498363, 43.63233 12.543756, 43.600345 12.589138, 43.568368 12.634507, 43.536399 12.679863, 43.504439 12.725207, 43.471241 12.768801, 43.430312 12.797278, 43.389389 12.825751, 43.349074 12.855801, 43.309114 12.886715, 43.26916 12.917623, 43.226587 12.941009, 43.181157 12.949539, 43.135357 12.952573, 43.089557 12.955608)",ITCF02T,#06,ITCS129,136,149,179,25,32,40,-100,-90,-80,1,10,91.8,88.8,14,17,21.3,1285,1559,1955,0.1,0.5,0.3,0.2236,0.0279,-581,30.5,33,N,INT,Leonard2014_Interplate,DS,W,6.44,6.49,6.71,7.02,7.12,15.6275,16.5086,16.1885,16.0609
efsm20_cf_top.303,"LINESTRING (42.608597 13.309205, 42.562602 13.330318, 42.521356 13.366347, 42.483264 13.408266, 42.446784 13.452718)",ITCF02U,#06,ITCS130,139,148,162,35,50,65,-95,-90,-85,4,11,21.8,21.5,7.7,9.1,12.2,168,199,266,0.1,1,0.55,0.3162,0.0079,-1333,33,33,N,INT,Leonard2014_Interplate,DS,W,5.77,5.82,6.04,6.35,6.45,14.744,15.9427,15.5574,15.317
efsm20_cf_top.304,"LINESTRING (39.174293 18.867211, 39.217175 18.842292, 39.257592 18.809805, 39.293496 18.769415, 39.332697 18.734497, 39.375385 18.707235, 39.41805 18.679898, 39.458974 18.648397, 39.499904 18.616891, 39.54084 18.58538, 39.581782 18.553864)",ITCF02V,#06,ITCS131,320,331,337,55,60,65,-90,-75,-60,1,12,52.9,52.7,12.1,12.7,13.4,642,672,710,0.23,0.78,0.505,0.4236,0.0016,957,33,33,N,INT,Leonard2014_Interplate,DS,W,6.12,6.17,6.39,6.7,6.8,15.6876,16.2619,16.0489,15.9726
efsm20_cf_top.305,"LINESTRING (38.786257 19.191381, 38.825661 19.160813, 38.861362 19.122961, 38.895104 19.082234, 38.928854 19.041497, 38.962611 19.000751, 39.001055 18.967555, 39.039821 18.934968, 39.078413 18.902024, 39.112439 18.861565, 39.147221 18.822167, 39.183746 18.785465, 39.227069 18.764383)",GRCF006,#06,ITCS132,318,324,341,64,67,70,-90,-75,-60,1.5,12,61.8,61.3,11.2,11.4,11.7,690,704,721,0.16,0.39,0.275,0.2498,0.0025,1303,33,33,N,INT,Leonard2014_Interplate,DS,W,6.01,6.06,6.28,6.59,6.69,15.5615,15.9678,15.8057,15.7639
efsm20_cf_top.306,"LINESTRING (36.50048 16.217258, 36.539745 16.191553, 36.57917 16.165743, 36.618599 16.139929, 36.658033 16.114113, 36.697471 16.088295, 36.736835 16.062284, 36.776171 16.036195, 36.815512 16.010102, 36.84889 15.97325, 36.876482 15.929543, 36.904079 15.885825, 36.93203 15.842444, 36.960413 15.799489, 36.993069 15.761568, 37.025625 15.723495, 37.058467 15.685796, 37.095035 15.653916, 37.134509 15.628036, 37.17224 15.59833, 37.19783 15.552565, 37.228619 15.512145, 37.25723 15.469257, 37.294192 15.438014, 37.332678 15.409816)",ITCF02W,#06,ITCS133,305,322,332,75,80,85,-135,-112.5,-90,6,20,118.9,117.1,14.1,14.2,14.5,1670,1690,1723,1,1.46,1.23,1.2083,0.0025,2796,21.5,33,N,INT,Leonard2014_Interplate,DS,W,6.25,6.3,6.52,6.83,6.93,16.7413,16.9191,16.8362,16.8285
efsm20_cf_top.307,"LINESTRING (42.639302 13.888991, 42.652591 13.945885, 42.66501 14.003105, 42.678676 14.05981, 42.694336 14.115567, 42.708945 14.171862, 42.722419 14.228692, 42.730427 14.287414, 42.73187 14.347112, 42.729896 14.406781)",ITCF02X,#06,ITCS134,70,77,93,50,60,70,120,135,150,4.5,15,43.9,43.5,11.2,12.1,13.7,491,532,602,0.08,0.74,0.41,0.2433,0.0046,3,34.5,33,R,INT,Leonard2014_Interplate,DS,W,6.07,6.12,6.34,6.65,6.75,15.1124,16.1673,15.8575,15.6309
efsm20_cf_top.308,"LINESTRING (42.507783 13.398733, 42.518818 13.460212, 42.529853 13.521699, 42.540891 13.583196, 42.55193 13.644704, 42.562971 13.706221, 42.574015 13.767748, 42.585059 13.829286, 42.596106 13.890834)",ITCF02Y,#06,ITCS135,77,77,77,50,65,80,120,135,150,12,20,41.5,41.5,8.1,8.8,10.4,337,366,433,0.08,0.74,0.41,0.2433,0,-741,34,33,R,INT,Leonard2014_Interplate,DS,W,5.73,5.78,6,6.31,6.41,14.9493,16.0245,15.695,15.4684
efsm20_cf_top.309,"LINESTRING (43.809538 12.409469, 43.785026 12.461478, 43.760588 12.513329, 43.735332 12.5644, 43.708 12.613359, 43.680676 12.662304, 43.652597 12.710405, 43.623827 12.757696, 43.595064 12.804973, 43.566309 12.852237, 43.529498 12.88725, 43.492063 12.920958, 43.454635 12.954659, 43.417213 12.988354, 43.379941 13.022339, 43.342782 13.056538, 43.304178 13.087541, 43.26333 13.112517, 43.222487 13.13749, 43.181648 13.16246, 43.140814 13.187428, 43.096999 13.199625, 43.05314 13.211516, 43.009283 13.223407)",ITCF02Z,#06,ITCS136,125,145,170,20,35,50,-100,-90,-80,3,9.2,114.4,110.6,8.1,10.8,18.1,926,1236,2073,0.1,0.5,0.3,0.2236,0.0267,-525,31.5,33,N,INT,Leonard2014_Interplate,DS,W,5.95,6,6.22,6.53,6.63,15.4849,16.5341,16.0877,15.9601
efsm20_cf_top.310,"LINESTRING (37.308568 12.933061, 37.35314 12.94977, 37.395835 12.972951, 37.438588 12.995977, 37.482057 13.016781)",ITCF030,#06,ITCS137,18,22,25,70,80,90,0,15,30,1,12,20.7,20.7,11,11.2,11.7,228,231,242,0.1,0.5,0.3,0.2236,0.0002,136,29.5,33,LL,INT,Leonard2014_Interplate,SS,W,6.07,6.12,6.34,6.65,6.75,14.8755,15.6015,15.3593,15.2316
efsm20_cf_top.311,"LINESTRING (37.301451 12.717783, 37.25929 12.702162, 37.2167 12.688559, 37.173621 12.677663, 37.130074 12.67026, 37.086676 12.661588)",ITCF031,#06,ITCS138,189,193,198,65,77,90,-15,0,15,1,9,24.4,24.4,8,8.2,8.8,195,201,216,0.1,0.5,0.3,0.2236,0.0004,198,26,33,LL,INT,Leonard2014_Interplate,SS,W,5.74,5.79,6.01,6.32,6.42,14.8096,15.5513,15.298,15.1703
efsm20_cf_top.312,"LINESTRING (37.055335 12.870975, 37.102236 12.890583, 37.147911 12.914287, 37.193 12.939712, 37.238871 12.962843, 37.286104 12.981156)",ITCF032,#06,ITCS139,18,22,25,80,85,90,0,15,30,1,12,27.5,27.5,11,11,11.2,302,303,307,0.1,0.5,0.3,0.2236,0.0001,273,27,33,LL,INT,Leonard2014_Interplate,SS,W,6.06,6.11,6.33,6.64,6.74,14.999,15.7046,15.4778,15.3501
efsm20_cf_top.313,"LINESTRING (43.098206 14.505047, 43.070299 14.552251, 43.038746 14.594909, 42.999455 14.623053, 42.959384 14.649042, 42.917929 14.670587, 42.873802 14.676704, 42.829687 14.682985, 42.785598 14.689581, 42.745237 14.71463, 42.708264 14.74747)",ITCF033,#06,ITCS154,129,156,174,20,40,60,80,90,100,2.5,9,49.3,47.6,7.5,10.1,19,370,498,937,0.1,0.5,0.3,0.2236,0.0257,160,32.5,33,R,INT,Leonard2014_Interplate,DS,W,5.88,5.93,6.15,6.46,6.56,15.0867,16.1892,15.6933,15.5656
efsm20_cf_top.314,"LINESTRING (43.242031 14.409511, 43.267597 14.354431, 43.301026 14.30794, 43.339227 14.268976, 43.382461 14.241684, 43.427801 14.221875, 43.475052 14.214298, 43.522155 14.206745)",ITCF034,#06,ITCS155,303,333,354,32,53,75,80,90,100,3,10,37,35.2,7.2,8.8,13.2,268,324,489,0.025,0.075,0.05,0.0433,0.0295,80,31,33,R,INT,Leonard2014_Interplate,DS,W,5.72,5.77,5.99,6.3,6.4,14.3449,15.0828,14.7286,14.6661
efsm20_cf_top.315,"LINESTRING (43.423751 13.93869, 43.37838 13.950312, 43.332465 13.956713, 43.286463 13.961789, 43.242552 13.981296, 43.200185 14.00641, 43.157328 14.029889, 43.113219 14.048491, 43.067227 14.053712, 43.021108 14.057498)",ITCF035,#06,ITCS156,157,169,177,41,44,48,80,90,100,2,7,46.2,45.8,6.7,7.2,7.6,311,333,352,0.15,0.2,0.175,0.1732,0.0062,38,32.5,33,R,INT,Leonard2014_Interplate,DS,W,5.7,5.7,5.78,6.09,6.19,15.1872,15.3662,15.2834,15.2789
efsm20_cf_top.316,"LINESTRING (43.200654 14.446819, 43.217346 14.391234, 43.234042 14.335636, 43.257451 14.284784, 43.286698 14.239971, 43.323897 14.208146, 43.364869 14.186785, 43.405951 14.165813, 43.447152 14.145272, 43.489133 14.127975, 43.532526 14.119565, 43.575839 14.11117)",ITCF036,#06,ITCS158,293,327,353,24,36,48,80,90,100,4.5,10,53.6,49.8,7.4,9.4,13.5,397,501,725,0.025,0.075,0.05,0.0433,0.0578,77,31,33,R,INT,Leonard2014_Interplate,DS,W,5.79,5.84,6.06,6.37,6.47,14.5148,15.2537,14.9177,14.8552
efsm20_cf_top.318,"LINESTRING (45.216191 11.943076, 45.251613 11.905788, 45.287046 11.868488, 45.322486 11.831179, 45.357935 11.793863, 45.39235 11.754614, 45.426291 11.714512, 45.459878 11.673785, 45.492634 11.631679, 45.525399 11.589561, 45.557727 11.546739, 45.589849 11.503579, 45.621979 11.460406, 45.654358 11.417589, 45.686755 11.374775, 45.71916 11.33195, 45.752283 11.290242, 45.786373 11.250141, 45.821593 11.212074, 45.856837 11.174028)",ITCF038,#06,ITCS175,315,318,322,65,70,75,-160,180,160,1,15,93.2,93.1,14.5,14.9,15.4,1350,1388,1439,0.1,0.5,0.3,0.2236,0.0003,-286,32.5,33,RL,INT,Leonard2014_Interplate,SS,W,6.39,6.44,6.66,6.97,7.07,15.649,16.3756,16.138,16.0104
efsm20_cf_top.319,"LINESTRING (44.643347 7.485633, 44.676577 7.526181, 44.705264 7.573323, 44.736748 7.616813, 44.764916 7.664619, 44.793804 7.711591, 44.821695 7.759767)",ITCF039,#06,ITCS178,42,48,52,40,45,50,60,90,120,1.5,8,29.4,29.4,8.5,9.2,10.1,250,270,297,0.14,0.2,0.17,0.1673,0.0014,-282,31.5,33,R,INT,Leonard2014_Interplate,DS,W,5.77,5.82,6.04,6.35,6.45,15.0619,15.293,15.181,15.1741
efsm20_cf_top.320,"LINESTRING (45.182261 7.92039, 45.183308 7.986698, 45.181654 8.053014, 45.184323 8.119262, 45.182054 8.18554, 45.179659 8.251807, 45.174245 8.317709, 45.168645 8.383575, 45.15601 8.44744, 45.141169 8.510327, 45.126018 8.573051)",ITCF03A,#06,ITCS179,87,98,109,40,45,50,70,90,110,1,8,52,51.6,9.1,9.9,10.9,475,515,566,0.1,0.5,0.3,0.2236,0.0061,-159,26,33,R,INT,Leonard2014_Interplate,DS,W,5.85,5.9,6.12,6.43,6.53,15.1954,15.9706,15.7073,15.5796
efsm20_cf_top.321,"LINESTRING (45.121759 8.602916, 45.101056 8.662495, 45.073935 8.71684, 45.039596 8.762242, 45.007385 8.810638, 44.978671 8.863227, 44.946475 8.911591, 44.909595 8.952712)",ITCF03B,#06,ITCS180,116,131,142,40,45,50,80,100,120,1,8,36.6,36.2,9.1,9.9,10.9,334,362,398,0.1,0.5,0.3,0.2236,0.0064,-97,32,33,R,INT,Leonard2014_Interplate,DS,W,5.85,5.9,6.12,6.43,6.53,15.0424,15.8175,15.5542,15.4266
efsm20_cf_top.322,"LINESTRING (38.379331 14.427865, 38.3839 14.37088, 38.388468 14.31389, 38.393037 14.256897, 38.388738 14.19987, 38.382415 14.143154, 38.376092 14.086443, 38.369337 14.029819, 38.353196 13.97638, 38.337058 13.922951, 38.323347 13.868443, 38.312763 13.812824, 38.30218 13.757212, 38.296536 13.700448, 38.292708 13.643441, 38.28888 13.586437, 38.287418 13.529258, 38.286598 13.472058, 38.285779 13.414859, 38.284959 13.357661, 38.280818 13.3007, 38.272881 13.244401, 38.264945 13.188108, 38.257009 13.131821, 38.250883 13.075173, 38.248486 13.018075, 38.246088 12.960979, 38.243691 12.903885, 38.241293 12.84679)",ITCF03C,#06,ITCS222,250,265,276,40,50,60,80,100,120,3,16,139.8,138.8,15,17,20.2,2099,2373,2828,0.1,0.5,0.3,0.2236,0.0046,1023,22.5,33,R,INT,Leonard2014_Interplate,DS,W,6.44,6.49,6.71,7.02,7.12,15.8405,16.6689,16.3709,16.2432
efsm20_cf_top.323,"LINESTRING (41.692874 19.469855, 41.718168 19.419525, 41.743468 19.369181, 41.768774 19.318823, 41.792654 19.267209, 41.816612 19.21564, 41.840893 19.164326, 41.8655 19.113271, 41.889259 19.06148, 41.912171 19.008986, 41.935667 18.956941, 41.956733 18.903031, 41.977376 18.848806, 41.997705 18.794351, 42.017794 18.739718, 42.03531 18.683487, 42.052325 18.626961, 42.073101 18.572748, 42.093882 18.518521, 42.11504 18.464541, 42.136572 18.410762)",MECF000,#06,MECS001,294,301,305,15,27,40,80,90,100,2,15,100.7,100.6,20.2,28.6,50.2,2037,2885,5060,0.9,2,1.45,1.3416,0.0015,128,33.5,33,R,INT,Leonard2014_Interplate,DS,W,7.01,7.06,7.28,7.59,7.69,16.7818,17.5237,17.14,17.1062
efsm20_cf_top.324,"LINESTRING (41.890449 19.347392, 41.911067 19.29372, 41.93236 19.240512, 41.955926 19.189046, 41.979314 19.137414, 41.999 19.083041, 42.022481 19.031452, 42.052716 18.986662, 42.082462 18.941262, 42.107259 18.890733, 42.129838 18.838329, 42.151807 18.785438, 42.175336 18.733763, 42.204109 18.687148, 42.239942 18.650495, 42.2741 18.611013)",MECF001,#06,MECS007,297,306,324,25,30,35,80,95,110,1,10,75,74.2,15.7,18,21.3,1176,1350,1597,0.15,1.2,0.675,0.4243,0.0084,48,34.5,33,R,INT,Leonard2014_Interplate,DS,W,6.5,6.55,6.77,7.08,7.18,15.7652,16.8009,16.478,16.2764
efsm20_cf_top.325,"LINESTRING (36.503346 13.423315, 36.469341 13.459644, 36.435342 13.495967, 36.401423 13.532389, 36.367536 13.568843, 36.332691 13.603861, 36.296251 13.636263, 36.259817 13.66866, 36.224699 13.703204, 36.193097 13.742609, 36.161502 13.782006, 36.129913 13.821395, 36.098065 13.860446, 36.06591 13.899094, 36.03376 13.937733, 36.001617 13.976365, 35.969481 14.014989, 35.937351 14.053606, 35.905227 14.092214, 35.87311 14.130815, 35.840999 14.169409, 35.810036 14.209389, 35.782149 14.25266, 35.754267 14.295921, 35.726392 14.339173, 35.698523 14.382416, 35.670659 14.425649, 35.642802 14.468874, 35.61495 14.512089, 35.59138 14.558987, 35.567904 14.605942, 35.544432 14.652887, 35.520966 14.699822, 35.497505 14.746747, 35.474048 14.793662, 35.450581 14.840599)",MTCF000,#06,MTCS001,122,133,145,50,62,75,-170,-145,-120,3,15,174.5,173.1,12.4,13.6,15.7,2167,2371,2733,0.2,0.5,0.35,0.3162,0.0036,849,24.5,33,RL,INT,Leonard2014_Interplate,SS,W,6.29,6.34,6.56,6.87,6.97,16.1555,16.6541,16.4375,16.3934
efsm20_cf_top.326,"LINESTRING (46.239106 13.593977, 46.253403 13.539715, 46.266366 13.484743, 46.27709 13.428743)",SICF001,#06,SICS003,287,289,292,45,57,70,120,132.5,145,1,7.5,13.4,13.4,6.7,7.5,8.9,90,101,120,0.1,0.2,0.15,0.1414,0.0004,-717,43.5,33,R,INT,Leonard2014_Interplate,DS,W,5.7,5.7,5.83,6.14,6.24,14.4735,14.898,14.699,14.6734
efsm20_cf_top.327,"LINESTRING (36.558187 11.489122, 36.529812 11.445729, 36.50145 11.402355, 36.473094 11.35899, 36.444744 11.315635, 36.422797 11.266892, 36.402774 11.216899, 36.382755 11.166917, 36.37314 11.112393, 36.364311 11.057671, 36.355483 11.002955, 36.345902 10.948441, 36.326472 10.898138, 36.307045 10.847846, 36.287623 10.797563, 36.268204 10.747291, 36.244678 10.699809, 36.21911 10.653992, 36.193548 10.608185, 36.169658 10.561026, 36.147149 10.51285, 36.124644 10.464684, 36.099302 10.418746, 36.073377 10.373323, 36.047457 10.32791, 36.019351 10.284548, 35.98756 10.245283, 35.954958 10.207066, 35.922029 10.169293, 35.885048 10.137772, 35.846882 10.108494, 35.808721 10.079219)",TNCF001,#06,TNCS005,211,236,257,20,35,50,80,90,100,2,10,154.9,151.5,10.4,13.9,23.4,1618,2161,3623,0.1,0.5,0.3,0.2236,0.018,50,26.5,33,R,INT,Leonard2014_Interplate,DS,W,6.22,6.27,6.49,6.8,6.9,15.7274,16.7766,16.3302,16.2026
efsm20_cf_top.340,"LINESTRING (41.105206 14.937545, 41.134278 14.893122, 41.163358 14.848688, 41.192445 14.804242, 41.22154 14.759785, 41.250641 14.715316, 41.27975 14.670837, 41.308975 14.626475, 41.340203 14.58458, 41.376296 14.550294, 41.411766 14.51485, 41.440273 14.469574, 41.466203 14.421602, 41.492139 14.373617, 41.518082 14.325619, 41.544032 14.277608, 41.569989 14.229585, 41.595868 14.181706)",ITCF03O,#06,ITCS024,306,311,325,50,55,60,-100,-90,-80,1,15,83.8,83.4,16.2,17.1,18.3,1354,1432,1531,0.1,1,0.55,0.3162,0.0025,-670,28.5,33,N,INT,Leonard2014_Interplate,DS,W,6.45,6.5,6.72,7.03,7.13,15.6503,16.7035,16.4148,16.1744
efsm20_cf_top.328,"LINESTRING (36.260947 11.891021, 36.24097 11.941724, 36.220931 11.992582, 36.200897 12.04343, 36.180866 12.094267, 36.165611 12.147573, 36.154822 12.202519, 36.144035 12.257459, 36.133249 12.312391, 36.122199 12.367236, 36.111099 12.422058, 36.09994 12.476854, 36.088428 12.531529, 36.076918 12.586196, 36.062584 12.639823, 36.048021 12.693345, 36.03346 12.746858, 36.018901 12.800362, 36.004344 12.853857, 35.98391 12.904318, 35.962412 12.954087, 35.94092 13.003846, 35.918681 13.053088, 35.891904 13.098742, 35.865133 13.144386, 35.838368 13.19002, 35.812672 13.236563, 35.79064 13.285867, 35.768613 13.335161, 35.746591 13.384444, 35.726505 13.434955, 35.707652 13.486168, 35.688802 13.537371, 35.669956 13.588564, 35.651537 13.639981, 35.633346 13.691508, 35.615159 13.743025, 35.596975 13.794532, 35.578795 13.846029)",ITCF03D,#06,TNCS006,105,115,127,50,60,70,-170,-145,-120,4,13,192.9,191.7,9.6,10.4,11.7,1847,2005,2266,0.2,0.5,0.35,0.3162,0.0031,767,26,33,RL,INT,Leonard2014_Interplate,SS,W,6,6.05,6.27,6.58,6.68,16.0861,16.5728,16.3646,16.3205
efsm20_cf_top.329,"LINESTRING (35.075895 14.485405, 35.085408 14.431371, 35.094923 14.377325, 35.101577 14.322639, 35.103611 14.267404, 35.105645 14.212168, 35.112261 14.157468, 35.119177 14.102818, 35.126093 14.048164, 35.133766 13.993656, 35.142906 13.939482, 35.152048 13.885302, 35.164316 13.832047, 35.178501 13.779501, 35.192689 13.726947, 35.207344 13.674574, 35.222549 13.622428, 35.237755 13.570274, 35.255498 13.519323, 35.275598 13.469691, 35.295545 13.419954, 35.31119 13.367946, 35.326838 13.31593, 35.342488 13.263905, 35.358141 13.211871, 35.373797 13.159828, 35.389455 13.107776, 35.405115 13.055715, 35.420778 13.003646, 35.439889 12.953327, 35.460026 12.903605, 35.478646 12.852987, 35.495964 12.801666, 35.513286 12.750336, 35.531157 12.699279, 35.549303 12.648358, 35.567453 12.597427, 35.583085 12.545238, 35.597337 12.492446, 35.611592 12.439646, 35.627994 12.387787, 35.646446 12.336968, 35.664901 12.286139, 35.683359 12.235301)",MTCF001,#06,TNCS008,273,289,298,60,70,80,-170,-150,-130,3,13,216.3,214.9,10.2,10.6,11.5,2196,2302,2497,0.3,0.8,0.55,0.4899,0.0022,337,30.5,33,RL,INT,Leonard2014_Interplate,SS,W,6.02,6.07,6.29,6.6,6.7,16.3373,16.8191,16.6209,16.5707
efsm20_cf_top.330,"LINESTRING (39.604417 16.265008, 39.561191 16.271605, 39.517965 16.2782, 39.474676 16.284066, 39.431247 16.287792, 39.38781 16.291338, 39.344285 16.291338, 39.300779 16.291312)",ITCF03E,#06,ITCS015,172,175,179,40,55,70,-100,-90,-80,1,15,33.9,33.8,14.9,17.1,21.8,505,579,738,0.4,1,0.7,0.6325,0.0006,-364,35.5,33,N,INT,Leonard2014_Interplate,DS,W,6.45,6.5,6.72,7.03,7.13,15.8236,16.3865,16.1263,16.0822
efsm20_cf_top.331,"LINESTRING (37.89376 15.36116, 37.931953 15.389246, 37.970152 15.417334, 38.008355 15.445426, 38.046563 15.473524, 38.084776 15.501625, 38.122995 15.529728, 38.161218 15.557837, 38.199446 15.585949, 38.237679 15.614064, 38.275553 15.642972, 38.31283 15.67313)",ITCF03F,#06,ITCS016,30,30,32,25,32,40,-110,-95,-80,2,15,54,54,20.2,24.5,30.8,1092,1325,1661,0.9,2,1.45,1.3416,0.0001,240,29,33,N,INT,Leonard2014_Interplate,DS,W,6.84,6.89,7.11,7.42,7.52,16.5111,17.04,16.8021,16.7683
efsm20_cf_top.332,"LINESTRING (39.88771 16.216167, 39.842687 16.240182, 39.797669 16.264196, 39.752655 16.288207, 39.70764 16.312218)",ITCF03G,#06,ITCS033,157,157,157,55,60,65,-100,-90,-80,1,15,21.6,21.6,15.4,16.2,17.1,334,350,370,0.2,0.6,0.4,0.3464,0,-555,37,33,N,INT,Leonard2014_Interplate,DS,L,6.27,6.32,6.54,6.85,6.95,15.3436,15.8647,15.6644,15.6019
efsm20_cf_top.333,"LINESTRING (38.077018 16.223833, 38.098731 16.175639, 38.120448 16.127436, 38.142169 16.079221, 38.163895 16.030996, 38.185626 15.98276, 38.207363 15.934514, 38.229105 15.886257, 38.250851 15.837989, 38.272602 15.789709, 38.294358 15.741419, 38.316118 15.693117, 38.337884 15.644805, 38.359655 15.596482)",ITCF03H,#06,ITCS055,299,299,299,60,70,80,-150,-135,-120,3,15,63.2,63.2,12.2,12.8,13.9,770,807,875,0.1,0.5,0.3,0.2236,0,-250,31,33,N,INT,Leonard2014_Interplate,DS,W,6.13,6.18,6.4,6.71,6.81,15.4049,16.1597,15.9024,15.7747
efsm20_cf_top.334,"LINESTRING (38.900622 16.371227, 38.893251 16.428434, 38.885881 16.485635, 38.878511 16.54283, 38.871142 16.60002, 38.863774 16.657204, 38.856407 16.714382, 38.84904 16.771554, 38.841674 16.828722)",ITCF03I,#06,ITCS068,98,98,99,70,80,90,-30,-10,10,3,20,40.1,40.1,17,17.3,18.1,682,693,726,0.1,0.5,0.3,0.2236,0,-8,35.5,33,LL,INT,Leonard2014_Interplate,SS,W,6.55,6.6,6.82,7.13,7.23,15.3526,16.0786,15.8364,15.7087
efsm20_cf_top.335,"LINESTRING (38.545421 15.938969, 38.522396 15.990602, 38.499377 16.042222, 38.476363 16.093829, 38.453355 16.145424, 38.430353 16.197006, 38.407164 16.248437, 38.383382 16.299407, 38.359604 16.350364, 38.335833 16.401309)",ITCF03J,#06,ITCS080,119,119,120,60,70,80,-60,-45,-30,3,15,46.5,46.5,12.2,12.8,13.9,567,594,645,0.1,0.5,0.3,0.2236,0,-372,34,33,N,INT,Leonard2014_Interplate,DS,W,6.13,6.18,6.4,6.71,6.81,15.272,16.0268,15.7695,15.6419
efsm20_cf_top.336,"LINESTRING (38.717183 16.030879, 38.755867 16.060488, 38.794558 16.090101, 38.833255 16.119718, 38.871956 16.149341, 38.910664 16.178967, 38.949377 16.208598)",ITCF03K,#06,ITCS110,30,30,30,35,40,45,-100,-90,-80,0.5,15,30.1,30.1,20.5,22.6,25.3,616,678,760,0.11,0.3,0.205,0.1817,0,47,31.5,33,N,INT,Leonard2014_Interplate,DS,L,6.56,6.61,6.83,7.14,7.24,15.3498,15.8764,15.6616,15.6092
efsm20_cf_top.337,"LINESTRING (39.042105 16.19419, 39.089781 16.2112, 39.13746 16.22821, 39.185141 16.245223, 39.232824 16.262235, 39.280511 16.279249)",ITCF03L,#06,ITCS111,15,15,15,35,40,45,-100,-90,-80,2,15,27.5,27.5,18.4,20.2,22.7,506,556,623,0.6,1,0.8,0.7746,0,-610,33,33,N,INT,Leonard2014_Interplate,DS,L,6.48,6.53,6.75,7.06,7.16,16.0005,16.3133,16.1669,16.1529
efsm20_cf_top.338,"LINESTRING (38.275269 15.871745, 38.31453 15.901063, 38.354177 15.929536, 38.393828 15.958015, 38.433486 15.986495, 38.473148 16.014981, 38.510847 16.043177, 38.548782 16.073533, 38.586875 16.103583, 38.625501 16.132513, 38.664132 16.161448, 38.702769 16.190386, 38.741411 16.219328)",ITCF03M,#06,ITCS082,29,30,31,20,30,40,-100,-90,-80,3,15,60,60,18.7,24,35.1,1120,1440,2106,1,1.4,1.2,1.1832,0.0001,-206,32.5,33,N,INT,Leonard2014_Interplate,DS,W,6.81,6.86,7.08,7.39,7.49,16.5679,16.988,16.7562,16.7501
efsm20_cf_top.339,"LINESTRING (39.559853 16.503903, 39.511648 16.518867, 39.463449 16.533828, 39.415252 16.548789, 39.367057 16.563749, 39.318864 16.578709, 39.286356 16.621784, 39.252657 16.666437, 39.203909 16.667133, 39.155161 16.667829, 39.106413 16.668524, 39.057665 16.66922, 39.008917 16.669916)",ITCF03N,#06,ITCS176,133,166,178,40,50,60,-100,-90,-80,1,15,65.2,62.9,16.2,18.3,21.8,1054,1192,1420,0.7,1.2,0.95,0.9165,0.0227,-1136,36,33,N,INT,Leonard2014_Interplate,DS,W,6.52,6.57,6.79,7.1,7.2,16.3865,16.75,16.5724,16.5568
efsm20_cf_top.341,"LINESTRING (40.233579 15.860393, 40.266654 15.821201, 40.299737 15.782001, 40.332827 15.742792, 40.36555 15.703039, 40.397675 15.662433, 40.432861 15.626446, 40.470278 15.59456, 40.505392 15.558412, 40.539976 15.521373, 40.57931 15.493713, 40.623381 15.48474, 40.653903 15.441894, 40.682377 15.396645, 40.711528 15.352132, 40.740755 15.307685, 40.769988 15.263226, 40.79923 15.218757, 40.828479 15.174275, 40.857178 15.13063)",ITCF03P,#06,ITCS034,309,318,351,50,60,70,-100,-90,-80,1,15,94.1,92.8,14.9,16.2,18.3,1402,1522,1720,0.1,1,0.55,0.3162,0.0071,-790,34.5,33,N,INT,Leonard2014_Interplate,DS,W,6.38,6.43,6.65,6.96,7.06,15.6653,16.7541,16.4412,16.2008
efsm20_cf_top.342,"LINESTRING (39.840503 16.023637, 39.881125 15.999251, 39.921752 15.974863, 39.962383 15.950473, 40.003018 15.926079, 40.043657 15.901684, 40.0843 15.877285, 40.124948 15.852885, 40.1656 15.828482, 40.206257 15.804075)",ITCF03Q,#06,ITCS038,335,335,335,55,60,65,-100,-90,-80,1,15,44.8,44.8,15.4,16.2,17.1,691,724,765,0.1,1,0.55,0.3162,0,-940,36,33,N,INT,Leonard2014_Interplate,DS,W,6.38,6.43,6.65,6.96,7.06,15.3583,16.4022,16.1184,15.878
efsm20_cf_top.343,"LINESTRING (40.759816 15.706558, 40.778808 15.655587, 40.797806 15.604605, 40.816807 15.553611, 40.835812 15.502605, 40.854823 15.451588, 40.873837 15.400558, 40.892856 15.349517, 40.91188 15.298464, 40.930909 15.247394)",ITCF03R,#06,ITCS063,296,296,296,40,60,80,-130,-120,-110,2,15,43.1,43.1,13.2,15,20.2,568,646,871,0.1,1,0.55,0.3162,0,-730,34.5,33,N,INT,Leonard2014_Interplate,DS,W,6.3,6.35,6.57,6.88,6.98,15.2731,16.4584,16.0693,15.8289
efsm20_cf_top.344,"LINESTRING (41.539284 14.02367, 41.513271 14.073142, 41.487265 14.1226, 41.461267 14.172046, 41.435274 14.221478, 41.409289 14.270897)",ITCF03S,#06,ITCS081,126,126,126,60,65,70,-100,-90,-80,1,13,25.2,25.2,12.8,13.2,13.9,321,333,349,0.4,2,1.2,0.8944,0,-608,28,33,N,INT,Leonard2014_Interplate,DS,W,6.17,6.22,6.44,6.75,6.85,15.6275,16.362,16.1204,15.9927
efsm20_cf_top.345,"LINESTRING (40.972871 15.64566, 40.980194 15.587331, 40.987518 15.528996, 40.994843 15.470655, 41.002169 15.412308, 41.009496 15.353954, 41.016684 15.295563, 41.020552 15.236616, 41.024422 15.177666, 41.028291 15.118712, 41.03216 15.059755, 41.03603 15.000794, 41.0399 14.941822)",ITCF03T,#06,ITCS084,275,277,279,55,65,75,-130,-120,-110,1,16,59.6,59.5,15.5,16.6,18.3,925,986,1091,0.1,1,0.55,0.3162,0.0003,-582,33,33,N,INT,Leonard2014_Interplate,DS,W,6.41,6.46,6.68,6.99,7.09,15.4847,16.5563,16.2527,16.0123
efsm20_cf_top.346,"LINESTRING (40.922477 15.254298, 40.894344 15.309102, 40.866218 15.363889, 40.8381 15.41866, 40.809991 15.473417)",ITCF03U,#06,ITCS087,124,124,124,60,70,80,-100,-90,-80,1,12,22.3,22.3,11.2,11.7,12.7,249,261,283,0.4,0.6,0.5,0.4899,0,-724,33.5,33,N,INT,Leonard2014_Interplate,DS,W,6.03,6.08,6.3,6.61,6.71,15.5163,15.7482,15.6336,15.6247
efsm20_cf_top.347,"LINESTRING (37.679805 -1.694504, 37.647922 -1.731208, 37.614831 -1.766152, 37.580892 -1.799757, 37.543928 -1.82781, 37.509021 -1.859768, 37.478315 -1.897953, 37.451844 -1.941095)",ESCF003,#07,FAM_1,210,220,232,62,70,78,0,0,0,0,12,33.6,33.4,12.3,12.8,13.6,412,429,458,1.6,1.7,1.65,1.6492,0.0021,-477,26.5,33,LL,INT,Leonard2014_Interplate,SS,W,6.22,6.27,6.49,6.8,6.9,16.337,16.4101,16.3684,16.3682
efsm20_cf_top.348,"LINESTRING (37.76628 -1.504447, 37.742864 -1.550714, 37.719746 -1.597207, 37.703179 -1.647959, 37.679805 -1.694504)",ESCF004,#07,FAM_2,236,239,247,62,70,78,0,0,0,0,12,19.3,19.3,12.3,12.8,13.6,237,247,264,0.8,1.2,1,0.9798,0.001,-365,25.5,33,LL,INT,Leonard2014_Interplate,SS,L,6.11,6.16,6.38,6.69,6.79,15.7962,16.019,15.9112,15.9023
efsm20_cf_top.349,"LINESTRING (37.852136 -1.423804, 37.814001 -1.466005, 37.772333 -1.502574)",ESCF005,#07,FAM_3,214,217,220,62,70,78,0,0,0,0,12,11.3,11.3,12.3,12.8,13.6,138,144,154,0.01,0.1,0.055,0.0316,0.0005,-312,25,33,LL,INT,Leonard2014_Interplate,SS,L,5.88,5.93,6.15,6.46,6.56,13.6586,14.7053,14.417,14.1763
efsm20_cf_top.350,"LINESTRING (38.003495 -1.230796, 37.971903 -1.267747, 37.943005 -1.308076, 37.914111 -1.348394, 37.883546 -1.386663, 37.852136 -1.423804)",ESCF006,#07,FAM_4,222,224,227,40,45,50,0,0,0,0,12,23.9,23.9,15.6,17,18.8,372,405,450,0.07,0.37,0.22,0.1609,0.0005,-200,24.5,33,LL,INT,Leonard2014_Interplate,SS,L,6.33,6.38,6.6,6.91,7.01,14.9342,15.7397,15.4688,15.333
efsm20_cf_top.351,"LINESTRING (36.29215 -3.059739, 36.320147 -3.017832, 36.34724 -2.974869, 36.368382 -2.927021, 36.389529 -2.879164, 36.413128 -2.833097, 36.436801 -2.787074, 36.460479 -2.741041, 36.484162 -2.694998)",ESCF007,#07,CF_1,50,57,61,79,90,90,0,0,0,1,11,39.1,39,10,10,10.2,391,391,398,1.1,1.3,1.2,1.1958,0,908,23.5,33,LL,INT,Leonard2014_Interplate,SS,W,5.95,6,6.22,6.53,6.63,16.152,16.2323,16.1897,16.1882
efsm20_cf_top.352,"LINESTRING (36.484162 -2.694998, 36.513924 -2.653621, 36.543691 -2.612238, 36.573464 -2.570846, 36.603243 -2.529445, 36.633029 -2.488035, 36.662821 -2.446616, 36.69262 -2.405188, 36.722425 -2.363751, 36.752316 -2.322394, 36.783206 -2.282181, 36.814102 -2.24196, 36.845005 -2.20173)",ESCF008,#07,CF_2,46,47,48,79,90,90,0,0,0,0.5,11,59.6,59.5,10.5,10.5,10.7,625,625,637,1.1,1.3,1.2,1.1958,0,336,25.5,33,LL,INT,Leonard2014_Interplate,SS,W,6.01,6.06,6.28,6.59,6.69,16.356,16.4363,16.3938,16.3923
efsm20_cf_top.353,"LINESTRING (36.845005 -2.20173, 36.872231 -2.158017, 36.899828 -2.114725, 36.928067 -2.072069, 36.956313 -2.029404, 36.982768 -1.984962, 37.013804 -1.945418, 37.04007 -1.900767, 37.063665 -1.853819)",ESCF009,#07,CF_3,45,51,57,79,90,90,0,0,0,0,11,39.4,39.3,11,11,11.2,433,433,441,1.1,1.3,1.2,1.1958,0,-146,25.5,33,LL,INT,Leonard2014_Interplate,SS,W,6.06,6.11,6.33,6.64,6.74,16.1967,16.277,16.2345,16.233
efsm20_cf_top.354,"LINESTRING (37.066488 -1.849313, 37.11222 -1.839762, 37.157636 -1.828127, 37.203208 -1.817488, 37.2488 -1.806979, 37.29439 -1.796452, 37.339288 -1.781956, 37.383909 -1.766156, 37.428183 -1.74887)",ESCF00A,#07,PF_1,9,12,16,79,90,90,0,0,0,0,8,41.2,41.2,8,8,8.1,330,330,336,0.01,0.08,0.045,0.0283,0,-87,25.5,33,LL,INT,Leonard2014_Interplate,SS,W,5.71,5.76,5.98,6.29,6.39,14.0369,14.9477,14.6901,14.4887
efsm20_cf_top.363,"LINESTRING (38.091108 -0.656613, 38.094668 -0.601078, 38.099288 -0.54566, 38.106665 -0.490723, 38.113502 -0.435666, 38.120448 -0.380627, 38.122472 -0.324942)",ESCF00J,#07,BSF_4,79,82,86,47,60,73,90,90,90,1,12,29.3,29.2,11.5,12.7,14.9,337,372,437,0.12,0.3,0.21,0.1897,0.0005,66,23.5,33,R,INT,Leonard2014_Interplate,DS,W,6.12,6.17,6.39,6.7,6.8,15.1257,15.6363,15.4108,15.3667
efsm20_cf_top.364,"LINESTRING (40.770544 20.933247, 40.737731 20.893732, 40.700625 20.861525, 40.661572 20.833629, 40.620593 20.811055, 40.579122 20.790109, 40.537364 20.770188, 40.494456 20.755094, 40.450933 20.743455, 40.407403 20.731871, 40.363548 20.722638, 40.320019 20.711057, 40.276492 20.699475, 40.232966 20.687894, 40.189455 20.676318)",ALCF005,#01,ALCS003,189,199,222,45,52,60,-130,-115,-100,1,12,69.1,68.2,12.7,14,15.6,878,965,1076,0.15,0.4,0.275,0.2449,0.0086,-1240,41.5,33,N,INT,Leonard2014_Interplate,DS,W,6.23,6.28,6.5,6.81,6.91,15.6382,16.1522,15.9424,15.8921
efsm20_cf_top.365,"LINESTRING (41.203411 20.210099, 41.238971 20.250791, 41.277199 20.286975, 41.316458 20.321171, 41.35489 20.357017, 41.394766 20.389963, 41.433869 20.424536, 41.472643 20.459783, 41.508282 20.50061)",ALCF006,#01,ALCS005,32,36,41,50,60,70,-170,-155,-140,1,25,41.7,41.7,25.5,27.7,31.3,1066,1157,1308,0.1,0.5,0.3,0.2236,0.0007,-861,41.5,33,RL,INT,Leonard2014_Interplate,SS,L,6.78,6.83,7.05,7.36,7.46,15.5463,16.334,16.0589,15.9312
efsm20_cf_top.366,"LINESTRING (41.464996 20.318213, 41.507474 20.29569, 41.549727 20.27241, 41.592067 20.249397, 41.635171 20.229064, 41.68034 20.219711, 41.725839 20.213893, 41.771448 20.209106)",ALCF007,#01,ALCS006,338,346,356,30,37,45,-130,-115,-100,1,12,35.6,35.3,15.6,18.3,22,554,650,783,0.1,0.4,0.25,0.2,0.0071,-1358,42.5,33,N,INT,Leonard2014_Interplate,DS,W,6.52,6.57,6.79,7.1,7.2,15.2616,16.0142,15.7296,15.6327
efsm20_cf_top.367,"LINESTRING (42.146608 20.538718, 42.10875 20.500789, 42.0682 20.468333, 42.030807 20.429624, 41.993004 20.391665, 41.956082 20.352192, 41.91642 20.317882, 41.882275 20.27417, 41.855638 20.221902, 41.82659 20.172024, 41.794074 20.126188, 41.761764 20.080643)",ALCF008,#01,ALCS007,211,222,236,40,42,45,-90,-75,-60,1,15,57.7,57.1,19.8,20.9,21.8,1142,1206,1256,0.1,0.5,0.3,0.2236,0.0065,-967,43.5,33,N,INT,Leonard2014_Interplate,DS,W,6.66,6.71,6.93,7.24,7.34,15.576,16.3164,16.0771,15.9495
efsm20_cf_top.368,"LINESTRING (42.086873 20.663287, 42.04584 20.63799, 42.004469 20.613729, 41.962197 20.592482, 41.921163 20.567238, 41.879738 20.543194, 41.840964 20.512196, 41.80339 20.478635)",ALCF009,#01,ALCS008,201,206,214,40,45,50,-90,-75,-60,1,13,35.1,35,15.7,17,18.7,550,596,656,0.1,0.5,0.3,0.2236,0.002,-1493,44,33,N,INT,Leonard2014_Interplate,DS,W,6.44,6.49,6.71,7.02,7.12,15.2591,16.0342,15.771,15.6433
efsm20_cf_top.369,"LINESTRING (42.059843 19.828837, 42.098127 19.85749, 42.137008 19.884674, 42.176991 19.908794, 42.214705 19.938855, 42.245609 19.980772, 42.278627 20.019659, 42.316539 20.049313, 42.356081 20.074791, 42.394396 20.10352)",ALCF00A,#01,ALCS009,25,32,46,40,45,50,-60,-50,-40,1,15,43.8,43.5,18.3,19.8,21.8,801,868,955,0.1,0.5,0.3,0.2236,0.0048,-625,44,33,N,INT,Leonard2014_Interplate,DS,W,6.6,6.65,6.87,7.18,7.28,15.4222,16.1973,15.9341,15.8064
efsm20_cf_top.370,"LINESTRING (39.600642 20.30902, 39.619914 20.254501, 39.646114 20.205073, 39.667286 20.151718, 39.701293 20.11106, 39.740285 20.078815, 39.783774 20.058483, 39.82689 20.036832, 39.869346 20.013063, 39.908927 19.981977, 39.947993 19.949787, 39.987369 19.918229, 40.02822 19.890021, 40.070588 19.865917, 40.115213 19.850215, 40.156873 19.824057, 40.199458 19.800565, 40.23863 19.768453, 40.280785 19.74364, 40.323914 19.721875, 40.367367 19.699751)",ALCF00B,#01,ALCS010,295,329,346,30,37,45,80,90,100,4,25,102.8,99.8,29.7,34.9,42,3053,3588,4318,0.15,1,0.575,0.3873,0.0233,-361,38.5,33,R,INT,Leonard2014_Interplate,DS,W,7.22,7.27,7.49,7.8,7.9,16.1794,17.1538,16.833,16.6614
efsm20_cf_top.371,"LINESTRING (39.91227 20.387311, 39.939075 20.340951, 39.970505 20.299809, 40.006906 20.266344, 40.047662 20.242934, 40.088422 20.219521, 40.128848 20.195124, 40.164314 20.159911, 40.199788 20.124692, 40.235268 20.089466, 40.27178 20.056077, 40.312537 20.032577, 40.353319 20.009139, 40.394305 19.986303, 40.435691 19.964738, 40.476727 19.942033, 40.517202 19.917638, 40.558073 19.894397, 40.599198 19.871932, 40.641055 19.851931, 40.683043 19.832407, 40.725442 19.814477, 40.768364 19.798856, 40.811041 19.782097, 40.852704 19.761345, 40.893531 19.737855, 40.934397 19.714468, 40.976075 19.69373, 41.018426 19.675016)",ALCF00C,#01,ALCS011,307,335,345,30,37,45,80,90,100,5,25,138.6,137,28.3,33.2,40,3921,4607,5545,0.15,1,0.575,0.3873,0.0096,-438,39,33,R,INT,Leonard2014_Interplate,DS,W,7.17,7.22,7.44,7.75,7.85,16.288,17.2625,16.9416,16.77
efsm20_cf_top.372,"LINESTRING (40.441865 20.272175, 40.479746 20.240344, 40.519264 20.212143, 40.559314 20.185253, 40.600356 20.161077, 40.642128 20.139163, 40.683432 20.115747, 40.724363 20.091203, 40.766029 20.068898, 40.808884 20.050934, 40.852454 20.036267, 40.896477 20.02418, 40.941101 20.016888, 40.98587 20.011349)",ALCF00D,#01,ALCS012,328,341,355,30,37,45,80,90,100,1,11,65,64.4,14.1,16.6,20,919,1080,1300,0.1,0.7,0.4,0.2646,0.0078,-634,39.5,33,R,INT,Leonard2014_Interplate,DS,W,6.41,6.46,6.68,6.99,7.09,15.4819,16.4775,16.154,15.9745
efsm20_cf_top.373,"LINESTRING (42.167534 19.89736, 42.211019 19.86795, 42.248423 19.82596, 42.284449 19.7818, 42.320745 19.73784)",ALCF00E,#01,ALCS013,319,323,334,30,37,45,-100,-85,-70,1,10,21.6,21.5,12.7,15,18,275,324,390,0.1,0.7,0.4,0.2646,0.005,-842,43,33,N,INT,Leonard2014_Interplate,DS,L,6.24,6.29,6.51,6.82,6.92,14.9586,15.9542,15.6307,15.4512
efsm20_cf_top.374,"LINESTRING (41.686142 19.526366, 41.644607 19.549091, 41.603081 19.571811, 41.561559 19.594529, 41.520041 19.617245, 41.478527 19.639958, 41.438063 19.665813, 41.397526 19.691449, 41.356745 19.71637, 41.319359 19.749402, 41.286538 19.790121, 41.258052 19.836237)",ALCF00F,#01,ALCS014,130,152,159,20,30,40,80,90,100,1,6,54.9,54.2,7.8,10,14.6,427,549,802,0.15,0.8,0.475,0.3464,0.0114,-71,38.5,33,R,INT,Leonard2014_Interplate,DS,W,5.86,5.91,6.13,6.44,6.54,15.3249,16.3259,15.9346,15.7975
efsm20_cf_top.375,"LINESTRING (39.699341 20.465484, 39.726197 20.417948, 39.753708 20.37103, 39.784179 20.327296, 39.816076 20.285301, 39.846331 20.241274, 39.87661 20.197256, 39.906594 20.152879, 39.934825 20.106569, 39.96337 20.060565, 40.00012 20.025842, 40.041489 20.001515, 40.082869 19.977204, 40.122513 19.948355, 40.160943 19.916807, 40.198247 19.883007, 40.237832 19.853974, 40.274777 19.819846)",ALCF00G,#01,ALCS015,307,320,336,30,37,45,80,90,100,5,25,85.7,84.4,28.3,33.2,40,2425,2850,3430,0.15,1,0.575,0.3873,0.0127,-739,39.5,33,R,INT,Leonard2014_Interplate,DS,W,7.17,7.22,7.44,7.75,7.85,16.0794,17.0538,16.733,16.5613
efsm20_cf_top.376,"LINESTRING (41.664405 19.727978, 41.706971 19.69854, 41.750343 19.672336, 41.784349 19.627724, 41.813128 19.576905, 41.84063 19.524806, 41.867328 19.471935, 41.900466 19.426079, 41.933519 19.380087)",ALCF00H,#01,ALCS016,305,317,337,30,35,40,80,95,110,1,12,42.4,41.6,17.1,19.2,22,725,812,932,0.15,1,0.575,0.3873,0.0155,-82,38.5,33,R,INT,Leonard2014_Interplate,DS,W,6.57,6.62,6.84,7.15,7.25,15.5549,16.4879,16.1879,16.0163
efsm20_cf_top.377,"LINESTRING (42.299878 20.04064, 42.324835 19.987241, 42.358489 19.943408, 42.380407 19.88757, 42.404825 19.833649, 42.432449 19.782512)",ALCF00I,#01,ALCS017,299,306,317,30,37,45,-100,-85,-70,1,10,26,25.8,12.7,15,18,331,389,468,0.1,0.7,0.4,0.2646,0.0047,-1349,44,33,N,INT,Leonard2014_Interplate,DS,W,6.3,6.35,6.57,6.88,6.98,15.0379,16.0335,15.71,15.5305
efsm20_cf_top.378,"LINESTRING (41.300549 19.948138, 41.335357 19.911996, 41.369673 19.87501, 41.403247 19.836817, 41.439752 19.803724, 41.476292 19.770681, 41.514138 19.740347, 41.553487 19.713626, 41.593743 19.689424, 41.633982 19.665232)",ALCF00J,#01,ALCS019,320,328,337,30,37,45,80,90,100,1,10,44.2,43.9,12.7,15,18,562,661,795,0.1,0.5,0.3,0.2236,0.0043,-269,39.5,33,R,INT,Leonard2014_Interplate,DS,W,6.3,6.35,6.57,6.88,6.98,15.2684,16.1179,15.8156,15.6879
efsm20_cf_top.379,"LINESTRING (40.55761 19.587059, 40.597201 19.553169, 40.6368 19.519273, 40.676406 19.485371, 40.720157 19.461929, 40.764284 19.439373)",ALCF00K,#01,ALCS021,328,333,340,30,35,40,80,90,100,1,8,26.3,26.1,10.9,12.2,14,286,321,368,0.1,0.5,0.3,0.2236,0.0039,-37,36,33,R,INT,Leonard2014_Interplate,DS,W,6.08,6.13,6.35,6.66,6.76,14.9749,15.783,15.5015,15.3739
efsm20_cf_top.380,"LINESTRING (40.411153 19.67558, 40.454555 19.663833, 40.497855 19.651448, 40.540922 19.637719, 40.581229 19.613483, 40.621427 19.588918, 40.661561 19.564158, 40.704099 19.547538)",ALCF00L,#01,ALCS022,336,343,349,30,37,45,80,90,100,2,18,34.5,34.3,22.6,26.6,32,781,917,1104,0.1,0.9,0.5,0.3,0.004,-152,36.5,33,R,INT,Leonard2014_Interplate,DS,L,6.69,6.74,6.96,7.27,7.37,15.4109,16.5157,16.1799,15.9581
efsm20_cf_top.381,"LINESTRING (40.237834 19.610623, 40.269784 19.566548, 40.301742 19.522462, 40.340107 19.488249, 40.382559 19.46369, 40.425721 19.441352, 40.469068 19.419623, 40.512512 19.39822, 40.555929 19.376289)",ALCF00M,#01,ALCS023,314,332,340,30,37,45,80,90,100,1,10,41.3,40.6,12.7,15,18,525,617,743,0.15,1.5,0.825,0.4743,0.014,-290,35.5,33,R,INT,Leonard2014_Interplate,DS,W,6.3,6.35,6.57,6.88,6.98,15.4151,16.5656,16.2255,15.9851
efsm20_cf_top.382,"LINESTRING (41.583103 20.418972, 41.617871 20.386387, 41.652657 20.35382, 41.683886 20.315321, 41.724716 20.299737, 41.767656 20.295425)",ALCF00N,#01,ALCS024,318,334,356,30,37,45,-130,-115,-100,1,9,23.7,22.9,11.3,13.3,16,268,315,379,0.1,0.4,0.25,0.2,0.0246,-709,43,33,N,INT,Leonard2014_Interplate,DS,W,6.17,6.22,6.44,6.75,6.85,14.9463,15.6989,15.4143,15.3174
efsm20_cf_top.383,"LINESTRING (41.351168 20.101551, 41.395641 20.085482, 41.438857 20.064161, 41.480323 20.037344, 41.518746 20.003386, 41.556316 19.967743, 41.597469 19.940031, 41.636885 19.908104, 41.680445 19.887986, 41.724909 19.871789, 41.769011 19.85419)",ALCF00O,#01,ALCS025,325,337,346,45,52,60,-90,-75,-60,1,12,51.2,50.8,12.7,14,15.6,651,715,797,0.15,0.4,0.275,0.2449,0.005,-695,41,33,N,INT,Leonard2014_Interplate,DS,W,6.23,6.28,6.5,6.81,6.91,15.508,16.022,15.8122,15.7619
efsm20_cf_top.384,"LINESTRING (41.004894 20.521134, 41.038464 20.481485, 41.072905 20.443147, 41.103582 20.399527, 41.132807 20.354168, 41.165022 20.31251, 41.20098 20.27664)",ALCF00P,#01,ALCS026,311,317,324,30,37,45,-130,-115,-100,1,13,30,29.9,17,19.9,24,509,598,720,0.1,0.4,0.25,0.2,0.0022,-768,41,33,N,INT,Leonard2014_Interplate,DS,L,6.51,6.56,6.78,7.09,7.19,15.2253,15.9779,15.6933,15.5964
efsm20_cf_top.385,"LINESTRING (41.012845 19.927225, 41.047678 19.96639, 41.081103 20.007679, 41.105859 20.058612, 41.127803 20.111785, 41.15447 20.161026, 41.188752 20.201203)",ALCF00Q,#01,ALCS027,41,50,62,50,60,70,-170,-155,-140,1,25,30.5,30.2,25.5,27.7,31.3,778,845,955,0.1,0.5,0.3,0.2236,0.0052,-306,40,33,RL,INT,Leonard2014_Interplate,SS,L,6.64,6.69,6.91,7.22,7.32,15.4097,16.1974,15.9223,15.7947
efsm20_cf_top.386,"LINESTRING (40.742548 19.586192, 40.785867 19.583069, 40.82871 19.574046, 40.871627 19.565658)",ALCF00R,#01,ALCS028,352,354,358,30,37,45,80,90,100,3,18,14.5,14.5,21.2,24.9,30,307,361,434,0.1,0.9,0.5,0.3,0.0009,-20,36,33,R,INT,Leonard2014_Interplate,DS,L,6.29,6.34,6.56,6.87,6.97,15.0057,16.1104,15.7746,15.5528
efsm20_cf_top.387,"LINESTRING (41.098814 19.995687, 41.139722 19.963771, 41.180076 19.930613, 41.217662 19.89212, 41.253502 19.850733)",ALCF00S,#01,ALCS029,320,326,330,20,30,40,80,90,100,1,12,21.1,21,17.1,22,32.2,361,464,679,0.15,0.8,0.475,0.3464,0.0024,-317,39.5,33,R,INT,Leonard2014_Interplate,DS,L,6.4,6.45,6.67,6.98,7.08,15.2524,16.2534,15.8621,15.7249
efsm20_cf_top.388,"LINESTRING (48.110343 16.5998, 48.153519 16.59712, 48.196731 16.597433, 48.239623 16.605336, 48.274601 16.643452, 48.304606 16.690193, 48.333856 16.738027, 48.364425 16.783988, 48.396841 16.826406)",ATCF002,#01,ATCS002,356,26,46,40,55,70,-90,-80,-70,0,11,38.4,36,11.7,13.4,17.1,450,516,657,0.05,0.1,0.075,0.0707,0.0359,-157,34,33,N,INT,Leonard2014_Interplate,DS,W,6.18,6.23,6.45,6.76,6.86,14.8704,15.3363,15.1061,15.0804
efsm20_cf_top.389,"LINESTRING (48.417948 16.633349, 48.373778 16.615405, 48.330458 16.593281, 48.288755 16.565008, 48.245399 16.543029)",ATCF003,#01,ATCS003,194,198,203,40,55,70,-90,-80,-70,0,6.5,20.3,20.3,6.7,7.7,9.8,137,157,200,0.01,0.05,0.03,0.0224,0.0009,-172,34.5,33,N,INT,Leonard2014_Interplate,DS,W,5.7,5.7,5.85,6.16,6.26,13.6551,14.5189,14.1918,14.0649
efsm20_cf_top.390,"LINESTRING (48.018549 16.438538, 48.062891 16.429182, 48.105668 16.409549, 48.147156 16.384448, 48.186429 16.352308, 48.231093 16.348357, 48.274722 16.363259, 48.316473 16.38744, 48.358118 16.412046, 48.39979 16.436569, 48.441466 16.461095, 48.483147 16.485624)",ATCF004,#01,ATCS005,330,3,20,40,50,60,-100,-90,-80,0,9,54.7,51.8,10.4,11.7,14,569,643,766,0.05,0.2,0.125,0.1,0.0347,-210,35.5,33,N,INT,Leonard2014_Interplate,DS,W,6.04,6.09,6.31,6.62,6.72,14.9724,15.704,15.4236,15.3267
efsm20_cf_top.391,"LINESTRING (47.999271 16.188408, 47.976653 16.129336, 47.954156 16.07058, 47.931666 16.011843, 47.910473 15.952066, 47.892831 15.889796, 47.875315 15.827469, 47.867182 15.761005, 47.859049 15.694551, 47.847672 15.629176, 47.827884 15.568433, 47.808103 15.507709, 47.794307 15.443441, 47.78669 15.376944, 47.779074 15.310457, 47.766881 15.24551, 47.748377 15.18397, 47.729878 15.122449, 47.711385 15.060945, 47.692897 14.99946, 47.677286 14.936259, 47.662157 14.87282, 47.647223 14.809297, 47.632587 14.745639, 47.618296 14.681827, 47.609692 14.61582, 47.601091 14.549823, 47.59249 14.483837, 47.583891 14.417861, 47.575535 14.351829, 47.567479 14.285725, 47.559424 14.219631)",ATCF005,#01,ATCS006,239,251,260,60,75,90,-20,-15,-10,0,13,156.2,155,13,13.5,15,2031,2103,2345,0.01,0.1,0.055,0.0316,0.002,-882,40,33,LL,INT,Leonard2014_Interplate,SS,W,6.28,6.33,6.55,6.86,6.96,14.8263,15.8887,15.5817,15.341
efsm20_cf_top.392,"LINESTRING (47.609608 14.269145, 47.582437 14.216356, 47.555275 14.163585, 47.52792 14.111061, 47.500537 14.058596, 47.478632 14.000792, 47.458594 13.941548, 47.446523 13.877773, 47.435927 13.813441, 47.425333 13.749121, 47.414741 13.684813, 47.404151 13.620517, 47.393563 13.556233, 47.382067 13.492304, 47.369577 13.428798, 47.357091 13.365305, 47.344606 13.301827, 47.332125 13.238362, 47.320298 13.17464, 47.308667 13.110851, 47.297039 13.047075, 47.285413 12.983313, 47.27964 12.91785, 47.276881 12.851968, 47.274122 12.786089, 47.271363 12.720214, 47.268605 12.654342, 47.265846 12.588474, 47.263088 12.522609, 47.26033 12.456747, 47.253623 12.39151, 47.242902 12.327457, 47.232183 12.263416, 47.221467 12.199387, 47.210752 12.135371, 47.20004 12.071367, 47.185048 12.009269, 47.167559 11.948617, 47.150075 11.887982, 47.132596 11.827364, 47.115122 11.766763, 47.097691 11.706311)",ATCF006,#01,ATCS007,233,255,268,50,65,80,-20,-15,-10,0,11,204.2,201.3,11.2,12.1,14.4,2280,2478,2932,0.01,0.1,0.055,0.0316,0.006,-1339,45,33,LL,INT,Leonard2014_Interplate,SS,W,6.16,6.21,6.43,6.74,6.84,14.8765,15.9856,15.6529,15.4123
efsm20_cf_top.393,"LINESTRING (47.264424 11.349934, 47.283428 11.410128, 47.297416 11.473252, 47.313773 11.535142, 47.328423 11.597976, 47.345541 11.659454, 47.369208 11.716026, 47.397009 11.768367, 47.424819 11.820725, 47.452567 11.873184, 47.479727 11.926338, 47.506896 11.97951, 47.532432 12.034451, 47.557698 12.089694, 47.585084 12.142697, 47.614738 12.192977, 47.637914 12.250285, 47.655305 12.311959, 47.668463 12.375921, 47.681625 12.439897, 47.69479 12.503888, 47.709458 12.567171, 47.724791 12.630122, 47.731954 12.696233, 47.739118 12.762353, 47.746339 12.828468, 47.754227 12.894425)",ATCF007,#01,ATCS013,51,67,83,60,70,80,10,20,30,4.5,11.5,130.2,128.2,7.1,7.4,8.1,926,970,1053,0.5,1,0.75,0.7071,0.0054,-940,41.5,33,LL,INT,Leonard2014_Interplate,SS,W,5.7,5.7,5.9,6.21,6.31,16.1839,16.5408,16.3804,16.3548
efsm20_cf_top.394,"LINESTRING (48.885117 16.280658, 48.849329 16.238193, 48.814382 16.194172, 48.784381 16.142445, 48.75771 16.086701, 48.725004 16.038954, 48.691693 15.992213, 48.658013 15.946112, 48.621704 15.904869, 48.585125 15.864207, 48.548556 15.823555, 48.515132 15.777163, 48.483303 15.728312, 48.452302 15.678291, 48.422755 15.62634, 48.393217 15.574407, 48.361691 15.525225, 48.32947 15.477106, 48.29639 15.430355, 48.263327 15.383607, 48.230394 15.336684, 48.197471 15.289776, 48.164558 15.242882, 48.131636 15.195975)",ATCF008,#01,ATCS014,216,223,233,70,80,90,0,10,20,0,15,116.1,115.8,15,15.2,16,1742,1768,1853,0.01,0.05,0.03,0.0224,0.0005,-299,37,33,LL,INT,Leonard2014_Interplate,SS,W,6.41,6.46,6.68,6.99,7.09,14.7595,15.4855,15.2432,15.1164
efsm20_cf_top.395,"LINESTRING (43.08102 18.939889, 43.107504 18.889043, 43.135361 18.839349, 43.157951 18.784846, 43.185083 18.734363, 43.216634 18.688944, 43.246142 18.640985, 43.271661 18.588869, 43.291608 18.532335, 43.313248 18.476971, 43.33547 18.422022, 43.366501 18.375819, 43.40155 18.335389, 43.443128 18.30916, 43.480151 18.272164)",BACF000,#01,BACS001,298,311,337,60,65,70,100,120,140,1,16,71.2,69.9,16,16.6,17.3,1136,1178,1233,0.1,0.3,0.2,0.1732,0.0074,-1274,41,33,R,INT,Leonard2014_Interplate,DS,W,6.41,6.46,6.68,6.99,7.09,15.574,16.0866,15.8907,15.8283
efsm20_cf_top.396,"LINESTRING (42.950182 18.431117, 42.980991 18.386911, 43.011786 18.342724, 43.040159 18.295581, 43.066502 18.24626, 43.092293 18.196375, 43.112753 18.142035, 43.136494 18.090239, 43.161258 18.039331, 43.186029 17.988409, 43.214331 17.941052, 43.24281 17.893873, 43.271501 17.846912, 43.300163 17.799897, 43.326545 17.750406, 43.353503 17.701482, 43.380719 17.652809, 43.407667 17.603831, 43.434848 17.555077)",BACF001,#01,BACS002,295,305,311,50,55,60,100,120,140,1,15,89.4,89.2,16.2,17.1,18.3,1444,1527,1633,0.1,0.4,0.25,0.2,0.0013,-625,39.5,33,R,INT,Leonard2014_Interplate,DS,W,6.45,6.5,6.72,7.03,7.13,15.6782,16.3336,16.1003,16.0034
efsm20_cf_top.397,"LINESTRING (43.614901 17.050003, 43.651451 17.01563, 43.687414 16.980091, 43.721409 16.941, 43.75419 16.899949, 43.786545 16.858232, 43.817013 16.813853, 43.847489 16.769462, 43.880952 16.729395, 43.915438 16.691012, 43.951006 16.654559, 43.986581 16.618099)",BACF002,#01,BACS003,312,319,324,50,60,70,120,140,160,1,18,54.1,53.9,18.1,19.6,22.2,978,1061,1200,0.1,0.4,0.25,0.2,0.0012,-924,39,33,RL,INT,Leonard2014_Interplate,SS,L,6.74,6.79,7.01,7.32,7.42,15.5089,16.1997,15.9423,15.8454
efsm20_cf_top.398,"LINESTRING (43.997985 17.508261, 44.037686 17.474667, 44.077483 17.440992, 44.117287 17.40731, 44.157099 17.373623, 44.196918 17.339929, 44.237193 17.307282, 44.278632 17.277588, 44.320078 17.24789, 44.364156 17.226839, 44.40878 17.208159, 44.453406 17.189477, 44.497751 17.169508, 44.54196 17.148944, 44.585314 17.125047, 44.62844 17.100331)",BACF003,#01,BACS004,327,334,342,60,70,80,150,165,180,1,12,77.7,77.3,11.2,11.7,12.7,868,909,987,0.1,0.3,0.2,0.1732,0.0019,-697,38,33,RL,INT,Leonard2014_Interplate,SS,W,6.12,6.17,6.39,6.7,6.8,15.4568,15.9898,15.7782,15.7158
efsm20_cf_top.399,"LINESTRING (43.812919 18.537424, 43.842265 18.485535, 43.87161 18.433647, 43.898428 18.379169, 43.924535 18.324005, 43.955442 18.273825, 43.9867 18.224037, 44.016251 18.172252, 44.045812 18.120451)",BACF004,#01,BACS005,305,310,313,60,70,80,120,135,150,1,12,42.3,42.3,11.2,11.7,12.7,472,495,537,0.1,0.2,0.15,0.1414,0.0003,-732,37.5,33,R,INT,Leonard2014_Interplate,DS,W,6.03,6.08,6.3,6.61,6.71,15.1929,15.5497,15.3893,15.3637
efsm20_cf_top.400,"LINESTRING (44.445375 17.744202, 44.474753 17.693514, 44.50488 17.643612, 44.535759 17.594597, 44.566128 17.544933, 44.595865 17.494495, 44.627144 17.445904, 44.658844 17.397827, 44.690553 17.349736, 44.722272 17.301631, 44.758105 17.25961, 44.795975 17.221269, 44.838162 17.193246)",BACF005,#01,BACS006,307,313,333,60,67,75,130,155,180,1,15,62.2,61.7,14.5,15.2,16.2,902,946,1006,0.05,0.2,0.125,0.1,0.0033,-533,35.5,33,RL,INT,Leonard2014_Interplate,SS,W,6.41,6.46,6.68,6.99,7.09,15.1726,15.8221,15.5915,15.4946
efsm20_cf_top.401,"LINESTRING (44.879409 17.17526, 44.898712 17.1179, 44.9138 17.058059, 44.926567 16.997136, 44.943098 16.93803, 44.959839 16.879024, 44.981793 16.823518, 45.004222 16.76837, 45.030785 16.717003)",BACF006,#01,BACS007,285,294,305,50,60,70,100,115,130,1,10,40,39.8,9.6,10.4,11.7,383,416,470,0.1,0.3,0.2,0.1732,0.0028,-302,35,33,R,INT,Leonard2014_Interplate,DS,W,5.91,5.96,6.18,6.49,6.59,15.1021,15.6679,15.4385,15.3761
efsm20_cf_top.402,"LINESTRING (44.37067 19.063289, 44.38771 19.007179, 44.404494 18.950898, 44.420443 18.894128, 44.435755 18.837, 44.449237 18.778958, 44.463733 18.721385, 44.481602 18.665688, 44.501662 18.61146, 44.525059 18.559907, 44.548463 18.508339, 44.579435 18.465315, 44.610515 18.422422)",BACF007,#01,BACS009,290,299,317,50,60,70,130,150,170,1,15,58.1,57.4,14.9,16.2,18.3,866,940,1063,0.05,0.2,0.125,0.1,0.0064,-284,32,33,RL,INT,Leonard2014_Interplate,SS,W,6.48,6.53,6.75,7.06,7.16,15.1551,15.8459,15.5885,15.4916
efsm20_cf_top.403,"LINESTRING (44.489707 16.204297, 44.526526 16.166439, 44.563377 16.128546, 44.600237 16.090645, 44.639134 16.056975, 44.677766 16.022685, 44.715217 15.98587, 44.750515 15.945039, 44.782207 15.898686, 44.811621 15.849418, 44.843318 15.803023, 44.875781 15.75767, 44.909125 15.71358, 44.942646 15.669734)",BACF008,#01,BACS010,309,319,328,50,60,70,120,145,170,1,20,66,65.7,20.2,21.9,24.8,1335,1449,1638,0.1,0.4,0.25,0.2,0.0023,-549,39.5,33,RL,INT,Leonard2014_Interplate,SS,L,6.88,6.93,7.15,7.46,7.56,15.6441,16.3349,16.0775,15.9806
efsm20_cf_top.404,"LINESTRING (43.656042 17.377139, 43.688204 17.333309, 43.722623 17.292923, 43.756778 17.252085, 43.786787 17.2054, 43.816442 17.158258, 43.845864 17.110814, 43.878204 17.067149, 43.910552 17.023472, 43.943145 16.980123, 43.975836 16.936894, 44.011196 16.897906, 44.047035 16.859752, 44.082883 16.82159)",BACF009,#01,BACS011,309,315,321,50,57,65,100,120,140,1,18,65.2,65.1,18.8,20.3,22.2,1224,1323,1448,0.1,0.3,0.2,0.1732,0.0013,-1155,39,33,R,INT,Leonard2014_Interplate,DS,W,6.63,6.68,6.9,7.21,7.31,15.6062,16.1564,15.9409,15.8785
efsm20_cf_top.405,"LINESTRING (43.509541 19.318833, 43.538197 19.273556, 43.564633 19.225477, 43.589741 19.176039, 43.617733 19.129627, 43.648095 19.086127, 43.677 19.04075, 43.69764 18.987422, 43.718286 18.93408, 43.738937 18.880723, 43.763756 18.830866, 43.791986 18.784595, 43.820223 18.738311, 43.850901 18.695093, 43.882065 18.652525)",BACF00A,#01,BACS012,300,309,317,50,60,70,130,150,170,1,12,68.1,67.7,11.7,12.7,14.4,797,865,977,0.1,0.2,0.15,0.1414,0.0026,-925,38,33,RL,INT,Leonard2014_Interplate,SS,W,6.21,6.26,6.48,6.79,6.89,15.4199,15.8096,15.6314,15.6058
efsm20_cf_top.406,"LINESTRING (44.104075 18.161099, 44.124165 18.105032, 44.144708 18.049265, 44.168037 17.995648, 44.191198 17.941866, 44.212989 17.886962, 44.234787 17.832043, 44.257427 17.777772, 44.28025 17.723631)",BACF00B,#01,BACS013,294,297,299,60,70,80,100,120,140,1,12,40,40,11.2,11.7,12.7,447,468,508,0.1,0.2,0.15,0.1414,0.0001,-669,36.5,33,R,INT,Leonard2014_Interplate,DS,W,6.03,6.08,6.3,6.61,6.71,15.1688,15.5257,15.3653,15.3396
efsm20_cf_top.407,"LINESTRING (43.875949 16.880071, 43.907489 16.834645, 43.939084 16.789141, 43.975389 16.750987, 44.012285 16.713921, 44.048719 16.675958, 44.082047 16.6328, 44.111848 16.58488, 44.139231 16.534216, 44.167546 16.484535, 44.198723 16.438277, 44.231618 16.39437, 44.266086 16.352856, 44.301604 16.31308, 44.337577 16.274085)",BACF00C,#01,BACS014,306,316,323,50,60,70,120,140,160,1,18,70.9,70.5,18.1,19.6,22.2,1282,1391,1573,0.1,0.4,0.25,0.2,0.0023,-992,39,33,RL,INT,Leonard2014_Interplate,SS,L,6.86,6.91,7.13,7.44,7.54,15.6264,16.3172,16.0598,15.9629
efsm20_cf_top.408,"LINESTRING (43.92412 19.202441, 43.962069 19.16551, 43.998799 19.126546, 44.034537 19.085814, 44.062911 19.035071, 44.091294 18.984313, 44.117965 18.931764, 44.144545 18.8791, 44.174884 18.830515, 44.205694 18.782486)",BACF00D,#01,BACS015,307,314,326,50,60,70,140,160,180,1,15,46.3,45.9,14.9,16.2,18.3,689,748,845,0.05,0.1,0.075,0.0707,0.0039,-996,34.5,33,RL,INT,Leonard2014_Interplate,SS,W,6.48,6.53,6.75,7.06,7.16,15.0558,15.4456,15.2674,15.2417
efsm20_cf_top.409,"LINESTRING (42.716111 18.421781, 42.751845 18.38396, 42.785927 18.343392, 42.820163 18.303043, 42.853339 18.261058, 42.883283 18.214754, 42.912727 18.167833, 42.94062 18.119153, 42.97336 18.076455, 43.009373 18.038977)",BACF00E,#01,BACS016,310,318,325,40,50,60,100,120,140,1,12,45.3,45.1,12.7,14.4,17.1,575,650,775,0.1,0.6,0.35,0.2449,0.0023,-679,38.5,33,R,INT,Leonard2014_Interplate,DS,W,6.26,6.31,6.53,6.84,6.94,15.2784,16.186,15.8758,15.7207
efsm20_cf_top.410,"LINESTRING (42.946246 18.063742, 42.965127 18.005878, 42.988767 17.951605, 43.012905 17.897722, 43.036658 17.843498, 43.06281 17.791362, 43.090104 17.740311, 43.119443 17.691409, 43.148655 17.642341, 43.173497 17.588921, 43.199437 17.536468, 43.228339 17.486991, 43.259814 17.44054, 43.290999 17.3937, 43.318586 17.342755, 43.344714 17.290354, 43.3702 17.237336, 43.395366 17.184005)",BACF00F,#01,BACS017,292,303,311,50,60,70,95,112.5,130,2,20,87.4,87.1,19.2,20.8,23.5,1674,1816,2053,0.1,0.7,0.4,0.2646,0.0016,-305,38,33,R,INT,Leonard2014_Interplate,DS,W,6.66,6.71,6.93,7.24,7.34,15.7422,16.676,16.3797,16.2002
efsm20_cf_top.411,"LINESTRING (42.618495 18.504005, 42.638825 18.449126, 42.665445 18.399493, 42.692071 18.349846, 42.719044 18.300526, 42.747166 18.252389, 42.775341 18.204287, 42.803578 18.156231, 42.830578 18.106849, 42.855602 18.055549, 42.883405 18.006961, 42.915825 17.964008)",BACF00G,#01,BACS018,298,309,318,45,52,60,95,107.5,120,1,15,55.3,55.1,16.2,17.8,19.8,893,982,1094,0.3,1.5,0.9,0.6708,0.0018,-628,37.5,33,R,INT,Leonard2014_Interplate,DS,W,6.49,6.54,6.76,7.07,7.17,15.9467,16.7337,16.4648,16.3371
efsm20_cf_top.412,"LINESTRING (41.844493 26.347992, 41.85912 26.29138, 41.873762 26.234713, 41.88845 26.178055, 41.902721 26.121193, 41.910811 26.062168, 41.918879 26.00313, 41.926414 25.943957, 41.93395 25.884777, 41.940859 25.825452, 41.944856 25.76564, 41.948853 25.705825, 41.955977 25.646533, 41.968631 25.588924, 41.981334 25.531323, 41.994642 25.473957, 42.007952 25.41658, 42.023815 25.360378, 42.040866 25.304797, 42.058159 25.249336, 42.075842 25.194083, 42.093901 25.139035, 42.11476 25.085797, 42.135347 25.032352, 42.154257 24.977771, 42.174951 24.924366, 42.197045 24.871975, 42.21892 24.819398, 42.238132 24.764941, 42.257348 24.71047, 42.278205 24.657093, 42.299272 24.603849)",BGCF000,#01,BGCS001,276,290,301,35,45,55,-80,-65,-50,0,15,154,152.6,18.3,21.2,26.2,2819,3266,4026,0.1,0.4,0.25,0.2,0.0064,-184,32.5,33,N,INT,Leonard2014_Interplate,DS,W,6.68,6.73,6.95,7.26,7.36,15.9687,16.7255,16.4305,16.3336
efsm20_cf_top.413,"LINESTRING (42.229164 25.057872, 42.230038 25.119843, 42.228131 25.18177, 42.226819 25.243723, 42.226699 25.305702, 42.22351 25.367531, 42.220035 25.429326, 42.216711 25.491134, 42.213882 25.552983, 42.210983 25.614823, 42.207714 25.676628, 42.204444 25.73843, 42.198954 25.79994, 42.192047 25.861182, 42.186134 25.922607, 42.182023 25.984296, 42.178467 26.046042, 42.175068 26.107801, 42.171759 26.169562)",BGCF001,#01,BGCS002,90,95,99,40,50,60,-90,-80,-70,0,15,91.9,91.8,17.3,19.6,23.3,1591,1799,2144,0.1,0.4,0.25,0.2,0.0004,-173,31.5,33,N,INT,Leonard2014_Interplate,DS,W,6.59,6.64,6.86,7.17,7.27,15.7202,16.4517,16.1714,16.0745
efsm20_cf_top.414,"LINESTRING (42.326179 24.700097, 42.319119 24.758883, 42.309325 24.81694, 42.298363 24.874604, 42.287702 24.932363, 42.279715 24.990895, 42.28265 25.05028, 42.287163 25.109489, 42.288439 25.168987, 42.288809 25.228509, 42.290459 25.288145)",BGCF002,#01,BGCS003,85,96,106,40,50,60,-90,-80,-70,1,10,49,48.5,10.4,11.7,14,509,575,686,0.1,0.4,0.25,0.2,0.006,-213,32,33,N,INT,Leonard2014_Interplate,DS,W,6.04,6.09,6.31,6.62,6.72,15.2252,15.9567,15.6764,15.5795
efsm20_cf_top.415,"LINESTRING (42.367332 25.506821, 42.394706 25.555834, 42.422088 25.60486, 42.445315 25.657694, 42.46572 25.712644, 42.48091 25.77063, 42.496637 25.828367, 42.512794 25.885901, 42.534286 25.940144, 42.552578 25.996523, 42.565184 26.055719, 42.579777 26.114111)",BGCF003,#01,BGCS004,54,65,75,50,60,70,-125,-102.5,-80,1,15,55.5,55.1,14.9,16.2,18.3,827,898,1015,0.1,0.4,0.25,0.2,0.0035,-288,31.5,33,N,INT,Leonard2014_Interplate,DS,W,6.38,6.43,6.65,6.96,7.06,15.4361,16.1269,15.8695,15.7726
efsm20_cf_top.416,"LINESTRING (42.043111 24.487249, 42.057167 24.431064, 42.073094 24.375778, 42.090924 24.321542, 42.107721 24.266696, 42.124664 24.211917, 42.14435 24.158816, 42.164642 24.106115, 42.185439 24.053756, 42.203623 23.999639, 42.221383 23.94525, 42.237346 23.889839, 42.254598 23.835122, 42.273076 23.781126, 42.291559 23.727117)",BGCF004,#01,BGCS005,290,296,300,40,50,60,-90,-75,-60,1,15,68.5,68.5,16.2,18.3,21.8,1108,1253,1493,0.1,0.4,0.25,0.2,0.0006,-618,38,33,N,INT,Leonard2014_Interplate,DS,W,6.52,6.57,6.79,7.1,7.2,15.563,16.2945,16.0142,15.9173
efsm20_cf_top.417,"LINESTRING (41.711203 26.176791, 41.72499 26.119586, 41.738588 26.062263, 41.746532 26.003053, 41.747546 25.942905, 41.745569 25.882801, 41.745846 25.82264, 41.756088 25.764059, 41.773155 25.708399, 41.796527 25.657005, 41.817029 25.603433, 41.83674 25.549311, 41.853403 25.49336, 41.869472 25.437081)",BGCF005,#01,BGCS006,268,287,302,40,47,55,-90,-75,-60,1,15,64.9,63.8,17.1,19.1,21.8,1109,1242,1413,0.1,0.4,0.25,0.2,0.0114,-250,32.5,33,N,INT,Leonard2014_Interplate,DS,W,6.57,6.62,6.84,7.15,7.25,15.5634,16.2708,16.0106,15.9137
efsm20_cf_top.418,"LINESTRING (41.834274 26.591698, 41.869762 26.554373, 41.905262 26.517035, 41.942934 26.483742, 41.98246 26.454569, 42.02089 26.422842, 42.058472 26.389305, 42.095915 26.355464, 42.129467 26.314862, 42.160391 26.27061)",BGCF006,#01,BGCS007,314,324,332,50,62,75,-90,-80,-70,1,15,45.1,44.9,14.5,15.9,18.3,654,715,825,0.1,0.4,0.25,0.2,0.0019,-208,35.5,33,N,INT,Leonard2014_Interplate,DS,W,6.36,6.41,6.63,6.94,7.04,15.3341,16.0368,15.771,15.6741
efsm20_cf_top.419,"LINESTRING (42.214532 26.706521, 42.213309 26.766793, 42.209962 26.826916, 42.20757 26.887121, 42.204728 26.947286, 42.196927 27.006643, 42.189246 27.066022, 42.181683 27.125419, 42.175242 27.185063)",BGCF007,#01,BGCS008,92,96,100,40,50,60,-90,-75,-60,0,15,39.7,39.7,17.3,19.6,23.3,688,778,927,0.1,0.4,0.25,0.2,0.001,-247,39,33,N,INT,Leonard2014_Interplate,DS,W,6.59,6.64,6.86,7.17,7.27,15.3562,16.0877,15.8074,15.7105
efsm20_cf_top.420,"LINESTRING (42.326723 27.387615, 42.324468 27.32654, 42.326913 27.265496, 42.33204 27.204754, 42.334116 27.143679, 42.328998 27.082934, 42.325049 27.022031, 42.322228 26.96102, 42.319808 26.899977)",BGCF008,#01,BGCS009,263,269,276,40,50,60,-100,-90,-80,1,15,40.2,40.1,16.2,18.3,21.8,650,735,876,0.1,0.4,0.25,0.2,0.0018,-130,40,33,N,INT,Leonard2014_Interplate,DS,W,6.52,6.57,6.79,7.1,7.2,15.3314,16.0629,15.7826,15.6857
efsm20_cf_top.421,"LINESTRING (42.651068 26.165951, 42.657492 26.225647, 42.663918 26.285349, 42.669018 26.345293, 42.669915 26.405628, 42.669438 26.465971, 42.667985 26.526285, 42.665846 26.586559, 42.662714 26.646751, 42.657592 26.706685, 42.653938 26.766813, 42.650545 26.826966, 42.649624 26.887281, 42.644621 26.947283)",BGCF009,#01,BGCS010,82,91,97,35,45,55,-100,-90,-80,1,15,64.1,63.9,17.1,19.8,24.4,1096,1270,1566,0.1,0.3,0.2,0.1732,0.0026,-282,36,33,N,INT,Leonard2014_Interplate,DS,W,6.6,6.65,6.87,7.18,7.28,15.5584,16.1903,15.9234,15.8609
efsm20_cf_top.422,"LINESTRING (42.715521 26.499822, 42.730108 26.560884, 42.744929 26.621853, 42.76105 26.682225, 42.772757 26.744467, 42.782174 26.807436, 42.786909 26.871383, 42.791644 26.935335, 42.788558 26.999474, 42.784999 27.063564, 42.781431 27.127818)",BGCF00A,#01,BGCS011,70,82,94,40,50,60,-90,-75,-60,0,10,52.5,51.8,11.5,13.1,15.6,606,685,816,0.1,0.3,0.2,0.1732,0.0081,-381,38.5,33,N,INT,Leonard2014_Interplate,DS,W,6.15,6.2,6.42,6.73,6.83,15.3008,15.9074,15.6552,15.5927
efsm20_cf_top.423,"LINESTRING (42.733561 26.849346, 42.734855 26.914033, 42.736149 26.978721, 42.737224 27.043418, 42.73847 27.10811, 42.74056 27.172763, 42.742856 27.237407, 42.742056 27.302119, 42.738055 27.36652)",BGCF00B,#01,BGCS012,87,89,95,40,50,60,-100,-90,-80,1,15,42.3,42.2,16.2,18.3,21.8,683,773,921,0.1,0.4,0.25,0.2,0.0005,-262,40.5,33,N,INT,Leonard2014_Interplate,DS,W,6.52,6.57,6.79,7.1,7.2,15.3532,16.0847,15.8044,15.7075
efsm20_cf_top.424,"LINESTRING (42.862928 27.126404, 42.851338 27.184868, 42.839749 27.243322, 42.828671 27.301948, 42.82036 27.36141, 42.813435 27.421195, 42.807722 27.48121, 42.800223 27.540852, 42.789662 27.599618, 42.774346 27.656395, 42.754094 27.71021, 42.73201 27.762654, 42.717757 27.819889, 42.707188 27.878574, 42.696656 27.937048)",BGCF00C,#01,BGCS013,97,105,119,40,50,60,-90,-75,-60,0,10,69.1,68.7,11.5,13.1,15.6,798,902,1075,0.1,0.3,0.2,0.1732,0.0037,-205,41,33,N,INT,Leonard2014_Interplate,DS,W,6.15,6.2,6.42,6.73,6.83,15.4204,16.027,15.7747,15.7123
efsm20_cf_top.425,"LINESTRING (42.809348 26.40949, 42.824555 26.465044, 42.839765 26.52061, 42.851425 26.577761, 42.86142 26.635507, 42.868842 26.69398, 42.876709 26.752351, 42.884733 26.81069, 42.892083 26.869201, 42.897959 26.928028, 42.903835 26.986861, 42.909711 27.045692)",BGCF00D,#01,BGCS014,70,78,82,40,50,60,-90,-75,-60,1,15,53.2,53,16.2,18.3,21.8,860,972,1159,0.1,0.3,0.2,0.1732,0.0019,-491,38,33,N,INT,Leonard2014_Interplate,DS,W,6.52,6.57,6.79,7.1,7.2,15.453,16.0596,15.8073,15.7449
efsm20_cf_top.426,"LINESTRING (42.589954 25.298918, 42.597935 25.35862, 42.603577 25.418819, 42.604933 25.479479, 42.605423 25.540164, 42.612635 25.600061, 42.617696 25.660369, 42.624513 25.720363, 42.62841 25.780843)",BGCF00E,#01,BGCS015,81,85,90,35,45,55,-100,-90,-80,1,15,39.7,39.7,17.1,19.8,24.4,679,787,970,0.1,0.3,0.2,0.1732,0.0012,-430,31.5,33,N,INT,Leonard2014_Interplate,DS,W,6.6,6.65,6.87,7.18,7.28,15.3505,15.9824,15.7154,15.6529
efsm20_cf_top.427,"LINESTRING (43.099916 26.880115, 43.095349 26.942046, 43.090783 27.003973, 43.083415 27.065385, 43.076477 27.126884, 43.070185 27.188507, 43.063977 27.250139, 43.056465 27.311491, 43.047558 27.372485, 43.041286 27.434083, 43.036379 27.495906, 43.033546 27.557967, 43.028651 27.619784, 43.023338 27.681531, 43.01908 27.743426, 43.017145 27.805534, 43.013563 27.867503, 43.006139 27.928825, 43.000536 27.990502, 42.996195 28.052321)",BGCF00F,#01,BGCS016,92,97,101,50,60,70,-90,-75,-60,1,15,96,95.9,14.9,16.2,18.3,1431,1552,1755,0.1,0.2,0.15,0.1414,0.0004,-102,40,33,N,INT,Leonard2014_Interplate,DS,W,6.38,6.43,6.65,6.96,7.06,15.674,16.0638,15.8856,15.8599
efsm20_cf_top.428,"LINESTRING (43.761858 27.533453, 43.77675 27.473861, 43.793774 27.415376, 43.809551 27.356209, 43.824029 27.296393, 43.840814 27.237731, 43.859996 27.180479, 43.877212 27.122021, 43.892134 27.062345, 43.904731 27.001632, 43.912971 26.939486, 43.921287 26.877351, 43.929642 26.815218, 43.93566 26.752558, 43.941343 26.689831, 43.950348 26.627852, 43.961422 26.566511, 43.978519 26.507885, 43.9965 26.449757, 44.016132 26.392652, 44.035337 26.335246, 44.054443 26.277759, 44.06763 26.217122, 44.082169 26.157074, 44.099222 26.098303)",BGCF00G,#01,BGCS017,277,288,296,50,60,70,-80,-60,-40,1,20,121.5,120.9,20.2,21.9,24.8,2457,2665,3013,0.05,0.1,0.075,0.0707,0.0025,-122,34.5,33,N,INT,Leonard2014_Interplate,DS,W,6.72,6.77,6.99,7.3,7.4,15.6078,15.9976,15.8193,15.7937
efsm20_cf_top.429,"LINESTRING (43.13432 25.979141, 43.133951 25.917507, 43.13376 25.855874, 43.13477 25.794256, 43.137996 25.732778, 43.141219 25.671296, 43.141219 25.609654, 43.144793 25.548207, 43.150315 25.487025, 43.154589 25.425653, 43.157515 25.364128, 43.158748 25.302494)",BGCF00H,#01,BGCS018,270,274,278,35,47,60,-110,-95,-80,1,19,55,55,20.8,24.6,31.4,1143,1354,1726,0.05,0.2,0.125,0.1,0.0006,-187,31,33,N,INT,Leonard2014_Interplate,DS,W,6.84,6.89,7.11,7.42,7.52,15.2757,16.0567,15.747,15.6501
efsm20_cf_top.430,"LINESTRING (43.235512 25.943018, 43.258093 25.996558, 43.281097 26.049776, 43.302791 26.104042, 43.322161 26.159961, 43.34071 26.216422, 43.355632 26.274895, 43.372186 26.332546, 43.382777 26.392822)",BGCF00I,#01,BGCS019,60,66,77,50,60,70,-140,-125,-110,2,18,40.1,39.9,17,18.5,20.9,683,741,837,0.05,0.1,0.075,0.0707,0.0022,-258,32.5,33,N,INT,Leonard2014_Interplate,DS,W,6.53,6.58,6.8,7.11,7.21,15.0516,15.4414,15.2632,15.2375
efsm20_cf_top.431,"LINESTRING (43.248081 25.731918, 43.267794 25.786205, 43.287251 25.840684, 43.307076 25.894929, 43.327307 25.948909, 43.345233 26.004425, 43.363324 26.059855, 43.384196 26.113421, 43.407044 26.165458, 43.429588 26.217765, 43.448834 26.272532, 43.466203 26.328493, 43.480424 26.38613, 43.494648 26.443779, 43.509962 26.500909, 43.524598 26.55839, 43.534689 26.617782)",BGCF00J,#01,BGCS020,59,67,77,50,60,70,-140,-125,-110,2,18,78.6,78.4,17,18.5,20.9,1338,1452,1642,0.05,0.1,0.075,0.0707,0.0016,-287,32.5,33,N,INT,Leonard2014_Interplate,DS,W,6.53,6.58,6.8,7.11,7.21,15.3441,15.7338,15.5556,15.53
efsm20_cf_top.432,"LINESTRING (43.222076 25.253092, 43.230069 25.191669, 43.238065 25.130222, 43.243439 25.068234, 43.244956 25.005838, 43.246338 24.943437, 43.246803 24.88101, 43.247268 24.818582, 43.250471 24.756302, 43.255144 24.694194, 43.259975 24.632104, 43.265504 24.570118, 43.271034 24.508126, 43.276657 24.446145, 43.283782 24.384449, 43.290908 24.322746, 43.29679 24.260792, 43.302613 24.198821, 43.310044 24.137169, 43.320035 24.076195)",BGCF00K,#01,BGCS021,272,278,285,40,50,60,-120,-105,-90,1,12,96.1,95.9,12.7,14.4,17.1,1220,1380,1644,0.05,0.2,0.125,0.1,0.0011,-217,34.5,33,N,INT,Leonard2014_Interplate,DS,W,6.26,6.31,6.53,6.84,6.94,15.304,16.0355,15.7552,15.6583
efsm20_cf_top.433,"LINESTRING (43.063879 23.626841, 43.031446 23.672716, 43.001427 23.721547, 42.974996 23.774088, 42.951242 23.828944, 42.926697 23.883125, 42.902158 23.93729, 42.877819 23.991601, 42.853629 24.046015, 42.829451 24.100405)",BGCF00L,#01,BGCS022,119,122,132,50,60,70,-50,-35,-20,1,15,46.7,46.5,14.9,16.2,18.3,695,755,853,0.1,0.2,0.15,0.1414,0.0016,-586,38.5,33,LL,INT,Leonard2014_Interplate,SS,W,6.48,6.53,6.75,7.06,7.16,15.3608,15.7505,15.5723,15.5467
efsm20_cf_top.434,"LINESTRING (43.59738 23.113755, 43.584699 23.172133, 43.572021 23.2305, 43.559048 23.288732, 43.545663 23.346772, 43.53228 23.4048, 43.517656 23.462242, 43.502152 23.519229, 43.486651 23.576203, 43.470083 23.632591, 43.45102 23.687442, 43.431961 23.742279, 43.412907 23.797102, 43.393855 23.851919)",BGCF00M,#01,BGCS023,105,109,114,50,60,70,-50,-35,-20,1,25,63.8,63.7,25.5,27.7,31.3,1630,1768,1999,0.1,0.2,0.15,0.1414,0.0009,-170,35.5,33,LL,INT,Leonard2014_Interplate,SS,L,6.97,7.02,7.24,7.55,7.65,15.7306,16.1204,15.9422,15.9165
efsm20_cf_top.435,"LINESTRING (43.133631 23.68295, 43.15959 23.628073, 43.186284 23.574021, 43.214932 23.521857, 43.243468 23.469556, 43.268066 23.413589, 43.297549 23.362242, 43.322738 23.306722, 43.343278 23.247678)",BGCF00N,#01,BGCS024,294,302,307,50,60,70,-60,-45,-30,1,25,42.4,42.3,25.5,27.7,31.3,1082,1174,1327,0.1,0.2,0.15,0.1414,0.0011,-397,38,33,N,INT,Leonard2014_Interplate,DS,L,6.8,6.85,7.07,7.38,7.48,15.5527,15.9425,15.7643,15.7386
efsm20_cf_top.436,"LINESTRING (42.879772 23.034853, 42.864543 23.092847, 42.848576 23.150455, 42.83211 23.207786, 42.816766 23.265679, 42.801979 23.323827, 42.784389 23.380492, 42.765858 23.43658, 42.745642 23.491559, 42.72356 23.545172, 42.699954 23.597549, 42.675385 23.64908, 42.65053 23.700335, 42.624018 23.750012, 42.600901 23.80268)",BGCF00O,#01,BGCS025,108,115,124,50,60,70,-90,-75,-60,0,15,70.3,70,16,17.3,19.6,1122,1217,1376,0.1,0.3,0.2,0.1732,0.0023,-615,41,33,N,INT,Leonard2014_Interplate,DS,W,6.46,6.51,6.73,7.04,7.14,15.5685,16.1343,15.9049,15.8425
efsm20_cf_top.437,"LINESTRING (42.56978 23.594577, 42.58006 23.535091, 42.587492 23.474812, 42.596836 23.415016, 42.612174 23.357537, 42.625812 23.29926, 42.647799 23.245888, 42.677297 23.199672, 42.702408 23.148866, 42.731569 23.102216, 42.762826 23.058129)",BGCF00P,#01,BGCS026,278,294,313,50,60,70,-90,-75,-60,0,10,50,48.8,10.6,11.5,13.1,532,578,653,0.2,0.3,0.25,0.2449,0.0121,-836,41.5,33,N,INT,Leonard2014_Interplate,DS,W,6.02,6.07,6.29,6.6,6.7,15.5459,15.8107,15.6782,15.6693
efsm20_cf_top.438,"LINESTRING (42.311319 24.014294, 42.337059 23.963968, 42.36001 23.911242, 42.381146 23.857124, 42.399382 23.80109, 42.414934 23.743575, 42.43196 23.686816, 42.44991 23.630568, 42.474046 23.578726, 42.507208 23.537025)",BGCF00Q,#01,BGCS027,288,297,315,40,55,70,-90,-75,-60,0,15,45.3,44.8,16,18.3,23.3,722,829,1056,0.1,0.4,0.25,0.2,0.0054,-789,39.5,33,N,INT,Leonard2014_Interplate,DS,W,6.52,6.57,6.79,7.1,7.2,15.3773,16.1443,15.8349,15.738
efsm20_cf_top.439,"LINESTRING (42.273361 23.576108, 42.295488 23.51647, 42.320481 23.45898, 42.347183 23.402889, 42.375371 23.348119, 42.407458 23.297409, 42.444567 23.2534)",BGCF00R,#01,BGCS028,295,304,317,45,57,70,-90,-75,-60,0,15,32.9,32.6,16,17.9,21.2,525,589,698,0.1,0.4,0.25,0.2,0.0044,-1143,42,33,N,INT,Leonard2014_Interplate,DS,W,6.49,6.54,6.76,7.07,7.17,15.2389,15.9645,15.6863,15.5893
efsm20_cf_top.440,"LINESTRING (42.057426 23.799861, 42.046184 23.86028, 42.040036 23.922004, 42.036472 23.984091, 42.032691 24.046151, 42.021074 24.106416, 41.998421 24.160683, 41.978574 24.216886, 41.956085 24.271242, 41.933133 24.325163)",BGCF00S,#01,BGCS029,96,110,122,50,60,70,-120,-105,-90,0,12,46.3,45.6,12.8,13.9,15.7,591,641,725,0.1,0.4,0.25,0.2,0.0078,-1179,38,33,N,INT,Leonard2014_Interplate,DS,W,6.22,6.27,6.49,6.8,6.9,15.2901,15.9809,15.7235,15.6266
efsm20_cf_top.441,"LINESTRING (42.669853 22.220173, 42.696234 22.267629, 42.722726 22.314989, 42.749716 22.361847, 42.777586 22.407758, 42.803553 22.455716, 42.830614 22.502558, 42.856434 22.550705, 42.878972 22.601848, 42.901076 22.653374)",RSCF000,#01,BGCS030,49,53,59,40,50,60,-120,-110,-100,1,15,43.8,43.7,16.2,18.3,21.8,708,800,953,0.1,0.4,0.25,0.2,0.0009,-1082,43.5,33,N,INT,Leonard2014_Interplate,DS,W,6.52,6.57,6.79,7.1,7.2,15.3683,16.0998,15.8195,15.7226
efsm20_cf_top.442,"LINESTRING (42.461583 22.463435, 42.492732 22.509126, 42.523655 22.55512, 42.55356 22.602359, 42.583209 22.649917, 42.611037 22.699486, 42.643414 22.743687, 42.676887 22.786375, 42.707207 22.83324, 42.738797 22.878549, 42.764276 22.930526, 42.79559 22.976579)",BGCF00T,#01,BGCS031,42,47,55,40,50,60,-120,-105,-90,1,15,56.2,56.1,16.2,18.3,21.8,908,1026,1223,0.1,0.4,0.25,0.2,0.0011,-887,44,33,N,INT,Leonard2014_Interplate,DS,W,6.52,6.57,6.79,7.1,7.2,15.4765,16.208,15.9277,15.8308
efsm20_cf_top.443,"LINESTRING (42.128408 23.153188, 42.095304 23.114559, 42.065703 23.071041, 42.035216 23.028667, 42.005073 22.985871, 41.977315 22.940266, 41.947557 22.897023, 41.914276 22.858724, 41.880948 22.820519)",BGCF00U,#01,BGCS032,219,224,229,50,60,70,-120,-110,-100,1,12,39,38.9,11.7,12.7,14.4,456,495,560,0.1,0.4,0.25,0.2,0.001,-731,46,33,N,INT,Leonard2014_Interplate,DS,W,6.12,6.17,6.39,6.7,6.8,15.1777,15.8684,15.611,15.5141
efsm20_cf_top.444,"LINESTRING (42.012931 23.138749, 41.979466 23.098599, 41.950063 23.053067, 41.920934 23.007242, 41.892396 22.96077, 41.86443 22.913696, 41.837514 22.865549)",BGCF00V,#01,BGCS033,220,228,232,50,60,70,-120,-105,-90,1,12,29.9,29.9,11.7,12.7,14.4,350,380,430,0.1,0.4,0.25,0.2,0.001,-747,46,33,N,INT,Leonard2014_Interplate,DS,W,6.12,6.17,6.39,6.7,6.8,15.0628,15.7536,15.4962,15.3993
efsm20_cf_top.445,"LINESTRING (41.622778 24.175367, 41.652802 24.128447, 41.681962 24.080543, 41.712851 24.0346, 41.746146 23.991758, 41.779195 23.948554, 41.811818 23.904747, 41.838958 23.854638)",BGCF00W,#01,BGCS035,308,314,318,55,62,70,-80,-60,-40,1,12,35.9,35.9,11.7,12.5,13.4,421,448,482,0.1,0.4,0.25,0.2,0.0009,-1436,39.5,33,N,INT,Leonard2014_Interplate,DS,W,6.1,6.15,6.37,6.68,6.78,15.1424,15.8041,15.5674,15.4705
efsm20_cf_top.446,"LINESTRING (42.390892 22.594471, 42.418207 22.639967, 42.444671 22.686394, 42.470454 22.733539, 42.493852 22.782936, 42.514266 22.834728, 42.535694 22.885776, 42.559088 22.935228, 42.57761 22.987841)",BGCF00X,#01,BGCS037,50,56,63,40,50,60,-120,-105,-90,1,15,38.5,38.4,16.2,18.3,21.8,622,703,838,0.1,0.4,0.25,0.2,0.0019,-796,44.5,33,N,INT,Leonard2014_Interplate,DS,W,6.52,6.57,6.79,7.1,7.2,15.3123,16.0438,15.7635,15.6666
efsm20_cf_top.447,"LINESTRING (42.681079 25.810466, 42.693762 25.874018, 42.694636 25.939868, 42.69562 26.005715, 42.690125 26.071147, 42.683807 26.13633)",BGCF00Y,#01,BGCS038,76,90,98,35,45,55,-100,-90,-80,1,12,26.9,26.6,13.4,15.6,19.2,361,419,516,0.1,0.3,0.2,0.1732,0.007,-516,32,33,N,INT,Leonard2014_Interplate,DS,W,6.34,6.39,6.61,6.92,7.02,15.0764,15.7083,15.4413,15.3788
efsm20_cf_top.448,"LINESTRING (43.145177 28.02972, 43.150731 27.966334, 43.158146 27.903387, 43.166239 27.840587, 43.17302 27.77749, 43.179414 27.71431, 43.184753 27.65094, 43.191852 27.587889, 43.199668 27.524991, 43.208694 27.462389, 43.214853 27.399129, 43.222555 27.336181, 43.231696 27.273587, 43.248831 27.214225, 43.266145 27.154944, 43.283464 27.095648)",BGCF00Z,#01,BGCS039,276,281,292,50,60,70,-80,-60,-40,1,15,77.6,77.2,14.9,16.2,18.3,1156,1254,1418,0.1,0.2,0.15,0.1414,0.0023,-131,39.5,33,N,INT,Leonard2014_Interplate,DS,W,6.38,6.43,6.65,6.96,7.06,15.5815,15.9712,15.793,15.7674
efsm20_cf_top.449,"LINESTRING (42.652604 24.97428, 42.654472 25.038276, 42.65925 25.101995, 42.666049 25.16538, 42.675212 25.22822, 42.686733 25.290349, 42.70095 25.351447, 42.712798 25.413336)",BGCF010,#01,BGCS040,74,81,89,35,45,55,-120,-105,-90,1,12,36.7,36.5,13.4,15.6,19.2,492,570,703,0.1,0.3,0.2,0.1732,0.0028,-781,32.5,33,N,INT,Leonard2014_Interplate,DS,W,6.34,6.39,6.61,6.92,7.02,15.2106,15.8425,15.5755,15.5131
efsm20_cf_top.450,"LINESTRING (43.459254 27.667, 43.457204 27.728769, 43.455153 27.790536, 43.448229 27.851624, 43.439378 27.91223, 43.430529 27.972827, 43.421267 28.033299, 43.411723 28.093677, 43.398766 28.152827, 43.385812 28.211966, 43.374456 28.271711, 43.363323 28.331524, 43.352556 28.391454, 43.343993 28.452044, 43.335431 28.512626, 43.326871 28.5732, 43.318618 28.633844, 43.310416 28.694493, 43.302216 28.755136)",BGCF011,#01,BGCS041,92,100,106,50,60,70,-80,-60,-40,1,15,89.8,89.7,14.9,16.2,18.3,1338,1452,1642,0.05,0.1,0.075,0.0707,0.001,-100,36.5,33,N,INT,Leonard2014_Interplate,DS,W,6.38,6.43,6.65,6.96,7.06,15.3441,15.7338,15.5556,15.53
efsm20_cf_top.451,"LINESTRING (43.724491 22.248468, 43.703278 22.302239, 43.681798 22.35579, 43.659974 22.409053, 43.637719 22.461956, 43.613263 22.512948, 43.588814 22.563926, 43.562902 22.613487, 43.538505 22.664469, 43.518186 22.71873, 43.497868 22.772973, 43.477499 22.827161, 43.459272 22.882762, 43.440544 22.938031, 43.422838 22.993916, 43.405717 23.050131, 43.389448 23.106807, 43.375762 23.16475, 43.362069 23.222724)",BGCF012,#01,BGCS042,106,116,125,50,60,70,-40,-30,-20,1,25,88.6,88.3,25.5,27.7,31.3,2264,2456,2777,0.05,0.2,0.125,0.1,0.0021,-496,36.5,33,LL,INT,Leonard2014_Interplate,SS,L,7.11,7.16,7.38,7.69,7.79,15.5723,16.2631,16.0057,15.9088
efsm20_cf_top.1056,"LINESTRING (37.15414 -8.68991, 37.08458 -8.68982)",PTCF01C,#13,PTCS050,180,180,180,60,70,80,75,90,105,1,8.5,7.7,7.7,7.6,8,8.7,59,62,67,0.01,0.1,0.055,0.0316,0,-28,30,33,R,INT,Leonard2014_Interplate,DS,L,5.7,5.7,5.79,6.1,6.2,13.2887,14.3445,14.0494,13.8087
efsm20_cf_top.452,"LINESTRING (42.742849 24.549601, 42.723866 24.601443, 42.70306 24.651957, 42.681474 24.701843, 42.659464 24.751368, 42.640951 24.803456, 42.626157 24.857683, 42.612491 24.912491)",BGCF013,#01,BGCS043,110,118,123,50,60,70,-90,-75,-60,1,12,33.1,33,11.7,12.7,14.4,388,421,476,0.2,0.3,0.25,0.2449,0.0016,-780,35,33,N,INT,Leonard2014_Interplate,DS,W,6.12,6.17,6.39,6.7,6.8,15.4081,15.6729,15.5404,15.5315
efsm20_cf_top.453,"LINESTRING (42.58143 27.192868, 42.590561 27.250699, 42.596003 27.309387, 42.598667 27.368431, 42.601838 27.427433, 42.606817 27.486207, 42.615171 27.544278, 42.621102 27.602902, 42.624349 27.661917, 42.628591 27.720706)",BGCF014,#01,BGCS044,78,83,86,40,50,60,-100,-90,-80,1,15,43.6,43.5,16.2,18.3,21.8,704,796,949,0.1,0.3,0.2,0.1732,0.0008,-57,41,33,N,INT,Leonard2014_Interplate,DS,W,6.52,6.57,6.79,7.1,7.2,15.3663,15.9729,15.7206,15.6581
efsm20_cf_top.454,"LINESTRING (44.333574 26.712849, 44.304884 26.762357, 44.276203 26.811851, 44.24753 26.86133, 44.220728 26.91279, 44.193967 26.964268, 44.167213 27.01573, 44.140467 27.067176, 44.116459 27.121158, 44.098232 27.179343, 44.075271 27.234163, 44.050353 27.287279, 44.025442 27.34038, 44.005481 27.397364, 43.987424 27.455542, 43.968234 27.512999, 43.948841 27.570304, 43.929453 27.627594, 43.909207 27.684289, 43.8884 27.740572, 43.867599 27.796841, 43.846804 27.853094, 43.825504 27.908963, 43.803527 27.964306, 43.781556 28.019633, 43.756252 28.072135, 43.727871 28.121505, 43.699499 28.170861, 43.675652 28.224581, 43.65483 28.280635, 43.638565 28.339482, 43.626961 28.400385, 43.615383 28.461286, 43.603901 28.522209, 43.592421 28.583121, 43.578009 28.642431)",BGCF015,#01,BGCS045,104,118,129,50,60,70,-80,-60,-40,1,20,177.4,175.8,20.2,21.9,24.8,3586,3891,4399,0.05,0.1,0.075,0.0707,0.0044,-103,35,33,N,INT,Leonard2014_Interplate,DS,W,6.72,6.77,6.99,7.3,7.4,15.7721,16.1619,15.9837,15.958
efsm20_cf_top.455,"LINESTRING (41.886745 25.106681, 41.908245 25.050297, 41.932288 24.995485, 41.960638 24.944504, 41.988761 24.893276, 42.016629 24.841771, 42.040068 24.786394, 42.059838 24.728462, 42.080504 24.67108, 42.101186 24.613689, 42.122287 24.556559, 42.143457 24.499457)",BGCF016,#01,BGCS046,296,301,308,40,50,60,-90,-75,-60,1,15,57.9,57.7,16.2,18.3,21.8,936,1058,1261,0.1,0.4,0.25,0.2,0.0019,-399,33,33,N,INT,Leonard2014_Interplate,DS,W,6.52,6.57,6.79,7.1,7.2,15.4897,16.2212,15.9409,15.844
efsm20_cf_top.456,"LINESTRING (42.303415 23.314316, 42.278851 23.266519, 42.254803 23.218276, 42.229112 23.171626, 42.209485 23.119898)",BGCF017,#01,BGCS047,232,235,241,50,60,70,-130,-110,-90,1,10,19.1,19.1,9.6,10.4,11.7,183,199,225,0.05,0.5,0.275,0.1581,0.001,-1078,43.5,33,N,INT,Leonard2014_Interplate,DS,W,5.91,5.96,6.18,6.49,6.59,14.4808,15.5696,15.2566,15.0162
efsm20_cf_top.457,"LINESTRING (42.301305 26.061684, 42.305537 25.997688, 42.308203 25.933585, 42.31026 25.86944, 42.312743 25.805318, 42.310287 25.741194, 42.306802 25.677161, 42.303407 25.613123, 42.30248 25.548934, 42.301828 25.484741)",BGCF018,#01,BGCS048,267,271,276,40,50,60,-90,-80,-70,1,10,47.5,47.4,10.4,11.7,14,494,558,665,0.1,0.4,0.25,0.2,0.001,-159,31.5,33,N,INT,Leonard2014_Interplate,DS,W,6.04,6.09,6.31,6.62,6.72,15.2121,15.9436,15.6633,15.5664
efsm20_cf_top.458,"LINESTRING (48.328322 9.080552, 48.284247 9.058316, 48.242354 9.028293, 48.196264 9.020033)",DECF002,#01,DECS009,187,197,205,70,80,90,0,5,10,1.5,20,15.5,15.4,18.5,18.8,19.7,287,291,305,0.01,0.1,0.055,0.0316,0.0016,-824,26.5,33,LL,SCR,Leonard2014_SCR,SS,L,6.37,6.42,6.64,6.95,7.05,13.9758,15.0028,14.7228,14.4821
efsm20_cf_top.459,"LINESTRING (36.787747 1.405432, 36.815052 1.449635, 36.842389 1.49389, 36.869733 1.538155, 36.897082 1.582429, 36.924437 1.626714, 36.951799 1.671009, 36.978292 1.716139, 36.998427 1.766165, 37.018566 1.816201, 37.038709 1.866248, 37.058857 1.916306, 37.074136 1.969012, 37.087281 2.022624, 37.100428 2.076245, 37.113363 2.129956, 37.124426 2.184328, 37.135491 2.238707, 37.146557 2.293094, 37.157624 2.347488, 37.167454 2.402263, 37.177159 2.45708, 37.186864 2.511904, 37.19657 2.566734)",DZCF003,#01,DZCS003,53,67,78,30,42,55,80,95,110,3,25,114.4,112.7,26.9,32.9,44,3073,3762,5035,0.9,1.7,1.3,1.2369,0.0112,2760,31.5,33,R,INT,Leonard2014_Interplate,DS,W,7.16,7.21,7.43,7.74,7.84,16.9604,17.451,17.2079,17.1863
efsm20_cf_top.460,"LINESTRING (35.949571 -0.794109, 35.981411 -0.753457, 36.013262 -0.712791, 36.045119 -0.672117, 36.076982 -0.631434, 36.108853 -0.590743, 36.14073 -0.550043, 36.172058 -0.50868, 36.203371 -0.467281, 36.234689 -0.425873, 36.264973 -0.383283, 36.294096 -0.339449, 36.323226 -0.295606, 36.352362 -0.251753, 36.381661 -0.20805, 36.41104 -0.164413, 36.440425 -0.120765, 36.469817 -0.077108, 36.498913 -0.033131, 36.527159 0.011714, 36.555411 0.056569, 36.583669 0.101435, 36.611649 0.146585, 36.63869 0.192631, 36.665737 0.238688, 36.692791 0.284755, 36.719212 0.331405, 36.745241 0.378412, 36.771277 0.425429, 36.796768 0.472926, 36.822055 0.520607, 36.847347 0.5683)",DZCF004,#01,DZCS004,44,49,54,30,42,55,80,95,110,2.5,25,157.8,157.6,27.5,33.6,45,4336,5308,7103,0.9,1.7,1.3,1.2369,0.0012,2638,27.5,33,R,INT,Leonard2014_Interplate,DS,W,7.18,7.23,7.45,7.76,7.86,17.1098,17.6004,17.3574,17.3357
efsm20_cf_top.461,"LINESTRING (37.087411 2.886948, 37.052614 2.920986, 37.017823 2.955018, 36.983038 2.989045, 36.948259 3.023065, 36.913486 3.05708, 36.878719 3.091088, 36.843958 3.125091, 36.809324 3.159278, 36.774833 3.193673, 36.740347 3.228061, 36.705868 3.262445, 36.671394 3.296821, 36.636926 3.331192, 36.602465 3.365557, 36.568009 3.399916, 36.53356 3.434269, 36.498681 3.467929, 36.462958 3.500178, 36.427241 3.532422, 36.39153 3.564662, 36.355822 3.596898)",DZCF005,#01,DZCS005,141,142,144,60,75,90,-170,180,170,1,25,103.1,103.1,24,24.8,27.7,2474,2561,2856,0.5,1,0.75,0.7071,0,604,34,33,RL,INT,Leonard2014_Interplate,SS,L,7.13,7.18,7.4,7.71,7.81,16.6108,16.9743,16.802,16.7764
efsm20_cf_top.462,"LINESTRING (36.936667 0.879202, 36.917125 0.931061, 36.897587 0.98291, 36.878052 1.034747, 36.858523 1.086574, 36.838996 1.13839, 36.819474 1.190195, 36.799898 1.241955, 36.779959 1.293485, 36.760025 1.345005, 36.740094 1.396513, 36.720168 1.448011, 36.700245 1.499498, 36.680328 1.550974, 36.660414 1.602439, 36.640505 1.653892)",DZCF006,#01,DZCS006,116,117,117,60,75,90,-170,180,170,2.5,25,76.4,76.4,22.5,23.3,26,1720,1781,1986,0.5,1,0.75,0.7071,0,2487,29,33,RL,INT,Leonard2014_Interplate,SS,L,6.97,7.02,7.24,7.55,7.65,16.453,16.8165,16.6442,16.6186
efsm20_cf_top.471,"LINESTRING (45.153025 18.227907, 45.164965 18.162258, 45.176862 18.096603, 45.18861 18.03088, 45.196862 17.964082, 45.204005 17.89702, 45.210668 17.829848, 45.216881 17.762584)",HRCF00E,#01,HRCS026,275,279,282,60,65,70,120,130,140,1,20,37.2,37.2,20.2,21,21.9,752,780,816,0.05,0.1,0.075,0.0707,0.0005,-132,29,33,R,INT,Leonard2014_Interplate,DS,L,6.62,6.67,6.89,7.2,7.3,15.0938,15.4303,15.2856,15.26
efsm20_cf_top.463,"LINESTRING (36.353681 1.724879, 36.321737 1.685769, 36.2898 1.646667, 36.257869 1.607573, 36.225944 1.568488, 36.195078 1.528133, 36.16475 1.487172, 36.134429 1.446219, 36.104114 1.405274, 36.073806 1.364338, 36.043504 1.323411, 36.013208 1.282493, 35.984155 1.240235, 35.955168 1.197922, 35.926188 1.155617, 35.897214 1.113321, 35.868246 1.071035, 35.838614 1.029471, 35.808704 0.988227, 35.7788 0.946991, 35.748903 0.905763, 35.719012 0.864544, 35.68948 0.822948, 35.660471 0.780815, 35.631468 0.738691, 35.602471 0.696576, 35.573481 0.65447, 35.544496 0.612373, 35.517535 0.568304, 35.490951 0.523908, 35.464373 0.479521, 35.437801 0.435144, 35.411234 0.390777, 35.385118 0.346023, 35.359314 0.301011, 35.333515 0.256008, 35.307722 0.211015, 35.284634 0.16388, 35.263848 0.115178, 35.243066 0.066486, 35.222288 0.017804, 35.201515 -0.030868, 35.186937 -0.082792, 35.175803 -0.135967, 35.16467 -0.189136, 35.153538 -0.242298, 35.142408 -0.295453, 35.131435 -0.34865, 35.120541 -0.401865, 35.109648 -0.455074, 35.098757 -0.508276, 35.087866 -0.561471, 35.076993 -0.614585)",DZCF007,#01,DZCS008,225,238,258,30,45,60,70,87.5,105,1,18,259.4,254.5,19.6,24,34,5092,6237,8820,0.26,1.87,1.065,0.6973,0.0135,-413,31,33,R,INT,Leonard2014_Interplate,DS,W,6.82,6.87,7.09,7.4,7.5,16.6404,17.7358,17.3408,17.1569
efsm20_cf_top.464,"LINESTRING (35.639262 2.227782, 35.61819 2.179815, 35.597123 2.131858, 35.576059 2.083912, 35.555 2.035975, 35.533946 1.988047, 35.512895 1.940129, 35.494708 1.890484, 35.477054 1.840562, 35.459403 1.790649, 35.441756 1.740745, 35.424111 1.690851, 35.407768 1.640304, 35.391578 1.589693, 35.375391 1.539091, 35.359206 1.488498, 35.343025 1.437913, 35.326846 1.387337, 35.311889 1.336209, 35.297471 1.284856, 35.283056 1.233511, 35.268643 1.182175, 35.254238 1.130869)",DZCF008,#01,DZCS009,242,247,252,30,45,60,70,87.5,105,1,18,108.4,108.2,19.6,24,34,2128,2606,3686,0.26,1.87,1.065,0.6973,0.0014,-892,33,33,R,INT,Leonard2014_Interplate,DS,W,6.82,6.87,7.09,7.4,7.5,16.2615,17.3569,16.9619,16.778
efsm20_cf_top.465,"LINESTRING (36.641355 3.178322, 36.608516 3.140432, 36.575684 3.102549, 36.542859 3.064673, 36.51004 3.026805, 36.47849 2.987318, 36.453691 2.940991, 36.428898 2.894674, 36.404111 2.848367, 36.379329 2.802071, 36.354553 2.755784, 36.329782 2.709508, 36.306073 2.662395, 36.291542 2.60987, 36.277013 2.557354, 36.262487 2.504846, 36.247963 2.452348, 36.233441 2.399858, 36.218897 2.347286)",DZCF009,#01,DZCS010,223,238,251,30,42,55,70,87.5,105,1,18,89.6,87.9,20.8,25.4,34,1859,2276,3046,0.26,1.87,1.065,0.6973,0.0136,-492,34,33,R,INT,Leonard2014_Interplate,DS,W,6.88,6.93,7.15,7.46,7.56,16.2028,17.2741,16.9031,16.7191
efsm20_cf_top.466,"LINESTRING (36.615781 4.977868, 36.585249 4.936169, 36.554705 4.894452, 36.524167 4.852744, 36.493636 4.811046, 36.463273 4.769172, 36.433511 4.726652, 36.403755 4.684142, 36.377584 4.638153, 36.353732 4.590272, 36.329885 4.542402, 36.306044 4.494543, 36.282207 4.446694, 36.258583 4.398699, 36.237464 4.348953, 36.21635 4.299218, 36.195241 4.249493, 36.173989 4.199874, 36.152408 4.150488, 36.130832 4.101112, 36.10926 4.051747, 36.087693 4.002392, 36.066131 3.953048, 36.044573 3.903714, 36.02302 3.854391, 36.001471 3.805078, 35.979927 3.755775)",DZCF00A,#01,DZCS011,226,236,241,30,45,60,70,87.5,105,1,18,131.1,130.4,19.6,24,34,2573,3151,4456,0.26,1.87,1.065,0.6973,0.0038,-740,35,33,R,INT,Leonard2014_Interplate,DS,W,6.82,6.87,7.09,7.4,7.5,16.3439,17.4393,17.0443,16.8604
efsm20_cf_top.467,"LINESTRING (36.602094 5.764398, 36.574533 5.718166, 36.546978 5.671945, 36.519429 5.625736, 36.491887 5.579537, 36.466542 5.531446, 36.441985 5.482742, 36.417434 5.434048, 36.392888 5.385366, 36.368348 5.336695, 36.345949 5.286471, 36.325864 5.234776, 36.305783 5.183092, 36.285707 5.131418, 36.265643 5.079777)",DZCF00B,#01,DZCS012,232,237,243,30,42,55,70,87.5,105,1,18,72,71.8,20.8,25.4,34,1494,1829,2447,0.26,1.87,1.065,0.6973,0.0021,-988,31,33,R,INT,Leonard2014_Interplate,DS,W,6.88,6.93,7.15,7.46,7.56,16.1077,17.179,16.808,16.624
efsm20_cf_top.468,"LINESTRING (34.777594 5.286335, 34.752563 5.240627, 34.727489 5.194839, 34.70242 5.149061, 34.677356 5.103292, 34.652297 5.057533, 34.627243 5.011784, 34.602195 4.966045, 34.577153 4.920315, 34.552115 4.874594, 34.527082 4.828883, 34.502055 4.783182, 34.477033 4.73749, 34.452017 4.691807, 34.427005 4.646135, 34.401999 4.600471, 34.376998 4.554817, 34.352002 4.509172, 34.327011 4.463537, 34.302025 4.417911, 34.277045 4.372295, 34.252069 4.326688, 34.227099 4.281091, 34.202134 4.235503, 34.177174 4.189924, 34.152219 4.144355, 34.127269 4.098795, 34.103549 4.0523, 34.080824 4.005097, 34.058104 3.957903, 34.035388 3.91072, 34.012677 3.863545, 33.98997 3.81638, 33.967269 3.769224, 33.944571 3.722078, 33.921878 3.674941, 33.89919 3.627813, 33.876506 3.580695, 33.853826 3.533586, 33.834144 3.484573, 33.816175 3.434628, 33.798209 3.384692, 33.780247 3.334764, 33.762287 3.284846, 33.744331 3.234936, 33.726378 3.185035, 33.708428 3.135142, 33.690481 3.085259, 33.672537 3.035384, 33.654597 2.985518, 33.63666 2.935661, 33.618725 2.885812, 33.600794 2.835973, 33.582052 2.786576, 33.562471 2.737661, 33.542893 2.688755, 33.523318 2.639858, 33.503748 2.59097, 33.484181 2.542092, 33.464618 2.493222, 33.445058 2.444361, 33.425503 2.395509, 33.40595 2.346666, 33.386402 2.297832, 33.366857 2.249007, 33.347315 2.200191, 33.327777 2.151384, 33.308242 2.102586, 33.288711 2.053796, 33.269183 2.005015, 33.249659 1.956243, 33.230426 1.907317, 33.211935 1.857994, 33.193447 1.80868, 33.174962 1.759374, 33.15648 1.710076, 33.138002 1.660787, 33.119527 1.611507, 33.101055 1.562236, 33.082586 1.512973, 33.064121 1.463719, 33.045659 1.414474, 33.0272 1.365237, 33.008744 1.316008, 32.990292 1.266788, 32.971842 1.217577, 32.953396 1.168374, 32.934953 1.119179, 32.916513 1.069993, 32.897118 1.021343, 32.877418 0.972877, 32.857722 0.92442, 32.838029 0.875972, 32.818341 0.827531, 32.798655 0.7791, 32.778974 0.730677, 32.759295 0.682264, 32.739621 0.633859, 32.719949 0.585463, 32.700282 0.537075, 32.680617 0.488696, 32.660957 0.440325, 32.6413 0.391963, 32.621646 0.34361, 32.601996 0.295266, 32.582349 0.24693)",DZCF00C,#01,DZCS013,235,242,247,15,32,50,80,95,110,1,18,527.9,526.2,22.2,32.1,65.7,11715,16935,34674,0.1,1,0.55,0.3162,0.0027,-693,37.5,33,R,INT,Leonard2014_Interplate,DS,W,7.13,7.18,7.4,7.71,7.81,16.5873,18.0585,17.4877,17.2473
efsm20_cf_top.469,"LINESTRING (36.574373 7.397293, 36.553197 7.34732, 36.532031 7.297371, 36.51087 7.247433, 36.489713 7.197505, 36.468561 7.147588, 36.447413 7.097682, 36.42627 7.047787, 36.405132 6.997903, 36.383998 6.948029, 36.362869 6.898166, 36.341744 6.848313, 36.318651 6.799839, 36.291688 6.754562, 36.264732 6.709295, 36.237781 6.664039, 36.210837 6.618792, 36.183898 6.573556, 36.156965 6.528329, 36.130038 6.483113, 36.103117 6.437906, 36.076202 6.39271, 36.049294 6.347524, 36.022391 6.302348)",DZCF00D,#01,DZCS014,235,239,244,40,60,80,-170,180,170,1,18,116,115.7,17.3,19.6,26.4,2003,2278,3069,0.5,1,0.75,0.7071,0.0013,-705,29,33,RL,INT,Leonard2014_Interplate,SS,L,7.08,7.13,7.35,7.66,7.76,16.5192,17.0055,16.7511,16.7255
efsm20_cf_top.470,"LINESTRING (35.320016 -1.001559, 35.286632 -1.039271, 35.25448 -1.078544, 35.223323 -1.118984, 35.195203 -1.162618, 35.167088 -1.206242, 35.14085 -1.251568, 35.117495 -1.299182, 35.095011 -1.347403, 35.074095 -1.396653, 35.053188 -1.445883)",DZCF00E,#01,DZCS015,222,233,242,25,40,55,80,95,110,1,6.5,50.5,50.1,6.7,8.6,13,340,433,659,0.26,1.87,1.065,0.6973,0.0058,-337,30,33,R,INT,Leonard2014_Interplate,DS,W,5.7,5.75,5.97,6.28,6.38,15.4647,16.609,16.1824,15.9984
efsm20_cf_top.472,"LINESTRING (45.235573 16.588278, 45.25922 16.53299, 45.282909 16.477605, 45.306605 16.422204, 45.327629 16.364642, 45.348635 16.307046, 45.370158 16.249814, 45.391688 16.192566, 45.418735 16.140257, 45.446574 16.088772, 45.474323 16.037163, 45.503798 15.987512, 45.535281 15.940411, 45.567163 15.893834, 45.603979 15.855361, 45.642265 15.819912)",HRCF00F,#01,HRCS027,296,306,326,55,62,70,120,145,170,1,17,76.1,75.1,17,18.1,19.5,1295,1378,1486,0.08,0.2,0.14,0.1265,0.006,-170,33.5,33,RL,INT,Leonard2014_Interplate,SS,L,6.85,6.9,7.12,7.43,7.53,15.5339,15.9915,15.804,15.76
efsm20_cf_top.473,"LINESTRING (45.588387 17.632658, 45.574855 17.693609, 45.561327 17.754546, 45.547801 17.815469, 45.530273 17.874261, 45.509373 17.930742, 45.487869 17.986737, 45.464898 18.041513, 45.442752 18.096953, 45.42316 18.154293, 45.40442 18.212188, 45.387728 18.271324, 45.370602 18.330189, 45.350014 18.386742, 45.329425 18.443298)",HRCF00G,#01,HRCS028,110,117,123,60,70,80,140,155,170,1,15,69.7,69.5,14.2,14.9,16.2,990,1038,1126,0.05,0.2,0.125,0.1,0.001,-197,27,33,RL,INT,Leonard2014_Interplate,SS,W,6.39,6.44,6.66,6.97,7.07,15.2133,15.8712,15.6316,15.5347
efsm20_cf_top.474,"LINESTRING (45.442395 16.951326, 45.458851 16.890506, 45.479959 16.832666, 45.502702 16.776076, 45.53313 16.727362, 45.563733 16.678843, 45.596181 16.632809, 45.628889 16.587128, 45.663009 16.543581, 45.697881 16.501246)",HRCF00H,#01,HRCS030,290,308,319,60,65,70,120,145,170,1,18,45.8,45.1,18.1,18.8,19.6,828,858,898,0.05,0.1,0.075,0.0707,0.0061,-130,28.5,33,RL,INT,Leonard2014_Interplate,SS,L,6.65,6.7,6.92,7.23,7.33,15.1354,15.4719,15.3273,15.3016
efsm20_cf_top.475,"LINESTRING (45.852563 17.282046, 45.833526 17.34041, 45.812592 17.397399, 45.790944 17.453814, 45.770666 17.511247, 45.751933 17.569726, 45.730257 17.626059, 45.704948 17.679166, 45.676928 17.729378, 45.644821 17.774273, 45.612719 17.819162)",HRCF00I,#01,HRCS031,113,121,134,60,70,80,140,155,170,1,15,49.9,49.5,14.2,14.9,16.2,710,744,807,0.05,0.2,0.125,0.1,0.003,-143,26,33,RL,INT,Leonard2014_Interplate,SS,W,6.39,6.44,6.66,6.97,7.07,15.0685,15.7264,15.4868,15.3899
efsm20_cf_top.476,"LINESTRING (45.202434 17.709744, 45.222161 17.65187, 45.241887 17.593998, 45.258116 17.533955, 45.272398 17.472909, 45.284976 17.411095, 45.290903 17.347293, 45.297098 17.283534, 45.30435 17.219993, 45.311603 17.156444, 45.319904 17.093148, 45.334625 17.032244, 45.34935 16.971326)",HRCF00J,#01,HRCS036,276,284,294,60,67,75,120,145,170,1,20,60.4,60,19.7,20.6,21.9,1188,1247,1326,0.05,0.1,0.075,0.0707,0.0024,-202,29.5,33,RL,INT,Leonard2014_Interplate,SS,L,6.81,6.86,7.08,7.39,7.49,15.2925,15.6409,15.4895,15.4638
efsm20_cf_top.477,"LINESTRING (46.028813 16.062248, 46.044474 16.122794, 46.059937 16.183463, 46.075303 16.244201, 46.090308 16.305141, 46.103448 16.366988, 46.114644 16.429637, 46.124414 16.492793, 46.134188 16.555966)",HRCF00K,#01,HRCS039,69,72,76,50,60,70,20,35,50,2,16,39.9,39.8,14.9,16.2,18.3,594,645,729,0.1,0.2,0.15,0.1414,0.0007,-231,28,33,LL,INT,Leonard2014_Interplate,SS,W,6.48,6.53,6.75,7.06,7.16,15.2926,15.6824,15.5042,15.4785
efsm20_cf_top.478,"LINESTRING (42.332778 20.901989, 42.303111 20.854934, 42.271252 20.810599, 42.238386 20.767648, 42.204713 20.725879, 42.174919 20.679066, 42.148068 20.629135, 42.125989 20.575181)",RSCF001,#01,KMCS001,223,230,241,50,55,60,-90,-75,-60,1,25,35.6,35.4,27.7,29.3,31.3,986,1043,1115,0.08,0.5,0.29,0.2,0.0031,-747,44.5,33,N,INT,Leonard2014_Interplate,DS,L,6.75,6.8,7.02,7.33,7.43,15.4156,16.2647,15.9991,15.8377
efsm20_cf_top.479,"LINESTRING (42.313581 21.205705, 42.334787 21.257903, 42.355629 21.310384, 42.377701 21.361956, 42.399014 21.414127, 42.42002 21.466542, 42.438272 21.520833, 42.456451 21.575185, 42.476165 21.628562)",RSCF002,#01,KMCS002,60,62,65,50,60,70,-120,-105,-90,1,12,39.2,39.1,11.7,12.7,14.4,459,498,562,0.05,0.3,0.175,0.1225,0.0003,-553,45.5,33,N,INT,Leonard2014_Interplate,DS,W,6.12,6.17,6.39,6.7,6.8,14.8789,15.7457,15.4584,15.3035
efsm20_cf_top.480,"LINESTRING (42.746306 20.317193, 42.758899 20.371831, 42.76711 20.427926, 42.774775 20.484171, 42.784371 20.539872, 42.795339 20.595111, 42.806371 20.650335)",RSCF003,#01,KMCS003,73,77,80,45,52,60,-90,-75,-60,1,12,28,28,12.7,14,15.6,356,391,436,0.08,0.5,0.29,0.2,0.0005,-771,45,33,N,INT,Leonard2014_Interplate,DS,W,6.23,6.28,6.5,6.81,6.91,14.973,15.8569,15.5733,15.4119
efsm20_cf_top.481,"LINESTRING (42.403935 20.256556, 42.449814 20.265265, 42.495883 20.272127, 42.541968 20.278806, 42.587789 20.288256, 42.633336 20.299902, 42.678677 20.312966, 42.724464 20.322745)",RSCF004,#01,KMCS004,7,9,12,40,52,65,-160,-140,-120,1,12,36.1,36.1,12.1,14,17.1,438,504,617,0.1,0.5,0.3,0.2236,0.0004,-715,45,33,RL,INT,Leonard2014_Interplate,SS,W,6.32,6.37,6.59,6.9,7,15.1598,16.008,15.6977,15.57
efsm20_cf_top.482,"LINESTRING (42.652746 21.056782, 42.695671 21.023058, 42.738648 20.989395, 42.781047 20.954377, 42.823734 20.919993, 42.86489 20.882272)",RSCF005,#01,KMCS005,326,329,330,60,70,80,130,150,170,1,12,27.6,27.6,11.2,11.7,12.7,308,323,350,0.05,0.2,0.125,0.1,0.0001,-594,45,33,RL,INT,Leonard2014_Interplate,SS,W,6.12,6.17,6.39,6.7,6.8,14.7059,15.3638,15.1242,15.0273
efsm20_cf_top.483,"LINESTRING (42.444515 21.332392, 42.486221 21.307115, 42.526708 21.278441, 42.567533 21.250644, 42.609869 21.227362, 42.65139 21.2015)",RSCF006,#01,KMCS006,332,335,338,50,62,75,130,150,170,1,10,25.4,25.4,9.3,10.2,11.7,237,259,298,0.05,0.2,0.125,0.1,0.0003,-761,45.5,33,RL,INT,Leonard2014_Interplate,SS,W,5.97,6.02,6.24,6.55,6.65,14.5915,15.2943,15.0285,14.9316
efsm20_cf_top.484,"LINESTRING (42.479785 20.952623, 42.522027 20.922805, 42.567173 20.903191, 42.611082 20.878929, 42.654747 20.853851, 42.698752 20.82988, 42.742428 20.804804, 42.785689 20.778408)",RSCF007,#01,KMCS007,333,337,342,60,70,80,130,150,170,1,10,36.9,36.9,9.1,9.6,10.4,337,354,384,0.05,0.2,0.125,0.1,0.0004,-698,45.5,33,RL,INT,Leonard2014_Interplate,SS,W,5.91,5.96,6.18,6.49,6.59,14.7456,15.4035,15.164,15.067
efsm20_cf_top.485,"LINESTRING (35.202202 -3.456085, 35.165536 -3.491187, 35.128899 -3.52626, 35.092757 -3.56208, 35.056861 -3.598247, 35.021331 -3.634935, 34.985881 -3.671721, 34.950603 -3.708737, 34.917722 -3.748891, 34.88479 -3.788967, 34.85202 -3.829222, 34.82086 -3.871318, 34.78972 -3.913421, 34.758711 -3.95565, 34.72957 -3.99979, 34.70222 -4.045581, 34.675685 -4.09206, 34.649913 -4.139155)",MACF000,#01,MACS003,218,226,237,60,75,90,-20,0,20,1,18,88,87.5,17,17.6,19.6,1495,1548,1727,0.5,1,0.75,0.7071,0.0015,-906,26,33,LL,INT,Leonard2014_Interplate,SS,L,6.91,6.96,7.18,7.49,7.59,16.3922,16.7557,16.5833,16.5578
efsm20_cf_top.486,"LINESTRING (34.48874 -4.311036, 34.488997 -4.365383, 34.489253 -4.419731, 34.48951 -4.474079, 34.492347 -4.528319, 34.497244 -4.582346, 34.502141 -4.636376, 34.508207 -4.690235, 34.516706 -4.743613, 34.525205 -4.796996, 34.533705 -4.850385, 34.542572 -4.903689, 34.554379 -4.956154, 34.566188 -5.008625, 34.580273 -5.06027, 34.603825 -5.106558, 34.628595 -5.151912, 34.656104 -5.194886, 34.683619 -5.237869, 34.711294 -5.280713, 34.739384 -5.323171, 34.767479 -5.365638, 34.795581 -5.408113, 34.824893 -5.449372, 34.856635 -5.487887, 34.888383 -5.526409, 34.920137 -5.564939, 34.951897 -5.603476, 34.989481 -5.633224, 35.027593 -5.661965, 35.065711 -5.690709, 35.104667 -5.717736, 35.143627 -5.744767, 35.182741 -5.771478, 35.222308 -5.797185, 35.26188 -5.822895, 35.302741 -5.845388, 35.344085 -5.866521, 35.385433 -5.887655, 35.426868 -5.908541, 35.468306 -5.929429, 35.509748 -5.950318, 35.551168 -5.971197)",MACF001,#01,MACS004,271,309,339,30,42,55,70,90,110,1,18,209.2,191.9,20.8,25.4,34,4342,5315,7113,0.9,1.9,1.4,1.3077,0.0616,-311,29,33,R,INT,Leonard2014_Interplate,DS,W,6.88,6.93,7.15,7.46,7.56,17.1104,17.6493,17.3902,17.3605
efsm20_cf_top.487,"LINESTRING (35.371951 -2.428741, 35.335305 -2.461314, 35.299885 -2.495849, 35.268278 -2.535538, 35.236677 -2.575218, 35.205082 -2.614891, 35.173493 -2.654556, 35.14191 -2.694213, 35.110334 -2.733862, 35.078705 -2.773432, 35.046873 -2.812744, 35.015047 -2.852047, 34.983228 -2.891343, 34.951415 -2.930631, 34.919608 -2.969911, 34.887807 -3.009183, 34.857228 -3.049857, 34.827802 -3.091759, 34.798382 -3.133653, 34.768968 -3.175538, 34.73956 -3.217414, 34.710158 -3.259281, 34.680762 -3.30114, 34.651372 -3.342991, 34.62374 -3.386561, 34.596213 -3.430215, 34.568692 -3.47386, 34.541176 -3.517495, 34.513666 -3.561122, 34.485781 -3.604384, 34.457599 -3.647345, 34.429423 -3.690297, 34.401253 -3.733241, 34.373088 -3.776175, 34.34451 -3.818693, 34.31582 -3.861085, 34.287136 -3.903468, 34.258458 -3.945843, 34.232037 -3.9903, 34.214001 -4.040506, 34.195968 -4.090703, 34.177939 -4.140891, 34.159913 -4.19107, 34.144638 -4.242555, 34.133058 -4.29542, 34.121479 -4.348278, 34.109901 -4.40113, 34.098324 -4.453975, 34.087594 -4.507073, 34.0831 -4.561454, 34.078607 -4.615832, 34.074114 -4.670207, 34.069621 -4.724579, 34.065813 -4.779025, 34.062647 -4.83353, 34.059482 -4.888033, 34.056316 -4.942534, 34.053151 -4.997032, 34.050003 -5.05153, 34.047427 -5.106068, 34.04485 -5.160605, 34.042274 -5.215141, 34.039697 -5.269674, 34.037121 -5.324206, 34.034545 -5.378736, 34.03461 -5.433355, 34.038357 -5.487787, 34.042103 -5.542221, 34.04585 -5.596658, 34.049597 -5.651097, 34.052966 -5.705574, 34.055728 -5.760102, 34.058491 -5.814632, 34.061253 -5.869164, 34.063992 -5.923225)",MACF002,#01,MACS005,216,246,276,30,42,55,60,80,100,1,18,372.4,350.9,20.8,25.4,34,7728,9461,12661,0.9,1.9,1.4,1.3077,0.0429,-448,28.5,33,R,INT,Leonard2014_Interplate,DS,W,6.88,6.93,7.15,7.46,7.56,17.3608,17.8997,17.6406,17.611
efsm20_cf_top.488,"LINESTRING (31.88695 -4.828852, 31.865549 -4.875741, 31.844153 -4.922621, 31.82276 -4.969492, 31.801371 -5.016356, 31.779985 -5.063211, 31.757877 -5.109588, 31.734955 -5.155404, 31.712038 -5.201211, 31.689125 -5.24701, 31.666331 -5.292881, 31.646763 -5.340753, 31.627198 -5.388616, 31.607637 -5.436472, 31.58808 -5.48432, 31.568526 -5.532159, 31.548975 -5.57999, 31.529427 -5.627813, 31.509882 -5.675628, 31.491876 -5.724257, 31.474531 -5.773206, 31.457189 -5.822147, 31.43985 -5.87108, 31.422513 -5.920006, 31.405179 -5.968924, 31.387848 -6.017834, 31.370364 -6.066661, 31.35273 -6.115406, 31.335098 -6.164143, 31.31747 -6.212873, 31.299844 -6.261595, 31.28222 -6.310309, 31.265331 -6.359369, 31.248564 -6.408476, 31.231799 -6.457576, 31.215037 -6.506668, 31.198277 -6.555752, 31.18152 -6.60483, 31.164765 -6.6539, 31.148013 -6.702962, 31.131263 -6.752017, 31.114543 -6.801077, 31.097828 -6.85013, 31.081116 -6.899176, 31.064407 -6.948215, 31.0477 -6.997245, 31.030995 -7.046269, 31.014293 -7.095285, 30.999243 -7.145016, 30.984965 -7.195048, 30.970689 -7.245073, 30.956414 -7.295092, 30.942141 -7.345103, 30.92787 -7.395108, 30.913602 -7.445106, 30.899372 -7.495112, 30.885197 -7.545132, 30.871024 -7.595145, 30.856853 -7.645151, 30.842683 -7.69515, 30.828515 -7.745143, 30.815522 -7.79556, 30.80307 -7.846157, 30.79062 -7.896747, 30.778171 -7.947331, 30.765723 -7.997909, 30.753277 -8.048481, 30.740794 -8.099034, 30.728127 -8.149517, 30.715461 -8.199994, 30.702797 -8.250465, 30.690135 -8.30093, 30.679321 -8.351967, 30.669146 -8.403177, 30.658972 -8.454383, 30.648799 -8.505583, 30.638627 -8.556778, 30.628456 -8.607968, 30.618286 -8.659153, 30.607584 -8.710184, 30.596049 -8.760964, 30.584515 -8.811738, 30.572983 -8.862506, 30.561451 -8.913269, 30.550063 -8.964069, 30.539433 -9.015084, 30.528804 -9.066094, 30.518176 -9.117099, 30.507549 -9.168098, 30.496923 -9.219092, 30.486202 -9.270054, 30.47478 -9.320804, 30.46336 -9.371549, 30.45194 -9.422288, 30.440549 -9.473029, 30.429326 -9.523815, 30.418104 -9.574596, 30.406883 -9.625371, 30.39566 -9.676158)",MACF003,#01,MACS008,237,249,257,25,37,50,70,95,120,1,15,492.6,490.2,18.3,23.3,33.1,9002,11459,16318,0.1,1,0.55,0.3162,0.0039,-1158,36.5,33,R,INT,Leonard2014_Interplate,DS,W,6.78,6.83,7.05,7.36,7.46,16.4729,17.7312,17.318,17.0776
efsm20_cf_top.489,"LINESTRING (42.424773 18.827867, 42.448631 18.777127, 42.471962 18.725935, 42.492826 18.672802, 42.510377 18.617495, 42.532713 18.565443, 42.559688 18.517588)",MECF002,#01,MECS002,295,302,309,30,37,45,80,95,110,1,8,29.6,29.5,9.9,11.6,14,293,345,415,0.15,0.7,0.425,0.324,0.0023,-832,36.5,33,R,INT,Leonard2014_Interplate,DS,W,6.03,6.08,6.3,6.61,6.71,15.1618,15.9813,15.6841,15.5663
efsm20_cf_top.490,"LINESTRING (42.385896 19.430147, 42.401155 19.372528, 42.427793 19.323113, 42.462671 19.284213, 42.494532 19.240794, 42.520008 19.190194, 42.546423 19.140466, 42.575153 19.093141, 42.608861 19.052295, 42.639587 19.007294, 42.668714 18.960347, 42.706442 18.926554, 42.741495 18.88777)",MECF003,#01,MECS003,291,313,328,45,52,60,120,140,160,10,25,60.3,59.5,17.3,19,21.2,1044,1147,1279,0.1,0.4,0.25,0.2,0.0083,-413,40,33,RL,INT,Leonard2014_Interplate,SS,L,6.77,6.82,7.04,7.35,7.45,15.5372,16.2273,15.9762,15.8793
efsm20_cf_top.491,"LINESTRING (42.855927 18.923788, 42.882576 18.87515, 42.911045 18.828319, 42.943032 18.785908, 42.975239 18.743787, 43.002655 18.695725, 43.030078 18.64765, 43.057509 18.599561, 43.084526 18.551018, 43.111165 18.502062, 43.137411 18.452686, 43.16363 18.403262, 43.191369 18.355404, 43.220807 18.309472, 43.2526 18.266574, 43.285119 18.224692, 43.319096 18.185033, 43.353112 18.145413)",BACF00H,#01,MECS004,308,313,322,60,65,70,120,140,160,1,18,84.3,84,18.1,18.8,19.6,1524,1581,1654,0.1,0.4,0.25,0.2,0.0015,-1100,41,33,RL,INT,Leonard2014_Interplate,SS,L,6.92,6.97,7.19,7.5,7.6,15.7016,16.3391,16.1153,16.0184
efsm20_cf_top.492,"LINESTRING (42.786175 19.457342, 42.816698 19.40756, 42.847016 19.357127, 42.875103 19.30432, 42.903889 19.252193, 42.933038 19.200422, 42.964052 19.150689, 42.995075 19.100941, 43.035685 19.066395, 43.077228 19.033971)",MECF004,#01,MECS005,307,314,332,60,65,70,140,160,180,1,13,47.8,47.3,12.8,13.2,13.9,611,633,663,0.1,0.3,0.2,0.1732,0.0049,-1352,42,33,RL,INT,Leonard2014_Interplate,SS,W,6.26,6.31,6.53,6.84,6.94,15.3045,15.817,15.6212,15.5587
efsm20_cf_top.493,"LINESTRING (42.024069 19.489348, 42.044314 19.434887, 42.064529 19.380345, 42.084421 19.325569, 42.109587 19.274865, 42.138335 19.227729, 42.167354 19.180873, 42.197795 19.135667, 42.226031 19.087904, 42.250711 19.036653, 42.274821 18.98489, 42.298576 18.93281, 42.320616 18.879349, 42.344021 18.82694, 42.370117 18.776891)",MECF005,#01,MECS006,297,305,314,25,32,40,80,95,110,1,15,70.5,70.2,21.8,26.4,33.1,1535,1861,2334,0.15,0.7,0.425,0.324,0.0034,-383,36.5,33,R,INT,Leonard2014_Interplate,DS,W,6.92,6.97,7.19,7.5,7.6,15.8806,16.7317,16.4168,16.2989
efsm20_cf_top.494,"LINESTRING (42.670512 19.33582, 42.700009 19.287178, 42.729061 19.237949, 42.756168 19.186684, 42.789705 19.143014, 42.826121 19.103835, 42.867707 19.075786)",MECF006,#01,MECS008,307,317,335,40,50,60,130,145,160,1,12,30.9,30.5,12.7,14.4,17.1,393,444,530,0.1,0.4,0.25,0.2,0.0089,-1387,41.5,33,RL,INT,Leonard2014_Interplate,SS,W,6.35,6.4,6.62,6.93,7.03,15.113,15.8445,15.5642,15.4673
efsm20_cf_top.495,"LINESTRING (43.181486 19.330941, 43.216568 19.290258, 43.251543 19.249391, 43.284806 19.20589, 43.318078 19.162378, 43.351287 19.118751, 43.383382 19.073552, 43.413309 19.025596, 43.440895 18.975025, 43.466553 18.922542, 43.493748 18.871528, 43.521636 18.821206)",MECF007,#01,MECS009,305,314,321,40,50,60,140,160,180,1,13,56.2,55.9,13.9,15.7,18.7,778,880,1049,0.1,0.3,0.2,0.1732,0.0028,-1085,40.5,33,RL,INT,Leonard2014_Interplate,SS,W,6.44,6.49,6.71,7.02,7.12,15.4098,16.0164,15.7641,15.7016
efsm20_cf_top.496,"LINESTRING (42.427261 19.214781, 42.456204 19.170022, 42.480663 19.120607, 42.503333 19.069628, 42.522535 19.016076, 42.537511 18.960082, 42.553795 18.904751, 42.574202 18.851984, 42.596145 18.800346, 42.619983 18.750265, 42.639852 18.697063, 42.658906 18.643298, 42.677535 18.589241)",MECF008,#01,MECS010,291,300,312,35,42,50,100,120,140,1,15,58.6,58.3,18.3,20.9,24.4,1071,1226,1430,0.1,0.6,0.35,0.2449,0.0034,-669,38.5,33,R,INT,Leonard2014_Interplate,DS,W,6.66,6.71,6.93,7.24,7.34,15.5481,16.4519,16.1509,15.9958
efsm20_cf_top.497,"LINESTRING (42.561486 20.032291, 42.598315 19.98671, 42.634162 19.939633, 42.667633 19.889405, 42.700211 19.838075, 42.732509 19.786393)",MECF009,#01,MECS011,311,314,318,60,65,70,140,160,180,1,13,27.7,27.7,12.8,13.2,13.9,354,367,384,0.1,0.3,0.2,0.1732,0.0005,-1371,44,33,RL,INT,Leonard2014_Interplate,SS,W,6.26,6.31,6.53,6.84,6.94,15.0674,15.58,15.3841,15.3217
efsm20_cf_top.498,"LINESTRING (43.169189 19.522678, 43.20371 19.480698, 43.239344 19.440608, 43.278401 19.407034, 43.312771 19.364865, 43.34223 19.316158, 43.372073 19.267872)",MECF00A,#01,MECS012,311,319,329,40,50,60,140,160,180,1,13,30.7,30.6,13.9,15.7,18.7,426,482,574,0.1,0.3,0.2,0.1732,0.0037,-1025,41.5,33,RL,INT,Leonard2014_Interplate,SS,L,6.4,6.45,6.67,6.98,7.08,15.148,15.7546,15.5023,15.4398
efsm20_cf_top.499,"LINESTRING (42.862019 19.78271, 42.884428 19.731407, 42.906866 19.680039, 42.93006 19.62928, 42.953982 19.579136, 42.975996 19.527369, 42.996732 19.474607, 43.01812 19.422316, 43.044332 19.374287, 43.069428 19.325134, 43.098542 19.280305, 43.130433 19.23915, 43.166517 19.20509, 43.203319 19.172482)",MECF00B,#01,MECS013,299,308,328,60,65,70,140,160,180,1,13,63.3,62.5,12.8,13.2,13.9,809,839,878,0.1,0.3,0.2,0.1732,0.0059,-1356,42.5,33,RL,INT,Leonard2014_Interplate,SS,W,6.26,6.31,6.53,6.84,6.94,15.4263,15.9389,15.7431,15.6806
efsm20_cf_top.500,"LINESTRING (42.758679 18.838934, 42.784786 18.791498, 42.810172 18.743324, 42.835438 18.695014, 42.860791 18.646769, 42.885825 18.598194, 42.91092 18.549659, 42.935219 18.500354, 42.955554 18.44779)",MECF00C,#01,MECS014,300,306,308,50,55,60,100,120,140,1,12,38.7,38.7,12.7,13.4,14.4,492,520,556,0.1,0.4,0.25,0.2,0.0006,-975,40,33,R,INT,Leonard2014_Interplate,DS,W,6.18,6.23,6.45,6.76,6.86,15.2102,15.8656,15.6323,15.5354
efsm20_cf_top.501,"LINESTRING (41.590166 20.52381, 41.544449 20.545279, 41.497545 20.561285, 41.450643 20.577287, 41.404003 20.594591, 41.357438 20.612243, 41.311454 20.632403)",MKCF000,#01,MKCS001,161,164,166,40,45,50,-130,-115,-100,1,12,32.3,32.3,14.4,15.6,17.1,464,503,553,0.1,0.6,0.35,0.2449,0.0004,-1041,42,33,N,INT,Leonard2014_Interplate,DS,W,6.34,6.39,6.61,6.92,7.02,15.1849,16.0392,15.7637,15.6087
efsm20_cf_top.502,"LINESTRING (40.895573 20.651312, 40.943011 20.641041, 40.991056 20.639003, 41.039044 20.6353, 41.087064 20.632413, 41.135073 20.62921, 41.183143 20.62907, 41.231094 20.630951)",ALCF00T,#01,MKCS002,351,358,2,30,37,45,-110,-95,-80,1,6,37.4,37.3,7.1,8.3,10,264,311,374,0.15,0.3,0.225,0.2121,0.0012,-894,41,33,N,INT,Leonard2014_Interplate,DS,W,5.7,5.71,5.93,6.24,6.34,15.117,15.5686,15.3631,15.3375
efsm20_cf_top.503,"LINESTRING (41.30906 20.788907, 41.264142 20.790164, 41.219243 20.792318, 41.174459 20.797072, 41.129714 20.802447, 41.085136 20.80988, 41.040213 20.809003, 40.995287 20.808523, 40.950731 20.800892, 40.905803 20.801006, 40.860921 20.798363, 40.816046 20.801067)",MKCF001,#01,MKCS003,173,179,187,40,50,60,-100,-85,-70,1,15,55,54.8,16.2,18.3,21.8,888,1004,1197,0.15,0.3,0.225,0.2121,0.0014,-1029,41,33,N,INT,Leonard2014_Interplate,DS,W,6.52,6.57,6.79,7.1,7.2,15.6432,16.0737,15.8726,15.8469
efsm20_cf_top.504,"LINESTRING (41.139727 21.025447, 41.096351 21.041268, 41.05274 21.055895, 41.00957 21.072653, 40.967402 21.093403, 40.923718 21.107613, 40.880221 21.122786, 40.83633 21.135805, 40.792286 21.147884, 40.748244 21.159962)",MKCF002,#01,MKCS004,160,165,168,40,50,60,-100,-85,-70,1,12,45,45,12.7,14.4,17.1,572,646,770,0.15,0.3,0.225,0.2121,0.0006,-1090,40.5,33,N,INT,Leonard2014_Interplate,DS,W,6.26,6.31,6.53,6.84,6.94,15.4518,15.8823,15.6812,15.6556
efsm20_cf_top.505,"LINESTRING (40.984817 21.38986, 41.003322 21.338453, 41.020799 21.286403, 41.036091 21.233146, 41.049057 21.178804, 41.059872 21.123631, 41.068306 21.067718)",MKCF003,#01,MKCS005,281,289,295,50,60,70,-80,-65,-50,1,15,28.7,28.6,14.9,16.2,18.3,427,464,524,0.1,0.3,0.2,0.1732,0.0019,-994,40.5,33,N,INT,Leonard2014_Interplate,DS,W,6.38,6.43,6.65,6.96,7.06,15.1492,15.7151,15.4857,15.4232
efsm20_cf_top.506,"LINESTRING (41.501913 20.551345, 41.535123 20.58982, 41.57054 20.624624, 41.607505 20.656442, 41.641894 20.693081, 41.674472 20.732593, 41.706931 20.772298, 41.739397 20.812013, 41.771871 20.851736, 41.804364 20.891482)",MKCF004,#01,MKCS006,33,40,43,50,60,70,-170,-155,-140,1,25,44,43.9,25.5,27.7,31.3,1124,1219,1378,0.1,0.5,0.3,0.2236,0.0008,-1190,42.5,33,RL,INT,Leonard2014_Interplate,SS,L,6.81,6.86,7.08,7.39,7.49,15.5692,16.3569,16.0817,15.9541
efsm20_cf_top.507,"LINESTRING (41.484931 20.828139, 41.483798 20.889677, 41.482219 20.951198, 41.478368 21.012537, 41.476202 21.074019, 41.482611 21.134975, 41.496107 21.193644)",MKCF005,#01,MKCS007,73,88,95,50,60,70,-130,-115,-100,1,10,30.8,30.5,9.6,10.4,11.7,295,320,361,0.1,0.4,0.25,0.2,0.0046,-960,42,33,N,INT,Leonard2014_Interplate,DS,W,5.91,5.96,6.18,6.49,6.59,14.9876,15.6784,15.421,15.3241
efsm20_cf_top.508,"LINESTRING (41.15418 21.386598, 41.195562 21.361668, 41.237918 21.339799, 41.281403 21.32226, 41.324601 21.303495, 41.368184 21.286375, 41.411632 21.268636, 41.454538 21.248683, 41.496864 21.226625, 41.538143 21.201259, 41.579244 21.175366)",MKCF006,#01,MKCS008,335,339,343,60,67,75,-60,-45,-30,1,12,50.5,50.4,11.4,11.9,12.7,575,604,642,0.1,0.3,0.2,0.1732,0.0006,-814,41.5,33,N,INT,Leonard2014_Interplate,DS,W,6.06,6.11,6.33,6.64,6.74,15.2785,15.803,15.6004,15.5379
efsm20_cf_top.509,"LINESTRING (41.796801 20.867907, 41.840334 20.876316, 41.88292 20.890958, 41.924604 20.909714, 41.96499 20.933059, 42.003241 20.962205, 42.036707 21.000574, 42.071621 21.036548, 42.103679 21.077081, 42.132096 21.122298, 42.152097 21.175095)",MKCF007,#01,MKCS009,8,33,63,30,37,45,-130,-115,-100,1,13,48.9,47,17,19.9,24,830,975,1173,0.1,0.3,0.2,0.1732,0.0314,-809,44,33,N,INT,Leonard2014_Interplate,DS,W,6.61,6.66,6.88,7.19,7.29,15.4374,16.065,15.8084,15.7459
efsm20_cf_top.510,"LINESTRING (41.870074 21.703735, 41.892247 21.646951, 41.912415 21.588812, 41.932813 21.530802, 41.957314 21.475713, 41.977535 21.417549, 41.99155 21.356153, 42.007319 21.295519, 42.024732 21.235634)",MKCF008,#01,MKCS010,287,294,301,65,70,75,-70,-55,-40,1,15,42.5,42.4,14.5,14.9,15.4,616,633,656,0.1,0.3,0.2,0.1732,0.0009,-395,44.5,33,N,INT,Leonard2014_Interplate,DS,W,6.3,6.35,6.57,6.88,6.98,15.3078,15.8126,15.6208,15.5583
efsm20_cf_top.511,"LINESTRING (42.15283 22.003419, 42.159753 22.065215, 42.165817 22.127182, 42.170559 22.189365, 42.17987 22.250606, 42.192924 22.310601, 42.207866 22.369801, 42.224475 22.428203, 42.241518 22.48639, 42.256918 22.545421, 42.270486 22.605283, 42.284236 22.665081, 42.298258 22.724776, 42.310331 22.785258, 42.3199 22.846565, 42.328134 22.90817)",BGCF019,#01,MKCS012,67,74,83,50,60,70,-120,-105,-90,1,15,77.3,77,14.9,16.2,18.3,1151,1249,1412,0.05,0.5,0.275,0.1581,0.0018,-822,46,33,N,INT,Leonard2014_Interplate,DS,W,6.38,6.43,6.65,6.96,7.06,15.2786,16.3674,16.0545,15.8141
efsm20_cf_top.512,"LINESTRING (41.401003 23.281249, 41.387943 23.224042, 41.375629 23.166546, 41.368662 23.107488, 41.364604 23.047956, 41.36418 22.988184, 41.368846 22.92873, 41.371574 22.869061, 41.375709 22.809532, 41.381576 22.750258)",BGCF01A,#01,MKCS013,252,266,276,40,47,55,-90,-75,-60,1,10,44.9,44.3,11,12.3,14,493,552,629,0.1,0.5,0.3,0.2236,0.0083,-561,46,33,N,INT,Leonard2014_Interplate,DS,W,6.09,6.14,6.36,6.67,6.77,15.2116,16.0159,15.738,15.6103
efsm20_cf_top.513,"LINESTRING (41.376584 22.390116, 41.355762 22.441256, 41.33899 22.494959, 41.323782 22.549469, 41.312362 22.605585, 41.30408 22.662661, 41.296718 22.719929)",MKCF009,#01,MKCS014,99,107,118,35,45,55,-70,-60,-50,1,11,29.1,28.9,12.2,14.1,17.4,356,412,508,0.1,0.5,0.3,0.2236,0.0048,-323,46,33,N,INT,Leonard2014_Interplate,DS,W,6.24,6.29,6.51,6.82,6.92,15.0695,15.9232,15.6105,15.4828
efsm20_cf_top.514,"LINESTRING (42.119893 21.620701, 42.163846 21.638812, 42.207543 21.658027, 42.252779 21.668981, 42.298459 21.675799, 42.342342 21.69426, 42.38699 21.708443)",RSCF008,#01,MKCS015,6,13,18,35,42,50,-160,-145,-130,1,12,30.7,30.6,14.4,16.4,19.2,440,504,588,0.05,0.3,0.175,0.1225,0.0021,-508,45.5,33,RL,INT,Leonard2014_Interplate,SS,L,6.42,6.47,6.69,7,7.1,14.8611,15.7649,15.4639,15.309
efsm20_cf_top.515,"LINESTRING (41.377297 22.738884, 41.398231 22.692171, 41.422449 22.648394, 41.447326 22.605262, 41.476417 22.567092)",MKCF00A,#01,MKCS016,300,306,314,40,50,60,-50,-40,-30,1,12,18.1,18.1,12.7,14.4,17.1,231,261,311,0.1,0.5,0.3,0.2236,0.0027,-489,46.5,33,LL,INT,Leonard2014_Interplate,SS,L,6.13,6.18,6.4,6.71,6.81,14.8812,15.7097,15.4116,15.284
efsm20_cf_top.516,"LINESTRING (41.388158 22.573957, 41.41944 22.52622, 41.452685 22.481253, 41.481907 22.431537, 41.504903 22.376281, 41.532881 22.325265, 41.565993 22.280044, 41.599136 22.234841, 41.633562 22.191363, 41.665603 22.144713, 41.695663 22.095735)",MKCF00B,#01,MKCS017,298,310,316,60,65,70,-60,-45,-30,1,10,52.7,52.5,9.6,9.9,10.4,504,523,547,0.1,0.5,0.3,0.2236,0.0016,-526,46.5,33,N,INT,Leonard2014_Interplate,DS,W,5.86,5.91,6.13,6.44,6.54,15.2213,15.9558,15.7142,15.5865
efsm20_cf_top.517,"LINESTRING (41.496383 22.632, 41.523432 22.587748, 41.550189 22.543383, 41.570195 22.493048, 41.591544 22.443692, 41.613034 22.394431, 41.632583 22.343729)",MKCF00C,#01,MKCS018,296,301,308,50,55,60,-50,-40,-30,1,10,28.5,28.4,10.4,11,11.7,296,313,334,0.1,0.5,0.3,0.2236,0.0021,-447,47,33,LL,INT,Leonard2014_Interplate,SS,W,6.06,6.11,6.33,6.64,6.74,14.9896,15.7418,15.4909,15.3632
efsm20_cf_top.518,"LINESTRING (41.696524 22.084363, 41.716414 22.026633, 41.73407 21.967596, 41.75291 21.909205, 41.771569 21.850691, 41.793849 21.794481, 41.820577 21.741855, 41.857246 21.700698)",MKCF00D,#01,MKCS019,291,299,320,60,65,70,-70,-55,-40,1,12,37,36.5,11.7,12.1,12.7,433,449,470,0.1,0.3,0.2,0.1732,0.0056,-352,45.5,33,N,INT,Leonard2014_Interplate,DS,W,6.07,6.12,6.34,6.65,6.75,15.1549,15.6675,15.4717,15.4092
efsm20_cf_top.519,"LINESTRING (42.444381 21.66628, 42.472311 21.716883, 42.498878 21.768839, 42.524146 21.821996, 42.549906 21.874737, 42.569149 21.932394, 42.596567 21.983613, 42.63356 22.022175, 42.671497 22.059027, 42.709827 22.095966)",RSCF009,#01,RSCS001,35,49,65,50,60,70,-120,-105,-90,1,12,46.7,45.9,11.7,12.7,14.4,547,593,671,0.05,0.3,0.175,0.1225,0.0083,-561,45.5,33,N,INT,Leonard2014_Interplate,DS,W,6.12,6.17,6.39,6.7,6.8,14.9552,15.8221,15.5347,15.3798
efsm20_cf_top.520,"LINESTRING (43.540936 22.215708, 43.564685 22.162892, 43.58844 22.11006, 43.611637 22.056736, 43.634503 22.003123, 43.657596 21.949673, 43.682611 21.897882, 43.707634 21.846076, 43.731719 21.793405, 43.754705 21.739782, 43.778685 21.686977, 43.803985 21.635346, 43.834583 21.589527, 43.86777 21.547275)",RSCF00A,#01,RSCS002,300,303,317,60,70,80,-30,-12.5,5,1,15,65.1,64.9,14.2,14.9,16.2,926,970,1053,0.05,0.2,0.125,0.1,0.0013,-521,37,33,LL,INT,Leonard2014_Interplate,SS,W,6.39,6.44,6.66,6.97,7.07,15.184,15.8418,15.6023,15.5054
efsm20_cf_top.533,"LINESTRING (42.995731 22.674803, 43.012823 22.617141, 43.033748 22.561944, 43.052956 22.50557, 43.077019 22.452781, 43.096475 22.396529, 43.118675 22.342197, 43.135563 22.284372, 43.154784 22.227914, 43.171657 22.170047, 43.18742 22.111579, 43.202848 22.052928, 43.214161 21.992525, 43.228952 21.933539, 43.242984 21.874191, 43.256263 21.814504)",RSCF00N,#01,RSCS016,284,292,301,50,60,70,-90,-75,-60,1,15,75.8,75.6,14.9,16.2,18.3,1130,1226,1386,0.1,0.2,0.15,0.1414,0.0015,-693,41,33,N,INT,Leonard2014_Interplate,DS,W,6.38,6.43,6.65,6.96,7.06,15.5715,15.9612,15.783,15.7574
efsm20_cf_top.521,"LINESTRING (43.54152 21.665014, 43.544913 21.601156, 43.548306 21.537295, 43.551699 21.47343, 43.555092 21.409562, 43.559849 21.345854, 43.568473 21.282919, 43.577099 21.219975, 43.585726 21.157022, 43.594354 21.09406, 43.602983 21.03109, 43.611613 20.968111, 43.620789 20.905271, 43.630708 20.842636, 43.639927 20.779788, 43.648836 20.716843, 43.657749 20.65389, 43.666669 20.590929, 43.675585 20.527998)",RSCF00B,#01,RSCS003,274,279,282,60,70,80,-10,5,20,1,15,92.9,92.7,14.2,14.9,16.2,1321,1384,1502,0.05,0.2,0.125,0.1,0.0005,-294,38.5,33,LL,INT,Leonard2014_Interplate,SS,W,6.39,6.44,6.66,6.97,7.07,15.3382,15.9961,15.7565,15.6596
efsm20_cf_top.522,"LINESTRING (43.138411 19.792502, 43.183276 19.77048, 43.225867 19.741156, 43.268054 19.710733, 43.310132 19.68, 43.34739 19.639157, 43.383529 19.596431, 43.41717 19.549978, 43.447245 19.499076, 43.477307 19.448196)",RSCF00C,#01,RSCS004,310,324,341,60,70,80,130,150,170,1,15,47.7,46.9,14.2,14.9,16.2,678,710,771,0.05,0.3,0.175,0.1225,0.0059,-893,41,33,RL,INT,Leonard2014_Interplate,SS,W,6.39,6.44,6.66,6.97,7.07,15.0486,15.8826,15.6131,15.4582
efsm20_cf_top.523,"LINESTRING (43.477307 20.053198, 43.48435 19.994489, 43.491394 19.935774, 43.498365 19.877035, 43.504982 19.818211, 43.511599 19.759381, 43.516962 19.700302, 43.519499 19.640862, 43.522814 19.58148)",RSCF00D,#01,RSCS005,274,278,280,60,70,80,-10,5,20,1,15,38.4,38.4,14.2,14.9,16.2,546,572,621,0.1,0.3,0.2,0.1732,0.0002,-1001,39.5,33,LL,INT,Leonard2014_Interplate,SS,W,6.39,6.44,6.66,6.97,7.07,15.2557,15.7887,15.5771,15.5147
efsm20_cf_top.524,"LINESTRING (42.970112 23.193437, 42.990547 23.137604, 43.010988 23.081757, 43.031434 23.025895, 43.051858 22.969999, 43.069631 22.912412, 43.087408 22.854812, 43.10519 22.797197, 43.122249 22.739158, 43.138291 22.680563, 43.154336 22.621954, 43.175759 22.566648, 43.197539 22.511589, 43.216172 22.454377, 43.232381 22.395778, 43.247725 22.336726, 43.262181 22.277239, 43.276195 22.217538, 43.289483 22.157511, 43.301488 22.096965, 43.308566 22.034959, 43.318147 21.973583, 43.335251 21.915365, 43.35231 21.857301)",RSCF00E,#01,RSCS006,278,290,297,60,70,80,-50,-35,-20,1,18,116.8,116.4,17.3,18.1,19.6,2016,2113,2293,0.05,0.2,0.125,0.1,0.0011,-620,40,33,LL,INT,Leonard2014_Interplate,SS,L,7.04,7.09,7.31,7.62,7.72,15.522,16.1799,15.9403,15.8434
efsm20_cf_top.525,"LINESTRING (43.188123 21.757734, 43.192641 21.697467, 43.19716 21.637196, 43.201679 21.57692, 43.206198 21.51664, 43.210718 21.456355, 43.215706 21.396137, 43.222189 21.336182, 43.228672 21.276221, 43.23509 21.216239, 43.240873 21.15613, 43.246657 21.096016, 43.252441 21.035896, 43.25902 20.975924, 43.266196 20.916075, 43.273441 20.856235, 43.282093 20.796728)",RSCF00F,#01,RSCS007,275,277,281,50,60,70,-30,-20,-10,1,15,78.6,78.5,14.9,16.2,18.3,1171,1270,1436,0.05,0.2,0.125,0.1,0.0002,-669,42.5,33,LL,INT,Leonard2014_Interplate,SS,W,6.48,6.53,6.75,7.06,7.16,15.286,15.9768,15.7194,15.6225
efsm20_cf_top.526,"LINESTRING (42.991014 22.231813, 42.968522 22.179695, 42.945009 22.128503, 42.918994 22.079641, 42.892986 22.030793, 42.871493 21.978032, 42.855178 21.921941, 42.838978 21.865803, 42.821999 21.81011, 42.808463 21.752703)",RSCF00G,#01,RSCS009,233,242,252,50,60,70,-120,-105,-90,1,12,44.3,44,11.7,12.7,14.4,518,562,636,0.05,0.2,0.125,0.1,0.0032,-506,44,33,N,INT,Leonard2014_Interplate,DS,W,6.12,6.17,6.39,6.7,6.8,14.932,15.6228,15.3654,15.2685
efsm20_cf_top.527,"LINESTRING (43.719537 20.812946, 43.7257 20.753013, 43.731864 20.693074, 43.738029 20.633129, 43.742461 20.572886, 43.746081 20.512536, 43.749701 20.452182, 43.752668 20.391756, 43.75559 20.331323, 43.758512 20.270887, 43.761056 20.210416, 43.76301 20.149901, 43.764964 20.089384, 43.766919 20.028865, 43.768873 19.968346)",RSCF00H,#01,RSCS010,273,275,278,60,70,80,-10,5,20,1,15,68.1,68.1,14.2,14.9,16.2,968,1015,1101,0.05,0.2,0.125,0.1,0.0002,-397,37,33,LL,INT,Leonard2014_Interplate,SS,W,6.39,6.44,6.66,6.97,7.07,15.2034,15.8613,15.6217,15.5248
efsm20_cf_top.528,"LINESTRING (43.799801 21.342156, 43.808337 21.279937, 43.816875 21.21771, 43.825414 21.155474, 43.833954 21.093229, 43.843412 21.03123, 43.853216 20.969326, 43.863021 20.907413, 43.871077 20.845005, 43.878232 20.782377, 43.885389 20.719743, 43.892546 20.657101, 43.899703 20.594452, 43.904173 20.53132, 43.908027 20.468105, 43.911882 20.404885, 43.915864 20.341675, 43.91987 20.278464, 43.923482 20.215205, 43.926573 20.151889, 43.929665 20.088558)",RSCF00I,#01,RSCS011,274,278,282,60,70,80,-10,5,20,1,15,101.7,101.5,14.2,14.9,16.2,1445,1514,1643,0.05,0.1,0.075,0.0707,0.0004,-399,36,33,LL,INT,Leonard2014_Interplate,SS,W,6.39,6.44,6.66,6.97,7.07,15.3774,15.7342,15.5738,15.5482
efsm20_cf_top.529,"LINESTRING (44.323551 20.601056, 44.332361 20.538131, 44.341172 20.475198, 44.349616 20.412158, 44.356569 20.348755, 44.363523 20.285345, 44.37034 20.221898, 44.376056 20.158231, 44.381773 20.094558, 44.387094 20.030812, 44.39235 19.967051, 44.397606 19.903283)",RSCF00J,#01,RSCS012,277,279,281,60,70,80,-10,5,20,1,15,56.1,56.1,14.2,14.9,16.2,798,836,907,0.05,0.1,0.075,0.0707,0.0001,-214,31.5,33,LL,INT,Leonard2014_Interplate,SS,W,6.39,6.44,6.66,6.97,7.07,15.1192,15.4761,15.3157,15.29
efsm20_cf_top.530,"LINESTRING (44.209786 20.617492, 44.217382 20.555631, 44.224978 20.493762, 44.231757 20.431701, 44.234647 20.369047, 44.237538 20.30639, 44.239453 20.243658, 44.24065 20.18089, 44.241847 20.118121, 44.244781 20.055461, 44.251214 19.993307, 44.26055 19.931865, 44.269888 19.870412)",RSCF00K,#01,RSCS013,272,277,283,60,70,80,-10,5,20,1,15,60,59.9,14.2,14.9,16.2,853,894,970,0.05,0.1,0.075,0.0707,0.0008,-281,32.5,33,LL,INT,Leonard2014_Interplate,SS,W,6.39,6.44,6.66,6.97,7.07,15.1486,15.5054,15.3451,15.3194
efsm20_cf_top.531,"LINESTRING (44.272035 21.351124, 44.279203 21.290749, 44.286372 21.230367, 44.293562 21.169982, 44.304158 21.110573, 44.314757 21.051154, 44.325357 20.991725, 44.335531 20.932143, 44.344479 20.872167, 44.353427 20.812182, 44.362392 20.752192, 44.371997 20.692388, 44.381604 20.632575, 44.391213 20.572752, 44.400826 20.512898)",RSCF00L,#01,RSCS014,279,282,284,60,70,80,-10,5,20,1,15,68.2,68.2,14.2,14.9,16.2,970,1016,1103,0.05,0.1,0.075,0.0707,0.0001,-161,34.5,33,LL,INT,Leonard2014_Interplate,SS,W,6.39,6.44,6.66,6.97,7.07,15.2041,15.561,15.4006,15.375
efsm20_cf_top.532,"LINESTRING (43.987621 21.364568, 44.002845 21.302723, 44.018072 21.240864, 44.033303 21.178991, 44.048537 21.117104, 44.062993 21.054841, 44.077117 20.992417, 44.091245 20.92998, 44.105916 20.86777, 44.124573 20.807649, 44.143243 20.747484)",RSCF00M,#01,RSCS015,287,289,294,60,70,80,-10,5,20,1,15,52.3,52.3,14.2,14.9,16.2,743,779,845,0.05,0.1,0.075,0.0707,0.0002,-235,35,33,LL,INT,Leonard2014_Interplate,SS,W,6.39,6.44,6.66,6.97,7.07,15.0887,15.4455,15.2851,15.2595
efsm20_cf_top.534,"LINESTRING (34.284983 10.249693, 34.258142 10.205584, 34.231237 10.16137, 34.204338 10.117165, 34.177444 10.072969, 34.150555 10.028783, 34.134084 9.977686, 34.12204 9.924826, 34.109997 9.871973, 34.097956 9.819127, 34.085916 9.766288, 34.073878 9.713456, 34.064732 9.659792, 34.060344 9.605265, 34.055956 9.550741, 34.051569 9.49622, 34.047182 9.441702, 34.042795 9.387186, 34.038409 9.332673, 34.034022 9.278163, 34.029636 9.223656, 34.028069 9.168925, 34.026895 9.114183, 34.025722 9.059441, 34.024549 9.0047, 34.023375 8.94996, 34.022202 8.895221, 34.022154 8.840462, 34.024134 8.785756, 34.026114 8.731049, 34.028095 8.676341, 34.030075 8.621631, 34.032055 8.56692, 34.033949 8.512203, 34.035438 8.457466, 34.036927 8.402728, 34.038416 8.347989, 34.039906 8.293249, 34.041636 8.238519, 34.054594 8.186025, 34.067554 8.133523, 34.080516 8.081014, 34.093479 8.028497, 34.106029 7.975825, 34.118388 7.92308, 34.130748 7.870328, 34.14311 7.817569, 34.155473 7.764803, 34.167839 7.71203, 34.180206 7.659249, 34.192574 7.606462, 34.204944 7.553667)",TNCF002,#01,TNCS001,233,268,287,20,30,40,80,95,110,1,10,257.4,248,14,18,26.3,3603,4632,6772,0.1,1,0.55,0.3162,0.0316,-53,33.5,33,R,INT,Leonard2014_Interplate,DS,W,6.5,6.55,6.77,7.08,7.18,16.0752,17.3492,16.9247,16.6843
efsm20_cf_top.535,"LINESTRING (35.809035 10.067243, 35.768468 10.041576, 35.72759 10.016684, 35.68634 9.992752, 35.645094 9.968822, 35.603852 9.944895, 35.562614 9.920969, 35.521464 9.89683, 35.480318 9.872694, 35.439176 9.84856, 35.398037 9.824429, 35.356906 9.800292, 35.316075 9.775412, 35.275249 9.750533, 35.234426 9.725658, 35.193608 9.700784, 35.152794 9.675914, 35.112694 9.649373, 35.073594 9.620699, 35.034499 9.592028, 34.995409 9.56336, 34.956333 9.534703)",TNCF003,#01,TNCS002,205,207,211,20,30,40,80,95,110,1,10,106.5,106.4,14,18,26.3,1491,1917,2802,0.1,1,0.55,0.3162,0.0006,-219,31.5,33,R,INT,Leonard2014_Interplate,DS,W,6.5,6.55,6.77,7.08,7.18,15.6919,16.9659,16.5414,16.301
efsm20_cf_top.536,"LINESTRING (37.53823 11.015507, 37.50969 10.971899, 37.481129 10.928259, 37.452574 10.884628, 37.424025 10.841008, 37.395483 10.797398, 37.366948 10.753797, 37.338419 10.710206, 37.309896 10.666625, 37.280017 10.624521, 37.249564 10.583088, 37.219118 10.541665, 37.188679 10.500251, 37.158247 10.458845, 37.127821 10.417449, 37.097402 10.376061, 37.066989 10.334683, 37.036583 10.293314, 37.006184 10.251953, 36.975791 10.210602, 36.945405 10.16926, 36.915025 10.127927, 36.884652 10.086602, 36.854285 10.045286, 36.823972 10.003926, 36.794189 9.961985, 36.764413 9.920052, 36.734643 9.878129, 36.70488 9.836215, 36.675123 9.79431, 36.645372 9.752415, 36.615628 9.710528, 36.58589 9.66865, 36.556159 9.626781, 36.526434 9.584921, 36.497597 9.542124, 36.471811 9.496428, 36.446031 9.450743, 36.420257 9.405067, 36.394488 9.359401, 36.368725 9.313746, 36.342968 9.268101, 36.317217 9.222466, 36.291471 9.176841, 36.265731 9.131226, 36.239996 9.085621, 36.218749 9.036607, 36.197915 8.987335, 36.177085 8.938073, 36.15626 8.888821, 36.135439 8.839579, 36.114622 8.790348, 36.09381 8.741127, 36.073002 8.691917, 36.052199 8.642717, 36.0314 8.593527, 36.010605 8.544347, 35.99012 8.494981, 35.973342 8.443533, 35.956567 8.392095, 35.939794 8.340666, 35.923025 8.289246, 35.906259 8.237835, 35.889495 8.186434, 35.872735 8.135042, 35.855978 8.08366, 35.839224 8.032287, 35.823539 7.980416, 35.810517 7.927444, 35.797498 7.874479, 35.78448 7.821523, 35.771465 7.768575, 35.758451 7.715634, 35.74544 7.662701, 35.732431 7.609776, 35.719423 7.556859, 35.706417 7.50395, 35.693413 7.451049, 35.680411 7.398156, 35.668862 7.344762, 35.65805 7.291142, 35.64724 7.237529, 35.636431 7.183922, 35.625623 7.130322, 35.614817 7.076729, 35.604012 7.023143, 35.593208 6.969564, 35.582406 6.915991, 35.571605 6.862426, 35.560806 6.808867, 35.550008 6.755315, 35.541147 6.701237, 35.534818 6.646628, 35.528489 6.592023, 35.522161 6.537423, 35.515833 6.482827, 35.509506 6.428235, 35.503179 6.373648, 35.496853 6.319064, 35.49306 6.264131, 35.491533 6.209034, 35.490007 6.153938, 35.48848 6.098843, 35.486953 6.043749, 35.485426 5.988656, 35.483899 5.933564, 35.482372 5.878473, 35.481424 5.823364, 35.480736 5.76825, 35.480047 5.713136, 35.479358 5.658023, 35.47867 5.60291, 35.477981 5.547797, 35.477293 5.492685, 35.476604 5.437573, 35.476355 5.382457, 35.476447 5.327339, 35.476539 5.272221, 35.476631 5.217103, 35.477167 5.16199, 35.484075 5.107526, 35.490984 5.053058, 35.497894 4.998585, 35.504805 4.944108, 35.511716 4.889626, 35.518627 4.83514, 35.525539 4.780649, 35.532452 4.726153, 35.541403 4.672103, 35.551256 4.618284, 35.561111 4.564459, 35.570967 4.510627, 35.580857 4.456798, 35.591944 4.403316, 35.603032 4.349827, 35.614121 4.296331, 35.625212 4.242828, 35.636304 4.189318, 35.647397 4.135801)",DZCF00F,#01,TNCS003,226,252,287,30,42,55,70,87.5,105,1,18,688.8,649,20.8,25.4,34,14294,17498,23418,0.26,1.87,1.065,0.6973,0.0429,-504,31.5,33,R,INT,Leonard2014_Interplate,DS,W,6.88,6.93,7.15,7.46,7.56,17.0886,18.1599,17.7889,17.6049
efsm20_cf_top.537,"LINESTRING (41.899235 23.286704, 41.869323 23.336819, 41.84514 23.392208, 41.823168 23.449213, 41.812147 23.51165, 41.802814 23.574153)",BGCF01B,#01,BGCS034,100,113,127,50,60,70,-80,-65,-50,1,12,26.6,26.1,11.7,12.7,14.4,311,337,381,0.1,0.4,0.25,0.2,0.0083,-1308,44,33,N,INT,Leonard2014_Interplate,DS,W,6.12,6.17,6.39,6.7,6.8,15.011,15.7018,15.4444,15.3475
efsm20_cf_top.538,"LINESTRING (41.983342 23.323729, 41.95036 23.283626, 41.916962 23.244069, 41.884762 23.202777, 41.856727 23.156343, 41.836028 23.103443, 41.816291 23.049901, 41.79696 22.996109, 41.779553 22.941161, 41.763544 22.885469)",BGCF01C,#01,BGCS036,220,235,248,40,55,70,-120,-105,-90,0,15,44.5,43.8,16,18.3,23.3,711,816,1039,0.1,0.4,0.25,0.2,0.0102,-1070,46,33,N,INT,Leonard2014_Interplate,DS,W,6.52,6.57,6.79,7.1,7.2,15.3704,16.1374,15.8279,15.731
efsm20_cf_top.539,"LINESTRING (41.791626 22.944203, 41.797075 22.882073, 41.801181 22.819617, 41.806381 22.757306, 41.814469 22.695543, 41.822029 22.633654, 41.829679 22.571778, 41.838869 22.510272, 41.843923 22.447902, 41.844321 22.385164, 41.845254 22.322435, 41.843656 22.25973)",MKCF00E,#01,MKCS011,267,275,280,50,55,60,-120,-105,-90,1,11,57.2,57,11.5,12.2,13.1,660,698,746,0.1,0.4,0.25,0.2,0.0014,-815,47,33,N,INT,Leonard2014_Interplate,DS,W,6.08,6.13,6.35,6.66,6.76,15.3381,15.9934,15.7602,15.6633
efsm20_cf_top.540,"LINESTRING (48.658682 17.679679, 48.6514 17.611442, 48.644119 17.543215, 48.62808 17.478524, 48.606715 17.417481, 48.583169 17.358328, 48.552126 17.307726, 48.518111 17.261723, 48.487252 17.210932, 48.452344 17.166538, 48.416678 17.123567, 48.386465 17.072001, 48.356262 17.020452, 48.326069 16.968921, 48.291422 16.924208, 48.257853 16.877704, 48.221309 16.836599, 48.180853 16.804838, 48.140404 16.773082, 48.105918 16.728249, 48.08672 16.666218, 48.067054 16.604541, 48.038594 16.551125, 48.010145 16.497726, 47.977971 16.44931, 47.944322 16.403219, 47.910683 16.357141, 47.877161 16.310904, 47.843682 16.264626, 47.810213 16.218362, 47.776753 16.172112, 47.747039 16.120537, 47.719382 16.066519, 47.689309 16.015312)",ATCF009,#01,ATCS001,206,227,259,60,75,90,-20,-10,0,0,12,167.6,163.9,12,12.4,13.9,2011,2082,2322,0.22,0.31,0.265,0.2612,0.0057,-247,33.5,33,LL,INT,Leonard2014_Interplate,SS,W,6.19,6.24,6.46,6.77,6.87,16.1643,16.3757,16.2602,16.2539
efsm20_cf_top.541,"LINESTRING (47.690596 16.010831, 47.662632 15.959068, 47.644738 15.898631, 47.62783 15.837593, 47.610926 15.776571, 47.593594 15.715833, 47.572517 15.65778, 47.551867 15.599415, 47.531988 15.540488, 47.510647 15.482716, 47.488079 15.426, 47.465517 15.369303, 47.442962 15.312623, 47.420885 15.255557, 47.401931 15.196112, 47.383065 15.136627, 47.363132 15.077928, 47.338018 15.02376, 47.310884 14.971784, 47.283184 14.920488, 47.255493 14.869208, 47.227811 14.817945)",ATCF00A,#01,ATCS004,231,240,247,60,75,90,0,10,20,0,11,103.9,103.4,11,11.4,12.7,1143,1183,1319,0.22,0.31,0.265,0.2612,0.0012,-823,39,33,LL,INT,Leonard2014_Interplate,SS,W,6.09,6.14,6.36,6.67,6.77,15.9188,16.1302,16.0147,16.0084
efsm20_cf_top.542,"LINESTRING (40.571115 35.931944, 40.572265 35.99138, 40.572376 36.050444, 40.570986 36.109479, 40.567928 36.168404, 40.563576 36.227182, 40.558454 36.285849, 40.553106 36.344477, 40.548205 36.403167, 40.545677 36.462114, 40.54516 36.521149, 40.543893 36.580164, 40.540986 36.639077, 40.535509 36.69767, 40.528351 36.755942, 40.521607 36.814293, 40.515402 36.872743, 40.504153 36.929866, 40.487762 36.984783, 40.468896 37.038296, 40.448577 37.090866, 40.431348 37.145293, 40.417097 37.201173, 40.403747 37.257424, 40.39043 37.313678, 40.377117 37.369923, 40.363806 37.426158, 40.350497 37.482382, 40.337192 37.538596, 40.323889 37.5948, 40.310586 37.650993, 40.297279 37.707174, 40.283923 37.763323, 40.270142 37.819285, 40.255874 37.875024, 40.241117 37.930534, 40.225912 37.985823, 40.210554 38.041029, 40.195096 38.096173, 40.179188 38.151084, 40.162604 38.205638, 40.144946 38.259598, 40.126337 38.312993, 40.107131 38.366011, 40.087662 38.418849, 40.069371 38.472388, 40.052798 38.526859, 40.037976 38.582173, 40.024796 38.638181, 40.012242 38.694421, 39.999685 38.75065, 39.987058 38.806842, 39.974336 38.862986, 39.961204 38.918961, 39.947557 38.974713, 39.93343 39.03025, 39.918878 39.08559, 39.904252 39.140886, 39.889631 39.196173, 39.874355 39.251145, 39.857811 39.305476, 39.83914 39.35861, 39.818446 39.410442, 39.796857 39.461637, 39.775181 39.512754, 39.754086 39.564265, 39.732576 39.615468, 39.707349 39.6637, 39.679779 39.709698, 39.652203 39.755671, 39.626347 39.803281, 39.606632 39.855597, 39.591935 39.910609, 39.578568 39.966178, 39.564667 40.021517, 39.550384 40.076678, 39.536488 40.131996, 39.523245 40.187571, 39.510436 40.243305, 39.496816 40.298706, 39.48214 40.353641, 39.466441 40.408086, 39.449084 40.461668, 39.430426 40.514497, 39.412248 40.567594, 39.397578 40.622466, 39.387523 40.679043, 39.383595 40.736868, 39.382657 40.7949, 39.380832 40.852894, 39.374817 40.91041, 39.364148 40.966778, 39.350001 41.02184, 39.334017 41.076044, 39.317799 41.130119)",TRCF000,#16,NAF03,90,108,127,85,87,90,177,177.5,178,0,18,469,464.5,18,18,18.1,8441,8453,8474,20.9,25.8,23.35,23.2211,0.0005,-1439,46,33,RL,INT,Leonard2014_Interplate,SS,L,7.64,7.69,7.91,8.22,8.32,18.7651,18.8582,18.8138,18.8114
efsm20_cf_top.543,"LINESTRING (40.571115 35.931944, 40.560203 35.873734, 40.547489 35.816235, 40.532773 35.75958, 40.515969 35.703954, 40.498258 35.64883, 40.480541 35.593723, 40.462942 35.538567, 40.445384 35.483403, 40.427831 35.428251, 40.410282 35.373111, 40.392737 35.317983, 40.375196 35.262867, 40.357658 35.207764, 40.340125 35.152673, 40.322596 35.097593, 40.305069 35.042527, 40.287546 34.987473, 40.270021 34.932434, 40.252399 34.877462, 40.234532 34.82264, 40.215893 34.768277, 40.196092 34.714638, 40.175168 34.661752, 40.153259 34.609569, 40.130727 34.55786, 40.108105 34.506235, 40.085485 34.454626, 40.062871 34.403029, 40.040261 34.351446, 40.017656 34.299877, 39.995058 34.248319, 39.972466 34.196774, 39.949868 34.14525, 39.927279 34.093737)",TRCF001,#16,NAF04,239,244,254,85,87,90,-178,-178,-178,0,18,172,171.6,18,18,18.1,3096,3101,3108,1,3,2,1.7321,0.0001,-912,38.5,33,RL,INT,Leonard2014_Interplate,SS,L,7.21,7.26,7.48,7.79,7.89,17.0094,17.4882,17.311,17.2485
efsm20_cf_top.544,"LINESTRING (36.323562 36.222854, 36.364003 36.240251, 36.406604 36.258577, 36.445222 36.287488, 36.479881 36.323336, 36.519774 36.349461, 36.562107 36.36876, 36.604443 36.38806, 36.646782 36.407361, 36.685115 36.436942, 36.722332 36.468676, 36.762754 36.493587, 36.803855 36.516715, 36.845457 36.538415, 36.887405 36.559059, 36.932201 36.565399, 36.976816 36.573501, 37.019891 36.590161, 37.062538 36.60848, 37.10059 36.638785, 37.133236 36.677776, 37.169891 36.710706, 37.208736 36.739425, 37.248175 36.766857, 37.288409 36.792415, 37.329131 36.816733, 37.369998 36.840682, 37.407417 36.87233, 37.436846 36.915333, 37.460088 36.963993, 37.477567 37.016353, 37.492037 37.070161, 37.508023 37.123295, 37.525316 37.175785, 37.543794 37.227642, 37.563995 37.27848, 37.586064 37.328081, 37.610685 37.375747, 37.63785 37.421175, 37.666648 37.464984, 37.696782 37.507355, 37.72784 37.548662, 37.758602 37.590341, 37.788484 37.633047, 37.817584 37.676626, 37.845774 37.72117, 37.868834 37.770234, 37.887282 37.822349, 37.903888 37.875462, 37.917242 37.930039, 37.928476 37.985387, 37.939174 38.040914, 37.946618 38.097295, 37.966738 38.148461, 37.989084 38.198134, 38.011932 38.247454, 38.032243 38.298545, 38.043787 38.353877, 38.054042 38.409625, 38.06768 38.4642, 38.085284 38.516925, 38.10624 38.567645, 38.12888 38.617198, 38.151869 38.666506, 38.175575 38.715278, 38.200436 38.763125, 38.226338 38.810089, 38.252886 38.856482, 38.27842 38.903803, 38.301493 38.953149, 38.321026 39.004931, 38.33815 39.058094, 38.357042 39.110287, 38.376437 39.162192, 38.397072 39.213329, 38.419012 39.263589, 38.438885 39.315245, 38.458097 39.367321, 38.477268 39.419436, 38.496438 39.471565, 38.517204 39.5227, 38.537853 39.573927, 38.557126 39.626037, 38.576274 39.678237, 38.594125 39.731197, 38.613123 39.783514, 38.634334 39.834434, 38.656575 39.884642, 38.679296 39.934513, 38.700872 39.985226, 38.716242 40.03954, 38.724291 40.096395, 38.726204 40.154129, 38.723821 40.211836, 38.719619 40.269368, 38.716956 40.327047, 38.717947 40.384813, 38.723266 40.442193, 38.739912 40.495901, 38.768595 40.5405, 38.800941 40.580788, 38.836997 40.615526, 38.877927 40.639796, 38.916681 40.669392, 38.956428 40.696744, 38.995863 40.72485, 39.030207 40.762435, 39.063679 40.801323, 39.098254 40.838594, 39.133232 40.875255, 39.166484 40.914509, 39.198227 40.955809, 39.228979 40.998359, 39.258588 41.042258, 39.288189 41.086184, 39.317799 41.130119)",TRCF002,#16,EAF01,8,53,95,78,84,90,-8,-5.5,-3,0,20,576.2,544.5,20,20.1,20.4,11525,11588,11782,5.4,8.9,7.15,6.9325,0.0058,-1128,39.5,33,LL,INT,Leonard2014_Interplate,SS,L,7.76,7.81,8.03,8.34,8.44,18.3125,18.5391,18.4368,18.4234
efsm20_cf_top.545,"LINESTRING (42.050687 28.180856, 42.018832 28.225085, 41.986986 28.269304, 41.955147 28.313511, 41.923317 28.357707, 41.891495 28.401891, 41.85968 28.446064, 41.827874 28.490227, 41.796076 28.534378, 41.764286 28.578517, 41.733206 28.623531, 41.714438 28.679446, 41.700301 28.737743, 41.686168 28.796028, 41.672036 28.854301, 41.657908 28.912563, 41.643782 28.970813, 41.629659 29.029051, 41.615539 29.087278, 41.60214 29.145797, 41.594241 29.206069, 41.586972 29.266475, 41.579706 29.326875, 41.572439 29.387268, 41.565173 29.447654, 41.557908 29.508034, 41.550644 29.568407, 41.544085 29.628917, 41.541015 29.69013)",TRCF003,#16,TRCS407a,92,113,133,30,34,38,90,90,90,1.5,16,142.5,137.4,23.6,25.9,29,3356,3695,4132,0.654,2,1.327,1.1437,0.0299,565,35,33,R,INT,Leonard2014_Interplate,DS,W,6.9,6.95,7.17,7.48,7.58,16.8599,17.4357,17.209,17.1444
efsm20_cf_top.546,"LINESTRING (41.493421 29.810348, 41.492562 29.871283, 41.491701 29.932217, 41.490842 29.99315, 41.489982 30.054083, 41.489732 30.115023, 41.50424 30.172811, 41.51875 30.230611, 41.533263 30.288423, 41.535852 30.349309, 41.537711 30.410244, 41.539571 30.471181, 41.539255 30.532167, 41.531509 30.59231)",TRCF004,#16,TRCS407b,73,88,101,30,34,38,90,90,90,1.5,16,66,65.2,23.6,25.9,29,1554,1711,1914,0.654,2,1.327,1.1437,0.0094,1177,32.5,33,R,INT,Leonard2014_Interplate,DS,W,6.9,6.95,7.17,7.48,7.58,16.5256,17.1014,16.8747,16.8101
efsm20_cf_top.547,"LINESTRING (41.523719 30.759146, 41.525973 30.81946, 41.533032 30.879114, 41.546309 30.936854, 41.561146 30.993925, 41.575931 31.051033, 41.590661 31.10818, 41.606095 31.165007, 41.625598 31.219564, 41.645056 31.274167, 41.664314 31.328913, 41.691293 31.377485, 41.718464 31.425888, 41.743131 31.47666, 41.771251 31.524116, 41.801205 31.569531, 41.827197 31.619166, 41.853132 31.668876, 41.880954 31.716731, 41.908524 31.764867, 41.936296 31.812816, 41.965586 31.859124, 41.992875 31.907614, 42.018224 31.957995, 42.041143 32.01046, 42.064068 32.062939, 42.086125 32.116108, 42.106591 32.170438, 42.127063 32.224782, 42.145751 32.280298, 42.163677 32.336285, 42.181608 32.392285, 42.199557 32.44829, 42.218125 32.503943, 42.236698 32.55961, 42.255275 32.61529, 42.273857 32.670984, 42.292443 32.726691, 42.311034 32.782412, 42.324517 32.840773, 42.333649 32.900667, 42.342782 32.960569, 42.351916 33.02048, 42.361052 33.080399, 42.370189 33.140326, 42.379327 33.200262, 42.386212 33.260755, 42.388459 33.321891, 42.390705 33.38303, 42.392952 33.444171, 42.388219 33.505051, 42.388149 33.566264, 42.393233 33.626999)",TRCF005,#16,TRCS407c,49,68,96,30,34,38,90,90,90,2,16,261.4,256.1,22.7,25,28,5944,6545,7319,0.654,2,1.327,1.1437,0.0169,1981,30.5,33,R,INT,Leonard2014_Interplate,DS,W,6.86,6.91,7.13,7.44,7.54,17.1082,17.684,17.4573,17.3927
efsm20_cf_top.548,"LINESTRING (42.511716 33.134524, 42.516574 33.195645, 42.521433 33.256771, 42.527545 33.317695, 42.55061 33.370632, 42.559546 33.430939, 42.571801 33.490172, 42.571801 33.551706, 42.571801 33.61324, 42.571801 33.674774, 42.573728 33.736251, 42.577424 33.797581, 42.58054 33.858976, 42.582857 33.920438, 42.581292 33.981945, 42.579565 34.043441, 42.579367 34.10498, 42.576285 34.166377, 42.567279 34.226681, 42.556869 34.286558, 42.547453 34.34673, 42.538789 34.4071, 42.531303 34.46775, 42.524155 34.52847, 42.517178 34.589219, 42.512788 34.650405, 42.503164 34.710472, 42.482117 34.764895, 42.461586 34.819663, 42.445895 34.87728, 42.430208 34.934884, 42.414524 34.992475, 42.398843 35.050053, 42.383166 35.107619, 42.368676 35.165737, 42.35939 35.225764, 42.350104 35.285782, 42.34082 35.345792, 42.330519 35.405488, 42.319575 35.464965, 42.307841 35.524156, 42.297661 35.58386, 42.288256 35.643787, 42.273486 35.701691, 42.255365 35.757812, 42.233692 35.811567, 42.210503 35.864137, 42.192397 35.920211, 42.174296 35.976272, 42.149937 36.027818, 42.118756 36.072156, 42.083037 36.109739, 42.044361 36.141544, 42.00508 36.171956, 41.96561 36.201902, 41.925433 36.230076, 41.885531 36.25518)",TRCF006,#16,TRCS407d,59,104,153,30,34,38,90,90,90,2,16,282,266.3,22.7,25,28,6413,7061,7897,0.654,2,1.327,1.1437,0.0462,1987,28.5,33,R,INT,Leonard2014_Interplate,DS,W,6.86,6.91,7.13,7.44,7.54,17.1412,17.717,17.4902,17.4257
efsm20_cf_top.549,"LINESTRING (42.494161 35.502571, 42.4792 35.560134, 42.464245 35.617686, 42.449292 35.675225, 42.434343 35.732752, 42.419395 35.790267, 42.404451 35.84777, 42.38951 35.90526, 42.377342 35.963924, 42.366085 36.02291, 42.354913 36.081915, 42.343746 36.140911, 42.332579 36.199896, 42.321415 36.258872, 42.303625 36.31478, 42.2827 36.368651, 42.261414 36.422245, 42.240135 36.475826, 42.218861 36.529392, 42.197593 36.582944, 42.172389 36.63327, 42.140289 36.675828, 42.105367 36.714111, 42.070452 36.752385, 42.035545 36.790651, 41.999429 36.826804, 41.961868 36.860162, 41.924182 36.893249, 41.886503 36.92633, 41.849135 36.96002, 41.812788 36.995649, 41.77732 37.032818, 41.741859 37.069979, 41.706287 37.106926, 41.670087 37.14274, 41.633478 37.177782, 41.596877 37.212818, 41.560283 37.247847, 41.523685 37.282879)",TRCF007,#16,TRCS407e,106,128,148,30,34,38,90,90,90,1.5,16,190.2,182.4,23.6,25.9,29,4479,4931,5515,0.654,2,1.327,1.1437,0.0338,1243,30.5,33,R,INT,Leonard2014_Interplate,DS,W,6.9,6.95,7.17,7.48,7.58,16.9853,17.5611,17.3344,17.2698
efsm20_cf_top.550,"LINESTRING (41.584057 37.645362, 41.580333 37.704874, 41.576608 37.764383, 41.572885 37.823888, 41.569161 37.88339, 41.565436 37.942888, 41.561869 38.002399, 41.569726 38.061173, 41.578795 38.119642, 41.587866 38.178118, 41.596938 38.236602, 41.606012 38.295094, 41.61528 38.353542, 41.631001 38.409476, 41.647843 38.464838, 41.664688 38.520213, 41.681536 38.575601, 41.698388 38.631001, 41.715174 38.686452, 41.731625 38.742095, 41.748047 38.797769, 41.764472 38.853455, 41.780901 38.909153, 41.797818 38.964603, 41.814877 39.019989, 41.831947 39.075383, 41.849022 39.130789, 41.8661 39.186208, 41.883182 39.24164, 41.900229 39.296959)",TRCF008,#16,TRCS410-11,67,76,96,24,30,36,90,90,90,2,16,144,141.5,23.6,28,34.8,3406,4033,5017,0.654,2,1.327,1.1437,0.0155,1980,25.5,33,R,INT,Leonard2014_Interplate,DS,W,6.98,7.03,7.25,7.56,7.66,16.8664,17.52,17.247,17.1825
efsm20_cf_top.551,"LINESTRING (41.621719 39.586152, 41.621719 39.645989, 41.610278 39.703829, 41.592873 39.758933, 41.590917 39.818683, 41.594076 39.878343, 41.597235 39.938006, 41.593563 39.997615, 41.583798 40.055976, 41.572677 40.113892, 41.561557 40.171799, 41.553633 40.230629, 41.554725 40.290383, 41.558936 40.349892, 41.563148 40.409405, 41.56736 40.468922, 41.577636 40.527112, 41.592807 40.583368, 41.608907 40.639175, 41.625011 40.694994, 41.641118 40.750825, 41.657228 40.806669, 41.681516 40.856952, 41.71183 40.901, 41.742946 40.944058, 41.774069 40.987127, 41.805227 41.03017, 41.836451 41.073146, 41.867685 41.116132, 41.896846 41.161687, 41.917454 41.215028, 41.931835 41.271955, 41.944519 41.329617, 41.955873 41.387789, 41.967228 41.445971, 41.978859 41.504066, 41.990791 41.56206, 42.002724 41.620064, 42.014583 41.677704)",TRCF009,#16,TRCS408-9,44,75,112,24,30,36,90,90,90,1.5,16,189,178.7,24.5,29,36.1,4628,5480,6817,0.654,2,1.327,1.1437,0.0469,1375,29.5,33,R,INT,Leonard2014_Interplate,DS,W,7.02,7.07,7.29,7.6,7.7,16.9995,17.6531,17.3802,17.3156
efsm20_cf_top.552,"LINESTRING (40.44605 25.78977, 40.458153 25.734679, 40.470763 25.679777, 40.483561 25.624938, 40.495878 25.569901, 40.507928 25.51475, 40.51949 25.45941)",GRCF007,#16,GRCS288,286,287,288,45,60,75,-120,-105,-90,0,13,29.1,29.1,13.5,15,18.4,392,437,535,0.1,1,0.55,0.3162,0,-59,34,33,N,INT,Leonard2014_Interplate,DS,W,6.3,6.35,6.57,6.88,6.98,15.1116,16.247,15.8993,15.6589
efsm20_cf_top.553,"LINESTRING (34.828609 35.214723, 34.817433 35.161658, 34.806261 35.108612, 34.795089 35.055573, 34.783135 35.002795, 34.76829 34.951125, 34.753446 34.899463, 34.738607 34.847809, 34.732338 34.793629, 34.727129 34.739288, 34.72192 34.68495, 34.715428 34.630821, 34.707523 34.576975, 34.69962 34.523134, 34.694367 34.468821, 34.694274 34.414135, 34.694182 34.359449, 34.69412 34.304763, 34.707451 34.252532, 34.720784 34.200294, 34.734119 34.148048, 34.749957 34.096838, 34.767347 34.046369, 34.784782 33.995912, 34.805813 33.947517, 34.826849 33.899113, 34.848223 33.850918, 34.87097 33.803653, 34.893722 33.756378, 34.91648 33.709094, 34.945885 33.667605, 34.978185 33.629437, 35.010493 33.591264, 35.042521 33.552729, 35.072753 33.51207, 35.102991 33.471403, 35.136491 33.434738, 35.172221 33.401355, 35.207957 33.367967, 35.243699 33.334573, 35.279446 33.301174, 35.315199 33.267769)",CYCF000,#16,GRCS696,250,286,323,25,35,45,80,97.5,115,3,17.5,205,185.3,20.5,25.3,34.3,4203,5182,7033,0.19,1.5,0.845,0.5339,0.0788,1005,31,33,R,INT,Leonard2014_Interplate,DS,W,6.87,6.92,7.14,7.45,7.55,16.4209,17.5417,17.1599,16.9605
efsm20_cf_top.554,"LINESTRING (34.276395 33.826827, 34.287495 33.774082, 34.298573 33.721422, 34.307582 33.668181, 34.314671 33.61451, 34.322203 33.560924, 34.332232 33.507934, 34.342255 33.454936, 34.347462 33.400929, 34.351702 33.346796, 34.361312 33.293675, 34.371757 33.24078, 34.381755 33.187751, 34.391503 33.134648, 34.401759 33.081679, 34.422621 33.033494, 34.443489 32.985301, 34.465667 32.937964, 34.493145 32.894896, 34.520626 32.851816, 34.543806 32.805145, 34.566876 32.758381, 34.591277 32.712611, 34.613725 32.665375, 34.634971 32.617314, 34.658022 32.570485, 34.682483 32.524711, 34.714338 32.486233, 34.746403 32.448, 34.782878 32.416139, 34.819359 32.384275)",CYCF001,#16,GRCS697,275,294,325,25,35,45,90,115,140,3,17.5,149.8,145.3,20.5,25.3,34.3,3071,3786,5139,0.14,1.5,0.82,0.4583,0.0247,1110,29,33,R,INT,Leonard2014_Interplate,DS,W,6.87,6.92,7.14,7.45,7.55,16.1519,17.4054,17.0105,16.7579
efsm20_cf_top.555,"LINESTRING (34.496747 34.360036, 34.498613 34.302874, 34.500785 34.246971, 34.515271 34.193833, 34.533076 34.142191, 34.552351 34.091321, 34.572264 34.040803, 34.584573 33.986817, 34.60017 33.93409, 34.614185 33.880703, 34.62022 33.825141, 34.634345 33.771783, 34.653342 33.720697, 34.676714 33.672354, 34.702337 33.625713, 34.727939 33.579041, 34.753045 33.531956, 34.778355 33.48502, 34.811442 33.445889, 34.844534 33.40675)",CYCF002,#16,GRCS698,272,293,316,25,35,45,80,97.5,115,3,17.5,97.6,95.4,20.5,25.3,34.3,2001,2466,3347,0.14,1.5,0.82,0.4583,0.0184,1034,30,33,R,INT,Leonard2014_Interplate,DS,W,6.87,6.92,7.14,7.45,7.55,15.9658,17.2193,16.8244,16.5717
efsm20_cf_top.580,"LINESTRING (39.746979 43.607074, 39.775472 43.555848, 39.813165 43.517009, 39.854228 43.484448, 39.897068 43.456012, 39.939914 43.427573, 39.982765 43.399131)",TRCF00W,#16,TRCS091,307,327,334,75,85,90,180,180,180,2,20,32.1,31.7,18,18.1,18.7,578,581,599,0.7,1,0.85,0.8367,0.0013,-2418,41.5,33,RL,INT,Leonard2014_Interplate,SS,L,6.48,6.53,6.75,7.06,7.16,16.1259,16.2962,16.2118,16.205
efsm20_cf_top.556,"LINESTRING (34.360406 31.862502, 34.39611 31.897311, 34.431732 31.932041, 34.467285 31.966892, 34.502509 32.002242, 34.537739 32.037598, 34.57298 32.072953, 34.609936 32.105642, 34.647683 32.13698, 34.685437 32.16832, 34.724194 32.197811, 34.765195 32.222414, 34.8062 32.24702, 34.847203 32.271643, 34.887441 32.298087, 34.927684 32.324532, 34.96803 32.350759, 35.008767 32.376082, 35.049508 32.401408, 35.090252 32.426739, 35.13078 32.452593, 35.171312 32.47845, 35.211848 32.50431, 35.252388 32.530173, 35.292933 32.556038, 35.333422 32.582049, 35.373776 32.608389, 35.414135 32.63473, 35.454499 32.661073, 35.495682 32.685438, 35.537023 32.709409, 35.578367 32.733384, 35.617884 32.76165, 35.655556 32.793513, 35.693234 32.82538, 35.730917 32.857252)",CYCF003,#16,GRCS699,25,31,40,70,80,90,120,145,170,3.5,17.5,177.9,177.3,14,14.2,14.9,2491,2529,2651,2,10,6,4.4721,0.0006,1223,31.5,33,RL,INT,Leonard2014_Interplate,SS,W,6.34,6.39,6.61,6.92,7.02,17.2159,17.9419,17.6997,17.572
efsm20_cf_top.557,"LINESTRING (40.685703 29.159371, 40.678377 29.098186, 40.680134 29.036603, 40.691428 28.976797, 40.705283 28.917926, 40.71002 28.856591, 40.723367 28.7975, 40.743713 28.741975)",TRCF00A,#16,TRCS014,260,279,295,58,62,66,-171,-156.5,-142,0.5,18,36.4,35.8,19.2,19.8,20.6,697,722,751,2,4,3,2.8284,0.0082,717,36,33,RL,INT,Leonard2014_Interplate,SS,L,6.57,6.62,6.84,7.15,7.25,16.663,16.9963,16.8539,16.8283
efsm20_cf_top.558,"LINESTRING (40.2861 25.782, 40.272474 25.72722, 40.258855 25.672471, 40.245239 25.617731, 40.231536 25.56304, 40.214602 25.509937, 40.197679 25.456842, 40.18119 25.403525, 40.164703 25.350219, 40.14822 25.296924, 40.13174 25.24364)",GRCF008,#16,TRCS019,248,250,253,62,70,78,-174,-174,-174,0.5,18,48.9,48.8,17.9,18.6,19.9,873,910,972,1,7,4,2.6458,0.0002,419,33.5,33,RL,INT,Leonard2014_Interplate,SS,L,6.68,6.73,6.95,7.26,7.36,16.4595,17.3513,17.0796,16.9001
efsm20_cf_top.559,"LINESTRING (40.570695 30.680509, 40.55743 30.623175, 40.539572 30.568473, 40.528782 30.510666, 40.517993 30.452868, 40.507207 30.395078, 40.496421 30.337297, 40.485637 30.279525, 40.474441 30.221898, 40.458634 30.166182, 40.44345 30.11018, 40.436252 30.051496, 40.429055 29.992817, 40.421858 29.934145, 40.41469 29.875473, 40.407956 29.81672, 40.401227 29.757971, 40.394596 29.699209, 40.388127 29.640421, 40.385489 29.581128, 40.383188 29.521811, 40.390743 29.463251, 40.398316 29.404688, 40.406579 29.34628, 40.414746 29.287841, 40.417177 29.228506, 40.419609 29.169168, 40.422041 29.109828, 40.424473 29.050486)",TRCF00B,#16,TRCS022,244,261,279,65,75,85,-145,-162.5,180,0,18,140.9,138.8,18.1,18.6,19.9,2546,2625,2798,2,3.5,2.75,2.6458,0.0039,-414,38,33,RL,INT,Leonard2014_Interplate,SS,L,7.13,7.18,7.4,7.71,7.81,17.2253,17.5094,17.377,17.3603
efsm20_cf_top.560,"LINESTRING (40.2715 27.466, 40.270373 27.525233, 40.269246 27.584465, 40.28459 27.640206, 40.300054 27.695903, 40.319461 27.749448, 40.33893 27.80297, 40.358405 27.856504, 40.3779 27.9101)",TRCF00C,#16,TRCS024,64,72,91,49,67,85,180,180,180,0,18,40.2,39.5,18.1,19.6,23.9,727,786,959,1.4785,4.5215,3,2.5856,0.0074,-82,44,33,RL,INT,Leonard2014_Interplate,SS,L,6.61,6.66,6.88,7.19,7.29,16.5497,17.1557,16.8913,16.8268
efsm20_cf_top.561,"LINESTRING (39.965902 27.037253, 39.987459 27.089373, 40.009021 27.141506, 40.031643 27.192886, 40.058414 27.240762, 40.085801 27.288059, 40.114192 27.334351, 40.140686 27.382547, 40.168234 27.42974, 40.181197 27.486665, 40.195227 27.543169, 40.211321 27.598733, 40.227418 27.654309, 40.225367 27.714485)",TRCF00D,#16,TRCS025,51,63,92,75,85,90,180,180,180,0,18,65.7,64.4,18,18.1,18.7,1182,1187,1225,1.4785,4.5215,3,2.5856,0.0017,-281,42,33,RL,INT,Leonard2014_Interplate,SS,L,6.79,6.84,7.06,7.37,7.47,16.761,17.2619,17.07,17.0054
efsm20_cf_top.562,"LINESTRING (39.96006 26.894521, 39.978689 26.945342, 40.000002 26.994349, 40.026024 27.039332, 40.055138 27.080976, 40.086361 27.119944, 40.125449 27.14392, 40.160854 27.176246, 40.182568 27.225084, 40.204703 27.27487)",TRCF00E,#16,TRCS027,25,50,64,75,85,90,-166,-173,180,0,18,43.3,42.3,18,18.1,18.7,779,782,808,0.4928,1.5072,1,0.8619,0.0021,-183,41,33,RL,INT,Leonard2014_Interplate,SS,L,6.6,6.65,6.87,7.18,7.28,16.1029,16.6039,16.4119,16.3474
efsm20_cf_top.563,"LINESTRING (39.908047 29.651688, 39.923139 29.59451, 39.9384 29.537397, 39.959616 29.4836, 39.980836 29.42979, 40.008714 29.381408, 40.047684 29.34857, 40.093377 29.342243)",TRCF00F,#16,TRCS029,287,306,352,40,50,61,-104,-104,-104,0,18,36.1,33.5,20.7,23.5,28.3,746,847,1020,0.7,1,0.85,0.8367,0.0462,-1117,43.5,33,N,INT,Leonard2014_Interplate,DS,L,6.63,6.68,6.9,7.21,7.31,16.2361,16.5272,16.3759,16.369
efsm20_cf_top.564,"LINESTRING (39.963796 28.717461, 39.982624 28.665117, 40.001473 28.612714, 40.009394 28.555743, 40.014802 28.498266, 40.028835 28.443326, 40.044534 28.389148, 40.061448 28.335585, 40.071382 28.279103, 40.078436 28.221879, 40.090639 28.166146, 40.10396 28.110843, 40.10731 28.053022, 40.106517 27.995042, 40.106608 27.937053, 40.113327 27.879732, 40.113549 27.821739)",TRCF00G,#16,TRCS030,268,281,294,32,40,48,-108,-108,-108,1,18,78.9,78.1,22.7,26.4,32.4,1794,2087,2560,3,4,3.5,3.4641,0.0083,-140,45,33,N,INT,Leonard2014_Interplate,DS,W,6.92,6.97,7.19,7.5,7.6,17.2494,17.5288,17.3821,17.3776
efsm20_cf_top.565,"LINESTRING (39.87995 27.04728, 39.890369 27.103488, 39.900789 27.159704, 39.905629 27.217199, 39.910101 27.274749, 39.930971 27.325805, 39.95385 27.375394, 39.976751 27.42498, 39.999658 27.474579, 40.028186 27.518953, 40.05826 27.561567, 40.075514 27.614983, 40.087238 27.670913, 40.098854 27.726891, 40.117302 27.780415)",TRCF00H,#16,TRCS031,47,67,84,60,68,76,-142,-161,180,1,18,69.1,67.8,17.5,18.3,19.6,1211,1268,1357,1.5,2,1.75,1.7321,0.0072,-359,42,33,RL,INT,Leonard2014_Interplate,SS,L,6.81,6.86,7.08,7.39,7.49,16.7778,16.9521,16.8645,16.8601
efsm20_cf_top.566,"LINESTRING (39.626961 26.938668, 39.671054 26.963451, 39.71285 26.98944, 39.737646 27.040329, 39.753949 27.096736, 39.768532 27.153947, 39.787813 27.208768, 39.800968 27.266589, 39.826343 27.317059, 39.850558 27.368504, 39.867427 27.424721, 39.889215 27.478007)",TRCF00I,#16,TRCS032,23,58,73,70,80,90,180,180,180,1,18,56.9,54.6,17,17.3,18,967,982,1026,0.9857,3.0143,2,1.7237,0.0071,-438,41.5,33,RL,INT,Leonard2014_Interplate,SS,W,6.55,6.6,6.82,7.13,7.23,16.4975,17.0089,16.8115,16.7469
efsm20_cf_top.581,"LINESTRING (39.706469 43.777118, 39.715887 43.714953, 39.725306 43.65278, 39.734727 43.590598)",TRCF00X,#16,TRCS092,282,282,282,75,85,90,180,180,180,2,20,16.3,16.3,18,18.1,18.7,293,294,303,0.7,1,0.85,0.8367,0,-2173,41,33,RL,INT,Leonard2014_Interplate,SS,L,6.19,6.24,6.46,6.77,6.87,15.83,16.0003,15.916,15.9091
efsm20_cf_top.567,"LINESTRING (39.2214 25.4386, 39.241009 25.490356, 39.260624 25.542123, 39.280891 25.593484, 39.301194 25.644836, 39.315536 25.699454, 39.329257 25.75435, 39.343583 25.808997, 39.358008 25.863612, 39.376906 25.915908, 39.396779 25.967609, 39.417175 26.018983, 39.437726 26.070268, 39.448262 26.126423, 39.454931 26.183569, 39.46797 26.238853, 39.483751 26.292934, 39.496614 26.348308, 39.50788 26.404273, 39.521057 26.459542, 39.535465 26.514304, 39.546872 26.570252, 39.557801 26.62637, 39.563776 26.683735, 39.578284 26.738487, 39.577849 26.796385, 39.584371 26.853667, 39.597595 26.906665)",TRCF00J,#16,TRCS033,63,72,91,47,60,73,-164,-134.5,-105,1,18,133.8,132.9,17.8,19.6,23.1,2384,2626,3090,4,6,5,4.899,0.0034,54,34.5,33,N,INT,Leonard2014_Interplate,DS,W,6.6,6.65,6.87,7.18,7.28,17.4978,17.7866,17.6368,17.628
efsm20_cf_top.568,"LINESTRING (40.403475 29.215426, 40.392762 29.154523, 40.382051 29.093629, 40.371342 29.032743, 40.360634 28.971867, 40.349927 28.911)",TRCF00K,#16,TRCS038,256,256,256,75,85,90,180,180,180,0,18,26.5,26.5,18,18.1,18.7,476,478,494,0.4928,1.5072,1,0.8619,0,-141,38.5,33,RL,INT,Leonard2014_Interplate,SS,L,6.4,6.45,6.67,6.98,7.08,15.8891,16.3901,16.1981,16.1336
efsm20_cf_top.569,"LINESTRING (40.174583 28.929386, 40.175305 28.868008, 40.176026 28.80663, 40.160336 28.748789, 40.140589 28.69313, 40.122332 28.636622, 40.109332 28.577693, 40.102759 28.516975, 40.098374 28.455851)",TRCF00L,#16,TRCS040,244,257,270,75,85,90,180,180,180,0,18,41.7,41.1,18,18.1,18.7,751,754,778,3,4,3.5,3.4641,0.0012,-150,43.5,33,RL,INT,Leonard2014_Interplate,SS,L,6.59,6.64,6.86,7.17,7.27,16.8713,17.0118,16.94,16.9355
efsm20_cf_top.570,"LINESTRING (40.009958 29.594232, 40.031587 29.542762, 40.052896 29.491049, 40.073731 29.438992, 40.094571 29.386922, 40.105653 29.329958, 40.120537 29.274484, 40.14813 29.228054, 40.168311 29.175485, 40.168311 29.116646, 40.180507 29.06001, 40.20594 29.011466)",TRCF00M,#16,TRCS044,269,292,306,70,80,90,-161,-161,-161,0,18,55,54.1,18,18.3,19.1,990,1005,1051,0.7,1,0.85,0.8367,0.0027,-656,42,33,RL,INT,Leonard2014_Interplate,SS,L,6.72,6.77,6.99,7.3,7.4,16.3592,16.54,16.4502,16.4433
efsm20_cf_top.571,"LINESTRING (36.260247 36.257261, 36.232161 36.213717, 36.201679 36.172747, 36.161772 36.147082, 36.119267 36.128922, 36.079093 36.103931, 36.040272 36.07587, 36.004502 36.042185, 35.974284 36.001035, 35.95794 35.949281, 35.926657 35.909389, 35.892495 35.873295, 35.859836 35.835156, 35.830492 35.793128, 35.801154 35.751109, 35.771822 35.709099)",TRCF00N,#16,TRCS057,197,220,247,38,40,43,-52,-50.5,-49,0,17.5,75,73.4,25.7,27.2,28.4,1924,2042,2132,1,4.4219,2.711,2.1028,0.0168,-117,34.5,33,N,INT,Leonard2014_Interplate,DS,W,6.95,7,7.22,7.53,7.63,16.8028,17.4929,17.2617,17.1513
efsm20_cf_top.572,"LINESTRING (36.2157 36.7555, 36.224649 36.699035, 36.233598 36.642563, 36.242548 36.586085, 36.2515 36.5296)",TRCF00O,#16,TRCS060,282,283,283,70,80,90,180,180,180,0,18,20.6,20.6,18,18.3,19.1,372,377,395,0.5,1.5,1,0.866,0,-323,36,33,RL,INT,Leonard2014_Interplate,SS,L,6.3,6.35,6.57,6.88,6.98,15.7877,16.2907,16.0953,16.0328
efsm20_cf_top.573,"LINESTRING (39.447499 43.013885, 39.483959 42.97994, 39.517578 42.941491, 39.551171 42.902985, 39.57815 42.856527, 39.604171 42.809143, 39.626179 42.758433, 39.649024 42.708333, 39.670723 42.657363, 39.688002 42.603604, 39.702644 42.548525, 39.712503 42.491668, 39.723464 42.435144, 39.737819 42.379911, 39.75229 42.324717, 39.767591 42.26989, 39.782894 42.215052)",TRCF00P,#16,TRCS068,284,300,326,70,80,90,180,180,180,0,20,79.8,77.9,20,20.3,21.2,1596,1620,1694,2,3,2.5,2.4495,0.004,-2129,42.5,33,RL,INT,Leonard2014_Interplate,SS,L,6.92,6.97,7.19,7.5,7.6,17.0225,17.2245,17.126,17.1172
efsm20_cf_top.574,"LINESTRING (37.577526 37.107594, 37.570297 37.053753, 37.574036 37.00076, 37.583105 36.948799, 37.571113 36.897791, 37.577199 36.845145, 37.58162 36.79223)",TRCF00Q,#16,TRCS071,255,272,284,48,55,62,18,31.5,45,0,18,28.3,27.8,20.5,22,24.1,578,621,680,0.0986,0.3014,0.2,0.1724,0.0094,-718,37,33,LL,INT,Leonard2014_Interplate,SS,L,6.51,6.56,6.78,7.09,7.19,15.2745,15.8303,15.6126,15.5481
efsm20_cf_top.575,"LINESTRING (37.998007 38.190469, 37.993861 38.134217, 37.995926 38.078373, 38.003465 38.023288, 38.012333 37.968517, 38.019308 37.913301, 38.021532 37.857446, 38.019577 37.801577, 38.015288 37.745921, 38.009558 37.690478, 37.990309 37.640187, 37.972335 37.589154, 37.96508 37.534032, 37.967678 37.478246)",TRCF00R,#16,TRCS073,245,268,282,43,49,55,19,33,47,0,20,63.7,62.5,24.5,26.5,29.3,1558,1689,1865,2,3,2.5,2.4495,0.0126,-1499,37.5,33,LL,INT,Leonard2014_Interplate,SS,L,6.94,6.99,7.21,7.52,7.62,17.0122,17.2663,17.1441,17.1352
efsm20_cf_top.576,"LINESTRING (40.011005 43.686333, 40.039755 43.642067, 40.065934 43.596116, 40.078138 43.541082, 40.09033 43.486033, 40.101484 43.4306, 40.110709 43.374555, 40.119986 43.318518, 40.136335 43.265307, 40.153544 43.212548, 40.1617 43.156179, 40.161968 43.098806)",TRCF00S,#16,TRCS079,272,290,311,75,85,90,0,0,0,1,15,53.7,52.7,14,14.1,14.5,752,755,779,2,3,2.5,2.4495,0.0016,-1348,42.5,33,LL,INT,Leonard2014_Interplate,SS,W,6.32,6.37,6.59,6.9,7,16.6956,16.8872,16.7942,16.7853
efsm20_cf_top.577,"LINESTRING (38.99756 42.547202, 39.043986 42.576514, 39.090092 42.604676, 39.141056 42.608009, 39.19202 42.611344)",TRCF00T,#16,TRCS080,4,16,28,75,85,90,-10,0,10,2,20,22.8,22.3,18,18.1,18.7,410,411,425,0.5,1,0.75,0.7071,0.0017,-1718,42.5,33,LL,INT,Leonard2014_Interplate,SS,L,6.33,6.38,6.6,6.91,7.01,15.8302,16.1467,16.0079,15.9823
efsm20_cf_top.578,"LINESTRING (40.521691 42.446546, 40.506874 42.392048, 40.47687 42.349153, 40.440787 42.315327, 40.403777 42.283295, 40.371345 42.243631, 40.346716 42.195272, 40.306992 42.169485, 40.267314 42.143595, 40.228486 42.115591, 40.189664 42.08759, 40.157789 42.047282, 40.12939 42.002766)",TRCF00U,#16,TRCS083,208,223,252,71,81,90,8,8,8,2,20,59.1,57.6,18,18.2,19,1064,1077,1123,1,2,1.5,1.4142,0.004,-2245,42.5,33,LL,INT,Leonard2014_Interplate,SS,L,6.74,6.79,7.01,7.32,7.42,16.5454,16.87,16.7269,16.7013
efsm20_cf_top.579,"LINESTRING (39.405821 44.090583, 39.433736 44.046602, 39.461657 44.00261, 39.490816 43.959968, 39.521435 43.919061, 39.551976 43.878037, 39.582519 43.836997, 39.600104 43.784696, 39.616655 43.731815, 39.644808 43.687955, 39.675118 43.646572, 39.701953 43.601303, 39.727332 43.55462, 39.732193 43.497793, 39.72505 43.441377, 39.751304 43.395503, 39.786619 43.361416, 39.822447 43.328231, 39.860537 43.299612, 39.898864 43.271521, 39.936825 43.242582, 39.974237 43.212436, 40.011579 43.182122, 40.051479 43.149731)",TRCF00V,#16,TRCS090,262,313,332,75,85,90,180,180,180,1,20,112.8,107.8,19,19.1,19.7,2143,2151,2221,0.7,1.3,1,0.9539,0.0038,-2194,41.5,33,RL,INT,Leonard2014_Interplate,SS,L,7.03,7.08,7.3,7.61,7.71,16.6947,16.979,16.8512,16.8307
efsm20_cf_top.582,"LINESTRING (39.719276 43.780435, 39.691423 43.82816, 39.663778 43.875748, 39.636309 43.923488, 39.610605 43.97284, 39.58748 44.024277, 39.561084 44.072974, 39.531396 44.118348, 39.498539 44.159868, 39.463369 44.198058, 39.43091 44.240064, 39.40051 44.284555, 39.370283 44.329225, 39.340064 44.373883, 39.309852 44.418531, 39.279648 44.463168, 39.249452 44.507795, 39.219262 44.55241, 39.189079 44.597014, 39.158904 44.641608)",TRCF00Y,#16,TRCS093,121,131,141,44,50,56,158,158,158,1,20,97,96.7,22.9,24.8,27.4,2222,2405,2652,0.7,1,0.85,0.8367,0.0018,-1823,42.5,33,RL,INT,Leonard2014_Interplate,SS,L,7.1,7.15,7.37,7.68,7.78,16.7104,16.9421,16.8291,16.8222
efsm20_cf_top.583,"LINESTRING (39.8254 44.0482, 39.862583 44.019253, 39.89977 43.9903, 39.934117 43.955885, 39.968445 43.921421, 40.004743 43.890566, 40.041078 43.859767, 40.077418 43.828963, 40.113797 43.798126)",TRCF00Z,#16,TRCS094,323,327,330,75,85,90,180,180,180,1,20,38.5,38.5,19,19.1,19.7,732,735,759,0.7,1,0.85,0.8367,0.0001,-969,40.5,33,RL,INT,Leonard2014_Interplate,SS,L,6.59,6.64,6.86,7.17,7.27,16.2283,16.3986,16.3142,16.3074
efsm20_cf_top.584,"LINESTRING (39.739605 44.08407, 39.774795 44.038091, 39.809993 43.992102, 39.8452 43.9461)",TRCF010,#16,TRCS095,315,316,316,75,85,90,180,180,180,2,20,16.6,16.6,18,18.1,18.7,299,301,310,0.7,1,0.85,0.8367,0,-1646,40.5,33,RL,INT,Leonard2014_Interplate,SS,L,6.2,6.25,6.47,6.78,6.88,15.84,16.0104,15.926,15.9191
efsm20_cf_top.585,"LINESTRING (39.689 44.14, 39.65083 44.174531, 39.612722 44.209007, 39.57462 44.243477, 39.536537 44.277963, 39.4985 44.312517, 39.46245 44.35046, 39.430228 44.393779, 39.398027 44.437104, 39.364567 44.47878, 39.330113 44.519059, 39.295667 44.559329)",TRCF011,#16,TRCS096,134,141,146,75,85,90,180,180,180,1,20,56.8,56.6,19,19.1,19.7,1080,1084,1119,0.7,1,0.85,0.8367,0.0003,-1563,42,33,RL,INT,Leonard2014_Interplate,SS,L,6.75,6.8,7.02,7.33,7.43,16.3969,16.5672,16.4828,16.476
efsm20_cf_top.586,"LINESTRING (38.992412 43.960707, 38.965951 44.009256, 38.939587 44.0576, 38.909864 44.102587, 38.873581 44.138742, 38.839767 44.178631, 38.808237 44.221477, 38.770277 44.25462, 38.73073 44.284536)",TRCF012,#16,TRCS099,126,137,150,75,85,90,180,180,180,2,20,40.9,40.4,18,18.1,18.7,736,738,762,0.7,1,0.85,0.8367,0.001,-2249,43,33,RL,INT,Leonard2014_Interplate,SS,L,6.58,6.63,6.85,7.16,7.26,16.2302,16.4006,16.3162,16.3094
efsm20_cf_top.587,"LINESTRING (36.693894 45.090558, 36.73942 45.087242, 36.784525 45.083917, 36.829059 45.074378, 36.871789 45.056019, 36.914327 45.036971, 36.951278 45.004437, 36.988235 44.971898, 37.025177 44.939317, 37.057742 44.900074, 37.086208 44.856094, 37.115888 44.813377, 37.146254 44.77141, 37.180303 44.734136, 37.215623 44.698759, 37.246992 44.657914, 37.27736 44.615876, 37.308028 44.574166, 37.338734 44.532483, 37.368298 44.489497, 37.39754 44.446147, 37.422042 44.398351, 37.446181 44.350249, 37.46813 44.300495, 37.490137 44.250767, 37.512329 44.201156, 37.537902 44.154188, 37.570065 44.114157, 37.602105 44.073952, 37.633959 44.033494)",TRCF013,#16,TRCS103,299,318,357,85,87,90,180,180,180,0,20,145.8,140.4,20,20,20.1,2915,2919,2926,1,3,2,1.7321,0.0019,-2097,39.5,33,RL,INT,Leonard2014_Interplate,SS,L,7.17,7.22,7.44,7.75,7.85,16.9832,17.4619,17.2848,17.2223
efsm20_cf_top.588,"LINESTRING (37.549899 44.323163, 37.523969 44.368606, 37.497789 44.413589, 37.47995 44.464634, 37.470792 44.519194, 37.459581 44.573134, 37.451717 44.627998, 37.444019 44.682895)",TRCF014,#16,TRCS104,100,111,127,75,85,90,180,180,180,3,10,34.5,33.8,7,7,7.3,241,242,250,0.25,1,0.625,0.5,0.0016,-2319,39.5,33,RL,INT,Leonard2014_Interplate,SS,W,5.7,5.7,5.84,6.15,6.25,15.2989,15.9164,15.6985,15.6016
efsm20_cf_top.589,"LINESTRING (37.693977 44.002809, 37.702467 43.948778, 37.692128 43.895264, 37.706053 43.843065, 37.72757 43.795147, 37.737422 43.74146, 37.746576 43.686413)",TRCF015,#16,TRCS105,257,283,300,75,85,90,180,180,180,3,20,29.2,28.4,17,17.1,17.6,496,498,514,0.25,1,0.625,0.5,0.0022,-2375,37.5,33,RL,INT,Leonard2014_Interplate,SS,L,6.41,6.46,6.68,6.99,7.09,15.612,16.2295,16.0116,15.9147
efsm20_cf_top.590,"LINESTRING (41.382034 42.552058, 41.41021 42.593944, 41.438392 42.63584, 41.466581 42.677746, 41.494777 42.719662, 41.52298 42.761589, 41.55119 42.803526)",TRCF016,#16,TRCS116,50,50,50,75,85,90,0,0,0,3,10,28.2,28.2,7,7,7.3,197,198,204,0.1,1,0.55,0.3162,0,-1972,41,33,LL,INT,Leonard2014_Interplate,SS,W,5.7,5.7,5.84,6.15,6.25,14.8132,15.8287,15.5552,15.3148
efsm20_cf_top.591,"LINESTRING (41.440602 42.580701, 41.469139 42.627924, 41.497148 42.675728, 41.52395 42.72477, 41.55527 42.768796, 41.589092 42.809446)",TRCF017,#16,TRCS118,43,51,55,75,85,90,0,0,0,1,20,25.3,25.2,19,19.1,19.7,480,482,498,0.1,1,0.55,0.3162,0.0003,-1768,41,33,LL,INT,Leonard2014_Interplate,SS,L,6.4,6.45,6.67,6.98,7.08,15.2,16.2155,15.942,15.7016
efsm20_cf_top.592,"LINESTRING (40.971608 41.600146, 40.927531 41.578913, 40.884955 41.558405, 40.842401 41.537832, 40.801217 41.512874, 40.763432 41.479854, 40.729618 41.440048, 40.705702 41.389275, 40.68192 41.338412, 40.658421 41.287338, 40.635343 41.23595, 40.613241 41.183838, 40.589684 41.132863, 40.562425 41.085212, 40.532999 41.039872, 40.49798 41.002057, 40.467719 40.95772, 40.454758 40.900659, 40.442496 40.843342, 40.432361 40.78532, 40.421451 40.727551, 40.407904 40.670765, 40.395975 40.613366, 40.390497 40.554312, 40.385725 40.495156, 40.384119 40.435709, 40.380496 40.37642, 40.366657 40.31979, 40.352919 40.263129, 40.33979 40.20623, 40.326682 40.149334, 40.313716 40.092394, 40.300702 40.035484, 40.287204 39.978779, 40.273711 39.922084, 40.260248 39.865387, 40.246905 39.808652, 40.235952 39.751055, 40.224999 39.693466, 40.214048 39.635887, 40.203098 39.578316)",TRCF018,#16,TRCS120,198,242,267,85,87,90,0,0,0,0,20,201.7,190.9,20,20,20.1,4034,4040,4049,1.1335,3.4665,2.3,1.9823,0.0028,-1581,45,33,LL,INT,Leonard2014_Interplate,SS,L,7.3,7.35,7.57,7.88,7.98,17.1787,17.6658,17.4866,17.422
efsm20_cf_top.593,"LINESTRING (41.301347 43.080103, 41.259965 43.042523, 41.220808 43.000961, 41.19099 42.947448, 41.164168 42.891228, 41.141016 42.831678)",TRCF019,#16,TRCS124,216,231,244,85,87,90,0,0,0,0,20,27.9,27.4,20,20,20.1,558,559,560,1,2,1.5,1.4142,0.001,-1981,42,33,LL,INT,Leonard2014_Interplate,SS,L,6.46,6.51,6.73,7.04,7.14,16.2651,16.5678,16.4418,16.4162
efsm20_cf_top.594,"LINESTRING (39.312854 41.157043, 39.280641 41.195669, 39.248331 41.233826, 39.212762 41.266779, 39.181254 41.306004, 39.162052 41.356755, 39.144865 41.40868)",TRCF01A,#16,TRCS126,112,129,143,63,72,81,165,165,165,5,20,29.2,28.6,15.2,15.8,16.8,444,461,490,0.25,5,2.625,1.118,0.0065,-1750,46,33,RL,INT,Leonard2014_Interplate,SS,L,6.37,6.42,6.64,6.95,7.05,15.5642,16.9081,16.6013,16.2306
efsm20_cf_top.595,"LINESTRING (37.150948 44.329782, 37.197174 44.330046, 37.241959 44.329797, 37.284332 44.311574, 37.315252 44.270844, 37.346197 44.230128, 37.377226 44.189495, 37.408228 44.148813, 37.438982 44.107818, 37.469743 44.066815, 37.500508 44.025799, 37.531179 43.984654, 37.56184 43.94348, 37.591565 43.901212, 37.600413 43.845803, 37.585056 43.792707, 37.558902 43.746837, 37.532754 43.700979, 37.507 43.654781, 37.505602 43.598353, 37.510093 43.542181, 37.514584 43.486005, 37.519123 43.429832, 37.527165 43.374281, 37.544048 43.321969, 37.560933 43.269646, 37.577821 43.217313, 37.594714 43.16497, 37.611609 43.112616, 37.628508 43.060252, 37.645409 43.007878, 37.662315 42.955494, 37.679223 42.9031)",TRCF01B,#16,TRCS129,235,296,1,40,48,56,65,97,129,0,20,159.5,139,24.1,26.9,31.1,3848,4293,4963,3.3,4.1,3.7,3.6783,0.086,-2206,37,33,R,INT,Leonard2014_Interplate,DS,W,6.94,6.99,7.21,7.52,7.62,17.6223,17.8271,17.7195,17.7169
efsm20_cf_top.596,"LINESTRING (37.707164 42.859114, 37.731362 42.810347, 37.755001 42.76271, 37.778645 42.715062, 37.802294 42.667402, 37.825949 42.619732, 37.833797 42.564309, 37.839039 42.508391, 37.851477 42.454321, 37.865242 42.400759, 37.879654 42.34746, 37.896302 42.295206, 37.913839 42.24341, 37.93834 42.196359, 37.962846 42.149297, 37.983384 42.099259, 38.00121 42.047561, 38.016053 41.994356, 38.033319 41.94233, 38.052459 41.891359, 38.079185 41.846209, 38.100657 41.796725, 38.123986 41.748605, 38.139555 41.695645, 38.155863 41.643034, 38.174014 41.591395, 38.184437 41.536397, 38.194626 41.48132, 38.217936 41.433123, 38.242682 41.386082, 38.267562 41.339139, 38.284171 41.286587, 38.298426 41.232915, 38.312683 41.179233)",TRCF01C,#16,TRCS130,278,296,309,40,52,65,85,104,123,1,20,163.3,161.8,21,24.1,29.6,3424,3938,4827,1,2,1.5,1.4142,0.0055,-1264,40.5,33,R,INT,Leonard2014_Interplate,DS,W,6.82,6.87,7.09,7.4,7.5,17.053,17.5032,17.2898,17.2642
efsm20_cf_top.597,"LINESTRING (38.364194 41.374077, 38.367457 41.317676, 38.384765 41.264417, 38.409018 41.215753, 38.428319 41.163589, 38.44698 41.111034, 38.465699 41.058499, 38.485682 41.006715, 38.505669 40.954918, 38.497416 40.898135, 38.501528 40.840621, 38.50216 40.782872, 38.487893 40.728076, 38.474474 40.672941, 38.464333 40.616683, 38.479816 40.562443, 38.499996 40.510773)",TRCF01D,#16,TRCS131,251,280,301,45,55,65,124,127.5,131,1,20,80.3,76.7,21,23.2,26.9,1684,1863,2158,1,2,1.5,1.4142,0.0258,-1077,43,33,R,INT,Leonard2014_Interplate,DS,W,6.78,6.83,7.05,7.36,7.46,16.7448,17.1536,16.9648,16.9392
efsm20_cf_top.598,"LINESTRING (38.460192 40.555737, 38.446421 40.502848, 38.459437 40.446973, 38.477677 40.393523, 38.488698 40.336928, 38.489159 40.278608, 38.476343 40.222635, 38.463206 40.166793, 38.452122 40.110238, 38.440812 40.053767, 38.429479 39.997312)",TRCF01E,#16,TRCS132,251,265,293,40,50,61,58,58,58,0,20,50.5,48.8,23,26.1,31.4,1161,1319,1589,1,2,1.5,1.4142,0.0227,-1029,41.5,33,R,INT,Leonard2014_Interplate,DS,L,6.83,6.88,7.1,7.41,7.51,16.5835,17.0207,16.815,16.7894
efsm20_cf_top.599,"LINESTRING (38.432095 39.956225, 38.419217 39.904408, 38.405667 39.850117, 38.387045 39.798342, 38.361244 39.751866, 38.337038 39.704029, 38.314285 39.655063, 38.292921 39.605106, 38.272168 39.554747, 38.252401 39.503763, 38.234389 39.451747, 38.21988 39.397996, 38.221256 39.341194, 38.237185 39.288098, 38.231652 39.231695, 38.216968 39.178025, 38.213023 39.121422, 38.200972 39.066713, 38.185515 39.013419, 38.162544 38.964719, 38.140414 38.915409, 38.120747 38.864453, 38.101374 38.81333, 38.083051 38.761598, 38.064654 38.709922, 38.045888 38.658473, 38.027113 38.607043, 38.008262 38.55567, 37.990537 38.503669, 37.986956 38.447203, 37.983496 38.390728, 37.983307 38.334084, 37.9833 38.277438, 37.995719 38.223023)",TRCF01F,#16,TRCS133,234,252,291,45,47,50,58,67.5,77,0,20,163.6,159,26.1,27.3,28.3,4271,4474,4627,0.7,1,0.85,0.8367,0.0192,-1242,38,33,R,INT,Leonard2014_Interplate,DS,W,6.96,7.01,7.23,7.54,7.64,16.9942,17.1838,17.0986,17.0918
efsm20_cf_top.600,"LINESTRING (38.493382 41.853973, 38.499681 41.795438, 38.512096 41.738515, 38.526372 41.682296, 38.548086 41.630099, 38.562232 41.5738, 38.573715 41.516509, 38.592422 41.462408, 38.610876 41.408153, 38.646328 41.370145, 38.66968 41.319032, 38.692319 41.267379, 38.716832 41.217131, 38.735557 41.162932, 38.758294 41.111303, 38.785382 41.063231, 38.81265 41.015308, 38.840961 40.965552)",TRCF01G,#16,TRCS134,276,295,319,85,87,90,180,180,180,1,20,87.6,86.3,19,19,19.1,1665,1667,1671,1,3,2,1.7321,0.0008,-1707,44,33,RL,INT,Leonard2014_Interplate,SS,L,6.94,6.99,7.21,7.52,7.62,16.7398,17.2186,17.0414,16.979
efsm20_cf_top.601,"LINESTRING (38.195854 35.249559, 38.154495 35.22712, 38.11313 35.204677, 38.071769 35.182235, 38.029409 35.16305, 37.986554 35.145737, 37.943167 35.130718, 37.899546 35.116831, 37.857167 35.097758, 37.81543 35.076541, 37.774675 35.052467, 37.734307 35.027389, 37.690555 35.014225, 37.646204 35.004803, 37.602991 34.989064, 37.560148 34.971804, 37.51552 34.964781, 37.476329 34.936973, 37.437435 34.908523, 37.397137 34.88338, 37.35978 34.851866, 37.326433 34.813907, 37.289654 34.781363, 37.246761 34.764373)",TRCF01H,#16,TRCS136,186,201,221,75,85,90,-16,-16,-16,0,18,115,113.8,18,18.1,18.7,2070,2078,2145,0.1,1,0.55,0.3162,0.0009,-1594,35,33,LL,INT,Leonard2014_Interplate,SS,L,7.03,7.08,7.3,7.61,7.71,15.8346,16.85,16.5766,16.3362
efsm20_cf_top.602,"LINESTRING (39.162563 33.334647, 39.128751 33.378326, 39.09574 33.418089, 39.052041 33.432881, 39.009009 33.450613, 38.981096 33.496329, 38.952292 33.541102, 38.91561 33.575015, 38.877748 33.606698, 38.833165 33.616118, 38.788984 33.628266, 38.751472 33.660572, 38.713966 33.692873, 38.676466 33.725169, 38.638972 33.75746, 38.601487 33.789752, 38.564116 33.822241, 38.527547 33.856174, 38.491273 33.8906, 38.457119 33.928386, 38.422972 33.966164, 38.388829 34.00393, 38.354531 34.041446, 38.319181 34.077321, 38.283738 34.11303, 38.247664 34.147683, 38.211596 34.182329, 38.175534 34.216969, 38.139479 34.251603, 38.103426 34.286222, 38.067084 34.32033, 38.029079 34.351361, 37.992946 34.385794, 37.970076 34.435231, 37.947294 34.484719, 37.922179 34.532342, 37.885506 34.565793, 37.851783 34.603887, 37.834329 34.656661)",TRCF01I,#16,TRCS138,112,141,170,53,60,67,-169,180,169,1,15,191.2,187.2,15.2,16.2,17.6,2904,3091,3361,0.25,1.5,0.875,0.6124,0.0105,-1157,35.5,33,RL,INT,Leonard2014_Interplate,SS,W,6.48,6.53,6.75,7.06,7.16,16.3794,17.2211,16.9506,16.7957
efsm20_cf_top.603,"LINESTRING (38.948178 40.404878, 38.915694 40.443909, 38.883218 40.482932, 38.847821 40.517491, 38.812422 40.552042)",TRCF01J,#16,TRCS139,136,139,142,75,85,90,180,180,180,0,20,19.8,19.8,20,20.1,20.7,396,397,410,0.5,2,1.25,1,0.0001,-1295,44,33,RL,INT,Leonard2014_Interplate,SS,L,6.32,6.37,6.59,6.9,7,15.8147,16.4322,16.2143,16.1174
efsm20_cf_top.604,"LINESTRING (39.048813 40.096277, 39.028906 40.152589, 39.018859 40.21308, 39.005963 40.272658, 38.987612 40.329804, 38.974155 40.38915, 38.964588 40.450021)",TRCF01K,#16,TRCS140,101,106,114,75,85,90,180,180,180,0,20,32.1,32,20,20.1,20.7,642,644,665,0.25,5,2.625,1.118,0.0003,-1646,43.5,33,RL,INT,Leonard2014_Interplate,SS,L,6.53,6.58,6.8,7.11,7.21,15.7238,17.0403,16.7467,16.376
efsm20_cf_top.605,"LINESTRING (38.938251 40.590303, 38.966426 40.539309, 38.999127 40.493479, 39.028759 40.444294, 39.048716 40.387584, 39.063671 40.32836)",TRCF01L,#16,TRCS146,287,301,312,74,84,90,180,180,180,2,20,26.9,26.6,18,18.1,18.7,485,487,504,0.5,2,1.25,1,0.0013,-1649,44,33,RL,INT,Leonard2014_Interplate,SS,L,6.4,6.45,6.67,6.98,7.08,15.9028,16.5222,16.3031,16.2062
efsm20_cf_top.606,"LINESTRING (39.156736 40.861286, 39.208026 40.866679, 39.257919 40.869315, 39.299501 40.833596, 39.34109 40.79787)",TRCF01M,#16,TRCS149,325,344,3,47,60,73,-90,-90,-90,2,20,22.4,21.2,18.9,20.8,24.5,422,465,547,0.55,2,1.275,1.0488,0.026,-2126,46,33,N,INT,Leonard2014_Interplate,DS,L,6.37,6.42,6.64,6.95,7.05,15.8843,16.5577,16.2916,16.2068
efsm20_cf_top.607,"LINESTRING (38.525751 40.792545, 38.538477 40.73668, 38.551206 40.680806, 38.565565 40.625572, 38.586245 40.573705, 38.61247 40.526103, 38.636371 40.476522, 38.657166 40.424681, 38.677944 40.372885)",TRCF01N,#16,TRCS151,285,294,304,75,85,90,180,180,180,0,20,40.5,40.2,20,20.1,20.7,810,813,839,0.7,1,0.85,0.8367,0.0006,-1294,43.5,33,RL,INT,Leonard2014_Interplate,SS,L,6.63,6.68,6.9,7.21,7.31,16.2719,16.4423,16.3579,16.3511
efsm20_cf_top.608,"LINESTRING (39.16497 40.671889, 39.153129 40.614341, 39.1229 40.569908, 39.085659 40.53546, 39.056155 40.490265)",TRCF01O,#16,TRCS152,215,231,254,75,85,90,-10,0,10,2,20,20.4,19.8,18,18.1,18.7,368,369,381,0.5,1.5,1,0.866,0.0027,-1892,45,33,LL,INT,Leonard2014_Interplate,SS,L,6.27,6.32,6.54,6.85,6.95,15.7829,16.2755,16.0856,16.0231
efsm20_cf_top.609,"LINESTRING (39.337984 40.704929, 39.30405 40.665456, 39.269917 40.626293, 39.235452 40.587635, 39.202005 40.547533, 39.170643 40.504739)",TRCF01P,#16,TRCS155,220,222,226,70,75,80,0,0,0,2,20,25.4,25.4,18.3,18.6,19.2,464,473,486,0.5,1.5,1,0.866,0.0002,-1963,45,33,LL,INT,Leonard2014_Interplate,SS,L,6.39,6.44,6.66,6.97,7.07,15.8839,16.3814,16.1933,16.1309
efsm20_cf_top.610,"LINESTRING (39.166092 40.498497, 39.14556 40.44788, 39.125172 40.397291, 39.105152 40.346471, 39.086758 40.294656, 39.081906 40.238031, 39.077055 40.18141)",TRCF01Q,#16,TRCS156,241,249,263,45,62,80,-10,0,10,2,20,29.5,29.1,18.3,20.4,25.5,539,602,751,0.5,2,1.25,1,0.0067,-1798,44,33,LL,INT,Leonard2014_Interplate,SS,L,6.49,6.54,6.76,7.07,7.17,15.9494,16.6953,16.3947,16.2978
efsm20_cf_top.611,"LINESTRING (39.272602 38.872622, 39.280075 38.931757, 39.300804 38.985368, 39.322836 39.03812, 39.345186 39.090666, 39.367565 39.143208, 39.388128 39.196993, 39.408584 39.250863, 39.427739 39.305543, 39.446842 39.360268, 39.462978 39.416586, 39.479043 39.472952, 39.497388 39.528151, 39.515597 39.583441, 39.52346 39.642698, 39.534101 39.701229, 39.548146 39.759184)",TRCF01R,#16,TRCS160,61,68,81,45,62,80,-16,30,76,0,15,82.6,82.1,15.2,17,21.2,1258,1403,1752,2,2.5,2.25,2.2361,0.0027,-2117,45,33,LL,INT,Leonard2014_Interplate,SS,W,6.53,6.58,6.8,7.11,7.21,16.9191,17.1599,17.0177,17.015
efsm20_cf_top.612,"LINESTRING (39.477716 38.383014, 39.441003 38.416352, 39.398132 38.419725, 39.355701 38.411099, 39.312773 38.412961, 39.269935 38.416988, 39.227364 38.409633, 39.184947 38.400918, 39.143871 38.384727)",TRCF01S,#16,TRCS164,145,180,197,75,85,90,16,16,16,0,20,38.4,37.1,20,20.1,20.7,768,771,796,2,2.5,2.25,2.2361,0.0029,-1482,44,33,LL,INT,Leonard2014_Interplate,SS,L,6.59,6.64,6.86,7.17,7.27,16.7051,16.8175,16.7579,16.7552
efsm20_cf_top.613,"LINESTRING (39.09835 38.385133, 39.063656 38.34587, 39.029235 38.307884, 38.986686 38.287751, 38.944121 38.267683, 38.90133 38.248442, 38.858462 38.229495, 38.814622 38.214674, 38.770793 38.199807, 38.727115 38.18424, 38.683479 38.168488, 38.640607 38.149612, 38.5979 38.130149, 38.559104 38.100147, 38.520179 38.070437, 38.478717 38.047011, 38.437272 38.023548, 38.396165 37.999148, 38.355062 37.974751, 38.313963 37.950357, 38.272891 37.925902, 38.232663 37.899287, 38.192582 37.872327, 38.160314 37.831822, 38.128155 37.791192, 38.102401 37.743774, 38.076719 37.696308, 38.057035 37.644437, 38.037329 37.592593, 38.013398 37.543715, 37.989473 37.494848)",TRCF01T,#16,TRCS165,195,213,245,85,87,90,-16,1,18,0,20,151.3,145.6,20,20,20.1,3026,3031,3038,2,2.5,2.25,2.2361,0.002,-1353,38,33,LL,INT,Leonard2014_Interplate,SS,L,7.18,7.23,7.45,7.76,7.86,17.3005,17.399,17.3522,17.3495
efsm20_cf_top.614,"LINESTRING (39.230488 38.958503, 39.223584 38.901635, 39.213596 38.845908, 39.194206 38.794486, 39.183236 38.739092, 39.174609 38.68302, 39.169154 38.626294, 39.166593 38.569233, 39.159165 38.51289, 39.138865 38.462098, 39.118568 38.411318)",TRCF01U,#16,TRCS166,243,255,267,45,62,80,-11,-5.5,0,2,20,49.3,48.8,18.3,20.4,25.5,901,1005,1255,1,3,2,1.7321,0.005,-1607,43.5,33,LL,INT,Leonard2014_Interplate,SS,L,6.72,6.77,6.99,7.3,7.4,16.4733,17.0943,16.8218,16.7593
efsm20_cf_top.615,"LINESTRING (39.39373 37.043366, 39.381024 36.988428, 39.368321 36.933499, 39.355619 36.87858, 39.336861 36.826654, 39.314168 36.77744, 39.290921 36.728676, 39.267146 36.680356, 39.246675 36.62959, 39.230935 36.576097, 39.21608 36.522196, 39.202959 36.46756, 39.189531 36.41306, 39.175173 36.358965, 39.161425 36.304618, 39.150844 36.249114, 39.140359 36.193589, 39.130967 36.137748, 39.121577 36.081913, 39.095373 36.035848, 39.068954 35.990005, 39.042391 35.944317, 39.015285 35.897741)",TRCF01V,#16,TRCS169,235,249,260,70,72,75,-28,-22,-16,0,18,108.5,107.3,18.6,18.9,19.2,2022,2054,2079,0.2,0.4,0.3,0.2828,0.0035,-1478,37,33,LL,INT,Leonard2014_Interplate,SS,L,7.03,7.08,7.3,7.61,7.71,16.1254,16.4384,16.3082,16.2826
efsm20_cf_top.616,"LINESTRING (39.406271 37.086328, 39.421077 37.141417, 39.435691 37.195793, 39.450206 37.250225, 39.46469 37.304682, 39.475472 37.360572, 39.4863 37.416455, 39.502566 37.470088, 39.518697 37.523803, 39.513488 37.581051, 39.508288 37.638296, 39.504455 37.69572, 39.500661 37.753144, 39.507269 37.810139, 39.513886 37.867138, 39.52539 37.922825, 39.536895 37.978522)",TRCF01W,#16,TRCS170,70,80,98,75,80,85,-16,-16,-16,0,18,79.2,77.9,18.1,18.3,18.6,1431,1447,1476,0.2,0.4,0.3,0.2828,0.0027,-1625,40.5,33,LL,INT,Leonard2014_Interplate,SS,L,6.87,6.92,7.14,7.45,7.55,15.9751,16.2895,16.1562,16.1306
efsm20_cf_top.617,"LINESTRING (39.878689 36.236499, 39.859457 36.182927, 39.840231 36.129382, 39.819799 36.076617, 39.799366 36.023869, 39.772656 35.976125, 39.745952 35.928393)",TRCF01X,#16,TRCS175,236,243,247,75,85,90,-16,-16,-16,2,18,30.3,30.2,16,16.1,16.6,484,486,502,0.2,0.4,0.3,0.2828,0.0003,-1311,39.5,33,LL,INT,Leonard2014_Interplate,SS,L,6.41,6.46,6.68,6.99,7.09,15.5048,15.8213,15.6825,15.6569
efsm20_cf_top.618,"LINESTRING (39.711562 35.832207, 39.689289 35.786765, 39.667051 35.741386, 39.647878 35.693719, 39.631755 35.644194, 39.615638 35.594678)",TRCF01Y,#16,TRCS177,236,241,245,75,85,90,-16,-16,-16,2,18,23,23,16,16.1,16.6,368,370,382,0.2,0.4,0.3,0.2828,0.0002,-1315,38,33,LL,INT,Leonard2014_Interplate,SS,L,6.29,6.34,6.56,6.87,6.97,15.3859,15.7024,15.5636,15.538
efsm20_cf_top.619,"LINESTRING (38.044905 35.138286, 38.090396 35.133256, 38.134632 35.128365, 38.178868 35.123474, 38.223101 35.118533, 38.266908 35.109308, 38.31071 35.100036, 38.354252 35.088953, 38.397767 35.07769, 38.441656 35.0691, 38.485649 35.061426, 38.527046 35.081946, 38.564702 35.112032, 38.602363 35.142122, 38.640003 35.172272, 38.673487 35.209617, 38.703277 35.251801, 38.731074 35.296177, 38.75661 35.342751, 38.782151 35.389337, 38.807698 35.435934, 38.833252 35.482541, 38.858812 35.52916, 38.884378 35.57579, 38.909951 35.62243, 38.935528 35.669083, 38.961112 35.715746, 38.986703 35.76242)",TRCF01Z,#16,TRCS179,347,26,53,62,70,78,-19,-19,-19,0,18,133.4,118,18.4,19.2,20.5,2452,2556,2731,0.4928,1.5072,1,0.8619,0.0397,-1302,36,33,LL,INT,Leonard2014_Interplate,SS,L,7.07,7.12,7.34,7.65,7.75,16.6007,17.133,16.9261,16.8616
efsm20_cf_top.620,"LINESTRING (38.968269 35.905607, 38.934857 35.860968, 38.901452 35.81634, 38.868056 35.771722, 38.834668 35.727115, 38.801288 35.682519, 38.767916 35.637934, 38.734553 35.59336)",TRCF020,#16,TRCS181,224,224,225,70,80,90,-10,0,10,0,18,37.5,37.5,18,18.3,19.1,675,685,717,0.2,0.4,0.3,0.2828,0,-1282,36.5,33,LL,INT,Leonard2014_Interplate,SS,L,6.56,6.61,6.83,7.14,7.24,15.6489,15.9758,15.8316,15.806
efsm20_cf_top.621,"LINESTRING (38.730685 34.876773, 38.748051 34.932156, 38.76542 34.987552, 38.782793 35.042959, 38.80017 35.098378, 38.81755 35.153811)",TRCF021,#16,TRCS182,67,67,67,75,85,90,-10,0,10,2,18,25.9,25.9,16,16.1,16.6,414,416,429,0.2,0.4,0.3,0.2828,0,-1077,36,33,LL,INT,Leonard2014_Interplate,SS,L,6.34,6.39,6.61,6.92,7.02,15.4367,15.7532,15.6145,15.5888
efsm20_cf_top.622,"LINESTRING (38.891168 35.107896, 38.888826 35.165793, 38.886613 35.223682, 38.896526 35.280227, 38.906441 35.33678)",TRCF022,#16,TRCS183,76,84,92,75,85,90,-10,0,10,2,18,20.1,19.9,16,16.1,16.6,321,322,333,0.2,0.4,0.3,0.2828,0.0008,-1126,36,33,LL,INT,Leonard2014_Interplate,SS,L,6.22,6.27,6.49,6.8,6.9,15.3261,15.6426,15.5039,15.4783
efsm20_cf_top.623,"LINESTRING (39.600908 31.002339, 39.583397 31.054798, 39.56589 31.107247, 39.548387 31.159684, 39.530887 31.21211, 39.513392 31.264525, 39.495899 31.31693)",TRCF023,#16,TRCS198,114,115,115,49,56,63,-145,-137.5,-130,0,15,29.4,29.4,16.9,18.1,19.8,496,532,582,1,1.3,1.15,1.1402,0,-1013,46.5,33,RL,INT,Leonard2014_Interplate,SS,L,6.45,6.5,6.72,7.03,7.13,16.214,16.3972,16.305,16.3012
efsm20_cf_top.624,"LINESTRING (39.668302 30.712493, 39.683678 30.658052, 39.698847 30.60361, 39.713714 30.549016, 39.731971 30.496175, 39.751342 30.443995, 39.76676 30.389618, 39.78173 30.335018, 39.807519 30.287733, 39.816499 30.230922, 39.81449 30.172977, 39.81087 30.115166, 39.811888 30.057179, 39.82531 30.001867, 39.838734 29.946545, 39.852161 29.891213)",TRCF024,#16,TRCS199,267,288,307,62,70,78,-146,-146,-146,0,15,74.3,73.1,15.3,16,17.1,1138,1186,1267,1,1.3,1.15,1.1402,0.0055,-961,44.5,33,RL,INT,Leonard2014_Interplate,SS,W,6.46,6.51,6.73,7.04,7.14,16.5747,16.7354,16.6534,16.6497
efsm20_cf_top.625,"LINESTRING (38.114709 31.651974, 38.149875 31.618306, 38.185054 31.584625, 38.220235 31.550931, 38.255415 31.517219, 38.290601 31.483501, 38.325149 31.448717, 38.359543 31.413669, 38.394964 31.380308, 38.427676 31.342695, 38.456597 31.300305, 38.48269 31.255008, 38.511272 31.212215, 38.538377 31.167862, 38.562681 31.120916, 38.586991 31.073959)",TRCF025,#16,TRCS204,305,317,325,32,40,48,-68,-68,-68,1,15,73.4,72.8,18.7,21.8,26.7,1375,1600,1962,3,3.4,3.2,3.1937,0.0068,-1308,45,33,N,INT,Leonard2014_Interplate,DS,W,6.71,6.76,6.98,7.29,7.39,17.1339,17.3427,17.2276,17.2268
efsm20_cf_top.626,"LINESTRING (38.585564 31.074405, 38.593741 31.013705, 38.60011 30.952624, 38.612589 30.893097)",TRCF026,#16,TRCS205,279,282,286,43,54,65,-51,-51,-51,1,15,16.1,16,15.4,17.3,20.7,247,278,332,1.5,2,1.75,1.7321,0.0009,-1098,45.5,33,N,INT,Leonard2014_Interplate,DS,L,6.17,6.22,6.44,6.75,6.85,16.0881,16.3405,16.2056,16.2011
efsm20_cf_top.627,"LINESTRING (38.66462 30.239809, 38.70053 30.208466, 38.730518 30.16828, 38.752613 30.120407, 38.767435 30.068112, 38.773583 30.013024, 38.782164 29.958469, 38.784561 29.902895, 38.7858 29.847258, 38.786834 29.791613)",TRCF027,#16,TRCS206,273,291,327,70,80,90,-140,-140,-140,1,15,43.4,41.2,14,14.2,14.9,608,617,647,2.5,3,2.75,2.7386,0.009,-1292,46.5,33,RL,INT,Leonard2014_Interplate,SS,W,6.34,6.39,6.61,6.92,7.02,16.7003,16.8065,16.7484,16.7466
efsm20_cf_top.628,"LINESTRING (38.840783 29.57465, 38.827369 29.624849, 38.810818 29.673469, 38.790682 29.719797, 38.749395 29.717121, 38.711821 29.695024, 38.709702 29.693778)",TRCF028,#16,TRCS207,107,143,203,70,80,90,-160,180,160,0,15,23.2,17.9,15,15.2,16,349,354,371,2.5,3,2.75,2.7386,0.0402,-1128,46.5,33,RL,INT,Leonard2014_Interplate,SS,L,6.15,6.2,6.42,6.73,6.83,16.4588,16.565,16.5069,16.5051
efsm20_cf_top.629,"LINESTRING (38.953657 29.602678, 38.957829 29.55024, 38.958264 29.496018, 38.95132 29.442536, 38.9609 29.389729, 38.990419 29.350998, 39.032552 29.34885, 39.074621 29.352546, 39.108405 29.320038)",TRCF029,#16,TRCS208,259,304,2,55,60,65,-90,-90,-90,0,15,37.4,29.9,16.6,17.3,18.3,619,647,684,1.5,2,1.75,1.7321,0.1005,-1034,47.5,33,N,INT,Leonard2014_Interplate,DS,L,6.44,6.49,6.71,7.02,7.12,16.486,16.6549,16.5727,16.5683
efsm20_cf_top.630,"LINESTRING (38.862629 29.57465, 38.884211 29.523527, 38.905799 29.472392, 38.917845 29.416302, 38.935039 29.362463, 38.959073 29.313124, 38.983113 29.263773, 39.007158 29.21441, 39.027844 29.162573, 39.047232 29.109897, 39.066624 29.057209, 39.08354 29.003109, 39.098264 28.947943, 39.112991 28.892767, 39.125143 28.83655, 39.134053 28.779325, 39.142964 28.722092, 39.152834 28.665114, 39.163048 28.608227, 39.174263 28.551648, 39.186499 28.495412, 39.198738 28.439157)",TRCF02A,#16,TRCS209,280,290,301,80,85,90,-165,180,165,1,15,105.7,105,14,14.1,14.2,1480,1486,1503,2.5,3,2.75,2.7386,0.0006,-941,47.5,33,RL,INT,Leonard2014_Interplate,SS,W,6.32,6.37,6.59,6.9,7,17.0868,17.1726,17.1298,17.128
efsm20_cf_top.631,"LINESTRING (38.606939 31.458348, 38.629286 31.51133, 38.659056 31.557967, 38.692346 31.600546, 38.726524 31.641971, 38.766842 31.672716)",TRCF02B,#16,TRCS212,32,47,63,40,50,61,-118,-104,-90,0,10,26.1,25.7,11.5,13.1,15.7,300,341,411,0.4,0.5,0.45,0.4472,0.0099,-1113,45.5,33,N,INT,Leonard2014_Interplate,DS,W,6.15,6.2,6.42,6.73,6.83,15.5982,15.8313,15.7048,15.7021
efsm20_cf_top.632,"LINESTRING (38.840143 31.470361, 38.794445 31.451018, 38.753488 31.418623, 38.715702 31.38043, 38.675555 31.346445, 38.635233 31.313154)",TRCF02C,#16,TRCS213,199,212,219,40,50,61,-90,-90,-90,0,10,26.7,26.6,11.5,13.1,15.7,307,349,420,0.4,0.5,0.45,0.4472,0.0044,-1184,46,33,N,INT,Leonard2014_Interplate,DS,W,6.15,6.2,6.42,6.73,6.83,15.608,15.8411,15.7146,15.7119
efsm20_cf_top.633,"LINESTRING (38.724009 31.205803, 38.768171 31.233968, 38.804936 31.277664, 38.843552 31.318669, 38.883546 31.357461, 38.921624 31.399333)",TRCF02D,#16,TRCS215,28,38,44,40,50,61,-90,-90,-90,0,6,27.8,27.6,6.9,7.8,9.4,191,218,262,0.4,0.5,0.45,0.4472,0.0032,-1305,46,33,N,INT,Leonard2014_Interplate,DS,W,5.7,5.7,5.87,6.18,6.28,15.4027,15.6358,15.5093,15.5066
efsm20_cf_top.634,"LINESTRING (38.81975 31.028893, 38.776378 31.023663, 38.734092 31.010227, 38.705014 30.968649, 38.703761 30.912849, 38.711371 30.857881, 38.721832 30.803681, 38.732363 30.749495, 38.74398 30.695668, 38.758573 30.64296)",TRCF02E,#16,TRCS223,187,260,291,50,60,70,-90,-90,-90,0,13,43.6,34.1,13.8,15,17,603,655,740,1.5,1.8,1.65,1.6432,0.1086,-1065,46,33,N,INT,Leonard2014_Interplate,DS,W,6.3,6.35,6.57,6.88,6.98,16.4751,16.643,16.5519,16.5501
efsm20_cf_top.635,"LINESTRING (38.910342 30.226033, 38.883834 30.275698, 38.842807 30.304802, 38.83905 30.364783, 38.84074 30.424919, 38.800282 30.455289, 38.758919 30.486338)",TRCF02F,#16,TRCS226,90,128,153,50,60,70,-90,-90,-90,0,13,31.4,28.1,13.8,15,17,434,471,533,1.5,1.8,1.65,1.6432,0.0517,-1184,46.5,33,N,INT,Leonard2014_Interplate,DS,W,6.3,6.35,6.57,6.88,6.98,16.3323,16.5002,16.4092,16.4074
efsm20_cf_top.636,"LINESTRING (39.247709 28.059843, 39.237535 28.11358, 39.233811 28.168323, 39.232775 28.223257, 39.235124 28.278125, 39.223672 28.331047, 39.214502 28.384696, 39.208934 28.439157)",TRCF02G,#16,TRCS231,86,97,105,80,85,90,-165,180,165,0,15,33.2,33,15,15.1,15.2,497,499,505,2.5,3,2.75,2.7386,0.0005,-480,47.5,33,RL,INT,Leonard2014_Interplate,SS,W,6.4,6.45,6.67,6.98,7.08,16.6132,16.699,16.6562,16.6544
efsm20_cf_top.637,"LINESTRING (39.687581 27.553247, 39.659777 27.507333, 39.631982 27.461433, 39.609034 27.411236, 39.596386 27.355236, 39.581901 27.300001, 39.568581 27.244286, 39.559373 27.187198, 39.550167 27.130117, 39.535981 27.074789, 39.514191 27.023799)",TRCF02H,#16,TRCS234,231,247,258,62,70,78,-166,-166,-166,1,15,50,49.3,14.3,14.9,15.9,715,745,796,1,1.5,1.25,1.2247,0.0048,-306,41.5,33,RL,INT,Leonard2014_Interplate,SS,W,6.39,6.44,6.66,6.97,7.07,16.3725,16.5954,16.4875,16.4786
efsm20_cf_top.638,"LINESTRING (40.38273 32.494919, 40.385718 32.437576, 40.388706 32.380231, 40.391694 32.322883, 40.394681 32.265531)",TRCF02I,#16,TRCS241,274,274,274,62,70,78,-38,-38,-38,1,15,19.5,19.5,14.3,14.9,15.9,278,290,310,0.7,1,0.85,0.8367,0,-1163,41.5,33,LL,INT,Leonard2014_Interplate,SS,L,6.18,6.23,6.45,6.76,6.86,15.8081,16.0098,15.9105,15.9037
efsm20_cf_top.639,"LINESTRING (40.073501 33.405085, 40.118013 33.387526, 40.164063 33.395922, 40.210508 33.398717, 40.256494 33.407688, 40.301664 33.422129, 40.345926 33.440802, 40.386853 33.469755, 40.427718 33.498875, 40.47016 33.523824, 40.516522 33.52843, 40.562884 33.533035, 40.608638 33.543918, 40.653086 33.561895, 40.697165 33.579723)",TRCF02J,#16,TRCS245,343,12,28,62,70,78,-38,-38,-38,1,15,72.3,70.9,14.3,14.9,15.9,1034,1078,1151,1,1.2,1.1,1.0954,0.0068,-995,38,33,LL,INT,Leonard2014_Interplate,SS,W,6.39,6.44,6.66,6.97,7.07,16.533,16.6589,16.5924,16.5906
efsm20_cf_top.640,"LINESTRING (39.429903 33.148953, 39.466944 33.186149, 39.511503 33.205001, 39.55607 33.223834, 39.600639 33.242668, 39.645311 33.261547)",TRCF02K,#16,TRCS252,18,22,38,77,87,90,0,0,0,1,15,26.1,25.8,14,14,14.4,365,366,375,0.327,1,0.6635,0.5718,0.0005,-1084,38,33,LL,INT,Leonard2014_Interplate,SS,L,6.28,6.33,6.55,6.86,6.96,15.5954,16.0929,15.9033,15.8387
efsm20_cf_top.641,"LINESTRING (39.85157 32.53975, 39.876005 32.597174, 39.900447 32.654613, 39.924895 32.712069, 39.94935 32.76954)",TRCF02L,#16,TRCS254,61,61,61,70,80,90,0,0,0,1,12,22.4,22.4,11,11.2,11.7,247,250,262,0.327,1,0.6635,0.5718,0,-943,41.5,33,LL,INT,Leonard2014_Interplate,SS,W,6.07,6.12,6.34,6.65,6.75,15.425,15.9364,15.7389,15.6743
efsm20_cf_top.642,"LINESTRING (37.659288 31.457009, 37.705402 31.451778, 37.749666 31.435909, 37.791254 31.411015, 37.830871 31.381405, 37.870114 31.35099, 37.90735 31.316747, 37.944593 31.282497, 37.981842 31.248242, 38.019097 31.213981, 38.056359 31.179714, 38.093627 31.145441)",TRCF02M,#16,TRCS256,325,332,356,40,50,61,-90,-90,-90,1,10,56.3,55.5,10.3,11.7,14.1,582,662,797,1.5,2,1.75,1.7321,0.0092,-1407,43.5,33,N,INT,Leonard2014_Interplate,DS,W,6.04,6.09,6.31,6.62,6.72,16.4597,16.7208,16.5821,16.5776
efsm20_cf_top.643,"LINESTRING (38.019247 30.985415, 37.978141 31.00459, 37.937038 31.023764, 37.898256 31.049551, 37.861228 31.079179, 37.824206 31.108805, 37.78719 31.138426, 37.750153 31.168064)",TRCF02N,#16,TRCS261,149,153,161,40,50,61,-90,-90,-90,1,15,34.1,33.9,16.1,18.3,22,548,623,750,0.4269,1.3054,0.8661,0.7465,0.0028,-1525,43.5,33,N,INT,Leonard2014_Interplate,DS,W,6.52,6.57,6.79,7.1,7.2,15.8879,16.5095,16.2506,16.1861
efsm20_cf_top.644,"LINESTRING (37.259796 29.223869, 37.292416 29.265608, 37.325995 29.306134, 37.364833 29.338403, 37.40717 29.362743)",TRCF02O,#16,TRCS268,23,35,44,40,50,61,-78,-78,-78,1,13,20.7,20.5,13.8,15.7,18.9,285,324,391,1.5,2,1.75,1.7321,0.007,-1128,41,33,N,INT,Leonard2014_Interplate,DS,L,6.24,6.29,6.51,6.82,6.92,16.1501,16.4113,16.2725,16.2681
efsm20_cf_top.645,"LINESTRING (37.013597 29.435769, 36.966403 29.404042, 36.919215 29.372322, 36.872033 29.340604)",TRCF02P,#16,TRCS274,207,207,207,40,50,61,-82,-82,-82,1,13,17.9,17.9,13.8,15.7,18.9,246,280,337,1.5,2,1.75,1.7321,0,-1473,38.5,33,N,INT,Leonard2014_Interplate,DS,L,6.18,6.23,6.45,6.76,6.86,16.0862,16.3473,16.2086,16.2041
efsm20_cf_top.646,"LINESTRING (38.548553 29.750551, 38.505726 29.725585, 38.459471 29.718391, 38.415312 29.737375, 38.371156 29.756356)",TRCF02Q,#16,TRCS277,160,177,203,40,50,61,-90,-90,-90,1,14,20.8,19.7,14.9,17,20.4,310,353,425,0.6,0.8,0.7,0.6928,0.0323,-1221,45.5,33,N,INT,Leonard2014_Interplate,DS,L,6.25,6.3,6.52,6.83,6.93,15.7885,16.0496,15.9109,15.9064
efsm20_cf_top.647,"LINESTRING (38.577906 30.989575, 38.547713 30.955717, 38.507798 30.925412, 38.461655 30.918902, 38.422502 30.887054, 38.402369 30.833668, 38.379533 30.782099, 38.337408 30.757215, 38.304111 30.715981, 38.289445 30.659857)",TRCF02R,#16,TRCS281,188,223,253,40,50,61,-90,-90,-90,1,15,45.8,43.1,16.1,18.3,22,736,836,1007,0.6,0.8,0.7,0.6928,0.038,-1269,45.5,33,N,INT,Leonard2014_Interplate,DS,W,6.52,6.57,6.79,7.1,7.2,16.1636,16.4247,16.286,16.2815
efsm20_cf_top.648,"LINESTRING (36.270577 29.469877, 36.283358 29.522565, 36.296072 29.574675, 36.321503 29.619056, 36.349832 29.660662, 36.38017 29.700039, 36.412181 29.737333, 36.440682 29.778804, 36.45792 29.828976, 36.475161 29.879157)",TRCF02S,#16,TRCS287,42,57,72,40,50,61,-122,-122,-122,1,8,44,43.1,8,9.1,11,354,402,484,0.438,1.3394,0.8887,0.7659,0.0123,-1035,36.5,33,N,INT,Leonard2014_Interplate,DS,W,5.77,5.82,6.04,6.35,6.45,15.7085,16.3302,16.0713,16.0067
efsm20_cf_top.649,"LINESTRING (38.34241 31.033873, 38.314029 30.992731, 38.284216 30.953498, 38.249553 30.921395, 38.221554 30.880085, 38.181521 30.86061, 38.143206 30.83619, 38.117139 30.792944, 38.104855 30.74076, 38.101127 30.686501, 38.088245 30.634563, 38.082992 30.580522)",TRCF02T,#16,TRCS290,202,235,266,40,50,61,-62,-62,-62,1,14,52.4,49,14.9,17,20.4,783,890,1072,0.6,0.8,0.7,0.6928,0.0421,-1252,44.5,33,N,INT,Leonard2014_Interplate,DS,W,6.44,6.49,6.71,7.02,7.12,16.1905,16.4517,16.3129,16.3084
efsm20_cf_top.650,"LINESTRING (36.357067 29.368916, 36.400687 29.360626, 36.444136 29.370218, 36.481509 29.399395, 36.517046 29.431937, 36.556452 29.456653, 36.599335 29.469613, 36.642976 29.477752, 36.686133 29.466268, 36.725648 29.44177, 36.753244 29.3988, 36.775111 29.350955, 36.804328 29.30972)",TRCF02U,#16,TRCS293,298,353,35,40,50,61,-90,-90,-90,0,14,58.9,50,16.1,18.3,22,947,1076,1296,1.5,2,1.75,1.7321,0.0968,-716,36,33,N,INT,Leonard2014_Interplate,DS,W,6.52,6.57,6.79,7.1,7.2,16.671,16.9321,16.7934,16.7889
efsm20_cf_top.651,"LINESTRING (37.838024 30.867744, 37.871761 30.827908, 37.905504 30.788063, 37.949941 30.772395, 37.993946 30.789922, 38.03278 30.821507, 38.073008 30.852293)",TRCF02V,#16,TRCS295,318,358,34,40,50,61,-90,-90,-90,0,14,30.9,26.2,16.1,18.3,22,496,564,679,0.6,0.8,0.7,0.6928,0.0979,-1083,43.5,33,N,INT,Leonard2014_Interplate,DS,L,6.41,6.46,6.68,6.99,7.09,15.9926,16.2537,16.115,16.1105
efsm20_cf_top.652,"LINESTRING (37.844462 30.431774, 37.808698 30.397267, 37.776191 30.358297, 37.747813 30.314482, 37.721014 30.269121, 37.697046 30.221311, 37.669622 30.176582, 37.629308 30.151963, 37.599342 30.109954, 37.56234 30.078133, 37.545836 30.025626, 37.532002 29.971914, 37.503032 29.928866)",TRCF02W,#16,TRCS309,208,231,254,40,50,61,-90,-88.5,-87,1,14,59.8,58.3,14.9,17,20.4,893,1014,1222,1.5,2,1.75,1.7321,0.0157,-1056,42,33,N,INT,Leonard2014_Interplate,DS,W,6.44,6.49,6.71,7.02,7.12,16.6453,16.9065,16.7677,16.7633
efsm20_cf_top.653,"LINESTRING (38.196943 31.979321, 38.229655 31.934614, 38.26305 31.892219, 38.307705 31.872911, 38.352508 31.854154, 38.399516 31.849402, 38.446525 31.84465)",TRCF02X,#16,TRCS314,314,338,356,40,50,61,-90,-90,-90,0,15,31.6,30.1,17.2,19.6,23.6,544,618,744,0.4,0.5,0.45,0.4472,0.0289,-1097,44,33,N,INT,Leonard2014_Interplate,DS,L,6.5,6.55,6.77,7.08,7.18,15.856,16.0891,15.9626,15.9599
efsm20_cf_top.654,"LINESTRING (39.166772 27.603496, 39.153378 27.54186, 39.135678 27.482015, 39.114402 27.424156)",TRCF02Y,#16,TRCS316,244,249,254,65,70,75,-100,-90,-80,0,13,16.6,16.5,13.5,13.8,14.3,223,229,238,0.4928,1.5072,1,0.8619,0.0008,-262,43.5,33,N,INT,Leonard2014_Interplate,DS,L,6.09,6.14,6.36,6.67,6.77,15.5594,16.0726,15.8787,15.8141
efsm20_cf_top.655,"LINESTRING (39.096617 27.250422, 39.081842 27.196986, 39.057654 27.149513, 39.018868 27.122535, 38.976157 27.108485, 38.937244 27.081838, 38.900498 27.050535)",TRCF02Z,#16,TRCS319,194,218,250,70,80,90,180,180,180,1,10,29.4,27.8,9,9.1,9.6,265,269,281,2,4,3,2.8284,0.0094,-92,42.5,33,RL,INT,Leonard2014_Interplate,SS,W,5.86,5.91,6.13,6.44,6.54,16.2422,16.5692,16.425,16.3994
efsm20_cf_top.656,"LINESTRING (38.711021 27.947205, 38.686098 27.996166, 38.661245 28.045169, 38.640021 28.096877, 38.606893 28.137023, 38.585174 28.188353, 38.561693 28.238384, 38.528202 28.277992, 38.494108 28.31673, 38.474581 28.369401, 38.458016 28.423689, 38.443228 28.478798, 38.429321 28.534267, 38.411504 28.587873, 38.39531 28.642297, 38.379125 28.696713, 38.363197 28.750271)",TRCF030,#16,TRCS321,107,118,138,40,50,61,-78,-70.5,-63,1,10,81.1,79.8,10.3,11.7,14.1,838,953,1147,2.1987,2.4023,2.3005,2.2982,0.0099,-259,45.5,33,N,INT,Leonard2014_Interplate,DS,W,6.04,6.09,6.31,6.62,6.72,16.7842,16.9588,16.8593,16.8588
efsm20_cf_top.657,"LINESTRING (38.116569 28.940675, 38.142177 28.895018, 38.168211 28.848602, 38.192375 28.800561, 38.214264 28.75077, 38.236157 28.700968, 38.258056 28.651155, 38.280297 28.601573, 38.319126 28.57301, 38.343558 28.525087, 38.366306 28.475822, 38.384142 28.423355, 38.404823 28.372602, 38.424842 28.321404, 38.444813 28.270162, 38.460559 28.216561, 38.467686 28.16003, 38.475406 28.10362, 38.486598 28.048162, 38.501259 27.994028, 38.511032 27.938114, 38.494739 27.884742, 38.488821 27.827964, 38.484425 27.770964, 38.491026 27.714312, 38.499022 27.657948, 38.510052 27.602419, 38.548342 27.572608, 38.582527 27.535511, 38.60483 27.48575, 38.614641 27.429767, 38.614105 27.372393, 38.605972 27.315971, 38.637412 27.275063)",TRCF031,#16,TRCS322,248,291,329,40,50,61,-82,-69.5,-57,1,13,164.4,156.3,13.8,15.7,18.9,2267,2576,3102,4,4.5,4.25,4.2426,0.0317,-298,44.5,33,N,INT,Leonard2014_Interplate,DS,W,6.35,6.4,6.62,6.93,7.03,17.476,17.6634,17.5578,17.5571
efsm20_cf_top.658,"LINESTRING (38.07319 28.892126, 38.051226 28.94079, 38.020262 28.980773, 37.99745 29.02877, 37.96621 29.068379, 37.932938 29.10521, 37.899811 29.142232, 37.865283 29.17712, 37.838267 29.221367, 37.820955 29.272809, 37.803714 29.324044)",TRCF032,#16,TRCS330,112,127,140,40,50,61,-66,-66,-66,0,13,49.1,48.3,14.9,17,20.4,733,833,1003,1.5,2,1.75,1.7321,0.0104,-381,43,33,N,INT,Leonard2014_Interplate,DS,W,6.44,6.49,6.71,7.02,7.12,16.5598,16.821,16.6822,16.6778
efsm20_cf_top.659,"LINESTRING (37.901748 27.512609, 37.879818 27.56203, 37.884387 27.618426, 37.887308 27.674999, 37.879591 27.730843, 37.868474 27.78575, 37.857402 27.840664, 37.858903 27.897306, 37.861702 27.953869, 37.869624 28.009652, 37.87038 28.066327, 37.882366 28.120942, 37.896661 28.174668, 37.905463 28.230266, 37.915027 28.285668, 37.931053 28.33863, 37.941907 28.39367, 37.934728 28.44967, 37.937888 28.506263, 37.939352 28.562968, 37.948378 28.61854, 37.964672 28.671392, 37.982328 28.723548, 37.988323 28.78002)",TRCF033,#16,TRCS331,66,84,119,40,50,61,-122,-100,-78,1,13,114.5,111.6,13.8,15.7,18.9,1578,1793,2159,5,6,5.5,5.4772,0.0163,-259,43,33,N,INT,Leonard2014_Interplate,DS,W,6.35,6.4,6.62,6.93,7.03,17.4156,17.631,17.5124,17.5106
efsm20_cf_top.660,"LINESTRING (37.875712 27.495432, 37.858151 27.44496, 37.834322 27.400078, 37.828786 27.346463, 37.821321 27.293227, 37.820104 27.239186)",TRCF034,#16,TRCS332,236,254,268,55,70,85,-105,-90,-75,1,13,23.8,23.3,12.1,12.8,14.6,287,304,348,0.5,1,0.75,0.7071,0.0072,-194,41.5,33,N,INT,Leonard2014_Interplate,DS,W,6.13,6.18,6.4,6.71,6.81,15.6758,16.06,15.877,15.8514
efsm20_cf_top.661,"LINESTRING (37.763572 28.98755, 37.790965 28.943772, 37.804246 28.890645, 37.820402 28.838799, 37.852064 28.800052)",TRCF035,#16,TRCS335,286,300,315,40,50,61,-60,-60,-60,0,13,19.6,19.2,14.9,17,20.4,293,333,400,0.4928,1.5072,1,0.8619,0.0134,-815,43,33,N,INT,Leonard2014_Interplate,DS,L,6.24,6.29,6.51,6.82,6.92,15.6776,16.2993,16.0404,15.9758
efsm20_cf_top.662,"LINESTRING (37.500596 36.230836, 37.549958 36.242402, 37.599018 36.254984, 37.645352 36.278922, 37.69169 36.302862)",TRCF036,#16,TRCS340,12,18,24,70,80,90,4,4,4,2,25,22.3,22.2,23,23.4,24.4,513,520,544,0.25,1,0.625,0.5,0.0008,-978,36.5,33,LL,INT,Leonard2014_Interplate,SS,L,6.43,6.48,6.7,7.01,7.11,15.6262,16.2541,16.0307,15.9338
efsm20_cf_top.663,"LINESTRING (37.515681 36.431569, 37.471331 36.436801, 37.426866 36.433474, 37.388595 36.404779, 37.360072 36.361725, 37.324142 36.328608, 37.28561 36.30051, 37.24486 36.277907, 37.204113 36.255306, 37.16337 36.232706, 37.126198 36.201915, 37.090313 36.168825, 37.054391 36.135701)",TRCF037,#16,TRCS343,176,209,232,80,85,90,4,4,4,2,25,59.4,57.6,23,23.1,23.4,1367,1372,1388,0.25,1,0.625,0.5,0.0027,-362,36,33,LL,INT,Leonard2014_Interplate,SS,L,6.84,6.89,7.11,7.42,7.52,16.0523,16.661,16.4519,16.355
efsm20_cf_top.664,"LINESTRING (37.351064 36.447625, 37.307379 36.471057, 37.261162 36.463537, 37.21661 36.446358, 37.17727 36.414994, 37.142295 36.376348, 37.108943 36.335523, 37.07799 36.291845, 37.046467 36.248831, 37.041728 36.190745)",TRCF038,#16,TRCS344,158,215,266,63,80,90,-100,-90,-80,0,24,46.7,41.2,24,24.4,26.9,1122,1139,1257,0.1,0.3,0.2,0.1732,0.0204,-482,36,33,N,INT,Leonard2014_Interplate,DS,L,6.73,6.78,7,7.31,7.41,15.5684,16.0949,15.8761,15.8136
efsm20_cf_top.665,"LINESTRING (38.007871 26.874916, 38.050328 26.889053, 38.092786 26.903191, 38.131584 26.929278, 38.170027 26.956217, 38.203516 26.992317, 38.2361 27.029753, 38.273562 27.058879, 38.312065 27.08573, 38.354227 27.101293, 38.39758 27.11271)",TRCF039,#16,TRCS360,12,26,42,70,80,90,180,180,180,1,13,48.8,48.1,12,12.2,12.7,586,595,622,0.654,2,1.327,1.1437,0.0028,-165,41.5,33,RL,INT,Leonard2014_Interplate,SS,W,6.17,6.22,6.44,6.75,6.85,16.1021,16.6135,16.4161,16.3515
efsm20_cf_top.666,"LINESTRING (38.374244 26.937788, 38.340436 26.903949, 38.306875 26.870386, 38.267601 26.849172, 38.227232 26.83162, 38.186866 26.814069, 38.146502 26.796519, 38.10614 26.77897)",TRCF03A,#16,TRCS361,199,205,218,70,80,90,180,180,180,1,13,33.2,32.9,12,12.2,12.7,399,405,423,0.654,2,1.327,1.1437,0.0019,-85,40.5,33,RL,INT,Leonard2014_Interplate,SS,W,6.17,6.22,6.44,6.75,6.85,15.9349,16.4463,16.2489,16.1843
efsm20_cf_top.667,"LINESTRING (38.717645 27.259888, 38.73512 27.209222, 38.752597 27.158544, 38.768545 27.107033, 38.782088 27.054391, 38.793726 27.000995)",TRCF03B,#16,TRCS362,286,291,294,70,80,90,180,180,180,1,13,24,24,12,12.2,12.7,288,293,306,1,2,1.5,1.4142,0.0003,-242,43.5,33,RL,INT,Leonard2014_Interplate,SS,W,6.17,6.22,6.44,6.75,6.85,15.9784,16.3054,16.1611,16.1356
efsm20_cf_top.668,"LINESTRING (38.894953 26.82455, 38.86215 26.861818, 38.829354 26.899079, 38.786207 26.908697, 38.742929 26.917289, 38.699182 26.914736, 38.65505 26.91141)",TRCF03C,#16,TRCS363,139,164,183,70,80,90,0,0,0,1,13,29.3,27.7,12,12.2,12.7,351,357,373,0.654,2,1.327,1.1437,0.0092,7,42.5,33,LL,INT,Leonard2014_Interplate,SS,W,6.17,6.22,6.44,6.75,6.85,15.8796,16.391,16.1935,16.129
efsm20_cf_top.669,"LINESTRING (38.302066 27.309631, 38.291644 27.249746, 38.28223 27.1896)",TRCF03D,#16,TRCS364,257,258,259,67,85,90,-129,-125,-121,1,13,10.7,10.7,12,12,13,128,129,139,0.4,0.5,0.45,0.4472,0,-265,43,33,N,INT,Leonard2014_Interplate,DS,L,5.84,5.89,6.11,6.42,6.52,15.2294,15.3618,15.2822,15.2795
efsm20_cf_top.670,"LINESTRING (38.376587 26.913423, 38.389096 26.971268, 38.397288 27.030367, 38.403883 27.089797, 38.420411 27.145999, 38.430208 27.204725, 38.427289 27.264653, 38.446969 27.320269)",TRCF03E,#16,TRCS365,66,77,93,40,50,61,-90,-90,-90,1,12,36.7,36.3,12.6,14.4,17.3,464,527,635,2,2.5,2.25,2.2361,0.0069,-161,43,33,N,INT,Leonard2014_Interplate,DS,W,6.26,6.31,6.53,6.84,6.94,16.4859,16.719,16.5925,16.5898
efsm20_cf_top.671,"LINESTRING (38.09306 26.61672, 38.136293 26.622583, 38.179463 26.628434, 38.222874 26.627866, 38.26624 26.625253, 38.309569 26.628703, 38.352354 26.638095)",TRCF03F,#16,TRCS368,358,4,10,75,85,90,180,180,180,1,13,29,28.9,12,12,12.4,348,349,360,0.654,2,1.327,1.1437,0.0002,-101,39,33,RL,INT,Leonard2014_Interplate,SS,W,6.16,6.21,6.43,6.74,6.84,15.8752,16.3762,16.1842,16.1196
efsm20_cf_top.672,"LINESTRING (38.412137 27.502865, 38.421987 27.444377, 38.437156 27.387979, 38.461893 27.337384, 38.486635 27.286775, 38.511385 27.236155)",TRCF03G,#16,TRCS369,282,295,302,50,67,85,-127,-123,-119,1,13,26,25.7,12,13,15.7,313,339,407,0.5164,1.5792,1.0478,0.9031,0.0042,-354,44,33,N,INT,Leonard2014_Interplate,DS,W,6.15,6.2,6.42,6.73,6.83,15.7271,16.3267,16.0687,16.0042
efsm20_cf_top.673,"LINESTRING (37.994238 37.382844, 38.003453 37.327, 38.012663 37.271177, 38.021875 37.215347, 38.031089 37.15951, 38.040303 37.103667, 38.049518 37.047817, 38.058734 36.99196, 38.067536 36.935989, 38.06827 36.878915, 38.066296 36.821891, 38.062896 36.764977, 38.058612 36.708163, 38.045495 36.653579, 38.027631 36.601225, 38.003513 36.553096, 37.975547 36.508464, 37.938863 36.475546, 37.901578 36.443745, 37.866523 36.408119, 37.83899 36.363139, 37.811463 36.31817, 37.783942 36.273212, 37.751458 36.233931, 37.718175 36.195751, 37.684899 36.157578, 37.651629 36.119414, 37.618366 36.081258, 37.58511 36.043109, 37.551861 36.004968)",TRCF03H,#16,TRCS372,215,249,283,70,77,85,-10,0,10,0,20,144.9,130.7,20.1,20.5,21.3,2909,2974,3084,2,3,2.5,2.4495,0.022,-1486,37,33,LL,INT,Leonard2014_Interplate,SS,L,7.15,7.2,7.42,7.73,7.83,17.2833,17.4848,17.3899,17.381
efsm20_cf_top.674,"LINESTRING (40.510762 32.921108, 40.546534 32.964427, 40.591185 32.986846, 40.638543 32.995267, 40.686066 33.001909, 40.733589 33.008551)",TRCF03I,#16,TRCS377,6,17,43,31,39,47,-60,-60,-60,1,18,26.7,25.9,23.2,27,33.2,618,720,885,1,1.2,1.1,1.0954,0.0236,-1528,38.5,33,N,INT,Leonard2014_Interplate,DS,L,6.57,6.62,6.84,7.15,7.25,16.3094,16.5446,16.4174,16.4155
efsm20_cf_top.675,"LINESTRING (38.85743 26.60315, 38.816602 26.62274, 38.775801 26.642361, 38.735064 26.662189, 38.69443 26.682352, 38.654728 26.705347, 38.614975 26.728189, 38.574316 26.748236, 38.53366 26.76828)",TRCF03J,#16,TRCS387,156,158,160,40,50,61,-58,-58,-58,1,8,38.8,38.7,8,9.1,11,312,354,427,0.438,1.3394,0.8887,0.7659,0.0002,54,41,33,N,INT,Leonard2014_Interplate,DS,W,5.77,5.82,6.04,6.35,6.45,15.6538,16.2754,16.0165,15.9519
efsm20_cf_top.676,"LINESTRING (38.35285 26.656686, 38.399961 26.64948, 38.447073 26.642274, 38.494185 26.635068, 38.541298 26.627862, 38.58494 26.604045, 38.628229 26.579182, 38.66586 26.542178, 38.702819 26.504057, 38.741604 26.469021, 38.78113 26.43397)",TRCF03K,#16,TRCS388,321,338,353,47,60,73,-126,-126,-126,1,13,52.8,51.4,12.6,13.9,16.3,664,732,861,0.8229,2.5166,1.6698,1.4391,0.0134,23,40,33,N,INT,Leonard2014_Interplate,DS,W,6.22,6.27,6.49,6.8,6.9,16.2563,16.8544,16.6057,16.5411
efsm20_cf_top.677,"LINESTRING (38.785411 26.856414, 38.798845 26.800087, 38.812281 26.74375, 38.844115 26.701284, 38.88109 26.666333, 38.919881 26.634779, 38.960668 26.606971)",TRCF03L,#16,TRCS389,287,312,332,70,80,90,-32,-30.5,-29,1,13,30.7,29.1,12,12.2,12.7,368,374,391,0.6747,2.0634,1.3691,1.1799,0.0089,84,41,33,LL,INT,Leonard2014_Interplate,SS,W,6.17,6.22,6.44,6.75,6.85,15.9134,16.4248,16.2273,16.1627
efsm20_cf_top.678,"LINESTRING (37.082861 28.460414, 37.076423 28.404081, 37.070507 28.347705, 37.063739 28.291484, 37.052943 28.236266, 37.04403 28.18053, 37.036067 28.124574, 37.031369 28.068046, 37.027499 28.011423, 37.035341 27.955446, 37.031533 27.898814, 37.022171 27.843208, 37.013368 27.787467, 37.004931 27.731644, 36.997167 27.675673, 36.993207 27.619085, 36.991292 27.562334, 36.989377 27.505585)",TRCF03M,#16,TRCS391,255,262,279,60,65,70,-61,-56,-51,1,13,85.8,85.4,12.8,13.2,13.9,1095,1136,1188,2.5,3,2.75,2.7386,0.0019,-229,38.5,33,N,INT,Leonard2014_Interplate,DS,W,6.17,6.22,6.44,6.75,6.85,16.956,17.0706,17.0131,17.0113
efsm20_cf_top.679,"LINESTRING (37.91892 26.33009, 37.892041 26.286383, 37.865167 26.242687, 37.838299 26.199001, 37.811438 26.155325, 37.784584 26.111658, 37.757735 26.068002, 37.730892 26.024355, 37.704055 25.980719, 37.677224 25.937093, 37.6504 25.893476, 37.623581 25.849869, 37.596769 25.806271, 37.56996 25.76268)",GRCF009,#16,TRCS399,232,233,233,70,80,90,-146,-146,-146,1,13,63.2,63.2,12,12.2,12.7,758,770,805,0.6941,2.1226,1.4083,1.2138,0,827,34,33,RL,INT,Leonard2014_Interplate,SS,W,6.17,6.22,6.44,6.75,6.85,16.2399,16.7512,16.5538,16.4892
efsm20_cf_top.680,"LINESTRING (37.191956 28.366093, 37.21272 28.315467, 37.233489 28.26483, 37.255564 28.215058, 37.277879 28.165441, 37.30051 28.116034, 37.337911 28.083372)",TRCF03N,#16,TRCS413,296,302,325,70,80,90,-148,-148,-148,1,13,30.3,29.8,12,12.2,12.7,363,369,386,0.4,0.5,0.45,0.4472,0.0026,-576,42.5,33,RL,INT,Leonard2014_Interplate,SS,W,6.17,6.22,6.44,6.75,6.85,15.6809,15.8037,15.7387,15.736
efsm20_cf_top.681,"LINESTRING (37.214959 27.946968, 37.236449 27.893722, 37.257943 27.840464, 37.297524 27.80739, 37.327139 27.760646, 37.348033 27.706948, 37.359777 27.649007, 37.381894 27.596067, 37.40904 27.545477)",TRCF03O,#16,TRCS415,284,301,326,70,80,90,-148,-148,-148,1,13,42.4,41.6,12,12.2,12.7,509,517,540,0.4,0.5,0.45,0.4472,0.0034,-375,42,33,RL,INT,Leonard2014_Interplate,SS,W,6.17,6.22,6.44,6.75,6.85,15.827,15.9499,15.8848,15.8821
efsm20_cf_top.682,"LINESTRING (38.90208 27.606005, 38.947947 27.60663, 38.995401 27.608434, 39.042402 27.617055, 39.083066 27.585497, 39.106786 27.532506)",TRCF03P,#16,TRCS416,300,344,8,65,67,70,-100,-87.5,-75,0,13,26.2,23.6,13.8,14.1,14.3,363,370,376,0.4928,1.5072,1,0.8619,0.0385,-437,44.5,33,N,INT,Leonard2014_Interplate,DS,W,6.24,6.29,6.51,6.82,6.92,15.7707,16.2719,16.087,16.0225
efsm20_cf_top.683,"LINESTRING (39.93501 27.10363, 39.907876 27.059275, 39.880872 27.014802, 39.85433 26.969876, 39.836631 26.918098, 39.812165 26.871243, 39.786299 26.825699, 39.759781 26.780812, 39.736589 26.732925, 39.721509 26.679852, 39.706437 26.626808)",TRCF03Q,#16,TRCS417,231,238,250,75,85,90,180,180,180,1,18,48.4,48,17,17.1,17.6,823,826,852,1.4785,4.5215,3,2.5856,0.0007,-532,39,33,RL,INT,Leonard2014_Interplate,SS,W,6.53,6.58,6.8,7.11,7.21,16.6035,17.1044,16.9124,16.8479
efsm20_cf_top.684,"LINESTRING (37.54795 30.93032, 37.589696 30.89867, 37.631448 30.867016, 37.680146 30.866273, 37.728847 30.866569, 37.777464 30.87021, 37.826948 30.874136)",TRCF03R,#16,TRCS421,330,352,5,40,50,61,-90,-90,-90,1,14,32.6,31.4,14.9,17,20.4,487,553,666,0.8,2,1.4,1.2649,0.0232,-1117,42,33,N,INT,Leonard2014_Interplate,DS,W,6.44,6.49,6.71,7.02,7.12,16.1089,16.6431,16.4074,16.3634
efsm20_cf_top.685,"LINESTRING (38.426491 29.994663, 38.392131 29.95501, 38.349299 29.932506, 38.304248 29.918756, 38.261117 29.940287, 38.236673 29.990394, 38.209306 30.03797, 38.176801 30.079965, 38.140009 30.115761, 38.103224 30.151551, 38.063024 30.180795, 38.020538 30.204239, 37.979249 30.230895, 37.939314 30.257615)",TRCF03S,#16,TRCS422,124,159,224,40,50,61,-90,-90,-90,1,14,66.8,58.8,14.9,17,20.4,998,1134,1366,1.5,2,1.75,1.7321,0.0768,-1171,44.5,33,N,INT,Leonard2014_Interplate,DS,W,6.44,6.49,6.71,7.02,7.12,16.6938,16.955,16.8162,16.8118
efsm20_cf_top.686,"LINESTRING (39.602739 39.671042, 39.584082 39.720874, 39.574264 39.774779, 39.563429 39.828347, 39.547056 39.879483, 39.527725 39.92884, 39.504098 39.975214)",TRCF03T,#16,TRCS425,103,112,123,66,75,84,142,142,142,2,12,28.5,28.3,10.1,10.4,10.9,287,295,312,0.7364,2.2521,1.4943,1.2878,0.0019,-1742,45,33,RL,INT,Leonard2014_Interplate,SS,W,5.99,6.04,6.26,6.57,6.67,15.8429,16.3653,16.1629,16.0983
efsm20_cf_top.687,"LINESTRING (40.59029 36.680126, 40.605439 36.624748, 40.620526 36.569595, 40.635616 36.514431, 40.65071 36.459256, 40.665806 36.404069, 40.680906 36.348872, 40.696008 36.293664, 40.711114 36.238445, 40.726222 36.183214, 40.741333 36.127972, 40.744278 36.069362, 40.74921 36.010982, 40.74676 35.952328, 40.745929 35.893596, 40.753515 35.835711, 40.761019 35.777801, 40.767884 35.719746, 40.77475 35.661685, 40.781616 35.603618, 40.786711 35.54523, 40.791157 35.486745, 40.795603 35.428256, 40.800049 35.369763)",TRCF03U,#16,TRCS427,269,284,292,62,70,78,-166,-166,-166,0,12,113.8,112.9,12.3,12.8,13.6,1395,1454,1553,1,2,1.5,1.4142,0.0028,-700,41.5,33,RL,INT,Leonard2014_Interplate,SS,W,6.22,6.27,6.49,6.8,6.9,16.6629,17.0107,16.8571,16.8315
efsm20_cf_top.688,"LINESTRING (40.010732 26.433029, 39.99215 26.382299, 39.971228 26.334008, 39.965877 26.278984, 39.958855 26.224286, 39.962305 26.169011)",TRCF03V,#16,TRCS901,241,257,275,50,65,80,-100,-90,-80,0,15,23.7,23.1,15.2,16.6,19.6,361,392,464,0.6,1.1,0.85,0.8124,0.0101,-134,35.5,33,N,INT,Leonard2014_Interplate,DS,L,6.31,6.36,6.58,6.89,6.99,15.8541,16.2264,16.0414,16.0218
efsm20_cf_top.689,"LINESTRING (39.516132 25.662884, 39.53386 25.71872, 39.542281 25.777579, 39.547149 25.837116, 39.537914 25.895773, 39.52231 25.952108, 39.500251 26.004675, 39.474686 26.054486)",GRCF00A,#16,TRCS904,68,99,124,45,62,80,-120,-105,-90,0,15,36,33.9,15.2,17,21.2,548,611,763,0.8,2.5,1.65,1.4142,0.0269,200,33.5,33,N,INT,Leonard2014_Interplate,DS,W,6.44,6.49,6.71,7.02,7.12,16.1604,16.7991,16.5222,16.4552
efsm20_cf_top.690,"LINESTRING (38.422128 27.689885, 38.414902 27.635057, 38.403859 27.580691, 38.387933 27.528343, 38.376015 27.474299, 38.364335 27.420179, 38.332447 27.381505, 38.318626 27.328245)",TRCF03W,#16,TRCS905,223,250,260,50,65,80,-90,-75,-60,1,18,34.2,33.6,17.3,18.8,22.2,590,642,759,0.7,1,0.85,0.8367,0.0079,-438,44,33,N,INT,Leonard2014_Interplate,DS,L,6.53,6.58,6.8,7.11,7.21,16.1348,16.3988,16.2552,16.2483
efsm20_cf_top.691,"LINESTRING (38.52809 26.359019, 38.494511 26.409659, 38.462874 26.462277, 38.432301 26.515915)",TRCF03X,#16,TRCS907,126,128,131,45,57,70,-100,-90,-80,1,13.5,17.3,17.3,13.3,14.9,17.7,230,258,306,0.5,1,0.75,0.7071,0.0003,-87,38.5,33,N,INT,Leonard2014_Interplate,DS,L,6.14,6.19,6.41,6.72,6.82,15.5802,16.0047,15.8056,15.7801
efsm20_cf_top.692,"LINESTRING (37.620397 27.146614, 37.625958 27.20657, 37.644403 27.262272, 37.66486 27.316856, 37.69454 27.364219, 37.735701 27.394972, 37.77034 27.436656, 37.805645 27.477454, 37.838987 27.519627)",TRCF03Y,#16,TRCS912,30,53,83,65,75,85,-140,-125,-110,1,15,42.5,40.8,14.1,14.5,15.4,597,615,656,0.5,1,0.75,0.7071,0.0099,-180,41,33,N,INT,Leonard2014_Interplate,DS,W,6.27,6.32,6.54,6.85,6.95,15.9932,16.3353,16.1827,16.1571
efsm20_cf_top.693,"LINESTRING (35.76788 36.07331, 35.730136 36.041342, 35.692835 36.009749, 35.655539 35.978161, 35.61825 35.946577, 35.580965 35.914999, 35.543687 35.883425, 35.506414 35.851856, 35.469146 35.820292, 35.431885 35.78873, 35.394841 35.756797, 35.3625 35.717946, 35.330166 35.679101, 35.297837 35.640265, 35.265515 35.601436, 35.233233 35.562574, 35.211608 35.513889, 35.190629 35.464795, 35.169654 35.415711, 35.148684 35.366637, 35.127721 35.317571, 35.1078 35.267872, 35.090951 35.216514, 35.074105 35.165166, 35.057264 35.113825, 35.041352 35.062056, 35.027731 35.00933, 35.014114 34.956611, 35.000893 34.903749, 34.9894 34.850297, 34.977909 34.796853, 34.966915 34.743259, 34.95962 34.688741, 34.952326 34.634227, 34.945039 34.579717, 34.942913 34.52455, 34.942819 34.469323, 34.942725 34.414096, 34.942631 34.358869, 34.942537 34.303642, 34.942443 34.248415, 34.942352 34.193188, 34.948623 34.13849, 34.960936 34.085337, 34.97325 34.032176, 34.985565 33.979008, 34.997883 33.925832)",SYCF000,#16,TRCS997,213,245,285,40,55,70,30,60,90,2.5,17.5,231.6,212.7,16,18.3,23.3,3697,4241,5405,0.19,1.5,0.845,0.5339,0.0469,759,32,33,R,INT,Leonard2014_Interplate,DS,W,6.52,6.57,6.79,7.1,7.2,16.3651,17.4274,17.0729,16.8735
efsm20_cf_top.694,"LINESTRING (35.744973 34.949311, 35.710607 34.91387, 35.676524 34.87872, 35.642447 34.843576, 35.608376 34.808438, 35.574331 34.773276, 35.546858 34.730309, 35.520551 34.686268, 35.494251 34.642235, 35.46815 34.598036, 35.443353 34.552735, 35.418561 34.507443, 35.393773 34.462162, 35.369002 34.416881, 35.348788 34.368327, 35.331753 34.317986, 35.314721 34.267654, 35.297695 34.21733, 35.282204 34.166277, 35.269836 34.113968, 35.257472 34.061666, 35.245109 34.009371, 35.232753 33.957082, 35.225082 33.903471, 35.221167 33.849259, 35.217252 33.79505, 35.21334 33.740843, 35.213318 33.686426, 35.213824 33.632014, 35.221606 33.578435, 35.230083 33.525008, 35.238561 33.471576)",CYCF004,#16,TRCS998,219,246,281,40,60,80,40,70,100,2,17.5,153.3,145.2,15.7,17.9,24.1,2413,2744,3696,0.36,3,1.68,1.0392,0.0265,531,32,33,R,INT,Leonard2014_Interplate,DS,W,6.5,6.55,6.77,7.08,7.18,16.4573,17.5634,17.1821,16.9735
efsm20_cf_top.695,"LINESTRING (41.993592 43.896118, 41.983416 43.957166, 41.981515 44.019673, 41.981304 44.08223, 41.976272 44.144419, 41.96829 44.20604, 41.954289 44.265676, 41.953036 44.328183, 41.944359 44.389611, 41.918456 44.441526, 41.891869 44.492791, 41.871564 44.548983, 41.855433 44.607548, 41.839096 44.667876)",GECF000,#16,G17s3s1,91,106,125,32,40,48,80,95,110,3,15,67.4,66.1,16,18.7,22.9,1081,1258,1543,0.4928,1.5072,1,0.8619,0.0141,-721,43,33,R,INT,Leonard2014_Interplate,DS,W,6.54,6.59,6.81,7.12,7.22,16.245,16.885,16.6181,16.5535
efsm20_cf_top.696,"LINESTRING (41.425062 45.209302, 41.456123 45.168624, 41.487191 45.127937, 41.518266 45.08724, 41.549349 45.046534, 41.580439 45.005818, 41.611536 44.965093, 41.642641 44.924358, 41.673753 44.883613, 41.704872 44.842858, 41.735999 44.802095, 41.767133 44.761321, 41.798275 44.720537)",GECF001,#16,G24s1s1,315,316,316,75,77,80,-170,180,170,3,15,58.1,58.1,12.2,12.3,12.4,708,715,722,0.09,0.1,0.095,0.0949,0,-435,44,33,RL,INT,Leonard2014_Interplate,SS,W,6.18,6.23,6.45,6.76,6.86,15.3226,15.3768,15.3507,15.3503
efsm20_cf_top.697,"LINESTRING (41.839096 44.667876, 41.833913 44.727091, 41.83256 44.786683, 41.835605 44.846164, 41.833776 44.905734, 41.826099 44.964454, 41.816535 45.022664, 41.802349 45.07914, 41.788145 45.135676)",GECF002,#16,G17s4s1,86,98,109,32,40,48,80,95,110,3,15,39.5,39.2,16,18.7,22.9,634,738,905,0.4928,1.5072,1,0.8619,0.0066,-919,44.5,33,R,INT,Leonard2014_Interplate,DS,W,6.54,6.59,6.81,7.12,7.22,16.0134,16.6534,16.3865,16.3219
efsm20_cf_top.698,"LINESTRING (42.919088 42.164288, 42.922733 42.100168, 42.928403 42.036588, 42.933316 41.972885, 42.940185 41.909516, 42.938242 41.845509, 42.953214 41.784793)",GECF003,#16,G12s1s1,266,275,287,60,65,70,80,90,100,1,17,31.3,31.1,17,17.7,18.5,533,553,578,0.337,0.343,0.34,0.34,0.0025,-1699,41,33,R,INT,Leonard2014_Interplate,DS,L,6.47,6.52,6.74,7.05,7.15,15.773,15.8161,15.7925,15.7925
efsm20_cf_top.699,"LINESTRING (41.323793 45.05392, 41.347197 45.000693, 41.370255 44.947983, 41.386145 44.890749, 41.389085 44.82984, 41.38853 44.768808, 41.387977 44.707776, 41.387422 44.646745, 41.386876 44.585714, 41.387436 44.524684, 41.390179 44.463758, 41.395106 44.403071, 41.393629 44.342061, 41.390655 44.28115, 41.383362 44.220894, 41.385025 44.159901)",GECF004,#16,G27s1s1,261,275,300,60,65,70,80,90,100,3,15,76.4,74.9,12.8,13.2,13.9,976,1012,1059,0.31,0.36,0.335,0.3341,0.0083,-735,42.5,33,R,INT,Leonard2014_Interplate,DS,W,6.17,6.22,6.44,6.75,6.85,15.9994,16.0998,16.0488,16.0476
efsm20_cf_top.700,"LINESTRING (41.404302 43.912075, 41.366208 43.960252, 41.322616 43.999477)",GECF005,#16,G35s1s2,137,142,147,80,85,90,180,180,180,12,31.5,11.7,11.6,19.5,19.6,19.8,228,229,231,0.1,0.11,0.105,0.1049,0.0003,-2456,42,33,RL,INT,Leonard2014_Interplate,SS,L,6.08,6.13,6.35,6.66,6.76,14.8763,14.9244,14.8992,14.8988
efsm20_cf_top.701,"LINESTRING (41.625292 43.600123, 41.589749 43.565838, 41.554212 43.531559, 41.518682 43.497287, 41.485137 43.459631, 41.452588 43.420468, 41.42005 43.38131, 41.387519 43.34216, 41.354995 43.30302, 41.316827 43.274342, 41.277746 43.247398)",GECF006,#16,G33s1s1,209,218,223,80,85,90,0,0,0,1,15,48.8,48.6,14,14.1,14.2,683,685,693,0.1,1.5,0.8,0.3873,0.0003,-1782,41.5,33,LL,INT,Leonard2014_Interplate,SS,W,6.32,6.37,6.59,6.9,7,15.3526,16.5354,16.2574,15.9423
efsm20_cf_top.702,"LINESTRING (41.629057 43.578557, 41.603978 43.52799, 41.578906 43.477436, 41.552971 43.427685, 41.526659 43.378311, 41.500353 43.32895, 41.474055 43.279602, 41.441305 43.237712, 41.408517 43.195897, 41.374685 43.155608, 41.339091 43.118133, 41.303467 43.080626)",GECF007,#16,G32s1s1,220,230,237,80,85,90,0,0,0,1,15,55.5,55.1,14,14.1,14.2,777,780,789,0.1,1.5,0.8,0.3873,0.0007,-1893,41,33,LL,INT,Leonard2014_Interplate,SS,W,6.32,6.37,6.59,6.9,7,15.4089,16.5916,16.3136,15.9986
efsm20_cf_top.703,"LINESTRING (41.281982 43.59296, 41.254925 43.637421, 41.227983 43.681986, 41.203459 43.728937, 41.178685 43.775638, 41.153912 43.822336)",GECF008,#16,G34s1s1,126,127,130,80,85,90,180,180,180,12,31.5,23.9,23.9,19.5,19.6,19.8,466,468,473,0.1,0.11,0.105,0.1049,0,-2067,42,33,RL,INT,Leonard2014_Interplate,SS,L,6.39,6.44,6.66,6.97,7.07,15.1871,15.2351,15.2099,15.2095
efsm20_cf_top.704,"LINESTRING (41.451359 44.003473, 41.405633 44.008298, 41.359787 44.006337, 41.314125 44.000544, 41.268393 44.006157)",GECF009,#16,G35s1s1,175,180,186,80,85,90,180,180,180,12,31.5,20.4,20.3,19.5,19.6,19.8,398,399,404,0.1,0.11,0.105,0.1049,0.0003,-2130,42,33,RL,INT,Leonard2014_Interplate,SS,L,6.32,6.37,6.59,6.9,7,15.1183,15.1664,15.1412,15.1408
efsm20_cf_top.705,"LINESTRING (42.497897 43.459434, 42.474077 43.510676, 42.448859 43.560653, 42.429161 43.614978, 42.415192 43.672454, 42.393279 43.725167, 42.386008 43.78484, 42.394967 43.844318)",GECF00A,#16,G13s5s1,79,111,125,60,65,70,80,90,100,0,17,34.8,33.6,18.1,18.8,19.6,629,653,683,0.1,0.32,0.21,0.1789,0.0145,-1685,42.5,33,R,INT,Leonard2014_Interplate,DS,L,6.53,6.58,6.8,7.11,7.21,15.3174,15.858,15.6553,15.5857
efsm20_cf_top.706,"LINESTRING (41.567734 42.832424, 41.593976 42.880835, 41.609188 42.936901, 41.623509 42.993396, 41.639301 43.049199, 41.655095 43.105014, 41.666507 43.162722, 41.676671 43.220857, 41.6838 43.279803, 41.69093 43.338756)",GECF00B,#16,G22s3s1,55,73,82,62,70,78,0,15,30,3,15,44.6,44.3,12.3,12.8,13.6,547,570,609,0.1,0.32,0.21,0.1789,0.003,-1464,40.5,33,LL,INT,Leonard2014_Interplate,SS,W,6.22,6.27,6.49,6.8,6.9,15.2564,15.8083,15.5967,15.5271
efsm20_cf_top.707,"LINESTRING (41.241725 44.345406, 41.276153 44.302342, 41.301233 44.249035, 41.328779 44.19791, 41.362603 44.153948, 41.3953 44.108475, 41.425316 44.059806, 41.45683 44.012827, 41.491854 43.97048, 41.527209 43.928605, 41.563053 43.88692)",GECF00C,#16,G29s1s1,303,314,320,80,85,90,150,165,180,3,12,52.6,52.3,9,9,9.1,473,475,480,0.1,0.11,0.105,0.1049,0.0004,-1582,42,33,RL,INT,Leonard2014_Interplate,SS,W,5.84,5.89,6.11,6.42,6.52,15.1936,15.2416,15.2164,15.216
efsm20_cf_top.708,"LINESTRING (41.596167 44.803255, 41.600407 44.74242, 41.604646 44.681594, 41.608886 44.620764, 41.613125 44.559931, 41.617364 44.499094, 41.621605 44.438253, 41.625845 44.377408, 41.630086 44.316559, 41.634327 44.255706, 41.638569 44.194849, 41.64281 44.133988, 41.644926 44.072925, 41.645665 44.011801, 41.648126 43.950757, 41.650619 43.889713)",GECF00D,#16,G25s1s1,272,275,276,60,65,70,80,90,100,3,15,76.2,76.2,12.8,13.2,13.9,973,1009,1056,0.07,0.1,0.085,0.0837,0.0001,-1324,42.5,33,R,INT,Leonard2014_Interplate,DS,W,6.17,6.22,6.44,6.75,6.85,15.3517,15.5421,15.4518,15.4451
efsm20_cf_top.709,"LINESTRING (41.738827 46.196445, 41.763802 46.13973, 41.788686 46.083151, 41.808196 46.022879, 41.825428 45.961353, 41.843895 45.900456, 41.869611 45.844479)",GECF00E,#16,G8s2s3,290,296,301,47,60,73,80,90,100,3,17,32.7,32.6,14.7,16.2,19,480,529,622,0.1,0.65,0.375,0.255,0.0015,-256,45.5,33,R,INT,Leonard2014_Interplate,DS,W,6.38,6.43,6.65,6.96,7.06,15.1995,16.1251,15.8157,15.6482
efsm20_cf_top.710,"LINESTRING (41.602583 43.788333, 41.564192 43.818859, 41.525806 43.84938, 41.484421 43.871829, 41.441335 43.887554, 41.398249 43.90327, 41.355165 43.918985, 41.310712 43.924813, 41.266049 43.923797, 41.222332 43.935991, 41.180508 43.957309)",GECF00F,#16,G30s1s1,150,164,182,80,85,90,180,180,180,0,25,49.7,49,25,25.1,25.4,1242,1247,1261,0.1,0.11,0.105,0.1049,0.0012,-2460,41.5,33,RL,INT,Leonard2014_Interplate,SS,L,6.81,6.86,7.08,7.39,7.49,15.6127,15.6607,15.6355,15.6351
efsm20_cf_top.723,"LINESTRING (41.870828 44.680353, 41.876623 44.620105, 41.903919 44.571649, 41.931226 44.523183, 41.957156 44.473349, 41.980558 44.421284, 41.992301 44.362513, 42.002491 44.30321, 42.010785 44.243367, 42.018316 44.18321)",GECF00S,#16,G16s1s2,278,292,307,32,40,48,80,95,110,3,15,45.3,44.3,16,18.7,22.9,727,845,1037,0.4928,1.5072,1,0.8619,0.0171,-692,43.5,33,R,INT,Leonard2014_Interplate,DS,W,6.54,6.59,6.81,7.12,7.22,16.0725,16.7124,16.4455,16.381
efsm20_cf_top.711,"LINESTRING (43.052026 42.366499, 43.072595 42.311657, 43.087627 42.25353, 43.097921 42.193486, 43.086922 42.133677, 43.082938 42.07225, 43.094454 42.012628, 43.109316 41.954398, 43.139452 41.908536, 43.152913 41.849629, 43.156598 41.788098, 43.165442 41.727556, 43.178069 41.668277, 43.196312 41.611799, 43.217095 41.55698, 43.240512 41.504179, 43.265912 41.453113, 43.292091 41.402773, 43.311339 41.346822, 43.319858 41.286037, 43.334593 41.227529, 43.35532 41.172546, 43.376054 41.117549, 43.389883 41.058571, 43.413415 41.005716, 43.417365 40.94395, 43.434848 40.886798, 43.46209 40.837395, 43.478647 40.779681, 43.496894 40.722925, 43.517892 40.667989, 43.541364 40.61428)",GECF00G,#16,G1s1s4,254,289,310,60,65,70,80,90,100,3,17,155.3,151.9,14.9,15.4,16.2,2314,2399,2511,0.68,0.76,0.72,0.7189,0.0093,-2068,42,33,R,INT,Leonard2014_Interplate,DS,W,6.34,6.39,6.61,6.92,7.02,16.7153,16.7991,16.7559,16.7552
efsm20_cf_top.712,"LINESTRING (42.628661 43.49053, 42.641051 43.432324, 42.650191 43.373008, 42.668774 43.31791, 42.697452 43.271483, 42.719082 43.218437, 42.739155 43.164253, 42.759109 43.10997, 42.778707 43.055428, 42.792301 42.997581, 42.802156 42.938332, 42.809431 42.878387, 42.810274 42.817632, 42.807983 42.756947, 42.820614 42.698669, 42.83461 42.640961, 42.850327 42.584069, 42.881672 42.540825, 42.909396 42.493176, 42.935599 42.443926, 42.967047 42.400759, 42.997706 42.356525, 43.020026 42.303755, 43.037519 42.247665, 43.050279 42.187692)",GECF00H,#16,G10s1s3,269,295,317,60,65,70,80,90,100,3,17,119.1,116.1,14.9,15.4,16.2,1774,1840,1925,0.32,0.37,0.345,0.3441,0.0105,-1911,41.5,33,R,INT,Leonard2014_Interplate,DS,W,6.34,6.39,6.61,6.92,7.02,16.2727,16.3712,16.321,16.3199
efsm20_cf_top.713,"LINESTRING (43.208844 41.070271, 43.193369 41.128237, 43.178895 41.186644, 43.160008 41.242615, 43.136139 41.294869, 43.116816 41.350519, 43.111748 41.411741, 43.111449 41.473352, 43.097919 41.532104, 43.087847 41.592135, 43.081491 41.653103, 43.083703 41.714613, 43.081323 41.776112, 43.081485 41.837694, 43.076667 41.89892, 43.070892 41.959984, 43.062515 42.020474)",GECF00I,#16,G11s2s1,85,100,120,60,65,70,80,90,100,3,17,80,78.8,14.9,15.4,16.2,1192,1236,1294,0.32,0.36,0.34,0.3394,0.0065,-1412,42,33,R,INT,Leonard2014_Interplate,DS,W,6.34,6.39,6.61,6.92,7.02,16.1,16.1866,16.1421,16.1413
efsm20_cf_top.714,"LINESTRING (42.764684 42.53004, 42.77422 42.467802, 42.785833 42.406212, 42.807296 42.34973, 42.827243 42.292206, 42.839485 42.230789, 42.852893 42.169815, 42.866907 42.109082, 42.879687 42.047829, 42.903738 41.993232, 42.90905 41.929926, 42.909745 41.8642)",GECF00J,#16,G12s2s2,273,288,303,60,65,70,80,90,100,3,17,57.3,56.6,14.9,15.4,16.2,853,884,926,0.167,0.173,0.17,0.17,0.0045,-1929,41,33,R,INT,Leonard2014_Interplate,DS,W,6.34,6.39,6.61,6.92,7.02,15.6722,15.7229,15.6956,15.6956
efsm20_cf_top.715,"LINESTRING (42.636828 42.62505, 42.633336 42.562972, 42.636146 42.500831, 42.63942 42.438727, 42.631646 42.37737, 42.633464 42.315162, 42.65594 42.260907, 42.678529 42.206719, 42.701125 42.152516, 42.723727 42.098298, 42.746335 42.044065, 42.761297 41.985107, 42.773234 41.92487, 42.78514 41.86461, 42.796702 41.804216, 42.809749 41.744375, 42.835803 41.691185)",GECF00K,#16,G13s2s1,262,288,306,60,65,70,80,90,100,3,17,81.6,79.4,14.9,15.4,16.2,1216,1261,1319,0.35,0.4,0.375,0.3742,0.0114,-1069,41,33,R,INT,Leonard2014_Interplate,DS,W,6.34,6.39,6.61,6.92,7.02,16.1475,16.2409,16.1932,16.1922
efsm20_cf_top.716,"LINESTRING (42.533162 43.229291, 42.548295 43.169944, 42.561113 43.109588, 42.569904 43.047907, 42.592889 42.993368, 42.605942 42.933063, 42.61425 42.871216, 42.622553 42.809359, 42.630858 42.747495, 42.639228 42.685144)",GECF00L,#16,G13s3s1,282,286,301,60,65,70,80,90,100,3,17,46.3,46.1,14.9,15.4,16.2,690,716,749,0.37,0.41,0.39,0.3895,0.0024,-983,41,33,R,INT,Leonard2014_Interplate,DS,W,6.34,6.39,6.61,6.92,7.02,15.9259,16.0059,15.9644,15.9639
efsm20_cf_top.717,"LINESTRING (42.435068 43.88058, 42.425078 43.82153, 42.42147 43.761154, 42.430718 43.701886, 42.444817 43.644389, 42.460437 43.587605, 42.486465 43.538313, 42.509702 43.4865, 42.515934 43.42643, 42.517954 43.365828, 42.519955 43.305223, 42.522727 43.244412)",GECF00M,#16,G13s4s3,258,282,307,47,60,73,80,90,100,3,17,54.7,53.1,14.7,16.2,19,803,884,1041,0.37,0.41,0.39,0.3895,0.015,-1590,42.5,33,R,INT,Leonard2014_Interplate,DS,W,6.38,6.43,6.65,6.96,7.06,15.9913,16.1486,16.0563,16.0557
efsm20_cf_top.718,"LINESTRING (42.381494 41.80226, 42.428328 41.791038, 42.475865 41.794838, 42.523236 41.801437, 42.570246 41.811753, 42.617565 41.818999, 42.664403 41.80732, 42.710152 41.789338, 42.752471 41.759611, 42.792943 41.725427)",GECF00N,#16,G14s1s1,326,350,7,75,77,80,-170,180,170,3,15,47.6,46.2,12.2,12.3,12.4,581,587,592,0.0493,0.1507,0.1,0.0862,0.0069,-203,41,33,RL,INT,Leonard2014_Interplate,SS,W,6.18,6.23,6.45,6.76,6.86,14.9752,15.4689,15.287,15.2225
efsm20_cf_top.719,"LINESTRING (42.276395 42.035174, 42.31923 42.014727, 42.32887 41.957215, 42.330831 41.898299, 42.355821 41.849959, 42.381494 41.80226)",GECF00O,#16,G14s2s1,271,299,339,47,60,73,80,95,110,3,15,24.4,22.4,12.6,13.9,16.3,307,339,398,0.0493,0.1507,0.1,0.0862,0.0412,-62,40.5,33,R,INT,Leonard2014_Interplate,DS,W,6.22,6.27,6.49,6.8,6.9,14.6991,15.297,15.0483,14.9838
efsm20_cf_top.720,"LINESTRING (42.615594 42.634058, 42.579544 42.589113, 42.561365 42.531288, 42.542808 42.473703, 42.507351 42.433294, 42.471523 42.393518, 42.447852 42.339578, 42.425902 42.284338, 42.394097 42.238763, 42.357353 42.200626, 42.320119 42.163392, 42.291412 42.114269, 42.274813 42.055842)",GECF00P,#16,G14s3s3,218,233,251,80,85,90,0,0,0,3,15,62.1,60.7,12,12,12.2,745,748,756,0.0493,0.1507,0.1,0.0862,0.0019,-631,41,33,LL,INT,Leonard2014_Interplate,SS,W,6.16,6.21,6.43,6.74,6.84,15.0835,15.5754,15.3923,15.3278
efsm20_cf_top.721,"LINESTRING (42.356499 43.571885, 42.342575 43.512309, 42.349044 43.450443, 42.351404 43.388039, 42.350326 43.325571, 42.344652 43.263561, 42.327728 43.205437, 42.302945 43.152743, 42.284452 43.095539, 42.282867 43.033155, 42.290599 42.971615, 42.27997 42.910871, 42.273276 42.849119, 42.274247 42.786724, 42.263246 42.725498)",GECF00Q,#16,G15s1s1,239,263,281,45,65,85,80,95,110,3,15,71.9,70.4,12,13.2,17,867,952,1221,0.16,0.18,0.17,0.1697,0.0092,-633,41.5,33,R,INT,Leonard2014_Interplate,DS,W,6.17,6.22,6.44,6.75,6.85,15.6604,15.8604,15.7278,15.7271
efsm20_cf_top.722,"LINESTRING (42.333237 43.99777, 42.335037 43.937426, 42.338131 43.877174, 42.346655 43.817882, 42.357689 43.759345, 42.366809 43.700199, 42.367351 43.639779, 42.361153 43.579869)",GECF00R,#16,G15s2s2,263,276,285,60,65,70,80,95,110,0,15,34.8,34.5,16,16.6,17.3,555,575,602,0.16,0.18,0.17,0.1697,0.0033,-1363,43,33,R,INT,Leonard2014_Interplate,DS,W,6.41,6.46,6.68,6.99,7.09,15.4668,15.5534,15.5088,15.508
efsm20_cf_top.724,"LINESTRING (42.037676 41.806461, 42.059993 41.859754, 42.069389 41.919212, 42.061987 41.979178, 42.069866 42.039035, 42.078957 42.098586, 42.085576 42.158733, 42.086937 42.219515, 42.094166 42.279543, 42.107419 42.337685, 42.091753 42.394724, 42.069069 42.447289)",GECF00T,#16,G17s1s1,63,88,122,32,40,48,80,95,110,3,15,55.2,53,16,18.7,22.9,886,1031,1265,0.38,0.43,0.405,0.4042,0.0306,-113,40.5,33,R,INT,Leonard2014_Interplate,DS,W,6.54,6.59,6.81,7.12,7.22,16.0459,16.254,16.1393,16.1384
efsm20_cf_top.725,"LINESTRING (41.844041 45.088054, 41.845113 45.026002, 41.858048 44.966405, 41.877117 44.90984, 41.897763 44.854266, 41.916243 44.797315, 41.942203 44.745884, 41.964616 44.691499, 41.983072 44.634474, 42.006771 44.581052, 42.030938 44.527992, 42.056016 44.475682, 42.081111 44.423366, 42.098361 44.365555, 42.115303 44.307565, 42.13864 44.253743, 42.166288 44.203752, 42.194398 44.153093)",GECF00U,#16,G18s1s1,271,297,307,47,60,73,80,95,110,3,15,87.5,86.5,12.6,13.9,16.3,1100,1212,1426,0.25,1.24,0.745,0.5568,0.0056,-1021,44,33,R,INT,Leonard2014_Interplate,DS,W,6.22,6.27,6.49,6.8,6.9,15.9579,16.7661,16.4742,16.3478
efsm20_cf_top.726,"LINESTRING (41.560712 45.650487, 41.5984 45.61435, 41.640855 45.590176, 41.679869 45.557203, 41.708487 45.508733, 41.7285 45.453036, 41.741489 45.393706, 41.761322 45.337865, 41.791679 45.29127, 41.824801 45.248174, 41.850634 45.196859, 41.865704 45.138306, 41.876098 45.077935, 41.885037 45.017137, 41.893978 44.956332, 41.914923 44.901091, 41.945274 44.854377, 41.969899 44.801906, 41.981659 44.741891)",GECF00V,#16,G18s2s1,281,302,337,47,60,73,80,95,110,3,15,92.4,88.7,12.6,13.9,16.3,1162,1280,1506,0.2,1.24,0.72,0.498,0.0199,-972,45,33,R,INT,Leonard2014_Interplate,DS,W,6.22,6.27,6.49,6.8,6.9,15.8846,16.7897,16.4831,16.323
efsm20_cf_top.727,"LINESTRING (41.184593 46.670006, 41.183953 46.607197, 41.190641 46.547218, 41.217868 46.498548, 41.237235 46.443611, 41.250842 46.385685, 41.26229 46.326928, 41.271776 46.267545, 41.292257 46.213283, 41.317291 46.162498, 41.345315 46.11454, 41.375329 46.068747, 41.402398 46.019784, 41.426073 45.96777, 41.448408 45.914693, 41.47326 45.863625, 41.500011 45.814276, 41.521915 45.76082, 41.542208 45.706224, 41.560712 45.650487)",GECF00W,#16,G18s3s1,268,295,310,47,60,73,80,95,110,3,15,96.6,94.8,12.6,13.9,16.3,1215,1338,1575,0.2,1.24,0.72,0.498,0.0093,-511,44.5,33,R,INT,Leonard2014_Interplate,DS,W,6.22,6.27,6.49,6.8,6.9,15.904,16.8091,16.5024,16.3423
efsm20_cf_top.728,"LINESTRING (41.104508 46.541315, 41.12337 46.487671, 41.142236 46.434014, 41.161106 46.380344, 41.179982 46.326663, 41.195027 46.270874, 41.201052 46.212144, 41.206902 46.153379, 41.214244 46.094904, 41.222071 46.036532, 41.230494 45.9783, 41.252565 45.92676, 41.275716 45.876047, 41.303551 45.82967, 41.32983 45.781692, 41.354104 45.731856, 41.375247 45.679534, 41.39456 45.625954, 41.413776 45.572296, 41.432996 45.518625, 41.462463 45.473961, 41.495569 45.43407, 41.52889 45.394482, 41.562218 45.354884, 41.595555 45.315279, 41.63337 45.283648, 41.677847 45.279223, 41.711172 45.23953, 41.740205 45.194168, 41.774297 45.152937)",GECF00X,#16,G19s1s2,277,302,356,47,60,73,80,95,110,3,15,144,137.6,12.6,13.9,16.3,1810,1995,2347,0.2,1.24,0.72,0.498,0.022,-474,44.5,33,R,INT,Leonard2014_Interplate,DS,W,6.22,6.27,6.49,6.8,6.9,16.0773,16.9824,16.6758,16.5156
efsm20_cf_top.729,"LINESTRING (41.475948 45.308363, 41.509383 45.270773, 41.544976 45.237955, 41.583964 45.212935, 41.6272 45.211473, 41.67044 45.212746, 41.71368 45.214019)",GECF00Y,#16,G19s2s1,320,343,1,85,87,90,150,150,150,3,15,28.9,27.6,12,12,12,347,347,348,1.01,1.24,1.125,1.1191,0.0024,-671,44.5,33,RL,INT,Leonard2014_Interplate,SS,W,6.15,6.2,6.42,6.73,6.83,16.063,16.1538,16.1104,16.1082
efsm20_cf_top.730,"LINESTRING (42.299234 45.65103, 42.327593 45.600814, 42.348542 45.546155, 42.36667 45.489663, 42.384888 45.433208, 42.411491 45.383204, 42.439973 45.335115, 42.465451 45.284002, 42.495481 45.237632, 42.529094 45.196006, 42.562549 45.154125, 42.59138 45.106303, 42.609652 45.049676, 42.620988 44.989782, 42.623851 44.928055, 42.605955 44.871193, 42.59833 44.810237, 42.620348 44.756117, 42.647137 44.706105, 42.674263 44.656412)",GECF00Z,#16,G2s1s5,247,297,317,50,60,70,80,95,110,3,17,96.3,91.6,14.9,16.2,18.3,1435,1557,1760,0.1,0.76,0.43,0.2757,0.0243,-2638,45.5,33,R,INT,Leonard2014_Interplate,DS,W,6.38,6.43,6.65,6.96,7.06,15.6752,16.6448,16.3441,16.1511
efsm20_cf_top.731,"LINESTRING (41.974425 42.219357, 41.98879 42.278086, 42.013206 42.327857, 42.023228 42.385967, 42.030216 42.444885, 42.02577 42.504247, 42.022602 42.563755, 42.024256 42.623374, 42.034297 42.681488, 42.052173 42.736096, 42.064183 42.793554, 42.067384 42.853097, 42.084658 42.908085, 42.085021 42.967799, 42.058095 43.01522, 42.037859 43.068318, 42.010398 43.115145, 41.988134 43.16671, 41.968625 43.220241, 41.949121 43.27376)",GECF010,#16,G20s1s2,58,93,130,40,50,61,80,95,110,3,15,93.8,87.2,13.8,15.7,18.9,1293,1470,1770,0.4,0.45,0.425,0.4243,0.0451,-513,40.5,33,R,INT,Leonard2014_Interplate,DS,W,6.35,6.4,6.62,6.93,7.03,16.2323,16.4197,16.3141,16.3134
efsm20_cf_top.732,"LINESTRING (41.804435 41.719168, 41.818093 41.774844, 41.831662 41.830213, 41.843642 41.886251, 41.855036 41.942518, 41.871111 41.996698, 41.892674 42.04734, 41.914147 42.098067, 41.93311 42.150587, 41.950502 42.204094, 41.957458 42.261745, 41.957018 42.320149)",GECF011,#16,G20s2s2,62,73,92,70,75,80,0,15,30,3,15,53.2,52.6,12.2,12.4,12.8,648,660,679,0.16,0.18,0.17,0.1697,0.0029,-259,40,33,LL,INT,Leonard2014_Interplate,SS,W,6.19,6.24,6.46,6.77,6.87,15.534,15.6055,15.5687,15.568
efsm20_cf_top.733,"LINESTRING (41.560758 41.738152, 41.574925 41.795427, 41.589096 41.852713, 41.603269 41.91001, 41.617445 41.967319, 41.631624 42.024638, 41.660142 42.071451, 41.686055 42.120924, 41.69891 42.178861, 41.711756 42.236812, 41.724606 42.294774, 41.737456 42.352748, 41.738921 42.413201, 41.738889 42.473687, 41.740762 42.53412, 41.744872 42.594357, 41.751786 42.654375)",GECF012,#16,G21s1s1,53,76,92,62,70,78,0,15,30,3,15,80.3,79,12.3,12.8,13.6,984,1026,1096,0.34,0.38,0.36,0.3594,0.0055,-1301,40,33,LL,INT,Leonard2014_Interplate,SS,W,6.22,6.27,6.49,6.8,6.9,16.0429,16.138,16.0858,16.0851
efsm20_cf_top.734,"LINESTRING (41.751786 42.654375, 41.768081 42.711191, 41.784379 42.768019, 41.80003 42.825187, 41.815524 42.882447, 41.837387 42.93585, 41.857311 42.990622, 41.869337 43.049412, 41.874532 43.109987, 41.887458 43.168447, 41.898891 43.227477, 41.91047 43.286467, 41.92369 43.344843, 41.938795 43.402399, 41.953744 43.460042, 41.942701 43.519259, 41.924636 43.575254, 41.924109 43.636275, 41.930571 43.696682, 41.95257 43.750082, 41.971721 43.805448, 42.008851 43.846189)",GECF013,#16,G21s2s1,40,75,114,62,70,78,0,15,30,3,15,106.3,102.7,12.3,12.8,13.6,1302,1358,1450,0.34,0.38,0.36,0.3594,0.0115,-1473,40.5,33,LL,INT,Leonard2014_Interplate,SS,W,6.22,6.27,6.49,6.8,6.9,16.1647,16.2597,16.2076,16.2068
efsm20_cf_top.735,"LINESTRING (41.778595 43.310926, 41.78579 43.369523, 41.789766 43.428675, 41.788937 43.488059, 41.793466 43.547143, 41.805469 43.604322, 41.820445 43.660237, 41.839957 43.713589, 41.865318 43.762328, 41.870297 43.821417, 41.871438 43.880866, 41.881577 43.938761, 41.890506 43.997022, 41.896585 44.05595, 41.877565 44.109668, 41.865989 44.16707, 41.857932 44.225538, 41.867517 44.283589, 41.884998 44.341127)",GECF014,#16,G22s1s4,56,83,116,60,65,70,80,90,100,3,15,88.9,86.2,12.8,13.2,13.9,1135,1176,1231,0.28,0.32,0.3,0.2993,0.0128,-1371,41.5,33,R,INT,Leonard2014_Interplate,DS,W,6.17,6.22,6.44,6.75,6.85,16.0206,16.114,16.0662,16.0652
efsm20_cf_top.736,"LINESTRING (41.596394 42.617015, 41.620122 42.669828, 41.641801 42.724213, 41.658031 42.781913, 41.669508 42.841634, 41.675513 42.902781, 41.680176 42.964144, 41.681994 43.025779, 41.689965 43.086537, 41.699832 43.1468, 41.714363 43.205357, 41.72391 43.265737, 41.731936 43.326521, 41.729488 43.388844)",GECF015,#16,G22s2s1,61,78,94,62,70,78,0,15,30,3,15,66.6,65.8,12.3,12.8,13.6,816,851,909,0.1,0.32,0.21,0.1789,0.0044,-1475,40.5,33,LL,INT,Leonard2014_Interplate,SS,W,6.22,6.27,6.49,6.8,6.9,15.4305,15.9823,15.7707,15.7011
efsm20_cf_top.737,"LINESTRING (41.511153 44.790973, 41.508453 44.7285, 41.505756 44.666103, 41.50306 44.603709, 41.500364 44.541317, 41.497667 44.478928, 41.494973 44.416542, 41.4944 44.354058, 41.497369 44.291695, 41.502141 44.229526, 41.508642 44.167631, 41.512861 44.105381, 41.515606 44.042981, 41.516458 43.98048)",GECF016,#16,G26s1s2,267,271,279,60,65,70,80,90,100,3,15,67.7,67.5,12.8,13.2,13.9,864,896,938,0.16,0.18,0.17,0.1697,0.0011,-1092,42.5,33,R,INT,Leonard2014_Interplate,DS,W,6.17,6.22,6.44,6.75,6.85,15.6592,15.7458,15.7012,15.7005
efsm20_cf_top.738,"LINESTRING (41.245013 44.804273, 41.263083 44.74836, 41.280145 44.691874, 41.297365 44.635458, 41.300702 44.574718, 41.300498 44.513815, 41.297826 44.453017, 41.302962 44.392499, 41.322701 44.337545, 41.341174 44.281799, 41.353576 44.222427)",GECF017,#16,G28s1s3,267,284,296,66,75,84,150,165,180,3,15,50.9,50.1,12.1,12.4,13.1,615,633,669,0.1,0.11,0.105,0.1049,0.0043,-1016,42,33,RL,INT,Leonard2014_Interplate,SS,W,6.19,6.24,6.46,6.77,6.87,15.3071,15.3854,15.3409,15.3405
efsm20_cf_top.739,"LINESTRING (41.241725 44.345406, 41.243079 44.40438, 41.241691 44.463151, 41.23342 44.520909, 41.223444 44.578182, 41.214275 44.635685, 41.205399 44.693259, 41.196525 44.750825, 41.187646 44.808383, 41.172017 44.863334, 41.155577 44.917853, 41.139141 44.97236, 41.122709 45.026855, 41.11121 45.083524)",AMCF000,#16,G29s1s2,89,103,112,75,77,80,150,165,180,3,15,63.9,63.5,12.2,12.3,12.4,779,787,794,0.1,0.11,0.105,0.1049,0.0017,-1143,42.5,33,RL,INT,Leonard2014_Interplate,SS,W,6.18,6.23,6.45,6.76,6.86,15.41,15.4598,15.4359,15.4354
efsm20_cf_top.740,"LINESTRING (42.21722 45.604563, 42.23717 45.549814, 42.262883 45.499622, 42.278264 45.442207, 42.294495 45.385206, 42.313829 45.329989, 42.330028 45.272938, 42.341889 45.213957, 42.361421 45.158825, 42.392304 45.114177, 42.424276 45.070934, 42.444178 45.015972, 42.467801 44.963768, 42.476651 44.903697, 42.476752 44.842435, 42.484021 44.781968, 42.49747 44.72347, 42.515989 44.667563, 42.535636 44.612352, 42.559271 44.560082, 42.583737 44.5085, 42.608253 44.45694, 42.627464 44.401365, 42.640833 44.342698, 42.661466 44.287053)",GECF018,#16,G3s1s6,270,295,315,32,40,48,80,90,100,3,17,120.7,118.9,18.7,21.8,26.7,2259,2628,3224,0.1,0.9,0.5,0.3,0.0114,-2402,45.5,33,R,INT,Leonard2014_Interplate,DS,W,6.71,6.76,6.98,7.29,7.39,15.8724,16.9811,16.6371,16.4152
efsm20_cf_top.741,"LINESTRING (41.666531 43.714061, 41.622601 43.70286, 41.57851 43.692864, 41.534169 43.685096, 41.489954 43.676148, 41.446213 43.663718, 41.410597 43.627646, 41.370455 43.601369, 41.327014 43.587216, 41.285488 43.565117, 41.24876 43.531172, 41.213704 43.49425, 41.178932 43.456343)",GECF019,#16,G31s1s1,188,203,220,80,85,90,0,0,0,0,12,59.7,58.3,12,12,12.2,716,719,727,0.1,0.11,0.105,0.1049,0.002,-2337,41.5,33,LL,INT,Leonard2014_Interplate,SS,W,6.16,6.21,6.43,6.74,6.84,15.3737,15.4217,15.3965,15.3961
efsm20_cf_top.742,"LINESTRING (41.373476 43.634482, 41.334759 43.677106, 41.299646 43.724923, 41.263933 43.77192, 41.227062 43.817281, 41.192686 43.866095)",GECF01A,#16,G31s2s1,134,137,141,80,85,90,180,180,180,0,25,27.9,27.9,25,25.1,25.4,698,701,709,0.1,0.11,0.105,0.1049,0.0001,-2231,42,33,RL,INT,Leonard2014_Interplate,SS,L,6.57,6.62,6.84,7.15,7.25,15.3626,15.4106,15.3854,15.385
efsm20_cf_top.743,"LINESTRING (41.694803 46.810098, 41.714437 46.754951, 41.733938 46.700178, 41.753443 46.645391, 41.772954 46.590591, 41.79247 46.535777, 41.811989 46.480949, 41.8315 46.426099, 41.848774 46.369898, 41.863653 46.312461, 41.878535 46.255011, 41.893429 46.197554, 41.910104 46.140974, 41.931546 46.087354, 41.953016 46.033737, 41.97923 45.98406, 42.005881 45.934783, 42.029119 45.882452, 42.049395 45.827918, 42.059866 45.768569, 42.072335 45.709913, 42.091216 45.654441, 42.108122 45.597807, 42.124287 45.540767, 42.143273 45.485315, 42.172207 45.438306, 42.201147 45.391284, 42.230096 45.344249, 42.259053 45.297202, 42.286651 45.248666, 42.313256 45.199104)",GECF01B,#16,G4s1s3,283,297,310,47,60,73,80,90,100,3,17,151.1,149.8,14.7,16.2,19,2217,2443,2874,0.1,0.62,0.36,0.249,0.0043,-1472,45.5,33,R,INT,Leonard2014_Interplate,DS,W,6.38,6.43,6.65,6.96,7.06,15.8643,16.7694,16.4628,16.3027
efsm20_cf_top.744,"LINESTRING (42.460634 44.733315, 42.483057 44.679738, 42.505392 44.626371, 42.527696 44.572961, 42.551645 44.520857, 42.576208 44.469263, 42.593401 44.412418, 42.609009 44.35472, 42.617148 44.294241, 42.628475 44.234708, 42.639351 44.175007, 42.649879 44.115182, 42.660408 44.055348, 42.670939 43.995504, 42.681472 43.935651, 42.692007 43.875788, 42.702544 43.815915, 42.714728 43.756613, 42.728627 43.698, 42.745065 43.640604, 42.765623 43.585707, 42.789758 43.533563, 42.80826 43.477287, 42.826572 43.420879, 42.844889 43.364456)",GECF01C,#16,G5s1s1,281,292,303,47,60,73,80,90,100,3,17,120.8,119.8,14.7,16.2,19,1772,1952,2297,0.1,0.62,0.36,0.249,0.0039,-2488,43.5,33,R,INT,Leonard2014_Interplate,DS,W,6.38,6.43,6.65,6.96,7.06,15.767,16.6721,16.3654,16.2053
efsm20_cf_top.745,"LINESTRING (41.788409 46.29801, 41.812097 46.246727, 41.835789 46.195433, 41.859488 46.144125, 41.883193 46.092803, 41.906905 46.041468, 41.930623 45.990119, 41.952529 45.937317, 41.968388 45.880726, 41.982678 45.823371, 41.990823 45.763871, 42.003677 45.705885, 42.019115 45.649038, 42.039014 45.594746, 42.062683 45.54325, 42.091188 45.496389, 42.119701 45.449515, 42.148221 45.402628, 42.177769 45.356892, 42.208153 45.312144, 42.238507 45.267337, 42.26792 45.221377, 42.297341 45.175405, 42.331496 45.135844, 42.366135 45.097039, 42.398135 45.054263, 42.416463 44.998645, 42.429697 44.94042, 42.437296 44.880365, 42.444301 44.82017, 42.451307 44.759968)",GECF01D,#16,G5s2s4,279,300,320,47,60,73,80,90,100,3,17,150,146.7,14.7,16.2,19,2201,2425,2853,0.1,0.62,0.36,0.249,0.011,-1154,45.5,33,R,INT,Leonard2014_Interplate,DS,W,6.38,6.43,6.65,6.96,7.06,15.8611,16.7662,16.4596,16.2994
efsm20_cf_top.746,"LINESTRING (43.370105 40.898911, 43.394198 40.847784, 43.419458 40.797717, 43.432435 40.739417, 43.445379 40.681089, 43.466583 40.627531, 43.483842 40.571329, 43.494445 40.512064, 43.512205 40.456135, 43.55001 40.422382)",GECF01E,#16,G6s1s2,283,296,326,63,80,90,80,90,100,0,17,44.4,43.4,17,17.3,19,755,766,846,0.16,0.18,0.17,0.1697,0.0041,-1595,43.5,33,R,INT,Leonard2014_Interplate,DS,W,6.46,6.51,6.73,7.04,7.14,15.6005,15.701,15.6335,15.6327
efsm20_cf_top.747,"LINESTRING (42.09009 45.406644, 42.123495 45.362141, 42.155887 45.317589, 42.18016 45.264447, 42.204443 45.211292, 42.229053 45.158391, 42.254272 45.105994, 42.279666 45.053732, 42.306542 45.002821, 42.333383 44.951854, 42.351948 44.894519, 42.369808 44.836758, 42.387656 44.778974, 42.400807 44.718911, 42.416798 44.66011, 42.438915 44.605055, 42.465075 44.553336, 42.493228 44.503554, 42.516439 44.449263, 42.527107 44.38818)",GECF01F,#16,G7s1s2,284,300,315,47,60,73,80,90,100,3,17,97.8,96.8,14.7,16.2,19,1435,1581,1861,0.1,0.62,0.36,0.249,0.0051,-1670,45,33,R,INT,Leonard2014_Interplate,DS,W,6.38,6.43,6.65,6.96,7.06,15.6754,16.5806,16.2739,16.1138
efsm20_cf_top.748,"LINESTRING (42.149212 45.149416, 42.175873 45.099758, 42.193901 45.043767, 42.216878 44.991164, 42.24422 44.942494, 42.267583 44.890158, 42.285593 44.834076, 42.302673 44.777448, 42.318944 44.720371, 42.332194 44.661868, 42.345307 44.603298, 42.35376 44.543168, 42.362228 44.483033, 42.376486 44.424927, 42.386752 44.365284, 42.403563 44.308418, 42.424583 44.254163)",GECF01G,#16,G8s1s2,281,293,307,47,60,73,80,90,100,3,17,80.5,79.8,14.7,16.2,19,1181,1301,1531,0.1,0.83,0.465,0.2881,0.0047,-1765,45,33,R,INT,Leonard2014_Interplate,DS,W,6.38,6.43,6.65,6.96,7.06,15.5908,16.6226,16.3004,16.0925
efsm20_cf_top.749,"LINESTRING (41.638655 46.18497, 41.66592 46.137219, 41.69319 46.089459, 41.720467 46.041687, 41.747751 45.993901, 41.775043 45.946103, 41.802217 45.898164, 41.829345 45.850157, 41.856481 45.802137, 41.883625 45.754105, 41.910775 45.706059, 41.937933 45.658, 41.961897 45.606946, 41.984344 45.554638, 42.006797 45.502316, 42.029255 45.449981, 42.05172 45.397632, 42.073078 45.344433, 42.094278 45.291102, 42.115483 45.237756, 42.136694 45.184397)",GECF01H,#16,G8s2s1,298,303,307,47,60,73,80,90,100,3,17,99.9,99.6,14.7,16.2,19,1465,1614,1899,0.1,0.83,0.465,0.2881,0.0011,-387,45.5,33,R,INT,Leonard2014_Interplate,DS,W,6.38,6.43,6.65,6.96,7.06,15.6844,16.7162,16.3939,16.186
efsm20_cf_top.750,"LINESTRING (42.424285 43.969868, 42.439818 43.911761, 42.455717 43.853823, 42.474155 43.797267, 42.493954 43.741548, 42.521186 43.691912, 42.550469 43.64445, 42.57872 43.595829, 42.611428 43.552642, 42.642464 43.507211, 42.662721 43.451645, 42.68742 43.399487, 42.715453 43.350524, 42.746632 43.305198, 42.781192 43.264652, 42.81576 43.224095, 42.848818 43.181241, 42.877967 43.133377, 42.904133 43.082381, 42.916163 43.02231, 42.927957 42.962138, 42.950691 42.908122, 42.982114 42.862941, 43.012537 42.816475, 43.020612 42.755076, 43.025358 42.693022, 43.033553 42.63164, 43.042092 42.570337, 43.050633 42.509026, 43.066163 42.450327, 43.084954 42.392464)",GECF01I,#16,G9s1s1,278,301,320,50,55,60,80,90,100,3,17,152.2,148.3,16.2,17.1,18.3,2461,2602,2782,0.8,0.91,0.855,0.8532,0.0149,-1963,42,33,R,INT,Leonard2014_Interplate,DS,W,6.45,6.5,6.72,7.03,7.13,16.8127,16.9219,16.8657,16.8648
efsm20_cf_top.751,"LINESTRING (42.159439 44.337065, 42.171222 44.280847, 42.192767 44.230155, 42.220083 44.184793, 42.25301 44.146808, 42.291377 44.119675, 42.323935 44.08107, 42.352119 44.036595, 42.387801 44.003389, 42.424285 43.969868)",GECF01J,#16,G9s2s1,286,315,333,40,50,61,80,90,100,3,17,43.4,42.2,16.1,18.3,22,698,794,956,0.8,0.91,0.855,0.8532,0.0183,-1403,43.5,33,R,INT,Leonard2014_Interplate,DS,W,6.52,6.57,6.79,7.1,7.2,16.2658,16.4579,16.3501,16.3492
efsm20_cf_top.752,"LINESTRING (41.262155 46.7979, 41.283678 46.743679, 41.301475 46.687569, 41.31288 46.628575, 41.324287 46.569571, 41.33572 46.510565, 41.347741 46.451756, 41.359775 46.392941, 41.374397 46.335165, 41.391082 46.278376, 41.415637 46.226897, 41.440203 46.175407, 41.466313 46.125268, 41.492795 46.075457, 41.519282 46.025631, 41.544988 45.975059, 41.57034 45.92415, 41.596904 45.874336, 41.624079 45.825094, 41.651261 45.77584, 41.67845 45.726572, 41.705647 45.67729)",GECF01K,#16,G9s3s1,283,297,306,36,45,54,80,90,100,3,17,106.9,105.6,17.2,19.8,24.1,1839,2116,2574,0.2,2,1.1,0.6325,0.0087,-603,45,33,R,INT,Leonard2014_Interplate,DS,W,6.6,6.65,6.87,7.18,7.28,16.0842,17.2301,16.8855,16.6452
efsm20_cf_top.753,"LINESTRING (43.208844 41.070271, 43.1946 41.006885, 43.204175 40.944223, 43.213671 40.88153, 43.211922 40.817537, 43.219304 40.754303, 43.229111 40.691683, 43.235978 40.628323, 43.240154 40.564515, 43.243964 40.500661, 43.253839 40.438036, 43.268745 40.377305, 43.282429 40.316017, 43.295819 40.254595)",GECF01L,#16,G11s1s1,251,277,288,60,65,70,80,90,100,0,17,67.7,66.8,18.1,18.8,19.6,1224,1269,1328,0.32,0.36,0.34,0.3394,0.0055,-719,43,33,R,INT,Leonard2014_Interplate,DS,W,6.55,6.6,6.82,7.13,7.23,16.1114,16.198,16.1534,16.1527
efsm20_cf_top.754,"LINESTRING (42.443678 45.780891, 42.461945 45.724083, 42.488734 45.674338, 42.508837 45.619083, 42.523971 45.56097, 42.539108 45.502845, 42.554249 45.444708, 42.569392 45.386558, 42.584539 45.328395, 42.601294 45.271036, 42.619853 45.214694, 42.628333 45.154039, 42.643227 45.0957, 42.663713 45.040567, 42.680745 44.983283, 42.697386 44.925774, 42.708949 44.865991, 42.70558 44.804338, 42.700448 44.742915, 42.700037 44.681102, 42.702353 44.619364, 42.705165 44.557664, 42.709888 44.496175, 42.71535 44.434794, 42.716817 44.372994, 42.715335 44.311194, 42.712242 44.249507, 42.708477 44.187893, 42.706092 44.126154, 42.704511 44.064369, 42.703367 44.002569, 42.70419 43.940758, 42.707472 43.879097, 42.715156 43.818161, 42.734933 43.762488, 42.75684 43.708294, 42.785434 43.660203, 42.810866 43.608899, 42.832541 43.554467, 42.847509 43.495971, 42.858719 43.435919, 42.862397 43.374147)",GECF01M,#16,G1s2s8,264,284,310,60,65,70,80,90,100,3,17,207.1,202.2,14.9,15.4,16.2,3086,3200,3349,0.1,0.76,0.43,0.2757,0.01,-2886,45,33,R,INT,Leonard2014_Interplate,DS,W,6.34,6.39,6.61,6.92,7.02,16.0079,16.9242,16.6571,16.4641
efsm20_cf_top.755,"LINESTRING (42.835803 41.691185, 42.87013 41.6499, 42.899134 41.601589, 42.921141 41.546804, 42.947541 41.495745, 42.973985 41.444707, 43.000436 41.393654, 43.026895 41.342587, 43.053361 41.291504, 43.078337 41.239013, 43.093827 41.180049, 43.108816 41.120827, 43.11105 41.058215, 43.113104 40.99559, 43.103722 40.934236, 43.092112 40.873612, 43.092889 40.810951, 43.101743 40.749461, 43.097778 40.687018, 43.093229 40.624657, 43.088529 40.560232)",GECF01N,#16,G13s1s1,254,286,317,60,65,70,80,90,100,3,17,101.9,96.2,14.9,15.4,16.2,1519,1575,1648,0.35,0.4,0.375,0.3742,0.0237,-474,42.5,33,R,INT,Leonard2014_Interplate,DS,W,6.34,6.39,6.61,6.92,7.02,16.2441,16.3375,16.2898,16.2888
efsm20_cf_top.767,"LINESTRING (39.544108 45.378067, 39.581137 45.337067, 39.618172 45.296061, 39.655215 45.255044, 39.692776 45.214808, 39.730685 45.175104, 39.768497 45.135222, 39.806065 45.094931)",AMCF006,#16,AM2s3,319,320,321,75,77,80,-170,180,170,1,26,37.9,37.9,25.4,25.7,25.9,962,972,981,0.25,0.75,0.5,0.433,0,-1810,42,33,RL,INT,Leonard2014_Interplate,SS,L,6.71,6.76,6.98,7.29,7.39,15.8996,16.3851,16.2053,16.1428
efsm20_cf_top.756,"LINESTRING (42.877274 43.319326, 42.899877 43.265275, 42.922346 43.211545, 42.944821 43.1578, 42.967302 43.10404, 42.98979 43.050266, 43.012283 42.996476, 43.034783 42.942672, 43.057289 42.888852, 43.079758 42.834984, 43.094636 42.776374, 43.102331 42.715214, 43.105016 42.653258, 43.106615 42.591227, 43.108244 42.529196, 43.116658 42.468201, 43.120946 42.406399, 43.126509 42.344781, 43.130146 42.282891, 43.134814 42.221125, 43.143532 42.160182, 43.152271 42.099236, 43.172356 42.043546, 43.192912 41.98816, 43.213474 41.932759, 43.234041 41.877343)",GECF01O,#16,G1s2s6,274,290,301,60,65,70,80,90,100,3,17,126,123.7,14.9,15.4,16.2,1877,1946,2037,0.68,0.76,0.72,0.7189,0.0078,-2695,41.5,33,R,INT,Leonard2014_Interplate,DS,W,6.34,6.39,6.61,6.92,7.02,16.6245,16.7083,16.6651,16.6644
efsm20_cf_top.757,"LINESTRING (42.992365 42.980005, 43.011532 42.923072, 43.037802 42.871691, 43.057167 42.81484, 43.068976 42.754219, 43.071848 42.691598, 43.066174 42.629336, 43.056902 42.567897, 43.073153 42.509233, 43.086398 42.449154, 43.099507 42.389008, 43.112915 42.327495)",GECF01P,#16,G1s2s5,260,286,306,60,65,70,80,90,100,3,17,56.2,54.7,14.9,15.4,16.2,837,868,908,0.68,0.76,0.72,0.7189,0.0112,-2289,41,33,R,INT,Leonard2014_Interplate,DS,W,6.34,6.39,6.61,6.92,7.02,16.2737,16.3575,16.3143,16.3136
efsm20_cf_top.758,"LINESTRING (41.705647 45.67729, 41.716654 45.618473, 41.737872 45.564897, 41.77086 45.523348, 41.804653 45.482958, 41.826001 45.429402, 41.840929 45.372049, 41.855114 45.314344, 41.868301 45.256201, 41.888536 45.20182, 41.919812 45.157854, 41.948657 45.110962, 41.975748 45.062194, 42.010767 45.023604, 42.033214 44.970692, 42.040596 44.910563, 42.06315 44.857708, 42.095081 44.814481, 42.114533 44.759391, 42.12429 44.699801, 42.131371 44.639518, 42.133549 44.578551, 42.141051 44.518354, 42.148386 44.458112, 42.155126 44.397737, 42.159439 44.337065)",GECF01Q,#16,G9s2s4,273,294,321,36,45,54,80,90,100,3,17,125.8,121.8,17.2,19.8,24.1,2165,2491,3030,0.2,2,1.1,0.6325,0.0226,-1195,44.5,33,R,INT,Leonard2014_Interplate,DS,W,6.6,6.65,6.87,7.18,7.28,16.155,17.3009,16.9563,16.716
efsm20_cf_top.759,"LINESTRING (41.479473 42.97999, 41.51109 43.022757, 41.540418 43.06836, 41.565069 43.118681, 41.58348 43.173582, 41.603068 43.227766, 41.632157 43.273707, 41.654741 43.325806, 41.672627 43.381092, 41.694808 43.433531, 41.721609 43.481966, 41.739646 43.537221, 41.740103 43.597537, 41.732457 43.656976, 41.733047 43.717283, 41.727877 43.777193, 41.733666 43.837003, 41.750697 43.892839, 41.767587 43.948768, 41.772638 44.008734, 41.766904 44.068589, 41.761198 44.128444, 41.770675 44.187436, 41.782914 44.245516, 41.794178 44.303959, 41.780482 44.36146, 41.766336 44.418753, 41.76586 44.479093, 41.768282 44.539352, 41.770774 44.600115)",GECF01R,#16,G23s1s1,47,77,109,75,77,80,0,15,30,3,15,145.2,138.5,12.2,12.3,12.4,1769,1788,1804,0.1,0.2,0.15,0.1414,0.0103,-1741,41.5,33,LL,INT,Leonard2014_Interplate,SS,W,6.18,6.23,6.45,6.76,6.86,15.7662,16.0757,15.947,15.9213
efsm20_cf_top.760,"LINESTRING (42.047066 42.154691, 42.047826 42.227443, 42.035452 42.284341, 42.057428 42.335722, 42.053177 42.394746, 42.047692 42.453581, 42.058366 42.511113, 42.065001 42.569742, 42.069545 42.628739, 42.078127 42.686919, 42.099532 42.738769, 42.102595 42.797971, 42.115665 42.854647, 42.122435 42.913302, 42.114855 42.971777, 42.097897 43.026547, 42.075342 43.077501, 42.052793 43.128442, 42.03025 43.17937, 42.007711 43.230284, 41.985428 43.281382, 41.973601 43.338435, 41.988357 43.394241, 42.007972 43.447284, 42.031988 43.496962, 42.055653 43.546959, 42.077438 43.598502, 42.099229 43.650058)",GECF01S,#16,G17s2s1,58,89,122,32,40,48,80,95,110,3,15,133.3,123.6,16,18.7,22.9,2139,2489,3053,0.38,0.43,0.405,0.4042,0.056,-462,41,33,R,INT,Leonard2014_Interplate,DS,W,6.54,6.59,6.81,7.12,7.22,16.4285,16.6367,16.5219,16.5211
efsm20_cf_top.761,"LINESTRING (38.822179 46.515946, 38.838829 46.462124, 38.876642 46.430746, 38.914463 46.399369, 38.956652 46.379171, 39.000416 46.365592, 39.045437 46.365583, 39.084972 46.337848, 39.124373 46.30978)",AMCF001,#16,AM5,291,331,359,62,70,78,-160,-160,-160,0,20,40.1,38,20.4,21.3,22.7,818,853,911,0.44,1.8,1.12,0.8899,0.0173,-1514,44,33,RL,INT,Leonard2014_Interplate,SS,L,6.63,6.68,6.9,7.21,7.31,16.0747,16.7332,16.4985,16.3986
efsm20_cf_top.762,"LINESTRING (38.687568 46.373059, 38.710717 46.321211, 38.740324 46.276799, 38.770681 46.233207, 38.812727 46.210646, 38.854791 46.188126, 38.899211 46.175021, 38.944696 46.171343, 38.990181 46.167664, 39.035666 46.163987, 39.08116 46.160497, 39.126691 46.157916, 39.172222 46.155336, 39.217753 46.152755, 39.263284 46.150175, 39.308815 46.147591, 39.354169 46.141799, 39.398384 46.127494, 39.441479 46.108291)",AMCF002,#16,AM6,299,344,357,62,70,78,-170,-170,-170,1,20,91.3,86.9,19.4,20.2,21.6,1772,1847,1973,0.44,1.8,1.12,0.8899,0.0166,-1813,44,33,RL,INT,Leonard2014_Interplate,SS,L,6.96,7.01,7.23,7.54,7.64,16.4103,17.0689,16.8341,16.7343
efsm20_cf_top.763,"LINESTRING (39.270299 46.726246, 39.308312 46.695911, 39.346204 46.665672, 39.384112 46.63545, 39.424858 46.6122, 39.466661 46.592328, 39.508467 46.572455, 39.550276 46.552579, 39.592028 46.532493, 39.63376 46.512327, 39.675495 46.492159, 39.717232 46.471985, 39.7581 46.448988, 39.797802 46.422744, 39.837508 46.396496, 39.877219 46.370245, 39.916933 46.343988, 39.955261 46.314423, 39.989561 46.277366, 40.023867 46.2403, 40.058181 46.203227, 40.0925 46.166145, 40.123679 46.124575, 40.1542 46.082159, 40.184728 46.039733)",AZCF000,#16,AkeraF01,313,329,339,62,70,78,-160,-160,-160,1,26,118.9,117.4,25.5,26.6,28.4,3033,3162,3378,0.8,1.3,1.05,1.0198,0.0042,-1380,43,33,RL,INT,Leonard2014_Interplate,SS,L,7.21,7.26,7.48,7.79,7.89,16.9035,17.1611,17.0397,17.027
efsm20_cf_top.764,"LINESTRING (40.066297 45.223371, 40.10709 45.188787, 40.151122 45.164738, 40.19729 45.148956, 40.244953 45.145984, 40.292568 45.141897, 40.337368 45.120349, 40.380432 45.093378, 40.416248 45.051976)",AMCF003,#16,AM1s7,319,339,357,62,70,78,-160,-160,-160,1,26,42.5,41.5,25.5,26.6,28.4,1086,1132,1209,0.25,1,0.625,0.5,0.0081,-2177,41,33,RL,INT,Leonard2014_Interplate,SS,L,6.76,6.81,7.03,7.34,7.44,15.9522,16.601,16.3682,16.2713
efsm20_cf_top.765,"LINESTRING (40.593193 44.522423, 40.631912 44.489385, 40.673838 44.465461, 40.710566 44.429626, 40.746365 44.39217, 40.778811 44.349705, 40.803701 44.2991, 40.835185 44.255354, 40.866594 44.211494, 40.883918 44.155586, 40.900667 44.099358)",AMCF004,#16,AM2s1,292,314,337,60,72,85,120,135,150,1,26,50.9,49.4,25.1,26.3,28.9,1276,1337,1468,0.25,2.4,1.325,0.7746,0.0089,-2107,41,33,R,INT,Leonard2014_Interplate,DS,L,6.84,6.89,7.11,7.42,7.52,16.0223,17.0654,16.7668,16.5336
efsm20_cf_top.766,"LINESTRING (40.020788 44.824008, 40.059277 44.787786, 40.098835 44.757022, 40.139569 44.728985, 40.185545 44.726005, 40.230564 44.713425, 40.273004 44.690067, 40.314145 44.662998, 40.357451 44.642523, 40.401362 44.624395, 40.445374 44.606673, 40.490814 44.597004, 40.536253 44.587319, 40.581257 44.574582, 40.621996 44.546355, 40.651001 44.49925)",AMCF005,#16,AM2s2,309,339,357,63,80,90,-150,-135,-120,1,26,76.9,75.3,25,25.4,28,1923,1953,2155,0.5,3,1.75,1.2247,0.0037,-1863,40.5,33,N,INT,Leonard2014_Interplate,DS,W,6.87,6.92,7.14,7.45,7.55,16.5015,17.329,17.0523,16.8973
efsm20_cf_top.768,"LINESTRING (39.438989 45.18052, 39.479039 45.162134, 39.518998 45.143797, 39.560064 45.130167, 39.601479 45.118436, 39.643805 45.115396, 39.685762 45.107539)",AZCF001,#16,AM2s4s,340,347,357,47,60,73,-130,-115,-100,1,26,28.3,28.1,26.2,28.9,34,741,817,961,0.25,1,0.625,0.5,0.0026,-1244,42.5,33,N,INT,Leonard2014_Interplate,DS,L,6.64,6.69,6.91,7.22,7.32,15.7864,16.5012,16.2265,16.1296
efsm20_cf_top.769,"LINESTRING (39.704654 45.099407, 39.746411 45.081968, 39.785935 45.057857, 39.825085 45.032722, 39.863797 45.00645, 39.899243 44.973249, 39.934459 44.939617, 39.969864 44.906308, 40.006806 44.875956, 40.045089 44.848564, 40.084274 44.823426, 40.123971 44.799688, 40.164275 44.777757, 40.204583 44.755825)",AMCF007,#16,AM2s5,324,332,342,47,60,73,-130,-115,-100,1,26,63.1,62.8,26.2,28.9,34,1654,1822,2144,0.5,3,1.75,1.2247,0.0023,-1795,41,33,N,INT,Leonard2014_Interplate,DS,L,6.99,7.04,7.26,7.57,7.67,16.436,17.3268,17.0222,16.8671
efsm20_cf_top.770,"LINESTRING (40.955833 43.90089, 40.953674 43.83842, 40.958595 43.776679, 40.967562 43.715735, 40.975269 43.654484, 40.983539 43.593353, 41.00013 43.535256, 41.014313 43.476037, 41.032267 43.418629, 41.051186 43.361751, 41.071198 43.305519)",TRCF03Z,#16,AM1s1,268,285,296,75,77,80,-170,180,170,1,26,52.2,51.6,25.4,25.7,25.9,1324,1339,1350,0.8,4,2.4,1.7889,0.0026,-2239,43,33,RL,INT,Leonard2014_Interplate,SS,L,6.84,6.89,7.11,7.42,7.52,16.5436,17.251,17.0254,16.8978
efsm20_cf_top.771,"LINESTRING (40.746197 44.611297, 40.760535 44.554518, 40.776522 44.498712, 40.798363 44.446463, 40.827195 44.400491, 40.852695 44.351181, 40.882574 44.306354, 40.899983 44.251193, 40.913393 44.194097, 40.924348 44.136079, 40.938461 44.079259, 40.951439 44.021955, 40.964421 43.964641)",AMCF008,#16,AM1s2,285,295,312,75,77,80,-170,180,170,1,26,60.3,59.6,25.4,25.7,25.9,1531,1547,1561,0.25,2.5,1.375,0.7906,0.0028,-2035,41.5,33,RL,INT,Leonard2014_Interplate,SS,L,6.9,6.95,7.17,7.48,7.58,16.1014,17.1099,16.8464,16.6061
efsm20_cf_top.772,"LINESTRING (40.626243 45.018969, 40.644256 44.963921, 40.665923 44.911253, 40.687596 44.858572, 40.709205 44.805828, 40.730728 44.753005, 40.752259 44.700171, 40.77724 44.650036, 40.800561 44.598505, 40.821155 44.544967, 40.844128 44.493132, 40.866615 44.440907, 40.887013 44.387187)",AMCF009,#16,AM1s3,293,299,304,75,77,80,-170,180,170,1,26,60.7,60.6,25.4,25.7,25.9,1540,1556,1570,1,2.1,1.55,1.4491,0.0002,-1933,41,33,RL,INT,Leonard2014_Interplate,SS,L,6.91,6.96,7.18,7.49,7.59,16.706,17.0366,16.9009,16.8717
efsm20_cf_top.773,"LINESTRING (40.447992 45.4388, 40.454027 45.375852, 40.469903 45.317877, 40.498179 45.268715, 40.537785 45.235725, 40.572701 45.194552, 40.598152 45.142712, 40.614545 45.084863, 40.624923 45.024635)",AMCF00A,#16,AM1s4,277,299,327,45,52,60,80,90,100,1,26,41.9,40.2,28.9,31.7,35.4,1208,1328,1480,1,2.1,1.55,1.4491,0.0251,-2035,41.5,33,R,INT,Leonard2014_Interplate,DS,L,6.84,6.89,7.11,7.42,7.52,16.6007,17.011,16.832,16.8028
efsm20_cf_top.774,"LINESTRING (40.253468 46.710297, 40.216743 46.672452, 40.182384 46.633453, 40.152599 46.588488, 40.132553 46.535095, 40.121578 46.477381, 40.125537 46.418138, 40.132194 46.359306, 40.143101 46.301561, 40.159511 46.246078, 40.174011 46.189679, 40.191237 46.134596, 40.205928 46.078254, 40.215882 46.020154, 40.232976 45.964965, 40.250136 45.909798, 40.261303 45.852038, 40.275446 45.795398, 40.300486 45.745638, 40.326772 45.696976, 40.352031 45.647368, 40.370991 45.593126, 40.391705 45.539983, 40.419002 45.492222, 40.447917 45.446115)",AZCF002,#16,AM1s5,217,281,309,45,52,60,80,90,100,1,26,121.5,109.3,28.9,31.7,35.4,3507,3854,4295,1,2.1,1.55,1.4491,0.0618,-1801,42.5,33,R,INT,Leonard2014_Interplate,DS,W,7.12,7.17,7.39,7.7,7.8,17.0635,17.4737,17.2948,17.2656
efsm20_cf_top.775,"LINESTRING (40.245493 46.653008, 40.234831 46.595897, 40.225338 46.538948, 40.216168 46.481915, 40.218232 46.423698, 40.229089 46.367172, 40.242562 46.311612, 40.257421 46.256651, 40.268026 46.200011, 40.271783 46.141893, 40.278665 46.084263, 40.273816 46.026279, 40.284871 45.969774, 40.303532 45.916805)",AZCF003,#16,AM1s6,255,275,294,45,52,60,80,90,100,1,26,64.4,62.8,28.9,31.7,35.4,1858,2042,2276,0.5,1,0.75,0.7071,0.0151,-2121,43,33,R,INT,Leonard2014_Interplate,DS,L,7.03,7.08,7.3,7.61,7.71,16.4866,16.8757,16.7037,16.6781
efsm20_cf_top.776,"LINESTRING (39.214409 44.287221, 39.181748 44.330469, 39.141403 44.36105, 39.09771 44.38266, 39.052249 44.397704)",IRCF000,#16,IR149s3,135,153,166,80,85,90,180,180,180,2,20,20.8,20.4,18,18.1,18.3,375,376,381,0.5,2,1.25,1,0.0018,-2013,43,33,RL,INT,Leonard2014_Interplate,SS,L,6.29,6.34,6.56,6.87,6.97,15.7915,16.4002,16.191,16.0941
efsm20_cf_top.777,"LINESTRING (39.254667 43.472092, 39.241238 43.527221, 39.227933 43.58184, 39.21463 43.636449, 39.201329 43.691049, 39.188025 43.745637, 39.172963 43.79945, 39.157364 43.852995, 39.141738 43.906515, 39.116248 43.9533, 39.090006 43.999371, 39.066105 44.047493, 39.048799 44.100079, 39.022936 44.14646, 38.996203 44.192001, 38.966757 44.234661, 38.937318 44.277312, 38.909283 44.321482, 38.881314 44.365706, 38.853353 44.40992, 38.825398 44.454124)",TRCF040,#16,IR43s1,108,120,132,80,85,90,180,180,180,0,20,98.7,97.3,20,20.1,20.3,1973,1981,2004,3,4,3.5,3.4641,0.0012,-2408,43,33,RL,INT,Leonard2014_Interplate,SS,L,7.01,7.06,7.28,7.59,7.69,17.2909,17.4225,17.3595,17.355
efsm20_cf_top.778,"LINESTRING (39.364384 44.100913, 39.326233 44.133342, 39.285876 44.160933, 39.245568 44.188631, 39.223228 44.240517)",IRCF001,#16,IR149s4,120,143,153,80,85,90,180,180,180,2,20,20.3,19.8,18,18.1,18.3,366,368,372,0.5,2,1.25,1,0.0025,-2242,42.5,33,RL,INT,Leonard2014_Interplate,SS,L,6.27,6.32,6.54,6.85,6.95,15.7812,16.3899,16.1808,16.0839
efsm20_cf_top.779,"LINESTRING (36.937828 47.917692, 36.980603 47.898293, 37.023381 47.878893, 37.066162 47.859491, 37.105207 47.830215, 37.142158 47.796927, 37.179112 47.763628, 37.216073 47.730324, 37.253039 47.697013, 37.276765 47.648236, 37.300354 47.599337, 37.323948 47.550427, 37.347925 47.501797, 37.384291 47.467398, 37.420705 47.433063, 37.456636 47.397915, 37.485698 47.353811, 37.513779 47.30869, 37.540617 47.262366, 37.564481 47.213507, 37.593385 47.169174, 37.624875 47.127723, 37.654019 47.081994)",IRCF002,#16,IR2s3s1b,300,316,338,70,75,80,135,150,165,2,20,111.4,108.7,18.3,18.6,19.2,2036,2076,2134,0.5,3.5,2,1.3229,0.0064,-1512,40,33,RL,INT,Leonard2014_Interplate,SS,L,7.03,7.08,7.3,7.61,7.71,16.5263,17.3918,17.1368,16.9573
efsm20_cf_top.789,"LINESTRING (36.126554 36.445314, 36.083827 36.432967, 36.041102 36.42062, 35.998152 36.409541, 35.954701 36.402013, 35.911251 36.394485, 35.867801 36.386957, 35.824351 36.37943, 35.780897 36.371901)",SYCF003,#16,SY1s5,189,191,195,75,85,90,20,20,20,0,18,39,39,18,18.1,18.7,703,705,728,0.5,1.5,1,0.866,0.0001,-308,35.5,33,LL,INT,Leonard2014_Interplate,SS,L,6.57,6.62,6.84,7.15,7.25,16.0642,16.5567,16.3668,16.3044
efsm20_cf_top.780,"LINESTRING (38.26059 46.066118, 38.283689 46.017398, 38.299977 45.964386, 38.317056 45.911767, 38.331255 45.857764, 38.336722 45.801228, 38.35255 45.747951, 38.369048 45.694994, 38.38048 45.639896, 38.391139 45.584538, 38.400915 45.528908, 38.423641 45.479811, 38.44015 45.426807, 38.454012 45.372569, 38.472839 45.320816, 38.478813 45.264254, 38.482797 45.207402, 38.487847 45.150223)",IRCF003,#16,IR2s3s2,275,287,300,70,75,80,135,150,165,0,20,84.5,83.7,20.3,20.7,21.3,1716,1750,1799,3,6.45,4.725,4.3989,0.0023,-1592,43,33,RL,INT,Leonard2014_Interplate,SS,L,6.96,7.01,7.23,7.54,7.64,17.2302,17.583,17.4359,17.4048
efsm20_cf_top.781,"LINESTRING (39.41696 44.12476, 39.382405 44.16261, 39.350543 44.20421, 39.309186 44.228021, 39.266729 44.248324, 39.223345 44.265028, 39.179271 44.278382, 39.13488 44.289841, 39.092254 44.309496, 39.056416 44.345127, 39.021134 44.381651, 38.986044 44.418461, 38.944543 44.441724, 38.910008 44.479351, 38.872756 44.512403, 38.835992 44.546328, 38.801943 44.584623, 38.767394 44.622155, 38.729491 44.653898, 38.692876 44.688021, 38.65772 44.725587)",IRCF004,#16,IR149s1,135,149,169,80,85,90,180,180,180,2,20,100.7,99.1,18,18.1,18.3,1813,1820,1841,0.5,4,2.25,1.4142,0.0014,-2082,43,33,RL,INT,Leonard2014_Interplate,SS,L,6.97,7.02,7.24,7.55,7.65,16.4759,17.3857,17.1308,16.9291
efsm20_cf_top.782,"LINESTRING (38.663066 44.752316, 38.630388 44.787103, 38.600893 44.826262, 38.579391 44.87316, 38.557899 44.920051, 38.538863 44.968634, 38.521595 45.018274, 38.504265 45.068096)",IRCF005,#16,IR149s2,114,123,140,80,85,90,180,180,180,2,20,33.1,32.6,18,18.1,18.3,596,598,605,0.5,4,2.25,1.4142,0.0012,-1354,42.5,33,RL,INT,Leonard2014_Interplate,SS,L,6.49,6.54,6.76,7.07,7.17,15.9925,16.9023,16.6474,16.4457
efsm20_cf_top.783,"LINESTRING (36.64108 45.079178, 36.595491 45.092358, 36.551562 45.105057, 36.507634 45.117756, 36.463707 45.130454, 36.419866 45.14359, 36.379171 45.167733, 36.341495 45.198509, 36.303824 45.22928, 36.266159 45.260046, 36.228499 45.290808, 36.190845 45.321566, 36.153196 45.352319, 36.115552 45.383067, 36.077915 45.413812, 36.04093 45.445734, 36.030978 45.500128, 36.023932 45.555207, 36.016503 45.610202, 35.998077 45.661086, 35.965981 45.700235, 35.933891 45.739375, 35.901808 45.778507, 35.869732 45.817633, 35.837661 45.856749, 35.805597 45.895858, 35.77354 45.93496, 35.741489 45.974054, 35.709444 46.013139, 35.677364 46.052165, 35.643638 46.089012, 35.608832 46.12429, 35.574032 46.159561, 35.539238 46.194825, 35.504451 46.230085, 35.469669 46.265338, 35.434931 46.30064, 35.402655 46.339288, 35.378449 46.385961, 35.354249 46.432626, 35.32988 46.479145, 35.294176 46.512904, 35.256343 46.542971, 35.218515 46.573032, 35.180692 46.60309, 35.142874 46.633144, 35.105069 46.663209, 35.068577 46.695592, 35.043272 46.741194, 35.017973 46.786787, 34.992679 46.832369, 34.96739 46.877942, 34.942107 46.923505)",IRCF006,#16,IR4s7,99,138,167,80,85,90,180,180,180,0,20,260.9,251.7,20,20.1,20.3,5219,5239,5299,0.5,4,2.25,1.4142,0.0031,-1685,42,33,RL,INT,Leonard2014_Interplate,SS,L,7.42,7.47,7.69,8,8.1,16.9351,17.8448,17.5899,17.3883
efsm20_cf_top.784,"LINESTRING (32.869092 49.516341, 32.902427 49.479976, 32.935603 49.443784, 32.968784 49.407585, 33.001972 49.371381, 33.035165 49.33517, 33.068362 49.29895, 33.098813 49.25943, 33.114909 49.20928, 33.131008 49.159122, 33.14711 49.108956, 33.163214 49.058781, 33.179321 49.008598, 33.195431 48.958408, 33.211542 48.908209, 33.227657 48.858003, 33.243774 48.807788, 33.259895 48.757565, 33.276017 48.707334, 33.292141 48.657094, 33.308269 48.606847, 33.3244 48.556592, 33.340537 48.506331, 33.362105 48.459069, 33.388898 48.415796, 33.415697 48.372515, 33.442501 48.329225, 33.46931 48.285927, 33.496124 48.242619, 33.522944 48.199303, 33.54977 48.155979, 33.5766 48.112645, 33.603437 48.069304, 33.630278 48.025953, 33.657124 47.982594, 33.683977 47.939227, 33.710834 47.89585, 33.737697 47.852464, 33.764565 47.809069, 33.791439 47.765666, 33.818318 47.722254, 33.843872 47.677685, 33.861468 47.62783, 33.879067 47.577967, 33.896669 47.528095, 33.914274 47.478214, 33.931882 47.428325, 33.949494 47.378427, 33.967108 47.32852, 33.984725 47.278605, 34.002346 47.22868, 34.01997 47.178747, 34.037597 47.128806, 34.055226 47.078855, 34.072859 47.028896, 34.090498 46.978929, 34.112939 46.931842, 34.146105 46.895126, 34.179276 46.858403, 34.212454 46.821674, 34.245637 46.784938, 34.278827 46.748195, 34.312022 46.711446, 34.345224 46.674691, 34.378431 46.637928, 34.411644 46.601158, 34.444864 46.564383, 34.478089 46.5276, 34.511321 46.490812, 34.544558 46.454016, 34.577802 46.417214, 34.611051 46.380404, 34.644307 46.343589, 34.677569 46.306766, 34.710837 46.269936, 34.744111 46.2331, 34.777391 46.196258, 34.810677 46.159408, 34.843969 46.122551, 34.877268 46.085688, 34.910573 46.048818, 34.944047 46.01216, 34.984739 45.988756, 35.025435 45.96535, 35.066135 45.941942, 35.106838 45.918531, 35.147545 45.895119, 35.188256 45.871704, 35.228971 45.848288, 35.269689 45.824869, 35.310411 45.801448, 35.351137 45.778025, 35.391866 45.754599, 35.432599 45.731172, 35.473336 45.707742, 35.514077 45.68431, 35.554822 45.660877, 35.59557 45.63744)",IRCF007,#16,IR16s1,289,309,335,33,46,60,60,90,120,5,20,485.2,468,17.3,20.9,27.5,8405,10118,13364,1,2,1.5,1.4142,0.0247,-1539,43,33,R,INT,Leonard2014_Interplate,DS,W,6.66,6.71,6.93,7.24,7.34,17.443,17.9455,17.6997,17.6741
efsm20_cf_top.785,"LINESTRING (39.417522 44.58762, 39.375517 44.609169, 39.333106 44.629333, 39.288076 44.634189, 39.245375 44.653283, 39.203028 44.673631, 39.163422 44.701694, 39.123151 44.728121, 39.082883 44.754542, 39.043548 44.783182, 39.009328 44.821167, 38.975129 44.859166, 38.937939 44.892169, 38.89962 44.922949, 38.861304 44.953719, 38.821725 44.981711, 38.781483 45.008085, 38.741513 45.035114, 38.705579 45.070229, 38.669673 45.105371, 38.63976 45.148738, 38.61208 45.194838)",IRCF008,#16,IR151s1,127,150,175,44,50,56,180,180,180,1,20,105.5,103.8,22.9,24.8,27.4,2419,2618,2887,0.4928,1.5072,1,0.8619,0.0106,-1422,43.5,33,RL,INT,Leonard2014_Interplate,SS,L,7.13,7.18,7.4,7.71,7.81,16.5948,17.1571,16.9364,16.8719
efsm20_cf_top.786,"LINESTRING (38.046333 44.916063, 38.067833 44.863402, 38.100246 44.821827, 38.119016 44.76837, 38.133995 44.713, 38.154093 44.660304, 38.182926 44.614618, 38.213907 44.57125)",IRCF009,#16,IR7,289,302,315,75,85,90,-165,-150,-135,0,20,35.9,35.5,20,20.1,20.7,718,721,745,1,2,1.5,1.4142,0.0011,-1670,40.5,33,RL,INT,Leonard2014_Interplate,SS,L,6.57,6.62,6.84,7.15,7.25,16.3749,16.6914,16.5527,16.5271
efsm20_cf_top.787,"LINESTRING (35.384836 36.248674, 35.42974 36.251655, 35.474642 36.254635, 35.519545 36.257615, 35.564448 36.260596, 35.609351 36.263576, 35.654254 36.266557, 35.698972 36.272384, 35.743632 36.278847, 35.788292 36.28531, 35.832952 36.291774, 35.877613 36.298237, 35.922274 36.3047, 35.966935 36.311163, 36.011194 36.320986, 36.055373 36.331349, 36.099553 36.341713, 36.143734 36.352077, 36.187915 36.362441, 36.232097 36.372805)",SYCF001,#16,SY1s2,5,8,12,62,70,78,25,25,25,0,18,95,94.9,18.4,19.2,20.5,1746,1820,1944,2.35,2.85,2.6,2.588,0.0005,-392,35.5,33,LL,INT,Leonard2014_Interplate,SS,L,6.98,7.03,7.25,7.56,7.66,17.1316,17.2621,17.1935,17.1915
efsm20_cf_top.788,"LINESTRING (34.6701 36.3281, 34.714515 36.328396, 34.758897 36.328693, 34.803204 36.331836, 34.847487 36.33547, 34.89177 36.339102, 34.93615 36.338595, 34.980527 36.33767, 35.02488 36.339682, 35.069233 36.341693, 35.113586 36.343705, 35.157939 36.345716, 35.202292 36.347728, 35.246645 36.349739, 35.290998 36.351751)",SYCF002,#16,SY1s3s1,1,3,5,75,85,90,20,20,20,0,18,69.1,69.1,18,18.1,18.7,1244,1248,1289,3,7,5,4.5826,0,-540,34.5,33,LL,INT,Leonard2014_Interplate,SS,L,6.82,6.87,7.09,7.4,7.5,17.0904,17.4738,17.3139,17.276
efsm20_cf_top.790,"LINESTRING (36.222361 36.815046, 36.190634 36.775819, 36.158913 36.7366, 36.127199 36.697388, 36.095491 36.658184, 36.063789 36.618988, 36.030233 36.582249, 35.989361 36.559525, 35.948121 36.53785, 35.906883 36.516179, 35.864557 36.498, 35.820744 36.486374, 35.776931 36.474752, 35.734456 36.457141, 35.694485 36.432178, 35.654521 36.407211, 35.613402 36.385285, 35.568617 36.383261, 35.523831 36.381258, 35.479181 36.376521, 35.434545 36.371604, 35.389909 36.366686, 35.345009 36.361739)",SYCF004,#16,SY1s6,184,204,226,70,77,85,-40,-30,-20,0,18,109.7,105.8,18.1,18.5,19.2,1981,2026,2101,1.3898,4.2502,2.82,2.4304,0.008,-354,36,33,LL,INT,Leonard2014_Interplate,SS,L,7.01,7.06,7.28,7.59,7.69,16.9584,17.4693,17.2754,17.2108
efsm20_cf_top.791,"LINESTRING (35.440754 39.736139, 35.424142 39.683295, 35.407534 39.630459, 35.390928 39.577634, 35.374326 39.524818, 35.357726 39.472012, 35.341129 39.419215, 35.324535 39.366427, 35.307944 39.313649, 35.291356 39.260879, 35.274771 39.208119, 35.251044 39.159639, 35.221613 39.116117, 35.19216 39.072633, 35.162714 39.029158, 35.133274 38.985693, 35.10384 38.942237, 35.074412 38.898791, 35.044845 38.855136)",SYCF005,#16,SY2s3s3,230,241,249,75,85,90,10,15,20,1,18,92.4,91.3,17,17.1,17.6,1571,1577,1628,0.5,1,0.75,0.7071,0.001,-583,33.5,33,LL,INT,Leonard2014_Interplate,SS,W,6.53,6.58,6.8,7.11,7.21,16.4136,16.7301,16.5913,16.5658
efsm20_cf_top.792,"LINESTRING (33.631992 36.789169, 33.662896 36.828659, 33.693726 36.868055, 33.724562 36.907459, 33.755405 36.946869, 33.786253 36.986288, 33.817107 37.025714, 33.847966 37.065148, 33.878832 37.104589, 33.909704 37.144038, 33.940582 37.183494, 33.971466 37.222958, 34.002355 37.26243, 34.033251 37.301908, 34.064152 37.341395, 34.095059 37.380889, 34.125972 37.420391, 34.156892 37.4599, 34.187817 37.499417, 34.218748 37.538942, 34.249683 37.578476, 34.278773 37.620025, 34.295018 37.670822, 34.311266 37.721627, 34.327517 37.77244, 34.343771 37.823262, 34.360027 37.874093, 34.376286 37.924932, 34.392547 37.97578, 34.408819 38.026633, 34.43704 38.069132, 34.473303 38.101454, 34.509572 38.133781, 34.545846 38.166113, 34.582125 38.198451, 34.616742 38.233388, 34.643921 38.276982, 34.671106 38.320585, 34.698297 38.364196, 34.725493 38.407816, 34.752694 38.451446, 34.779902 38.495084, 34.807115 38.538732, 34.834334 38.582389, 34.861559 38.626055, 34.888789 38.66973, 34.916025 38.713414)",SYCF006,#16,SY2s1s2,37,52,70,36,45,54,80,90,100,1,18,230.2,227.3,20.9,24,29.2,4810,5535,6731,0.5,1,0.75,0.7071,0.0091,-784,35,33,R,INT,Leonard2014_Interplate,DS,W,6.82,6.87,7.09,7.4,7.5,16.8996,17.3466,17.1367,17.1111
efsm20_cf_top.793,"LINESTRING (34.243071 37.838274, 34.260964 37.892176, 34.27886 37.946086, 34.296758 38.000006, 34.314661 38.053935, 34.332566 38.107875, 34.350475 38.161824, 34.368387 38.215784)",SYCF007,#16,SY2s1s3,69,69,69,36,45,54,80,90,100,1,18,37.4,37.4,20.9,24,29.2,781,898,1093,0.5,0.75,0.625,0.6124,0,-604,35,33,R,INT,Leonard2014_Interplate,DS,L,6.68,6.73,6.95,7.26,7.36,16.11,16.4321,16.2679,16.259
efsm20_cf_top.794,"LINESTRING (33.601789 36.325525, 33.608966 36.379391, 33.6239 36.430444, 33.655126 36.469469, 33.686358 36.508501, 33.717596 36.547541, 33.74884 36.586588, 33.78009 36.625642, 33.811346 36.664704, 33.842608 36.703773, 33.873875 36.742851, 33.905158 36.781925, 33.941446 36.814121, 33.979581 36.843065, 34.013543 36.87879, 34.044203 36.918637, 34.064607 36.967133, 34.098739 37.002656, 34.139626 37.025539, 34.180517 37.048422, 34.221411 37.071308, 34.262309 37.094196, 34.303207 37.117094, 34.341943 37.144972, 34.375956 37.180781, 34.409975 37.216597)",SYCF008,#16,SY2s2,26,44,82,36,45,54,80,90,100,1,18,125.3,121.7,20.9,24,29.2,2618,3013,3664,0.5,1.5,1,0.866,0.0201,-988,33,33,R,INT,Leonard2014_Interplate,DS,W,6.82,6.87,7.09,7.4,7.5,16.6355,17.2586,16.9975,16.935
efsm20_cf_top.795,"LINESTRING (34.670097 36.328099, 34.625209 36.321456, 34.580731 36.314853, 34.536805 36.304116, 34.493185 36.291682, 34.451026 36.273271, 34.410243 36.25077, 34.369463 36.228271, 34.328753 36.205597, 34.296015 36.168557, 34.260263 36.135868, 34.224221 36.103665, 34.188173 36.071486, 34.14902 36.045149, 34.108269 36.022644, 34.067562 36.000032, 34.026915 35.977271, 33.987952 35.950579, 33.950996 35.92003, 33.911834 35.893786, 33.872676 35.867545, 33.833523 35.841307, 33.794375 35.815069, 33.755823 35.787596, 33.719609 35.755863, 33.680224 35.73018, 33.639345 35.708137, 33.597707 35.688259, 33.556072 35.668382, 33.51444 35.648507, 33.472437 35.629798, 33.430425 35.611126, 33.388415 35.592456, 33.345744 35.576085, 33.301082 35.571775, 33.25642 35.567465, 33.211758 35.563155, 33.167096 35.558845)",LBCF000,#16,LB1s2,183,201,221,75,85,90,15,15,15,0,17.5,184.4,181.6,17.5,17.6,18.1,3227,3239,3344,3,6.41,4.705,4.3852,0.0013,-1284,29.5,33,LL,INT,Leonard2014_Interplate,SS,L,7.22,7.27,7.49,7.8,7.9,17.5044,17.8496,17.7015,17.6709
efsm20_cf_top.796,"LINESTRING (33.131816 35.66155, 33.175927 35.649724, 33.221135 35.649497, 33.264853 35.663263, 33.308381 35.677867, 33.350022 35.698937, 33.391664 35.720012, 33.430435 35.747867, 33.463542 35.784763, 33.500929 35.815237, 33.539063 35.844363, 33.574765 35.877644, 33.611031 35.910048, 33.649281 35.93899, 33.685217 35.971948, 33.721191 36.005107)",LBCF001,#16,LB3s1,346,24,41,75,80,85,15,15,15,5,19.5,75.4,72.9,14.6,14.7,15,1098,1110,1132,0.5,1.3,0.9,0.8062,0.0058,-935,29,33,LL,INT,Leonard2014_Interplate,SS,W,6.37,6.42,6.64,6.95,7.05,16.258,16.6864,16.5182,16.4704
efsm20_cf_top.797,"LINESTRING (33.503948 36.003561, 33.543262 36.029889, 33.58258 36.05622, 33.621903 36.082553, 33.660966 36.109449, 33.699424 36.137587, 33.737887 36.165729, 33.777318 36.191875, 33.821941 36.199106, 33.866566 36.206316, 33.910235 36.21953, 33.951167 36.242137, 33.992098 36.264757, 34.033032 36.28738, 34.073533 36.311126, 34.10993 36.343136, 34.146322 36.375167, 34.182719 36.407203, 34.219166 36.439282)",LBCF002,#16,LB3s2,9,28,38,75,85,90,15,15,15,5,20,90.1,89.1,15,15.1,15.5,1352,1357,1401,0.5,1.3,0.9,0.8062,0.001,-1562,29.5,33,LL,INT,Leonard2014_Interplate,SS,W,6.4,6.45,6.67,6.98,7.08,16.3484,16.7789,16.6054,16.5576
efsm20_cf_top.798,"LINESTRING (33.758888 35.261219, 33.797873 35.290087, 33.836863 35.318957, 33.875858 35.347832, 33.914858 35.37671, 33.953862 35.405592, 33.978413 35.452178, 34.008205 35.494098, 34.049706 35.517414, 34.091529 35.539888, 34.135734 35.554259, 34.181486 35.556164, 34.226694 35.564873, 34.263892 35.59715, 34.300278 35.630769, 34.338088 35.665704)",LBCF003,#16,LB2,1,29,56,36,45,54,90,90,90,1,17.5,76.6,74.4,20.3,23.3,28.4,1552,1786,2172,1,2,1.5,1.4142,0.0198,885,29,33,R,INT,Leonard2014_Interplate,DS,W,6.78,6.83,7.05,7.36,7.46,16.7095,17.1565,16.9466,16.921
efsm20_cf_top.799,"LINESTRING (40.833335 47.784271, 40.839802 47.725399, 40.846225 47.666913, 40.852651 47.608421, 40.859109 47.54993, 40.870676 47.492822, 40.887213 47.437885, 40.903755 47.382936, 40.9203 47.327975, 40.93685 47.273003, 40.953402 47.218018, 40.970003 47.163045, 40.997744 47.1166, 41.026632 47.071379, 41.055528 47.026147, 41.084431 46.980902, 41.113341 46.935646, 41.142259 46.890379, 41.170834 46.84471, 41.17426 46.785489, 41.177685 46.726265, 41.181112 46.667038)",AZCF004,#16,AZ11s1,273,291,309,47,60,73,80,95,110,3,25,104.4,101.4,23.1,25.4,29.9,2408,2653,3121,0.63,0.77,0.7,0.6965,0.0145,-391,44,33,R,INT,Leonard2014_Interplate,DS,W,6.88,6.93,7.15,7.46,7.56,16.6995,16.8993,16.7873,16.7852
efsm20_cf_top.800,"LINESTRING (40.643022 47.7189, 40.660665 47.662928, 40.678267 47.607089, 40.695872 47.551238, 40.713481 47.495375, 40.731094 47.439499, 40.748711 47.38361, 40.766332 47.327708, 40.783958 47.271794, 40.801586 47.215867, 40.81922 47.159928, 40.836856 47.103976, 40.854498 47.048012, 40.872143 46.992034, 40.891157 46.936831, 40.917801 46.887437, 40.944452 46.838031, 40.97111 46.788612, 40.997775 46.739179, 41.024447 46.689733, 41.051127 46.640274, 41.077814 46.590801, 41.104508 46.541315)",AZCF005,#16,AZ-13,291,296,305,67,85,90,120,135,150,3,20,112.2,111.5,17,17.1,18.4,1908,1915,2070,0.63,0.77,0.7,0.6965,0.0005,-144,44,33,R,INT,Leonard2014_Interplate,DS,W,6.44,6.49,6.71,7.02,7.12,16.5983,16.721,16.6458,16.6436
efsm20_cf_top.801,"LINESTRING (41.007659 46.414468, 41.029024 46.362285, 41.043657 46.306702, 41.057763 46.250869, 41.068052 46.193577, 41.07746 46.136011, 41.08687 46.078437, 41.096281 46.020855, 41.105718 45.963272, 41.122131 45.908506, 41.144417 45.85751, 41.171626 45.810898, 41.198842 45.764273, 41.226058 45.717629, 41.250153 45.668025, 41.27365 45.617898, 41.297154 45.567758, 41.320665 45.517606, 41.345919 45.468962, 41.37613 45.425599, 41.408563 45.385167, 41.442363 45.346758, 41.476171 45.308341)",AZCF006,#16,AZ14,281,299,319,32,40,48,80,90,100,3,20,108.7,106.1,22.7,26.4,32.4,2471,2874,3526,0.2,1.5,0.85,0.5477,0.0178,-418,44,33,R,INT,Leonard2014_Interplate,DS,W,6.92,6.97,7.19,7.5,7.6,16.2123,17.2419,16.9064,16.7156
efsm20_cf_top.802,"LINESTRING (40.613912 47.797833, 40.619595 47.738726, 40.630228 47.681084, 40.643785 47.624507, 40.658045 47.568219, 40.672308 47.51192, 40.68658 47.455613, 40.702832 47.400234, 40.719636 47.345127, 40.736444 47.290008, 40.753254 47.234877, 40.770069 47.179734, 40.786861 47.124566, 40.795066 47.066094, 40.800426 47.007042, 40.813307 46.950046, 40.829546 46.894554, 40.848871 46.840804, 40.868054 46.786949, 40.87823 46.728946, 40.888407 46.670935, 40.898461 46.612877, 40.906053 46.554162, 40.913646 46.49544, 40.921241 46.436711, 40.928836 46.377977, 40.936433 46.319236, 40.944362 46.260564, 40.955968 46.202966, 40.967575 46.145358, 40.97919 46.087743, 40.994452 46.03163, 41.012405 45.976919, 41.030362 45.922195, 41.048651 45.867648, 41.074523 45.818777, 41.100402 45.769894, 41.126285 45.720995, 41.148555 45.669039, 41.170357 45.616715, 41.192173 45.564383, 41.223995 45.522045, 41.248859 45.472132, 41.270571 45.419663, 41.292288 45.36718, 41.316119 45.316327, 41.347367 45.273157, 41.385541 45.241347, 41.423721 45.20953)",AZCF007,#16,AZ15s1,275,292,328,75,77,80,-170,180,170,3,20,240.3,235.1,17.3,17.4,17.6,4149,4193,4230,0.5,1,0.75,0.7071,0.0049,-175,44,33,RL,INT,Leonard2014_Interplate,SS,W,6.56,6.61,6.83,7.14,7.24,16.8354,17.1448,17.0161,16.9905
efsm20_cf_top.803,"LINESTRING (40.051796 48.899274, 40.094869 48.880977, 40.138463 48.861916, 40.182239 48.843567, 40.224757 48.820695, 40.26533 48.792384, 40.304713 48.761304, 40.341771 48.725632, 40.37582 48.685105, 40.40555 48.639075, 40.43876 48.597327, 40.47515 48.560417, 40.51121 48.522932, 40.539176 48.474939, 40.549412 48.415966, 40.548684 48.355477, 40.547959 48.294989, 40.548603 48.2345, 40.551214 48.174102, 40.556636 48.114025, 40.562689 48.054048, 40.571422 47.994638, 40.583972 47.936416, 40.597092 47.878402, 40.610952 47.820676)",AZCF008,#16,AZ15s2,271,306,344,67,85,90,120,135,150,3,20,122.6,110.6,17,17.1,18.4,2084,2092,2262,0.63,0.77,0.7,0.6965,0.0086,-127,43.5,33,R,INT,Leonard2014_Interplate,DS,W,6.44,6.49,6.71,7.02,7.12,16.6368,16.7594,16.6842,16.682
efsm20_cf_top.804,"LINESTRING (39.093608 48.567891, 39.137787 48.55408, 39.181536 48.540403, 39.225287 48.526724, 39.269018 48.512932, 39.309188 48.486677, 39.345971 48.453126, 39.382761 48.41957, 39.419557 48.386008, 39.45636 48.352439, 39.49315 48.31883, 39.527404 48.280972, 39.557977 48.238124, 39.588557 48.195266, 39.619139 48.152391, 39.648919 48.108558, 39.676528 48.062369, 39.704143 48.016169, 39.731766 47.969957, 39.759397 47.923735, 39.78747 47.877948, 39.816402 47.833054, 39.845341 47.788149, 39.874287 47.743233, 39.90324 47.698306, 39.932208 47.653377, 39.962387 47.609805, 39.993166 47.566935, 40.023952 47.524055, 40.054744 47.481163, 40.085508 47.438217, 40.116233 47.395202, 40.146972 47.352185, 40.17889 47.310646, 40.211111 47.26949, 40.244551 47.230014, 40.282101 47.197477, 40.320092 47.165814, 40.358851 47.135775, 40.39762 47.105741, 40.437161 47.077478, 40.476741 47.049293, 40.516322 47.021095, 40.555047 46.990893, 40.582737 46.944167, 40.610415 46.89741, 40.633489 46.846484, 40.649576 46.791074, 40.665683 46.73566, 40.68598 46.682679, 40.707143 46.630272, 40.728018 46.57765, 40.748643 46.524841, 40.773259 46.47508, 40.79935 46.42663, 40.824028 46.376885, 40.843418 46.32319, 40.862813 46.269482, 40.882212 46.215761, 40.901615 46.162027, 40.921024 46.108281, 40.940437 46.054522, 40.959855 46.00075, 40.979559 45.947143, 40.999465 45.893652, 41.02013 45.840652, 41.042341 45.788747, 41.064125 45.736505, 41.093766 45.691559, 41.122426 45.645486, 41.141095 45.591102, 41.166853 45.542069, 41.193593 45.493953, 41.211305 45.438947, 41.221486 45.380652, 41.225516 45.321041, 41.239816 45.264283, 41.265896 45.215478, 41.281108 45.159105, 41.299685 45.104533, 41.323793 45.05392)",AZCF009,#16,AZ16,275,309,344,45,52,60,80,90,100,1,20,400.5,387.9,21.9,24.1,26.9,8787,9657,10761,0.5,2.5,1.5,1.118,0.0193,-116,43.5,33,R,INT,Leonard2014_Interplate,DS,W,6.82,6.87,7.09,7.4,7.5,17.1613,17.9483,17.6794,17.5518
efsm20_cf_top.805,"LINESTRING (39.922615 47.106118, 39.959904 47.071771, 39.99657 47.038045, 40.034669 47.007124, 40.074626 46.980485, 40.114659 46.954028, 40.158982 46.944981, 40.20342 46.936957, 40.247858 46.928933, 40.292293 46.920871, 40.336229 46.908998, 40.378664 46.889907, 40.419183 46.864631, 40.455936 46.830836, 40.492642 46.796936, 40.522939 46.753427, 40.553099 46.709733, 40.576988 46.659752, 40.597286 46.607074, 40.617522 46.55434, 40.62946 46.49737, 40.638522 46.439478, 40.655339 46.384666, 40.673125 46.330376, 40.697975 46.281126, 40.722832 46.231864, 40.74768 46.182575, 40.770185 46.131344, 40.792598 46.080024, 40.815016 46.028691, 40.837419 45.97733, 40.856136 45.923439, 40.872094 45.868003, 40.888067 45.812561, 40.906254 45.75831, 40.932771 45.710426, 40.963176 45.666759, 40.994366 45.624052, 41.021945 45.577168, 41.049483 45.530222, 41.061555 45.472929, 41.073066 45.415421, 41.087536 45.359091, 41.104947 45.304232, 41.122363 45.249361, 41.139782 45.194477, 41.157206 45.139581, 41.174634 45.084673, 41.192065 45.029752, 41.209501 44.974819, 41.226939 44.919872, 41.24229 44.863821, 41.245013 44.804273)",AZCF00A,#16,AZ17,274,306,351,66,75,84,150,165,180,3,20,259.5,243.7,17.1,17.6,18.6,4435,4567,4828,0.1,1,0.55,0.3162,0.0157,-445,43.5,33,RL,INT,Leonard2014_Interplate,SS,L,7.35,7.4,7.62,7.93,8.03,16.1654,17.2023,16.9185,16.6781
efsm20_cf_top.811,"LINESTRING (36.901221 47.933883, 36.859957 47.955263, 36.818697 47.976642, 36.77744 47.998019, 36.741036 48.030326, 36.706429 48.065559, 36.671842 48.100807, 36.641256 48.141385, 36.627514 48.194349, 36.614553 48.247609, 36.599398 48.299952, 36.573239 48.345044, 36.546922 48.389978, 36.525244 48.438587, 36.500507 48.484861, 36.479241 48.533719, 36.469873 48.588033, 36.460808 48.642418, 36.432129 48.684991, 36.398787 48.721927, 36.377084 48.770425, 36.35618 48.819447, 36.330848 48.86512, 36.305394 48.910674, 36.279946 48.956218, 36.250573 48.997954, 36.2188 49.036877, 36.179356 49.062854, 36.14778 49.101989, 36.116277 49.141198, 36.080649 49.174542, 36.044874 49.207628, 36.009992 49.242126, 35.977724 49.2803, 35.945585 49.318627, 35.913453 49.356947, 35.880204 49.396599)",IRCF00A,#16,IR133,103,132,159,55,70,85,105,120,135,1,20,179,173.3,19.1,20.2,23.1,3415,3619,4136,0.85,2,1.425,1.3038,0.0109,-1951,39.5,33,R,INT,Leonard2014_Interplate,DS,W,6.63,6.68,6.9,7.21,7.31,16.9814,17.4362,17.2309,17.1923
efsm20_cf_top.860,"LINESTRING (39.4166 21.9627, 39.41328 21.898687, 39.411958 21.834556, 39.415296 21.770546, 39.421598 21.706907, 39.4241 21.6429)",GRCF00H,#08,GRCS025,266,271,277,40,57,75,-100,-90,-80,0,14,27.6,27.5,14.5,16.7,21.8,399,460,600,0.3,0.6,0.45,0.4243,0.0013,-224,44,33,N,INT,Leonard2014_Interplate,DS,L,6.39,6.44,6.66,6.97,7.07,15.597,16.0749,15.8344,15.8089
efsm20_cf_top.806,"LINESTRING (39.591963 53.413233, 39.605862 53.357635, 39.619747 53.302099, 39.633634 53.246552, 39.647522 53.190994, 39.660667 53.135122, 39.673584 53.079151, 39.686502 53.02317, 39.699424 52.96718, 39.713788 52.911776, 39.728384 52.856461, 39.742984 52.801137, 39.757586 52.745802, 39.772191 52.690456, 39.787068 52.635223, 39.802361 52.580169, 39.817656 52.525104, 39.832955 52.470029, 39.848257 52.414943, 39.863564 52.359847, 39.882341 52.306591, 39.901495 52.253548, 39.920548 52.200428, 39.937579 52.14614, 39.954614 52.091841, 39.971653 52.03753, 39.989312 51.983543, 40.012045 51.932878, 40.034785 51.882201, 40.05753 51.831511, 40.080281 51.780809, 40.103038 51.730094, 40.125798 51.679365, 40.145286 51.626341, 40.162888 51.572183, 40.180494 51.518014, 40.199877 51.464881, 40.220747 51.412707, 40.241621 51.36052, 40.261663 51.30776, 40.279902 51.253872, 40.298145 51.199972, 40.316392 51.14606, 40.334644 51.092136, 40.35338 51.038485, 40.373515 50.985699, 40.393655 50.9329, 40.413799 50.880088, 40.433949 50.827264, 40.454103 50.774428, 40.474261 50.721578, 40.494425 50.668716, 40.513953 50.615427, 40.532935 50.56178, 40.551922 50.508121, 40.570914 50.45445, 40.589909 50.400766, 40.608332 50.346724, 40.626051 50.292261, 40.643774 50.237785, 40.661502 50.183298, 40.678683 50.128493, 40.695426 50.073437, 40.712173 50.01837, 40.728922 49.96329, 40.744119 49.90742, 40.75152 49.848859, 40.758922 49.790291, 40.766325 49.731717, 40.773729 49.673137, 40.781133 49.61455, 40.788538 49.555956, 40.795943 49.497356, 40.80335 49.43875, 40.810758 49.380137, 40.818166 49.321518, 40.825638 49.262907, 40.840297 49.206704, 40.854959 49.150489, 40.869624 49.094264, 40.884292 49.038027, 40.898963 48.98178, 40.913636 48.925521, 40.930653 48.870418, 40.951564 48.8177, 40.97248 48.764968, 40.987768 48.708935, 40.992676 48.649701, 40.998931 48.590684, 41.006303 48.531891, 41.013887 48.473138, 41.02525 48.415456, 41.038838 48.358616, 41.054504 48.302711, 41.071138 48.247285, 41.087776 48.191847, 41.104236 48.136302, 41.120676 48.080733, 41.13712 48.025152, 41.154114 47.969849, 41.173196 47.915745, 41.192284 47.861628, 41.215384 47.810329, 41.238699 47.759186, 41.26202 47.70803, 41.285347 47.65686, 41.30868 47.605676, 41.33202 47.55448, 41.355365 47.503269, 41.378717 47.452046, 41.405872 47.404248, 41.435915 47.359606, 41.465966 47.314952, 41.496024 47.270286, 41.526481 47.226086, 41.557506 47.182575, 41.588539 47.139054, 41.61958 47.095522, 41.650628 47.051979)",AZCF00B,#16,AZ5,278,294,316,45,52,60,80,90,100,3,20,590.2,583.5,19.6,21.6,24,11585,12732,14189,0.39,0.47,0.43,0.4281,0.007,-760,41,33,R,INT,Leonard2014_Interplate,DS,W,6.7,6.75,6.97,7.28,7.38,17.1735,17.3426,17.2569,17.255
efsm20_cf_top.807,"LINESTRING (39.541544 52.837611, 39.562132 52.784081, 39.582301 52.731642, 39.602475 52.67919, 39.622653 52.626725, 39.642837 52.574249, 39.663025 52.521761, 39.683163 52.469225, 39.701167 52.415382, 39.718287 52.36104, 39.735412 52.306688, 39.752541 52.252324, 39.769675 52.197949, 39.786886 52.143602, 39.804865 52.089664, 39.822848 52.035714, 39.840836 51.981752, 39.858827 51.927778, 39.876822 51.873792, 39.894816 51.819792, 39.912618 51.765669, 39.930363 51.7115, 39.948113 51.657318, 39.965879 51.603132, 39.984318 51.549315, 40.004468 51.49654, 40.024623 51.443753, 40.044784 51.390954, 40.064939 51.338136, 40.084621 51.284998, 40.104249 51.23181, 40.123883 51.178611, 40.14352 51.125399, 40.163162 51.072174, 40.182803 51.018933, 40.202094 50.965458, 40.220422 50.911389, 40.238754 50.857308, 40.257091 50.803215, 40.275477 50.749135, 40.296498 50.696718, 40.31873 50.64515, 40.340967 50.593569, 40.363209 50.541975, 40.385458 50.490369, 40.407711 50.438749, 40.429971 50.387117, 40.452181 50.335431, 40.470627 50.281231, 40.487879 50.226343, 40.503783 50.170742, 40.50877 50.111692, 40.513759 50.052637, 40.519014 49.993618, 40.524269 49.934594, 40.529526 49.875565, 40.534783 49.816533, 40.540075 49.757501, 40.548145 49.69901, 40.558792 49.64123, 40.573776 49.58513, 40.591298 49.530304, 40.606182 49.47413, 40.616612 49.416231, 40.62705 49.358325, 40.637871 49.300532, 40.649107 49.242868, 40.660474 49.185238, 40.683662 49.134121, 40.708157 49.084058, 40.731498 49.033025, 40.755209 48.982274, 40.779164 48.931701, 40.803097 48.881093, 40.826951 48.830403, 40.850805 48.779694, 40.87378 48.728265, 40.887425 48.671308, 40.901074 48.61434, 40.914725 48.557362, 40.928379 48.500373, 40.942036 48.443373, 40.955877 48.386438, 40.96977 48.329513, 40.983663 48.272576, 40.997561 48.215629, 41.011481 48.158679, 41.029048 48.103516, 41.047232 48.048691, 41.065417 47.993851, 41.082796 47.938539, 41.099724 47.882965, 41.116656 47.827379, 41.133592 47.77178, 41.150548 47.716178, 41.172019 47.663385, 41.194374 47.611226, 41.217023 47.559272, 41.240652 47.508078, 41.264284 47.456869, 41.287293 47.405141, 41.309379 47.352688, 41.331475 47.300224, 41.35649 47.25012, 41.385728 47.204232, 41.414973 47.158332, 41.443891 47.112044, 41.472656 47.065567)",AZCF00C,#16,AZ6,277,294,313,32,40,48,80,90,100,3,20,537.6,533,22.7,26.4,32.4,12221,14218,17441,0.5,0.6,0.55,0.5477,0.0065,-746,41,33,R,INT,Leonard2014_Interplate,DS,W,6.92,6.97,7.19,7.5,7.6,17.3046,17.5382,17.4117,17.4099
efsm20_cf_top.808,"LINESTRING (40.790706 48.089586, 40.810071 48.033338, 40.828912 47.978611, 40.847758 47.923871, 40.866536 47.869075, 40.882505 47.812729, 40.890621 47.753509, 40.898738 47.694282, 40.906857 47.635048, 40.914976 47.575807, 40.923115 47.516564, 40.932331 47.45759, 40.951584 47.40301, 40.970842 47.348418, 40.990104 47.293812, 41.009371 47.239193, 41.02883 47.18468, 41.058184 47.138584, 41.089061 47.094252, 41.119945 47.049908, 41.150837 47.005553, 41.181737 46.961187, 41.212669 46.916839, 41.245583 46.875067, 41.283488 46.841584, 41.321401 46.808097, 41.35932 46.774602, 41.39717 46.740948, 41.422691 46.690721, 41.437902 46.633527, 41.453117 46.576321, 41.468376 46.519122, 41.492208 46.467386, 41.518505 46.417804, 41.544809 46.368209, 41.571119 46.3186, 41.597438 46.268978)",AZCF00D,#16,AZ9,278,299,325,47,60,73,80,90,100,3,20,182.3,176.8,17.8,19.6,23.1,3247,3578,4210,0.25,2,1.125,0.7071,0.0151,-365,44.5,33,R,INT,Leonard2014_Interplate,DS,W,6.6,6.65,6.87,7.18,7.28,16.428,17.4438,17.1233,16.9217
efsm20_cf_top.809,"LINESTRING (41.650628 47.051979, 41.682097 47.006395, 41.713184 46.961364, 41.744279 46.916321, 41.775381 46.871265, 41.806207 46.825847, 41.829434 46.772894, 41.852667 46.719927, 41.875906 46.666946, 41.899155 46.613953, 41.923846 46.562131, 41.95338 46.515084, 41.982922 46.468024, 42.012346 46.420808, 42.041678 46.373468, 42.068337 46.323325, 42.085218 46.265977, 42.102107 46.208617, 42.120254 46.151944, 42.13899 46.095602, 42.15773 46.039246, 42.176475 45.982877, 42.19583 45.926866, 42.215447 45.871007, 42.23507 45.815134, 42.255316 45.759649, 42.277272 45.705347, 42.299234 45.65103)",RUCF000,#16,AZ5s1,291,301,312,50,60,70,80,95,110,3,20,137.5,136.4,18.1,19.6,22.2,2488,2700,3052,0.39,0.47,0.43,0.4281,0.0041,-2442,45.5,33,R,INT,Leonard2014_Interplate,DS,W,6.6,6.65,6.87,7.18,7.28,16.5055,16.6752,16.5833,16.5814
efsm20_cf_top.810,"LINESTRING (41.472656 47.065567, 41.506193 47.026168, 41.540139 46.987679, 41.575354 46.951262, 41.610574 46.914834, 41.645396 46.877707, 41.676524 46.835089, 41.705153 46.789416, 41.731774 46.741596, 41.759446 46.69484, 41.787123 46.64807, 41.814145 46.600595, 41.840915 46.552843, 41.867692 46.505077, 41.894469 46.457291, 41.917574 46.406145, 41.940188 46.354588, 41.962806 46.303016, 41.9849 46.251016, 42.006208 46.198408, 42.027523 46.145787, 42.048704 46.093051, 42.069349 46.039913, 42.089999 45.986762, 42.109448 45.932777, 42.128097 45.878265, 42.146618 45.823659, 42.164549 45.768679, 42.182377 45.713623, 42.199656 45.658233, 42.216941 45.602831)",AZCF00E,#16,AZ6s1,292,303,321,32,40,48,80,95,110,3,20,148.6,146.7,22.7,26.4,32.4,3377,3929,4820,0.5,0.6,0.55,0.5477,0.0094,-2261,45.5,33,R,INT,Leonard2014_Interplate,DS,W,6.92,6.97,7.19,7.5,7.6,16.746,16.9797,16.8531,16.8513
efsm20_cf_top.812,"LINESTRING (40.201314 44.12925, 40.176206 44.183012, 40.151865 44.235328, 40.135163 44.292529, 40.101864 44.335544, 40.068599 44.378584, 40.039259 44.42623, 40.006506 44.469895, 39.969243 44.506866, 39.933537 44.546346, 39.898672 44.587065, 39.861134 44.623502, 39.822048 44.657041)",AMCF00B,#16,AM1000,111,134,147,75,85,90,180,180,180,0,20,62.6,61.6,20,20.1,20.7,1252,1257,1297,0.5,1,0.75,0.7071,0.0013,-853,40.5,33,RL,INT,Leonard2014_Interplate,SS,L,6.81,6.86,7.08,7.39,7.49,16.3151,16.6316,16.4929,16.4673
efsm20_cf_top.813,"LINESTRING (34.939949 38.590147, 34.921919 38.539789, 34.903894 38.48944, 34.885871 38.439101, 34.867852 38.388771, 34.857595 38.335307, 34.848543 38.281528, 34.839492 38.227755, 34.830443 38.173987, 34.821394 38.120225, 34.812346 38.066469, 34.803299 38.012719, 34.794253 37.958974, 34.785208 37.905235, 34.775418 37.851696, 34.760501 37.799947, 34.745586 37.748206, 34.730674 37.696474, 34.715764 37.644751, 34.700856 37.593036, 34.685951 37.541329, 34.671048 37.489631, 34.656142 37.437922)",SYCF009,#16,SY2As3s3,247,254,259,70,80,90,165,165,165,1,12,110.2,109.8,11,11.2,11.7,1212,1231,1287,0.5,1,0.75,0.7071,0.0006,-935,35.5,33,RL,INT,Leonard2014_Interplate,SS,W,6.07,6.12,6.34,6.65,6.75,16.3011,16.628,16.4838,16.4583
efsm20_cf_top.814,"LINESTRING (37.693137 47.234902, 37.687972 47.292289, 37.682806 47.349672, 37.677643 47.407052, 37.672478 47.464427, 37.669346 47.522035, 37.676059 47.579152, 37.682831 47.636263, 37.693051 47.692557, 37.709265 47.746566, 37.727305 47.799655, 37.751999 47.848289, 37.783733 47.8899, 37.824639 47.915702, 37.864037 47.946958)",IRCF00B,#16,IRCS016b,25,72,95,70,80,90,0,5,10,0,20,71.2,65.4,20,20.3,21.2,1425,1447,1512,1,3,2,1.7321,0.0142,-2057,40.5,33,LL,INT,Leonard2014_Interplate,SS,L,6.84,6.89,7.11,7.42,7.52,16.6723,17.1753,16.9799,16.9175
efsm20_cf_top.815,"LINESTRING (38.877926 46.634741, 38.918886 46.660614, 38.959851 46.686489, 39.000585 46.712974, 39.03694 46.748491, 39.061738 46.797831, 39.086543 46.847183, 39.111354 46.896547, 39.136606 46.945554, 39.163553 46.993055, 39.190745 47.040341, 39.217945 47.087638, 39.243987 47.136027, 39.264412 47.188737, 39.278791 47.244691, 39.293172 47.300655, 39.307479 47.356662, 39.31611 47.414589, 39.317692 47.473549, 39.319273 47.53251, 39.320855 47.591473, 39.322436 47.650437, 39.323711 47.709413, 39.32198 47.76837, 39.31843 47.827188, 39.31488 47.886003, 39.305134 47.94363, 39.289472 47.999027, 39.272575 48.053801, 39.255682 48.108564, 39.238791 48.163316, 39.220221 48.21714, 39.194622 48.265906, 39.167823 48.313568, 39.141031 48.361219, 39.114245 48.408858, 39.087466 48.456485, 39.060693 48.5041, 39.034201 48.551217)",IRCF00C,#16,IRCS021,25,82,124,47,60,73,-90,-90,-90,0,20,192.8,166.6,21,23.1,27.2,4041,4453,5238,0.85,1.5,1.175,1.1292,0.0679,-409,43.5,33,N,INT,Leonard2014_Interplate,DS,W,6.77,6.82,7.04,7.35,7.45,17.0544,17.4138,17.2372,17.2199
efsm20_cf_top.816,"LINESTRING (37.120439 48.246448, 37.159348 48.216757, 37.197299 48.187796, 37.235256 48.158832, 37.273217 48.129862, 37.311375 48.101288, 37.353428 48.08331, 37.396698 48.070689, 37.440022 48.058363, 37.484339 48.054634, 37.528756 48.054583, 37.573172 48.054768, 37.61705 48.063471, 37.653998 48.094596, 37.689244 48.128741, 37.721211 48.167718, 37.754705 48.204606, 37.792689 48.233732, 37.830664 48.262891, 37.867925 48.293507, 37.903831 48.326636, 37.939778 48.359708, 37.978025 48.388346, 38.017349 48.414549, 38.056687 48.440732, 38.097063 48.464241, 38.140684 48.474873, 38.184306 48.485506, 38.227929 48.496139, 38.271553 48.506773)",IRCF00D,#16,IRCS051,330,12,46,80,85,90,180,180,180,0,20,143.4,130,20,20.1,20.3,2867,2878,2911,1,1.5,1.25,1.2247,0.0081,-1717,39,33,RL,INT,Leonard2014_Interplate,SS,L,7.14,7.19,7.41,7.72,7.82,16.9759,17.1587,17.0745,17.0656
efsm20_cf_top.817,"LINESTRING (39.218298 46.098235, 39.258451 46.065796, 39.298602 46.033359, 39.338759 46.000916, 39.378923 45.968468, 39.418462 45.934746, 39.457009 45.899132, 39.495563 45.863511, 39.534124 45.827883, 39.572693 45.792249, 39.611269 45.756608)",AMCF00C,#16,IRCS065,324,326,327,62,70,78,180,180,180,1,20,52.7,52.6,19.4,20.2,21.6,1021,1065,1137,0.5,1.3,0.9,0.8062,0.0001,-2424,43.5,33,RL,INT,Leonard2014_Interplate,SS,L,6.75,6.8,7.02,7.33,7.43,16.2267,16.6884,16.5,16.4522
efsm20_cf_top.818,"LINESTRING (38.258106 45.866991, 38.255356 45.810167, 38.245525 45.755195, 38.234961 45.700452, 38.229593 45.644501, 38.225145 45.588425, 38.225351 45.532066, 38.231632 45.476274, 38.237909 45.420476, 38.241541 45.364295, 38.241677 45.307923, 38.241813 45.251551, 38.241943 45.195179, 38.233021 45.139967, 38.223654 45.084881, 38.19214 45.045304)",IRCF00E,#16,IRCS066,225,264,278,55,70,85,115,115,115,0,20,73.9,72.2,20.1,21.3,24.3,1484,1573,1798,1.0498,3.2102,2.13,1.8358,0.0081,-1469,42,33,R,INT,Leonard2014_Interplate,DS,W,6.68,6.73,6.95,7.26,7.36,16.7111,17.2797,17.0436,16.979
efsm20_cf_top.819,"LINESTRING (38.391317 45.480015, 38.379265 45.421372, 38.366231 45.364195, 38.349753 45.308495, 38.327206 45.25638, 38.317722 45.198117, 38.308228 45.139865, 38.296521 45.082279, 38.289479 45.02348, 38.295586 44.964513, 38.305347 44.906341, 38.329966 44.855787)",IRCF00F,#16,IRCS067,241,263,302,36,45,54,80,90,100,0,20,57.2,54.9,24.6,28.3,34.4,1406,1618,1967,1,1.73,1.365,1.3153,0.0289,-1565,42,33,R,INT,Leonard2014_Interplate,DS,L,6.92,6.97,7.19,7.5,7.6,16.6665,17.0504,16.8625,16.8464
efsm20_cf_top.820,"LINESTRING (34.380609 45.979932, 34.412777 45.940889, 34.444846 45.901967, 34.476922 45.863037, 34.509007 45.824104, 34.542235 45.786596, 34.579533 45.755215, 34.616846 45.723847, 34.65897 45.703343, 34.704132 45.708697, 34.74892 45.699837)",IRCF00G,#16,IRCS072,314,327,5,30,45,60,60,90,120,5,20,50.5,48.3,17.3,21.2,30,874,1071,1514,0.4928,1.5072,1,0.8619,0.0301,-632,41,33,R,INT,Leonard2014_Interplate,DS,W,6.68,6.73,6.95,7.26,7.36,16.1528,16.8769,16.5482,16.4836
efsm20_cf_top.821,"LINESTRING (37.694752 47.203905, 37.702758 47.148739, 37.710766 47.093567, 37.731451 47.04393, 37.753637 46.995326, 37.775226 46.94628, 37.796379 46.896917, 37.817629 46.847607, 37.849502 46.808508, 37.877043 46.764432, 37.902962 46.718788, 37.931845 46.676081, 37.959356 46.631925, 37.982499 46.583892, 38.004015 46.534641, 38.025472 46.485334, 38.048626 46.437267, 38.072117 46.389447, 38.096622 46.342442, 38.123064 46.297147, 38.147092 46.249712, 38.172654 46.203575, 38.19835 46.157544, 38.221544 46.109394, 38.251158 46.066488)",IRCF00H,#16,IR2s3s1a,279,301,315,70,75,80,135,150,165,0,20,118.5,117.3,20.3,20.7,21.3,2406,2453,2522,3,6.45,4.725,4.3989,0.0025,-1770,42,33,RL,INT,Leonard2014_Interplate,SS,L,7.11,7.16,7.38,7.69,7.79,17.377,17.7298,17.5827,17.5516
efsm20_cf_top.822,"LINESTRING (37.871528 47.950429, 37.916368 47.967359, 37.958367 47.993506, 38.00037 48.019658, 38.039298 48.052605, 38.076637 48.088415, 38.11419 48.123877, 38.152813 48.15745, 38.194159 48.185308, 38.235914 48.212572)",IRCF00I,#16,IRCS016a,18,31,39,70,80,90,0,5,10,0,20,46.8,46.6,20,20.3,21.2,937,951,994,1,2,1.5,1.4142,0.001,-1708,40,33,LL,INT,Leonard2014_Interplate,SS,L,6.7,6.75,6.97,7.28,7.38,16.4902,16.8171,16.6729,16.6473
efsm20_cf_top.823,"LINESTRING (38.60732 43.550203, 38.600472 43.488989, 38.599081 43.427182, 38.599515 43.365352, 38.585633 43.306131, 38.578887 43.244269)",TRCF041,#16,TRCS423,254,264,272,40,45,50,75,90,105,0,25,26.9,26.8,32.6,35.4,38.9,879,952,1047,1,2,1.5,1.4142,0.0039,-1849,41.5,33,R,INT,Leonard2014_Interplate,DS,L,6.71,6.76,6.98,7.29,7.39,16.4623,16.8395,16.6732,16.6476
efsm20_cf_top.824,"LINESTRING (39.148773 46.30152, 39.193257 46.28382, 39.237431 46.266244, 39.281607 46.248667, 39.325776 46.23105, 39.369056 46.210061, 39.41084 46.184484, 39.452628 46.158902, 39.494421 46.133317, 39.536219 46.107731, 39.578008 46.082105, 39.617223 46.050341, 39.655684 46.017045, 39.694151 45.983743, 39.732643 45.950472, 39.77797 45.938686, 39.823857 45.945945)",AMCF00D,#16,AM1s9,326,337,6,62,70,78,-160,-160,-160,1,26,82.3,81,25.5,26.6,28.4,2100,2189,2338,0.44,1.8,1.12,0.8899,0.0052,-2336,43.5,33,RL,INT,Leonard2014_Interplate,SS,L,7.05,7.1,7.32,7.63,7.73,16.4841,17.1427,16.908,16.8081
efsm20_cf_top.825,"LINESTRING (39.360673 45.396532, 39.39398 45.35845, 39.428064 45.321607, 39.46332 45.286645, 39.50151 45.257287, 39.540018 45.228617, 39.580189 45.204068, 39.621824 45.184026, 39.664264 45.167053, 39.707587 45.154384)",AZCF00F,#16,AM2s4,318,332,347,47,60,73,-130,-115,-100,1,26,44.4,43.8,26.2,28.9,34,1164,1283,1509,0.25,1,0.625,0.5,0.0072,-1543,42.5,33,N,INT,Leonard2014_Interplate,DS,L,6.83,6.88,7.1,7.41,7.51,15.9826,16.6973,16.4226,16.3257
efsm20_cf_top.826,"LINESTRING (39.736903 46.028679, 39.786081 46.025356, 39.829217 46.004605, 39.853176 45.953484, 39.875864 45.901371, 39.909198 45.860082, 39.947133 45.826184, 39.98243 45.787722, 40.020309 45.753683, 40.057685 45.71869, 40.093587 45.681135, 40.12821 45.64156, 40.16141 45.599933, 40.19616 45.560508, 40.230928 45.521091, 40.267697 45.484901, 40.308464 45.457006, 40.349237 45.429107)",AMCF00E,#16,AM1s8,299,323,356,62,70,78,-160,-160,-160,1,26,87.3,85.1,25.5,26.6,28.4,2228,2322,2481,0.5,1.5,1,0.866,0.0086,-2539,42,33,RL,INT,Leonard2014_Interplate,SS,L,7.07,7.12,7.34,7.65,7.75,16.5654,17.0892,16.8844,16.822
efsm20_cf_top.827,"LINESTRING (40.387289 28.843209, 40.372677 28.785563, 40.369732 28.724941, 40.37008 28.664199, 40.374676 28.603753, 40.374695 28.543002, 40.367559 28.482982, 40.363879 28.422505)",TRCF042,#16,TR11,250,265,275,85,87,90,-165,180,165,0,18,36,35.7,18,18,18.1,648,649,651,0.7,1,0.85,0.8367,0.0004,-82,40.5,33,RL,INT,Leonard2014_Interplate,SS,L,6.53,6.58,6.8,7.11,7.21,16.1754,16.3319,16.2603,16.2535
efsm20_cf_top.828,"LINESTRING (40.412651 28.401981, 40.4114 28.339499, 40.41015 28.277019, 40.408899 28.21454, 40.400996 28.152911, 40.392197 28.091499, 40.383388 28.030017)",TRCF043,#16,TR01,259,263,268,85,87,90,-165,180,165,0,18,31.8,31.7,18,18,18.1,572,572,574,0.7,1,0.85,0.8367,0.0002,-81,42.5,33,RL,INT,Leonard2014_Interplate,SS,L,6.48,6.53,6.75,7.06,7.16,16.1207,16.2773,16.2056,16.1988
efsm20_cf_top.829,"LINESTRING (39.321862 30.311782, 39.333029 30.254146, 39.346586 30.197554, 39.360632 30.141151, 39.37872 30.086696, 39.396811 30.032229, 39.414495 29.977525, 39.431926 29.922671, 39.44936 29.867805, 39.468719 29.814016, 39.489549 29.761141, 39.507638 29.706586, 39.514599 29.647886, 39.510048 29.588789, 39.502704 29.530171, 39.496896 29.47127, 39.503402 29.412491, 39.524563 29.359814)",TRCF044,#16,TR02,259,284,296,60,67,75,-100,-90,-80,0,15,86.6,84.8,15.5,16.3,17.3,1345,1412,1500,2.5,3,2.75,2.7386,0.0082,-1070,47,33,N,INT,Leonard2014_Interplate,DS,W,6.39,6.44,6.66,6.97,7.07,17.0453,17.1719,17.1076,17.1058
efsm20_cf_top.830,"LINESTRING (40.748726 30.941388, 40.7389 30.883176, 40.727874 30.825598, 40.71429 30.768992, 40.703061 30.711505, 40.69689 30.652708, 40.697167 30.593355, 40.701899 30.534325, 40.707815 30.475479, 40.713325 30.416558, 40.717543 30.357449, 40.720729 30.298222, 40.723187 30.238933, 40.724521 30.179581, 40.724343 30.120202, 40.722516 30.060873, 40.719431 30.001636, 40.715611 29.942476, 40.712638 29.883236, 40.713728 29.823885, 40.71834 29.764825, 40.723773 29.705882, 40.72839 29.646814, 40.730072 29.587472, 40.729235 29.528098, 40.727866 29.468743, 40.726735 29.409381, 40.725782 29.350014, 40.728035 29.290706, 40.733958 29.231838, 40.745264 29.174351, 40.764215 29.120468, 40.787194 29.069374, 40.809602 29.017822, 40.830099 28.964883, 40.847583 28.910073, 40.860532 28.853094, 40.867828 28.794377, 40.870211 28.73495, 40.869326 28.675451, 40.866551 28.616057, 40.862944 28.556744, 40.858661 28.497514, 40.853607 28.438394, 40.847617 28.379432, 40.840574 28.320677, 40.832409 28.262185, 40.823234 28.203963, 40.81407 28.145746, 40.808052 28.086824, 40.805385 28.027476, 40.805796 27.968027, 40.80814 27.908653, 40.809244 27.849217, 40.809298 27.789761, 40.808217 27.730324, 40.806349 27.670922, 40.803375 27.611601, 40.798208 27.552547, 40.789611 27.494199, 40.778004 27.436776, 40.764057 27.38028, 40.748815 27.324383, 40.733443 27.26856, 40.718619 27.212494, 40.70404 27.156327, 40.68898 27.100395, 40.672284 27.04529, 40.653602 26.99132, 40.63336 26.938351, 40.613358 26.885241, 40.595087 26.831073, 40.57937 26.775548, 40.566412 26.718812, 40.554886 26.661554, 40.544408 26.603958, 40.535046 26.546037, 40.527192 26.487736, 40.520482 26.429197, 40.513654 26.370688, 40.506271 26.312301, 40.498373 26.254036, 40.490088 26.195873, 40.481689 26.137745, 40.473304 26.079621, 40.464933 26.0215, 40.456574 25.963384, 40.448171 25.905286, 40.438984 25.847401, 40.428215 25.789997, 40.416053 25.733086, 40.402652 25.676667, 40.38853 25.620564, 40.374331 25.564507, 40.360092 25.508479, 40.345483 25.452626, 40.330112 25.397137, 40.3139 25.342076, 40.296761 25.287515, 40.278592 25.233543, 40.25926 25.180286, 40.238832 25.127749, 40.217194 25.076069, 40.194964 25.024839, 40.172712 24.973641)",TRCF045,#16,NAF01,242,262,299,59,74,90,-179,-157,-135,0.5,18,520.4,508.8,17.5,18.2,20.4,9107,9474,10625,14.6,26.3,20.45,19.5954,0.0061,341,37,33,RL,INT,Leonard2014_Interplate,SS,L,7.69,7.74,7.96,8.27,8.37,18.6423,18.9648,18.8058,18.7872
efsm20_cf_top.831,"LINESTRING (40.7325 31.487129, 40.746998 31.428574, 40.75917 31.369229, 40.767435 31.308714, 40.770488 31.24735, 40.768754 31.185895, 40.764263 31.124688, 40.759343 31.063542, 40.754615 31.002374, 40.748726 30.941388)",TRCF046,#16,NAF01,264,273,289,59,74,90,-179,-157,-135,0,18,46.6,46,18,18.7,21,839,873,979,9,10,9.5,9.4868,0.0036,-625,40.5,33,RL,INT,Leonard2014_Interplate,SS,L,6.66,6.71,6.93,7.24,7.34,17.3966,17.5093,17.4372,17.4366
efsm20_cf_top.844,"LINESTRING (39.301846 41.287923, 39.275859 41.338024, 39.250385 41.387107, 39.222081 41.433512, 39.193783 41.479906, 39.165493 41.526289, 39.141445 41.576478, 39.148124 41.634836, 39.154804 41.693199, 39.161484 41.751567, 39.168165 41.809941, 39.159054 41.867764, 39.145325 41.92404, 39.131598 41.980306, 39.140268 42.03822, 39.162422 42.089839)",TRCF04J,#16,TRCS126,59,101,127,85,87,90,-165,180,165,0,20,76.4,70.8,20,20,20.1,1528,1530,1534,7,8,7.5,7.4833,0.0039,-1945,45,33,RL,INT,Leonard2014_Interplate,SS,L,6.87,6.92,7.14,7.45,7.55,17.5478,17.6074,17.5784,17.5774
efsm20_cf_top.845,"LINESTRING (38.930872 41.251872, 38.909185 41.301325, 38.894992 41.355588, 38.884216 41.411127, 38.879759 41.46807, 38.867023 41.522905, 38.849154 41.575312, 38.840476 41.631417, 38.81201 41.675405, 38.781474 41.717026, 38.752772 41.760726, 38.731724 41.811068, 38.712247 41.862424, 38.701015 41.917669, 38.684226 41.97054, 38.673295 42.025864, 38.663908 42.081643, 38.659126 42.138368)",TRCF04K,#16,TRCS134,94,110,132,40,45,50,75,90,105,1,20,84.2,82.6,24.8,26.9,29.6,2088,2262,2488,1,2,1.5,1.4142,0.0136,-1394,43.5,33,R,INT,Leonard2014_Interplate,DS,W,6.94,6.99,7.21,7.52,7.62,16.8382,17.2154,17.049,17.0235
efsm20_cf_top.832,"LINESTRING (40.725816 36.650778, 40.740451 36.594268, 40.755036 36.537966, 40.769616 36.481649, 40.784545 36.42548, 40.800107 36.369599, 40.816544 36.314144, 40.834012 36.259227, 40.851908 36.204537, 40.869435 36.149622, 40.885578 36.093956, 40.89943 36.037209, 40.913126 35.980384, 40.928139 35.924133, 40.945034 35.868809, 40.963418 35.814309, 40.982139 35.759998, 40.999729 35.70501, 41.016746 35.649693, 41.033904 35.594439, 41.050789 35.539021, 41.066511 35.482993, 41.079536 35.425748, 41.088176 35.36705, 41.093273 35.307623, 41.095731 35.247896, 41.097172 35.188109, 41.099111 35.128346, 41.101714 35.068626, 41.104988 35.00896, 41.108668 34.949334, 41.111885 34.889657, 41.113444 34.82986, 41.113376 34.770027, 41.113119 34.710196, 41.113928 34.650372, 41.11609 34.590607, 41.117955 34.530823, 41.116123 34.471037, 41.109965 34.411766, 41.101373 34.353035, 41.092212 34.294466, 41.084285 34.235588, 41.077721 34.176423, 41.071579 34.117183, 41.065472 34.057943, 41.059315 33.998717, 41.052898 33.939545, 41.045946 33.880485, 41.038293 33.821585, 41.029832 33.762886, 41.020846 33.704334, 41.011975 33.645759, 41.004778 33.586788, 40.999105 33.527532, 40.992582 33.468435, 40.982835 33.41013, 40.970635 33.35265, 40.957825 33.295415, 40.948204 33.237104, 40.940904 33.178213, 40.935518 33.118967, 40.93004 33.05974, 40.921452 33.00117, 40.913518 32.942446, 40.90544 32.883764, 40.896538 32.825299, 40.88697 32.767026, 40.877439 32.708751, 40.868137 32.650419, 40.859034 32.592041, 40.849983 32.533657, 40.840876 32.475297, 40.832028 32.416875, 40.823727 32.358321, 40.81579 32.299685, 40.807672 32.2411, 40.798801 32.182713, 40.788916 32.124619, 40.778208 32.066789, 40.767163 32.009078, 40.756393 31.951287, 40.745924 31.89341, 40.734935 31.835709, 40.723085 31.778316, 40.711059 31.720998, 40.700227 31.663275, 40.691922 31.604837, 40.685026 31.546087, 40.676238 31.487786, 40.66406 31.430563, 40.648356 31.374866, 40.631906 31.319557, 40.616951 31.263529)",TRCF047,#16,NAF02,250,268,293,74,82,90,-179,-178,-177,0,18,466.2,454.4,18,18.2,18.7,8391,8474,8729,22.2,23.2,22.7,22.6945,0.0035,-1071,39.5,33,RL,INT,Leonard2014_Interplate,SS,L,7.64,7.69,7.91,8.22,8.32,18.7887,18.825,18.8026,18.8025
efsm20_cf_top.833,"LINESTRING (40.616951 31.263529, 40.604873 31.204165, 40.594812 31.144006, 40.586488 31.083396, 40.579914 31.02242, 40.575566 30.961105, 40.574266 30.899551, 40.576166 30.838023, 40.581275 30.776809, 40.589359 30.716147, 40.599623 30.656051, 40.610942 30.596274, 40.62241 30.536537, 40.633873 30.476788, 40.645341 30.417031)",TRCF048,#16,NAF02,256,274,286,74,82,90,-179,-178,-177,0,18,72.8,71.5,18,18.2,18.7,1310,1323,1363,11,12,11.5,11.4891,0.0025,-749,39.5,33,RL,INT,Leonard2014_Interplate,SS,L,6.83,6.88,7.1,7.41,7.51,17.6773,17.7323,17.7009,17.7004
efsm20_cf_top.834,"LINESTRING (39.849825 29.127085, 39.862122 29.070919, 39.875969 29.015337, 39.896701 28.963507, 39.9284 28.922138, 39.960107 28.88076, 39.991822 28.839373)",TRCF049,#16,TR03,285,301,314,85,87,90,-165,180,165,0,18,29.9,29.2,18,18,18.1,539,539,541,1.9714,6.0286,4,3.4474,0.0013,-613,46,33,RL,INT,Leonard2014_Interplate,SS,L,6.44,6.49,6.71,7.02,7.12,16.5445,17.0316,16.8524,16.7879
efsm20_cf_top.835,"LINESTRING (38.190321 29.594725, 38.221565 29.634643, 38.26026 29.662352, 38.299692 29.688336, 38.322214 29.737094, 38.331609 29.792405, 38.327186 29.848718, 38.348906 29.898082, 38.389177 29.921917, 38.432674 29.933255)",TRCF04A,#16,TR04,10,46,94,40,57,75,-100,-90,-80,0,13,44.4,40,13.5,15.5,20.2,598,688,898,1.5,2,1.75,1.7321,0.0544,-1019,45,33,N,INT,Leonard2014_Interplate,DS,W,6.34,6.39,6.61,6.92,7.02,16.4711,16.773,16.5994,16.595
efsm20_cf_top.836,"LINESTRING (37.040269 29.296225, 37.076595 29.33211, 37.112942 29.368016, 37.150717 29.401541, 37.19152 29.428934, 37.234487 29.450507, 37.278261 29.469361)",TRCF04B,#16,TRCS268,17,29,37,40,50,61,-78,-78,-78,1,13,30.9,30.6,13.8,15.7,18.9,426,484,582,1.5,2,1.75,1.7321,0.0059,-1338,40,33,N,INT,Leonard2014_Interplate,DS,W,6.35,6.4,6.62,6.93,7.03,16.3236,16.5848,16.446,16.4416
efsm20_cf_top.837,"LINESTRING (37.013597 29.071405, 37.049433 29.099616, 37.084065 29.130199, 37.111485 29.17069, 37.138919 29.211181, 37.167673 29.250219, 37.204056 29.277467)",TRCF04C,#16,TRCS268,29,39,48,40,50,61,-78,-78,-78,1,13,28.3,28,13.8,15.7,18.9,390,443,533,1.5,2,1.75,1.7321,0.0066,-954,39.5,33,N,INT,Leonard2014_Interplate,DS,W,6.35,6.4,6.62,6.93,7.03,16.2853,16.5464,16.4077,16.4032
efsm20_cf_top.838,"LINESTRING (36.956151 28.988713, 36.996204 29.010092, 37.03419 29.036764, 37.068211 29.070827, 37.102985 29.103694, 37.142852 29.125673)",TRCF04D,#16,TRCS268,22,29,37,40,50,61,-78,-78,-78,1,13,24.2,24.1,13.8,15.7,18.9,334,379,457,1.5,2,1.75,1.7321,0.0041,-797,39,33,N,INT,Leonard2014_Interplate,DS,L,6.31,6.36,6.58,6.89,6.99,16.2181,16.4792,16.3405,16.336
efsm20_cf_top.839,"LINESTRING (37.905744 29.01533, 37.884315 29.061282, 37.854879 29.099447, 37.819615 29.128617, 37.796802 29.173434, 37.779421 29.220248)",TRCF04E,#16,TRCS330,114,127,146,40,50,61,-66,-66,-66,0,13,23.3,22.8,14.9,17,20.4,348,395,476,1.5,2,1.75,1.7321,0.0125,-304,43,33,N,INT,Leonard2014_Interplate,DS,L,6.32,6.37,6.59,6.9,7,16.2358,16.497,16.3582,16.3538
efsm20_cf_top.840,"LINESTRING (37.926876 28.81946, 37.900437 28.876156, 37.879151 28.936216, 37.852064 28.992572)",TRCF04F,#16,TRCS330,113,118,120,40,50,61,-66,-66,-66,0,13,17.3,17.3,14.9,17,20.4,259,294,355,1.5,2,1.75,1.7321,0.001,-285,43.5,33,N,INT,Leonard2014_Interplate,DS,L,6.2,6.25,6.47,6.78,6.88,16.1081,16.3692,16.2305,16.226
efsm20_cf_top.841,"LINESTRING (38.093001 28.944022, 38.068732 28.996139, 38.028349 29.028297, 37.999888 29.076829, 37.963478 29.115858, 37.930332 29.159298, 37.911498 29.213552)",TRCF04G,#16,TRCS330,112,129,147,40,50,61,-66,-66,-66,0,13,31.7,31.1,14.9,17,20.4,473,538,648,1.5,2,1.75,1.7321,0.0129,-542,43.5,33,N,INT,Leonard2014_Interplate,DS,W,6.44,6.49,6.71,7.02,7.12,16.3699,16.631,16.4923,16.4878
efsm20_cf_top.842,"LINESTRING (37.902576 30.090258, 37.871728 30.048631, 37.852118 30, 37.830131 29.953044, 37.806079 29.907752, 37.782336 29.862216, 37.758794 29.816526, 37.731167 29.774671, 37.723028 29.721145, 37.706508 29.670809, 37.693572 29.618834, 37.714984 29.57154, 37.742499 29.529578, 37.768855 29.486428)",TRCF04H,#16,TRCS309,225,253,308,40,50,61,-90,-88.5,-87,1,14,62.5,55.1,14.9,17,20.4,934,1061,1278,1.5,2,1.75,1.7321,0.0767,-1061,42.5,33,N,INT,Leonard2014_Interplate,DS,W,6.44,6.49,6.71,7.02,7.12,16.665,16.9261,16.7874,16.7829
efsm20_cf_top.843,"LINESTRING (37.898615 29.86091, 37.87638 29.813501, 37.851085 29.768827, 37.835225 29.717667, 37.835602 29.662714, 37.848052 29.610064, 37.837535 29.55674)",TRCF04I,#16,TRCS309,233,254,285,40,50,61,-90,-88.5,-87,1,14,29,27.6,14.9,17,20.4,433,492,592,1.5,2,1.75,1.7321,0.0315,-977,43,33,N,INT,Leonard2014_Interplate,DS,L,6.4,6.45,6.67,6.98,7.08,16.3308,16.5919,16.4532,16.4487
efsm20_cf_top.846,"LINESTRING (39.895427 41.57229, 39.889167 41.633246, 39.872184 41.690616, 39.85437 41.747541, 39.830501 41.800554, 39.800521 41.847991, 39.770548 41.895416, 39.740583 41.942828, 39.718397 41.99698, 39.706496 42.056336, 39.715202 42.116621, 39.723709 42.175522)",TRCF04L,#16,TR05,77,108,128,85,87,90,-165,180,165,0,25,57.6,55,25,25,25.1,1440,1442,1445,2,3,2.5,2.4495,0.0024,-2179,44,33,RL,INT,Leonard2014_Interplate,SS,L,6.86,6.91,7.13,7.44,7.54,16.9779,17.1556,17.0754,17.0665
efsm20_cf_top.847,"LINESTRING (39.730443 40.942826, 39.746084 40.999683, 39.761728 41.056552, 39.777375 41.113432, 39.792851 41.170404, 39.808278 41.227411, 39.823709 41.284429, 39.840259 41.340927, 39.856891 41.397398, 39.873184 41.454048, 39.888693 41.51109)",TRCF04M,#16,TR06,67,69,69,85,87,90,30,30,30,0,25,51.6,51.6,25,25,25.1,1291,1293,1296,2,3,2.5,2.4495,0,-2365,45.5,33,LL,INT,Leonard2014_Interplate,SS,L,6.83,6.88,7.1,7.41,7.51,16.9304,17.1082,17.0279,17.0191
efsm20_cf_top.848,"LINESTRING (39.942565 41.393066, 39.985016 41.409278, 40.027469 41.425491, 40.069521 41.443412, 40.110501 41.465174, 40.148649 41.494457, 40.183202 41.530594, 40.217762 41.566738, 40.252329 41.60289)",TRCF04N,#16,TR07,15,26,37,85,87,90,-10,0,10,0,25,39.3,38.8,25,25,25.1,984,985,987,1.5,2,1.75,1.7321,0.0007,-2246,44.5,33,LL,INT,Leonard2014_Interplate,SS,L,6.71,6.76,6.98,7.29,7.39,16.6875,16.8141,16.755,16.7505
efsm20_cf_top.849,"LINESTRING (38.653771 30.841914, 38.632218 30.793669, 38.634215 30.738157, 38.636382 30.682653, 38.641136 30.627412, 38.652696 30.573838, 38.667312 30.521048)",TRCF04O,#16,TRCS223,242,275,291,50,60,70,-90,-90,-90,0,13,29,27.9,13.8,15,17,401,435,492,1.5,1.8,1.65,1.6432,0.0189,-1189,46,33,N,INT,Leonard2014_Interplate,DS,W,6.3,6.35,6.57,6.88,6.98,16.2979,16.4658,16.3748,16.373
efsm20_cf_top.850,"LINESTRING (38.130503 31.916175, 38.125039 31.853673, 38.119047 31.79072, 38.126047 31.727935, 38.142267 31.667959)",TRCF04P,#16,TR08,264,274,290,50,60,70,-100,-90,-80,0,13,22.1,21.7,13.8,15,17,306,332,376,1,2,1.5,1.4142,0.0089,-1345,44,33,N,INT,Leonard2014_Interplate,DS,L,6.24,6.29,6.51,6.82,6.92,16.0047,16.3944,16.2162,16.1907
efsm20_cf_top.851,"LINESTRING (38.158252 29.936404, 38.185629 29.88933, 38.189284 29.830627, 38.173147 29.775439, 38.143889 29.729827, 38.104457 29.699018, 38.066203 29.665914, 38.03059 29.628372)",TRCF04Q,#16,TR09,210,241,305,50,60,70,-100,-90,-80,0,13,36,30.5,13.8,15,17,498,540,611,0.7,1,0.85,0.8367,0.0769,-938,44,33,N,INT,Leonard2014_Interplate,DS,W,6.3,6.35,6.57,6.88,6.98,16.0609,16.3045,16.1806,16.1738
efsm20_cf_top.852,"LINESTRING (38.398381 44.515184, 38.383989 44.453993, 38.348253 44.413831, 38.315303 44.369985, 38.282361 44.326149, 38.249426 44.282324, 38.216433 44.23859, 38.183432 44.194884, 38.15044 44.151189, 38.117455 44.107504)",TRCF04R,#16,TR10,222,229,254,85,87,90,-10,0,10,0,25,47.9,47.4,25,25,25.1,1198,1200,1203,1,2,1.5,1.4142,0.0006,-2367,40,33,LL,INT,Leonard2014_Interplate,SS,L,6.79,6.84,7.06,7.37,7.47,16.5971,16.8998,16.7738,16.7482
efsm20_cf_top.853,"LINESTRING (39.000934 27.730526, 39.036971 27.701388, 39.072856 27.672373, 39.113673 27.657724, 39.155134 27.646462)",TRCF04S,#16,TRCS316,327,337,348,65,70,75,-105,-90,-75,0,13,18.9,18.6,13.5,13.8,14.3,254,261,271,0.4928,1.5072,1,0.8619,0.0045,-374,44.5,33,N,INT,Leonard2014_Interplate,DS,L,6.14,6.19,6.41,6.72,6.82,15.6159,16.129,15.9352,15.8706
efsm20_cf_top.854,"LINESTRING (39.6995 22.3888, 39.702512 22.331598, 39.706882 22.274542, 39.716012 22.218439, 39.7229 22.1618)",GRCF00B,#08,GRCS001,273,277,281,50,62,75,-100,-90,-80,0,14,19.6,19.6,14.5,15.9,18.3,284,311,359,0.05,0.4,0.225,0.1414,0.0007,-168,42.5,33,N,INT,Leonard2014_Interplate,DS,L,6.22,6.27,6.49,6.8,6.9,14.6714,15.6751,15.3636,15.1619
efsm20_cf_top.855,"LINESTRING (39.8759 22.1081, 39.893259 22.164049, 39.88927 22.22418, 39.859622 22.270532, 39.828757 22.315495, 39.813331 22.372343, 39.787187 22.422091, 39.750519 22.458886, 39.736436 22.516258, 39.7236 22.5725)",GRCF00C,#08,GRCS002,67,112,141,55,65,75,-100,-85,-70,0,12.5,46.2,43.1,12.9,13.8,15.3,598,637,705,0.1,1,0.55,0.3162,0.0281,-293,42.5,33,N,INT,Leonard2014_Interplate,DS,W,6.21,6.26,6.48,6.79,6.89,15.2952,16.3668,16.0633,15.8228
efsm20_cf_top.856,"LINESTRING (39.6306 22.6713, 39.632213 22.613266, 39.636367 22.555445, 39.631574 22.497707, 39.627839 22.43984, 39.635846 22.382708, 39.645859 22.326102, 39.656735 22.269758, 39.6674 22.2133)",GRCF00D,#08,GRCS004,263,275,283,40,55,70,-100,-90,-80,0,13,39.8,39.4,13.8,15.9,20.2,550,631,805,0.1,0.5,0.3,0.2236,0.0052,-107,41,33,N,INT,Leonard2014_Interplate,DS,W,6.36,6.41,6.63,6.94,7.04,15.2592,16.1231,15.796,15.6683
efsm20_cf_top.857,"LINESTRING (39.266 22.6399, 39.269976 22.695873, 39.275701 22.751639, 39.281389 22.807416, 39.287471 22.86313, 39.290182 22.919288, 39.291133 22.975543, 39.294049 23.031688, 39.297592 23.087775, 39.304994 23.143234, 39.306 23.1995)",GRCF00E,#08,GRCS010,79,84,88,40,55,70,-128,-109,-90,0,12.5,48.4,48.4,13.3,15.3,19.4,644,739,942,0.5,3,1.75,1.2247,0.0006,-159,33.5,33,N,INT,Leonard2014_Interplate,DS,W,6.32,6.37,6.59,6.9,7,16.0264,16.9695,16.6301,16.4751
efsm20_cf_top.858,"LINESTRING (39.4111 22.234, 39.399734 22.290682, 39.383009 22.345083, 39.365592 22.399106, 39.355622 22.45619, 39.352145 22.514533, 39.355847 22.572853, 39.353894 22.631315, 39.350172 22.689632, 39.346252 22.747924, 39.3423 22.8062)",GRCF00F,#08,GRCS015,84,98,112,45,57,70,-100,-90,-80,0,14,50.3,49.8,14.9,16.7,19.8,750,840,996,0.6,0.9,0.75,0.7348,0.0058,-226,38.5,33,N,INT,Leonard2014_Interplate,DS,W,6.42,6.47,6.69,7,7.1,16.1715,16.4711,16.3178,16.3089
efsm20_cf_top.859,"LINESTRING (39.1425 22.4208, 39.145152 22.365224, 39.147804 22.309646, 39.149833 22.254022, 39.155966 22.198898, 39.172133 22.14725, 39.184829 22.094002, 39.199854 22.041764, 39.214487 21.989329, 39.234676 21.94005, 39.2571 21.8922)",GRCF00G,#08,GRCS020,272,285,301,40,50,60,-90,-85,-80,0,17.5,48,47.3,20.2,22.8,27.2,971,1097,1308,0.3,0.6,0.45,0.4243,0.0098,-354,41.5,33,N,INT,Leonard2014_Interplate,DS,W,6.76,6.81,7.03,7.34,7.44,15.9827,16.4132,16.2121,16.1865
efsm20_cf_top.861,"LINESTRING (39.8308 22.8564, 39.847857 22.80435, 39.863048 22.751318, 39.87668 22.69756, 39.890963 22.644079, 39.901474 22.589121, 39.916988 22.536204, 39.927033 22.48108, 39.9431 22.4295)",GRCF00I,#08,GRCS040,282,288,292,40,55,70,-100,-90,-80,0,14,38.6,38.5,14.9,17.1,21.8,575,659,840,0.4,0.9,0.65,0.6,0.001,-434,41,33,N,INT,Leonard2014_Interplate,DS,W,6.45,6.5,6.72,7.03,7.13,15.88,16.3971,16.1504,16.1157
efsm20_cf_top.862,"LINESTRING (40.4887 22.2643, 40.450833 22.233986, 40.40994 22.21096, 40.371059 22.182566, 40.331737 22.155255, 40.290993 22.13182, 40.252948 22.101591, 40.221524 22.060333, 40.190124 22.019062, 40.160582 21.975525, 40.142081 21.92259, 40.115284 21.876139, 40.087695 21.830508, 40.063955 21.781335, 40.044691 21.728942, 40.027219 21.675501, 40.01041 21.621713, 39.994811 21.567321, 39.9795 21.5128)",GRCF00J,#08,GRCS050,202,228,250,40,60,80,-110,-95,-80,0,17,89,85.3,17.3,19.6,26.4,1537,1748,2355,0.3,0.5,0.4,0.3873,0.021,-637,44,33,N,INT,Leonard2014_Interplate,DS,W,6.6,6.65,6.87,7.18,7.28,16.1823,16.5894,16.363,16.349
efsm20_cf_top.863,"LINESTRING (40.9553 21.9067, 40.981548 21.9561, 41.01887 21.990839, 41.03593 22.046911, 41.05054 22.104198, 41.066905 22.160659, 41.103769 22.196292, 41.123208 22.251056, 41.1418 22.3033)",GRCF00K,#08,GRCS060,34,57,71,60,72,85,-130,-100,-70,0,12,40.3,39.2,12,12.6,13.9,486,509,559,0.2,0.6,0.4,0.3464,0.0088,-716,43,33,N,INT,Leonard2014_Interplate,DS,W,6.12,6.17,6.39,6.7,6.8,15.5061,16.0441,15.8273,15.7648
efsm20_cf_top.864,"LINESTRING (40.8122 22.1418, 40.835338 22.192667, 40.855179 22.245926, 40.852589 22.305201, 40.84 22.3622)",GRCF00L,#08,GRCS068,58,80,105,45,57,70,-115,-105,-95,0,16,20,18.8,17,19.1,22.6,340,381,452,0.2,0.4,0.3,0.2828,0.032,-171,43,33,N,INT,Leonard2014_Interplate,DS,L,6.28,6.33,6.55,6.86,6.96,15.3512,15.7757,15.5767,15.551
efsm20_cf_top.865,"LINESTRING (40.6111 21.4469, 40.635001 21.493749, 40.658414 21.54104, 40.682716 21.58756, 40.706145 21.634871, 40.736408 21.674887, 40.77105 21.708167, 40.805233 21.742282, 40.8325 21.786)",GRCF00M,#08,GRCS070,36,49,57,45,57,70,-110,-100,-90,0,14,38.1,37.7,14.9,16.7,19.8,568,636,755,0.1,0.3,0.2,0.1732,0.0057,-898,41.5,33,N,INT,Leonard2014_Interplate,DS,W,6.42,6.47,6.69,7,7.1,15.2728,15.8734,15.6232,15.5607
efsm20_cf_top.866,"LINESTRING (40.6447 21.6514, 40.672762 21.698429, 40.707625 21.736797, 40.749723 21.759257, 40.792087 21.780838, 40.8328 21.8074)",GRCF00N,#08,GRCS072,21,32,51,50,57,65,-110,-100,-90,0,11.5,25.2,24.7,12.7,13.7,15,320,346,379,0.1,0.3,0.2,0.1732,0.0117,-647,42,33,N,INT,Leonard2014_Interplate,DS,W,6.21,6.26,6.48,6.79,6.89,15.0241,15.5742,15.3588,15.2963
efsm20_cf_top.867,"LINESTRING (40.7093 21.899, 40.670531 21.867396, 40.630777 21.838132, 40.592001 21.80669, 40.554859 21.772014, 40.51512 21.742766, 40.482028 21.701636, 40.4491 21.6603)",GRCF00O,#08,GRCS077,209,214,223,45,62,80,-110,-100,-90,0,14,35.4,35.3,14.2,15.9,19.8,504,562,702,0.1,0.3,0.2,0.1732,0.0024,-854,42.5,33,N,INT,Leonard2014_Interplate,DS,W,6.36,6.41,6.63,6.94,7.04,15.2209,15.8419,15.5693,15.5068
efsm20_cf_top.868,"LINESTRING (40.8022 21.4645, 40.821923 21.512801, 40.835325 21.564796, 40.858857 21.610086, 40.8716 21.6624)",GRCF00P,#08,GRCS080,55,65,72,40,60,80,-100,-90,-80,0,14,18.5,18.4,14.2,16.2,21.8,263,299,403,0.1,0.3,0.2,0.1732,0.0036,-785,41,33,N,INT,Leonard2014_Interplate,DS,L,6.2,6.25,6.47,6.78,6.88,14.9381,15.6005,15.2949,15.2324
efsm20_cf_top.869,"LINESTRING (40.5175 21.0605, 40.526883 21.13479, 40.5221 21.2108)",GRCF00Q,#08,GRCS090,81,88,95,40,57,75,-90,-75,-60,0,14,12.8,12.7,14.5,16.7,21.8,186,214,279,0.1,0.4,0.25,0.2,0.0041,-815,42,33,N,INT,Leonard2014_Interplate,DS,L,6.06,6.11,6.33,6.64,6.74,14.7873,15.5663,15.2466,15.1497
efsm20_cf_top.870,"LINESTRING (40.6031 23.6349, 40.6165 23.58021, 40.620871 23.522931, 40.618852 23.465424, 40.638209 23.413805, 40.651027 23.358747, 40.642659 23.302219, 40.626418 23.248761, 40.62797 23.191221, 40.646847 23.139287, 40.661406 23.08498, 40.685576 23.036981, 40.718168 22.998586, 40.749094 22.957843, 40.7673 22.9054)",GRCF00R,#08,GRCS100,247,285,317,30,55,80,-110,-77.5,-45,0,17,68,64.2,17.3,20.8,34,1174,1412,2313,0.1,0.7,0.4,0.2646,0.0325,-216,41,33,N,INT,Leonard2014_Interplate,DS,W,6.66,6.71,6.93,7.24,7.34,15.5882,16.7277,16.2703,16.0908
efsm20_cf_top.871,"LINESTRING (40.5867 23.6334, 40.558066 23.683111, 40.536245 23.738469, 40.526818 23.799571, 40.5202 23.861302, 40.5202 23.923642, 40.519725 23.985976, 40.5205 24.0482)",GRCF00S,#08,GRCS110,87,100,125,65,75,85,-90,-80,-70,0,17,36.9,35.8,17.1,17.6,18.8,629,649,692,0.3,1.1,0.7,0.5745,0.0075,-191,37,33,N,INT,Leonard2014_Interplate,DS,W,6.48,6.53,6.75,7.06,7.16,15.7945,16.3998,16.1759,16.0901
efsm20_cf_top.872,"LINESTRING (40.8067 23.0537, 40.810297 23.113156, 40.813498 23.172656, 40.81535 23.232257, 40.818312 23.291782, 40.822086 23.35123, 40.81051 23.408889, 40.818954 23.467488, 40.8275 23.5265)",GRCF00T,#08,GRCS120,78,85,103,60,72,85,-100,-90,-80,0,15,40.2,39.9,15.1,15.8,17.3,605,634,696,0.1,0.8,0.45,0.2828,0.0026,-470,41.5,33,N,INT,Leonard2014_Interplate,DS,W,6.36,6.41,6.63,6.94,7.04,15.3004,16.2643,15.9738,15.7721
efsm20_cf_top.873,"LINESTRING (41.2497 22.7221, 41.276882 22.768671, 41.300486 22.818595, 41.308936 22.876514, 41.306743 22.935444, 41.29515 22.992386, 41.282851 23.049056, 41.278705 23.107775, 41.277477 23.166727, 41.277605 23.225702, 41.27998 23.284594, 41.279301 23.343564, 41.283 23.4025)",GRCF00U,#08,GRCS130,51,85,105,45,57,70,-110,-95,-80,0,15,59.2,57,16,17.9,21.2,944,1058,1255,0.2,0.4,0.3,0.2828,0.0199,-513,45.5,33,N,INT,Leonard2014_Interplate,DS,W,6.49,6.54,6.76,7.07,7.17,15.7946,16.2192,16.0201,15.9945
efsm20_cf_top.874,"LINESTRING (41.2152 23.7919, 41.219773 23.848921, 41.217783 23.906205, 41.205446 23.961148, 41.198765 24.017787, 41.195125 24.074909, 41.185203 24.130691, 41.169659 24.18415, 41.16638 24.241285, 41.168402 24.298521, 41.1667 24.3561)",GRCF00V,#08,GRCS140,86,98,113,40,52,65,-95,-87.5,-80,0,15,48,47.5,16.6,19,23.3,794,914,1120,0.2,0.4,0.3,0.2828,0.0061,-465,41,33,N,INT,Leonard2014_Interplate,DS,W,6.56,6.61,6.83,7.14,7.24,15.7195,16.1698,15.9564,15.9307
efsm20_cf_top.875,"LINESTRING (41.0968 23.5086, 41.099726 23.56987, 41.105868 23.630327, 41.102016 23.691118, 41.07751 23.74272, 41.038096 23.774096, 41.0009 23.8099)",GRCF00W,#08,GRCS145,81,111,147,50,65,80,-100,-90,-80,0,16,30.7,27.4,16.2,17.7,20.9,499,542,641,0.05,0.1,0.075,0.0707,0.0451,-253,42.5,33,N,INT,Leonard2014_Interplate,DS,L,6.41,6.46,6.68,6.99,7.09,14.9154,15.3255,15.1276,15.1019
efsm20_cf_top.876,"LINESTRING (40.9472 24.479, 40.964863 24.532083, 40.983864 24.584818, 41.003773 24.636979, 41.029737 24.684253, 41.06039 24.726325, 41.092371 24.766638, 41.119167 24.81315, 41.139712 24.864983, 41.148686 24.922343, 41.141203 24.980079, 41.135759 25.038211, 41.12355 25.094496, 41.121491 25.152997, 41.134207 25.209081, 41.138291 25.267406, 41.15468 25.3218, 41.170277 25.376616, 41.175943 25.43474, 41.161035 25.489899, 41.147628 25.545721, 41.134753 25.601754, 41.12153 25.65763, 41.107356 25.713083, 41.09506 25.76931, 41.086 25.8266)",GRCF00X,#08,GRCS150,45,83,111,35,55,75,-160,-115,-70,0,14,122.6,114.1,14.5,17.1,24.4,1777,2095,2993,0.2,0.5,0.35,0.3162,0.0398,-221,35.5,33,N,INT,Leonard2014_Interplate,DS,W,6.45,6.5,6.72,7.03,7.13,16.0692,16.6935,16.3839,16.3398
efsm20_cf_top.877,"LINESTRING (40.8752 25.4995, 40.857727 25.552737, 40.864437 25.610085, 40.855027 25.666764, 40.84735 25.723892, 40.850361 25.781776, 40.850957 25.839792, 40.851313 25.897811, 40.848722 25.95573, 40.847086 26.013709, 40.845945 26.071706, 40.8477 26.1296)",GRCF00Y,#08,GRCS160,82,94,114,45,60,75,-130,-105,-80,0,14,53.7,53.1,14.5,16.2,19.8,778,868,1063,0.4,0.7,0.55,0.5292,0.0056,-41,35.5,33,N,INT,Leonard2014_Interplate,DS,W,6.38,6.43,6.65,6.96,7.06,16.0115,16.39,16.1972,16.1805
efsm20_cf_top.878,"LINESTRING (41.6194 26.5743, 41.610288 26.514025, 41.598468 26.454605, 41.58988 26.394211, 41.581174 26.333854, 41.571708 26.273711, 41.559895 26.214324, 41.535436 26.162307, 41.5234 26.1026)",GRCF00Z,#08,GRCS170,238,255,260,45,62,80,-120,-105,-90,0,14,40.9,40.7,14.2,15.9,19.8,582,649,810,0.1479,0.4521,0.3,0.2586,0.0031,-111,36.5,33,N,INT,Leonard2014_Interplate,DS,W,6.36,6.41,6.63,6.94,7.04,15.4533,16.0825,15.8079,15.7434
efsm20_cf_top.879,"LINESTRING (40.5635 23.1813, 40.580517 23.125689, 40.593973 23.068379, 40.600823 23.009065, 40.5978 22.9492)",GRCF010,#08,GRCS240,265,280,291,35,52,70,-100,-90,-80,0,16,20.3,20,17,20.3,27.9,345,411,565,0.1,0.4,0.25,0.2,0.0089,-362,41,33,N,INT,Leonard2014_Interplate,DS,L,6.34,6.39,6.61,6.92,7.02,15.0563,15.8727,15.5307,15.4338
efsm20_cf_top.880,"LINESTRING (40.6187 23.0788, 40.64023 23.021761, 40.666479 22.968235, 40.690708 22.913057, 40.724 22.8668)",GRCF011,#08,GRCS245,295,302,312,35,57,80,-90,-75,-60,0,16,21.5,21.4,16.2,19.1,27.9,349,410,600,0.1,0.4,0.25,0.2,0.0034,-239,42,33,N,INT,Leonard2014_Interplate,DS,L,6.34,6.39,6.61,6.92,7.02,15.0618,15.8987,15.5295,15.4326
efsm20_cf_top.881,"LINESTRING (40.444 23.2198, 40.460536 23.165069, 40.471437 23.107965, 40.484057 23.051467, 40.495293 22.994456, 40.501619 22.936143, 40.499102 22.877332, 40.505897 22.819108, 40.5057 22.7602)",GRCF012,#08,GRCS250,266,279,290,30,58,87,-100,-85,-70,0,20,39.8,39.5,20,23.6,40,798,940,1594,0.1,0.5,0.3,0.2236,0.0049,-118,41,33,N,INT,Leonard2014_Interplate,DS,L,6.7,6.75,6.97,7.28,7.38,15.4205,16.4199,15.9686,15.841
efsm20_cf_top.882,"LINESTRING (40.4715 23.6493, 40.440282 23.693519, 40.416261 23.744772, 40.395403 23.798345, 40.370208 23.848582, 40.355295 23.90544, 40.3411 23.9626)",GRCF013,#08,GRCS260,106,117,131,60,72,85,-60,-47.5,-35,0,16,30.6,30.2,16.1,16.8,18.5,491,514,565,0.3,0.8,0.55,0.4899,0.0035,-210,35.5,33,N,INT,Leonard2014_Interplate,DS,W,6.43,6.48,6.7,7.01,7.11,15.6868,16.1736,15.9702,15.9199
efsm20_cf_top.883,"LINESTRING (40.3889 23.5741, 40.379439 23.631512, 40.36833 23.688403, 40.351767 23.74295, 40.333287 23.796412, 40.3205 23.852654, 40.308126 23.909045, 40.296766 23.965791, 40.289438 24.023659, 40.284292 24.081924, 40.281016 24.140418, 40.28125 24.199067, 40.286 24.2574)",GRCF014,#08,GRCS270,82,99,113,45,60,75,-80,-60,-40,0,16,59.7,59,16.6,18.5,22.6,989,1103,1351,0.6,0.7,0.65,0.6481,0.0056,24,35,33,N,INT,Leonard2014_Interplate,DS,W,6.53,6.58,6.8,7.11,7.21,16.2918,16.4942,16.374,16.3727
efsm20_cf_top.884,"LINESTRING (39.8933 23.9561, 39.917604 24.004672, 39.9449 24.050574, 39.973329 24.095308, 40.002708 24.139004, 40.02924 24.185719, 40.0558 24.232425, 40.07878 24.282285, 40.09861 24.334417, 40.121312 24.384523, 40.145624 24.43334, 40.169404 24.482619, 40.187961 24.535616, 40.203177 24.590423, 40.218296 24.645287, 40.238312 24.697405, 40.263498 24.745539, 40.291238 24.791217, 40.3188 24.8371)",GRCF015,#08,GRCS280,51,59,72,65,75,85,-150,-132.5,-115,0.5,17,89.1,88.6,16.6,17.1,18.2,1477,1523,1623,1,1.7,1.35,1.3038,0.0015,686,32,33,N,INT,Leonard2014_Interplate,DS,W,6.44,6.49,6.71,7.02,7.12,16.6877,16.9593,16.8315,16.8164
efsm20_cf_top.885,"LINESTRING (39.9585 23.4391, 39.943392 23.49186, 39.9281 23.544557, 39.91433 23.597951, 39.903025 23.652311, 39.898202 23.708273, 39.898873 23.764581, 39.90009 23.820873, 39.9007 23.877183, 39.9007 23.9335)",GRCF016,#08,GRCS285,87,97,109,50,65,80,-150,-132.5,-115,0.5,14.5,43.2,42.6,14.2,15.4,18.3,615,668,790,0.8,1.4,1.1,1.0583,0.0058,330,33.5,33,N,INT,Leonard2014_Interplate,DS,W,6.34,6.39,6.61,6.92,7.02,16.2102,16.5623,16.3846,16.3678
efsm20_cf_top.886,"LINESTRING (40.0629 20.7837, 40.036358 20.738947, 40.011306 20.69273, 39.981101 20.65212, 39.9549 20.607039, 39.9295 20.5612)",GRCF017,#08,GRCS300,226,232,235,45,60,75,-110,-95,-80,0,14,24.1,24.1,14.5,16.2,19.8,349,390,477,0.1,0.4,0.25,0.2,0.0008,-751,42,33,N,INT,Leonard2014_Interplate,DS,L,6.32,6.37,6.59,6.9,7,15.0618,15.7993,15.5072,15.4103
efsm20_cf_top.887,"LINESTRING (39.5411 20.8718, 39.51577 20.827044, 39.508753 20.771088, 39.503636 20.714792, 39.50466 20.658124, 39.513275 20.602547, 39.506415 20.546559, 39.500754 20.490352, 39.4917 20.4349)",GRCF018,#08,GRCS310,234,262,282,80,84,89,-45,-25,-5,0,16,38.8,37.9,16,16.1,16.2,621,624,630,0.1,0.3,0.2,0.1732,0.0025,-698,42.5,33,LL,INT,Leonard2014_Interplate,SS,W,6.47,6.52,6.74,7.05,7.15,15.3116,15.7953,15.6149,15.5524
efsm20_cf_top.902,"LINESTRING (38.5636 22.7373, 38.579535 22.682177, 38.609649 22.637773, 38.639721 22.593303, 38.6685 22.5474)",GRCF01N,#08,GRCS434,289,304,310,45,62,80,-90,-75,-60,0,13,20.4,20.2,13.2,14.7,18.4,270,301,376,0.4,0.9,0.65,0.6,0.0054,-505,34,33,N,INT,Leonard2014_Interplate,DS,L,6.2,6.25,6.47,6.78,6.88,15.5516,16.0477,15.8099,15.7751
efsm20_cf_top.888,"LINESTRING (39.1423 20.5754, 39.158462 20.628119, 39.168948 20.683129, 39.172521 20.739595, 39.1734 20.79624, 39.167723 20.852418, 39.167774 20.90907, 39.171153 20.965555, 39.1781 21.0215)",GRCF019,#08,GRCS330,69,84,98,40,57,75,-100,-90,-80,0,13,39.1,38.7,13.5,15.5,20.2,526,606,790,0.4,0.6,0.5,0.4899,0.0057,-135,44,33,N,INT,Leonard2014_Interplate,DS,W,6.34,6.39,6.61,6.92,7.02,15.8415,16.1944,15.9997,15.9909
efsm20_cf_top.889,"LINESTRING (38.5691 21.2495, 38.611194 21.228932, 38.654178 21.2117, 38.699004 21.206063, 38.738567 21.178469, 38.774604 21.143816, 38.812517 21.112613, 38.850975 21.082514, 38.891708 21.057818, 38.933722 21.036947, 38.976443 21.018595, 39.019226 21.000471, 39.062 20.9823)",GRCF01A,#08,GRCS350,323,337,354,55,70,85,-40,-22.5,-5,0,14,60.1,59.5,14.1,14.9,17.1,845,895,1027,0.3,0.9,0.6,0.5196,0.0035,-114,44.5,33,LL,INT,Leonard2014_Interplate,SS,W,6.39,6.44,6.66,6.97,7.07,15.9223,16.4844,16.2487,16.1862
efsm20_cf_top.890,"LINESTRING (38.5217 21.598, 38.528962 21.539249, 38.525924 21.479809, 38.534111 21.421166, 38.545323 21.363338, 38.5556 21.30522, 38.5659 21.2471)",GRCF01B,#08,GRCS355,266,279,284,45,60,75,-100,-85,-70,0,15,31.1,30.9,15.5,17.3,21.2,483,538,659,0.4,2.2,1.3,0.9381,0.0028,-123,43,33,N,INT,Leonard2014_Interplate,DS,L,6.46,6.51,6.73,7.04,7.14,15.8042,16.6801,16.3635,16.2218
efsm20_cf_top.891,"LINESTRING (39.6987 19.647, 39.707817 19.707245, 39.723219 19.7653, 39.72509 19.826669, 39.727019 19.888036, 39.739437 19.947301, 39.746275 20.008088, 39.7533 20.069)",GRCF01C,#08,GRCS390,72,81,89,65,75,85,-170,-135,-100,0,12,36.8,36.6,12,12.4,13.2,443,457,487,0.4,0.6,0.5,0.4899,0.0013,-119,37.5,33,N,INT,Leonard2014_Interplate,DS,W,6.1,6.15,6.37,6.68,6.78,15.767,15.9842,15.8774,15.8685
efsm20_cf_top.892,"LINESTRING (38.8508 22.4144, 38.861474 22.360718, 38.870456 22.306506, 38.878165 22.251966, 38.885912 22.197429, 38.901104 22.145532, 38.909855 22.091229, 38.910082 22.035771, 38.9145 21.9806)",GRCF01D,#08,GRCS400,270,280,290,40,55,70,-100,-90,-80,0,13.5,38.4,38.2,14.4,16.5,21,551,633,806,0.5,0.8,0.65,0.6325,0.0026,-415,40.5,33,N,INT,Leonard2014_Interplate,DS,W,6.41,6.46,6.68,6.99,7.09,15.959,16.3281,16.1326,16.1207
efsm20_cf_top.893,"LINESTRING (38.7436 23.0468, 38.742754 22.986436, 38.747782 22.926476, 38.757303 22.867414, 38.769918 22.809304, 38.776152 22.749509, 38.786691 22.690707, 38.795739 22.63149, 38.800351 22.571432, 38.802882 22.511166, 38.814071 22.45254, 38.8283 22.395)",GRCF01E,#08,GRCS405,268,278,287,45,57,70,-100,-90,-80,0,13,57.5,57.3,13.8,15.5,18.4,796,892,1058,0.7,1.2,0.95,0.9165,0.0025,-180,34,33,N,INT,Leonard2014_Interplate,DS,W,6.34,6.39,6.61,6.92,7.02,16.2645,16.6221,16.4465,16.4309
efsm20_cf_top.894,"LINESTRING (38.4988 23.4417, 38.509527 23.38701, 38.521778 23.332837, 38.543184 23.283515, 38.568427 23.237239, 38.593312 23.190632, 38.612856 23.140015, 38.628649 23.087283, 38.644063 23.034358, 38.658364 22.98091, 38.673751 22.927949, 38.686507 22.873843, 38.693296 22.817989, 38.707952 22.764664, 38.725574 22.712823, 38.73601 22.657869, 38.748093 22.603463, 38.753112 22.547256, 38.7594 22.4918)",GRCF01F,#08,GRCS410,276,288,303,45,62,80,-100,-85,-70,0,12.5,88.3,87.5,12.7,14.2,17.7,1120,1250,1560,0.4,1.6,1,0.8,0.0043,-329,31,33,N,INT,Leonard2014_Interplate,DS,W,6.24,6.29,6.51,6.82,6.92,16.1699,16.9158,16.6153,16.5184
efsm20_cf_top.895,"LINESTRING (38.2821 23.9547, 38.297605 23.899556, 38.3091 23.842831, 38.321703 23.786478, 38.335186 23.730448, 38.350874 23.675346, 38.373283 23.624148, 38.4025 23.5788)",GRCF01G,#08,GRCS415,283,290,308,45,60,75,-100,-85,-70,0,15,35.8,35.4,15.5,17.3,21.2,556,620,759,0.4,0.6,0.5,0.4899,0.0053,-81,32,33,N,INT,Leonard2014_Interplate,DS,W,6.46,6.51,6.73,7.04,7.14,15.8655,16.177,16.0098,16.0009
efsm20_cf_top.896,"LINESTRING (38.3171 23.5855, 38.333796 23.522614, 38.34222 23.457087, 38.3459 23.3909)",GRCF01H,#08,GRCS418,273,279,287,45,57,70,-100,-85,-70,0,13,17.4,17.3,13.8,15.5,18.4,240,269,319,0.3,0.6,0.45,0.4243,0.003,-215,31,33,N,INT,Leonard2014_Interplate,DS,L,6.16,6.21,6.43,6.74,6.84,15.3764,15.8009,15.6019,15.5763
efsm20_cf_top.897,"LINESTRING (38.241 23.7283, 38.253933 23.669343, 38.266124 23.610119, 38.275132 23.549969, 38.272482 23.488825, 38.25459 23.431995, 38.2309 23.3792)",GRCF01I,#08,GRCS420,239,266,284,50,60,70,-100,-90,-80,0,14,32,30.5,14.9,16.2,18.3,477,518,586,0.3,0.6,0.45,0.4243,0.0238,-360,31.5,33,N,INT,Leonard2014_Interplate,DS,W,6.38,6.43,6.65,6.96,7.06,15.6744,16.0642,15.886,15.8605
efsm20_cf_top.898,"LINESTRING (38.2795 22.6853, 38.277448 22.7414, 38.274607 22.797442, 38.272186 22.853515, 38.264687 22.90885, 38.257914 22.964332, 38.264748 23.019802, 38.284679 23.069895, 38.300495 23.12233, 38.299717 23.178501, 38.305223 23.234241, 38.3219 23.2862)",GRCF01J,#08,GRCS425,62,84,99,40,55,70,-100,-90,-80,0,12.5,53.9,52.6,13.3,15.3,19.4,717,823,1049,0.4,0.7,0.55,0.5292,0.0135,-306,31.5,33,N,INT,Leonard2014_Interplate,DS,W,6.32,6.37,6.59,6.9,7,15.9763,16.3842,16.1742,16.1574
efsm20_cf_top.899,"LINESTRING (38.51 22.4094, 38.492254 22.465409, 38.483099 22.52481, 38.490445 22.584619, 38.504482 22.642451, 38.523 22.6982)",GRCF01K,#08,GRCS430,66,86,111,45,57,70,-100,-90,-80,0,12.5,26.3,25.2,13.3,14.9,17.7,350,393,466,0.5,1,0.75,0.7071,0.0242,-817,34.5,33,N,INT,Leonard2014_Interplate,DS,W,6.3,6.35,6.57,6.88,6.98,15.762,16.1865,15.9874,15.9619
efsm20_cf_top.900,"LINESTRING (38.6508 22.4138, 38.666417 22.365917, 38.673022 22.314712, 38.681801 22.26404, 38.6959 22.2154)",GRCF01L,#08,GRCS432,279,285,292,40,57,75,-100,-90,-80,0,13.5,18,17.9,14,16.1,21,252,290,378,0.5,1.1,0.8,0.7416,0.0025,-1169,38.5,33,N,INT,Leonard2014_Interplate,DS,L,6.19,6.24,6.46,6.77,6.87,15.6186,16.1379,15.8841,15.8512
efsm20_cf_top.901,"LINESTRING (38.626 22.5134, 38.659825 22.46925, 38.6867 22.4177)",GRCF01M,#08,GRCS433,303,308,314,45,62,80,-100,-90,-80,0,13,10.8,10.7,13.2,14.7,18.4,142,158,198,0.5,1.1,0.8,0.7416,0.002,-620,36.5,33,N,INT,Leonard2014_Interplate,DS,L,5.93,5.98,6.2,6.51,6.61,15.3696,15.8559,15.6211,15.5882
efsm20_cf_top.903,"LINESTRING (38.4001 22.2971, 38.403006 22.223788, 38.4171 22.1531)",GRCF01O,#08,GRCS436,272,278,284,50,65,80,-100,-95,-90,0,11,12.8,12.7,11.2,12.1,14.4,142,155,183,0.1,1,0.55,0.3162,0.0021,-622,39.5,33,N,INT,Leonard2014_Interplate,DS,L,5.92,5.97,6.19,6.5,6.6,14.6721,15.7812,15.4486,15.2082
efsm20_cf_top.904,"LINESTRING (38.4286 22.4494, 38.392315 22.478304, 38.360412 22.514645, 38.336156 22.559566, 38.3279 22.6133)",GRCF01P,#08,GRCS438,100,127,147,50,65,80,-100,-85,-70,0,10,19,18.2,10.2,11,13.1,193,210,249,0.5,2,1.25,1,0.0198,-135,35.5,33,N,INT,Leonard2014_Interplate,DS,W,5.97,6.02,6.24,6.55,6.65,15.5039,16.2151,15.9379,15.841
efsm20_cf_top.905,"LINESTRING (38.3454 22.5955, 38.384399 22.638849, 38.423653 22.681744, 38.4662 22.7192)",GRCF01Q,#08,GRCS440,34,38,40,50,65,80,-130,-107.5,-85,0,11,17.2,17.2,11.2,12.1,14.4,193,209,248,0.1,1,0.55,0.3162,0.0006,-381,33.5,33,N,INT,Leonard2014_Interplate,DS,L,6.05,6.1,6.32,6.63,6.73,14.8032,15.9123,15.5797,15.3393
efsm20_cf_top.906,"LINESTRING (38.4421 21.8882, 38.456529 21.939075, 38.451369 21.992786, 38.431604 22.040643, 38.4089 22.086)",GRCF01R,#08,GRCS441,70,101,122,50,65,80,-100,-90,-80,0,10,18.8,17.6,10.2,11,13.1,191,208,246,0.1,1,0.55,0.3162,0.027,-516,42,33,N,INT,Leonard2014_Interplate,DS,W,5.97,6.02,6.24,6.55,6.65,14.7999,15.909,15.5763,15.3359
efsm20_cf_top.907,"LINESTRING (38.4115 21.8882, 38.405738 21.948857, 38.396219 22.00873, 38.391175 22.069478, 38.383698 22.129812, 38.3769 22.1903)",GRCF01S,#08,GRCS442,95,98,101,50,65,80,-100,-90,-80,0,10,26.6,26.6,10.2,11,13.1,270,294,348,0.1,1,0.55,0.3162,0.0002,-212,41.5,33,N,INT,Leonard2014_Interplate,DS,W,5.97,6.02,6.24,6.55,6.65,14.9504,16.0595,15.7268,15.4864
efsm20_cf_top.908,"LINESTRING (38.3517 22.0455, 38.349715 22.10734, 38.340978 22.168217, 38.3374 22.23)",GRCF01T,#08,GRCS443,92,95,100,50,67,85,-100,-95,-90,0,9.5,16.2,16.2,9.5,10.3,12.4,154,167,201,0.1,1,0.55,0.3162,0.0007,99,40.5,33,N,INT,Leonard2014_Interplate,DS,W,5.9,5.95,6.17,6.48,6.58,14.7073,15.8214,15.482,15.2416
efsm20_cf_top.909,"LINESTRING (38.1647 23.6051, 38.13514 23.651937, 38.106204 23.69936, 38.0804 23.7496)",GRCF01U,#08,GRCS450,121,125,127,45,62,80,-90,-80,-70,0,12,15.8,15.7,12.2,13.6,17,192,214,267,0.2,0.5,0.35,0.3162,0.0004,-473,33,33,N,INT,Leonard2014_Interplate,DS,L,6.06,6.11,6.33,6.64,6.74,15.1027,15.6445,15.3931,15.349
efsm20_cf_top.910,"LINESTRING (37.9923 23.1791, 37.97497 23.238738, 37.970434 23.30203, 37.970689 23.36558, 37.9659 23.429)",GRCF01V,#08,GRCS453,88,96,109,45,60,75,-100,-90,-80,0,13,22.3,22.1,13.5,15,18.4,300,335,410,0.2,1,0.6,0.4472,0.0044,-122,32.5,33,N,INT,Leonard2014_Interplate,DS,L,6.25,6.3,6.52,6.83,6.93,15.2968,16.1312,15.8213,15.6937
efsm20_cf_top.911,"LINESTRING (39.0998 23.4281, 39.079053 23.376567, 39.057208 23.325708, 39.037965 23.273152, 39.023666 23.218055, 39.013379 23.161503, 38.989664 23.112101, 38.956868 23.072232, 38.92936 23.02624, 38.906857 22.975966, 38.892447 22.921019, 38.873727 22.868273, 38.8524 22.8172)",GRCF01W,#08,GRCS470,222,241,255,45,62,80,-110,-100,-90,0,11.5,60.2,59.5,11.7,13,16.3,703,784,979,0.5,0.8,0.65,0.6325,0.0052,18,30.5,33,N,INT,Leonard2014_Interplate,DS,W,6.15,6.2,6.42,6.73,6.83,16.0645,16.4125,16.2258,16.214
efsm20_cf_top.912,"LINESTRING (38.852 23.1322, 38.8339 23.185104, 38.808105 23.232453, 38.77729 23.274552, 38.7491 23.319559, 38.718035 23.361318, 38.689696 23.406135, 38.6601 23.449578, 38.6319 23.4945)",GRCF01X,#08,GRCS473,112,126,132,55,67,80,-100,-85,-70,0,12.5,40,39.8,12.7,13.6,15.3,508,544,611,0.5,0.7,0.6,0.5916,0.0021,-94,29,33,N,INT,Leonard2014_Interplate,DS,W,6.2,6.25,6.47,6.78,6.88,15.9236,16.1497,16.0321,16.0259
efsm20_cf_top.913,"LINESTRING (38.6119 24.5183, 38.628747 24.464677, 38.644684 24.410589, 38.659646 24.356035, 38.674338 24.301347, 38.687428 24.245986, 38.697335 24.189543, 38.704794 24.132478, 38.711122 24.075182, 38.713499 24.017391, 38.712269 23.959543, 38.712238 23.901672, 38.723049 23.845481, 38.743541 23.793896, 38.768575 23.745705, 38.787578 23.693161, 38.807172 23.640962, 38.835525 23.595853, 38.867147 23.554463, 38.9018 23.5175)",GRCF01Y,#08,GRCS480,270,292,322,45,60,75,-100,-82.5,-65,0.5,14,95.4,92.6,14,15.6,19.1,1333,1487,1821,0.5,0.7,0.6,0.5916,0.0148,480,31,33,N,INT,Leonard2014_Interplate,DS,W,6.35,6.4,6.62,6.93,7.03,16.3424,16.624,16.469,16.4628
efsm20_cf_top.914,"LINESTRING (38.1692 24.6872, 38.17251 24.629203, 38.174304 24.571097, 38.175539 24.512966, 38.178375 24.454924, 38.185553 24.397487, 38.199446 24.342072, 38.2226 24.2921)",GRCF01Z,#08,GRCS488,273,281,302,40,55,70,-100,-90,-80,0,13.5,35.6,35,14.4,16.5,21,511,586,747,0.3,0.5,0.4,0.3873,0.0086,171,33,33,N,INT,Leonard2014_Interplate,DS,W,6.41,6.46,6.68,6.99,7.09,15.704,16.0908,15.8886,15.8746
efsm20_cf_top.915,"LINESTRING (38.0209 22.885, 38.004934 22.938207, 37.987343 22.990575, 37.9828 23.0472)",GRCF020,#08,GRCS522,95,105,112,45,60,75,-100,-90,-80,0,12.5,15,14.8,12.9,14.4,17.7,194,216,265,0.1,0.5,0.3,0.2236,0.0045,-188,32.5,33,N,INT,Leonard2014_Interplate,DS,L,6.06,6.11,6.33,6.64,6.74,14.8055,15.64,15.3301,15.2024
efsm20_cf_top.916,"LINESTRING (38.0791 22.2475, 38.091482 22.186796, 38.111049 22.129065, 38.133797 22.073233, 38.1502 22.0139)",GRCF021,#08,GRCS524,284,290,297,35,50,65,-100,-90,-80,0,10,22,21.9,11,13.1,17.4,243,287,383,0.5,2,1.25,1,0.0022,-967,40.5,33,N,INT,Leonard2014_Interplate,DS,W,6.15,6.2,6.42,6.73,6.83,15.6024,16.4032,16.0734,15.9765
efsm20_cf_top.917,"LINESTRING (38.1656 21.6493, 38.124518 21.618363, 38.082943 21.588526, 38.040641 21.560405, 37.99904 21.530662, 37.958061 21.499573, 37.917112 21.468437, 37.876447 21.436728, 37.83609 21.404412, 37.7958 21.372)",GRCF022,#08,GRCS525,207,210,212,79,84,89,-175,172.5,160,5,20,47.8,47.8,15,15.1,15.3,717,721,730,0.4,0.7,0.55,0.5292,0,-161,40,33,RL,INT,Leonard2014_Interplate,SS,W,6.4,6.45,6.67,6.98,7.08,15.976,16.227,16.1166,16.0999
efsm20_cf_top.918,"LINESTRING (37.8287 23.49, 37.831104 23.432743, 37.83433 23.375549, 37.838107 23.318407, 37.841629 23.261236, 37.843736 23.203951, 37.846306 23.146694, 37.8465 23.089344, 37.847109 23.031999, 37.840844 22.975201, 37.833556 22.918606, 37.8188 22.8644)",GRCF023,#08,GRCS540,250,268,273,45,60,75,-100,-95,-90,0,13,55.4,55,13.5,15,18.4,746,832,1018,0.1,1,0.55,0.3162,0.0039,-67,34,33,N,INT,Leonard2014_Interplate,DS,W,6.3,6.35,6.57,6.88,6.98,15.391,16.5264,16.1787,15.9383
efsm20_cf_top.919,"LINESTRING (36.8043 22.619, 36.846206 22.595039, 36.874685 22.54975, 36.902352 22.503665, 36.935399 22.463483, 36.976474 22.437325, 37.018765 22.414392, 37.059412 22.387176, 37.097541 22.354727, 37.137536 22.326007, 37.176669 22.295459, 37.216981 22.267413, 37.258335 22.241859, 37.284915 22.194546, 37.32023 22.157315, 37.3622 22.1333)",GRCF024,#08,GRCS555,304,324,336,45,57,70,-100,-90,-80,0,20,76.9,75.5,21.3,23.8,28.3,1636,1833,2174,1,2,1.5,1.4142,0.0095,-503,38,33,N,INT,Leonard2014_Interplate,DS,W,6.81,6.86,7.08,7.39,7.49,16.7323,17.1569,16.9578,16.9322
efsm20_cf_top.920,"LINESTRING (37.3288 21.9632, 37.296619 22.000915, 37.256775 22.024351, 37.21472 22.040571, 37.17158 22.051387, 37.127634 22.048866, 37.083722 22.052182, 37.0427 22.073)",GRCF025,#08,GRCS560,136,162,182,45,57,70,-100,-90,-80,0,12,34.3,33.3,12.8,14.3,17,438,490,582,0.1,1,0.55,0.3162,0.016,-251,38,33,N,INT,Leonard2014_Interplate,DS,W,6.25,6.3,6.52,6.83,6.93,15.1596,16.2831,15.9494,15.709
efsm20_cf_top.921,"LINESTRING (37.1682 22.2379, 37.125821 22.21962, 37.083797 22.200107, 37.042399 22.178604, 37.000482 22.158755, 36.957139 22.144505, 36.9151 22.1251)",GRCF026,#08,GRCS562,194,199,202,50,60,70,-100,-80,-60,0,12,29.9,29.9,12.8,13.9,15.7,382,414,468,0.1,1,0.55,0.3162,0.0004,-444,37.5,33,N,INT,Leonard2014_Interplate,DS,W,6.22,6.27,6.49,6.8,6.9,15.1003,16.1891,15.8762,15.6358
efsm20_cf_top.922,"LINESTRING (36.9408 22.0775, 36.905435 22.111525, 36.866659 22.139028, 36.829161 22.169158, 36.789593 22.194809, 36.748764 22.217156, 36.708956 22.242196, 36.668545 22.265677, 36.625524 22.280247, 36.581335 22.287594, 36.536971 22.293062, 36.492428 22.295334, 36.447865 22.296915, 36.4033 22.2984)",GRCF027,#08,GRCS564,142,161,178,45,57,70,-100,-95,-90,1,11.5,64.4,62.9,11.2,12.5,14.8,720,807,957,0.1,1,0.55,0.3162,0.0128,928,33.5,33,N,INT,Leonard2014_Interplate,DS,W,6.11,6.16,6.38,6.69,6.79,15.3759,16.4994,16.1657,15.9253
efsm20_cf_top.923,"LINESTRING (36.7728 23.1176, 36.812697 23.094411, 36.852557 23.071112, 36.893404 23.050646, 36.93459 23.031263, 36.977584 23.019527, 37.019983 23.004776, 37.060822 22.98424, 37.101416 22.962946, 37.142068 22.941815, 37.182478 22.919953, 37.221121 22.893523, 37.259768 22.867089, 37.29842 22.840652, 37.337877 22.816154, 37.377745 22.792714, 37.417767 22.769686, 37.458305 22.748118, 37.4989 22.7266)",GRCF028,#08,GRCS575,330,336,346,50,60,70,-100,-90,-80,0,16,88.1,87.9,17,18.5,20.9,1500,1627,1840,0.1,1,0.55,0.3162,0.0012,13,37,33,N,INT,Leonard2014_Interplate,DS,W,6.53,6.58,6.8,7.11,7.21,15.6945,16.7833,16.4704,16.23
efsm20_cf_top.924,"LINESTRING (36.4502 23.2136, 36.493444 23.197585, 36.536501 23.1808, 36.579976 23.165764, 36.624519 23.156796, 36.669246 23.149381, 36.714235 23.145076, 36.7593 23.1423)",GRCF029,#08,GRCS580,341,348,356,50,60,70,-100,-90,-80,0.5,12,35.1,35,12.2,13.3,15,430,466,527,0.1,1,0.55,0.3162,0.0024,462,33,33,N,INT,Leonard2014_Interplate,DS,W,6.17,6.22,6.44,6.75,6.85,15.1518,16.2405,15.9276,15.6872
efsm20_cf_top.925,"LINESTRING (36.034 23.2393, 36.075239 23.214024, 36.118807 23.195665, 36.164557 23.189451, 36.210521 23.192407, 36.256177 23.199612, 36.301807 23.207069, 36.347426 23.214631, 36.392643 23.225294, 36.4377 23.2373)",GRCF02A,#08,GRCS582,332,358,11,50,62,75,-100,-90,-80,0.5,11.5,46.1,44.9,11.4,12.5,14.4,525,574,661,0.1,1,0.55,0.3162,0.012,732,31,33,N,INT,Leonard2014_Interplate,DS,W,6.1,6.15,6.37,6.68,6.78,15.2383,16.339,16.0177,15.7773
efsm20_cf_top.926,"LINESTRING (35.6752 23.4281, 35.719216 23.417506, 35.763188 23.406653, 35.807058 23.395179, 35.850398 23.380962, 35.893668 23.36642, 35.935571 23.346687, 35.976401 23.323772, 36.0166 23.2992)",GRCF02B,#08,GRCS583,332,342,348,55,65,75,-110,-90,-70,0.5,10.5,39.9,39.7,10.4,11,12.2,413,440,487,0.1,1,0.55,0.3162,0.0021,599,30.5,33,N,INT,Leonard2014_Interplate,DS,W,5.97,6.02,6.24,6.55,6.65,15.1345,16.2061,15.9025,15.6621
efsm20_cf_top.927,"LINESTRING (36.796 22.7568, 36.751857 22.760181, 36.707662 22.762328, 36.663676 22.768114, 36.620172 22.778052, 36.57775 22.793637, 36.536014 22.811864, 36.493977 22.828974, 36.450579 22.839588, 36.406991 22.848914, 36.363249 22.857043, 36.319134 22.861004, 36.274985 22.8643, 36.230755 22.8643, 36.186536 22.865494, 36.1425 22.8706)",GRCF02C,#08,GRCS584,160,171,179,45,57,70,-110,-90,-70,0.5,12,73.8,73.4,12.2,13.7,16.3,903,1012,1200,0.1,1,0.55,0.3162,0.0029,546,33.5,33,N,INT,Leonard2014_Interplate,DS,W,6.21,6.26,6.48,6.79,6.89,15.4741,16.5976,16.2639,16.0235
efsm20_cf_top.928,"LINESTRING (36.1271 22.8738, 36.094425 22.912487, 36.065093 22.955064, 36.035806 22.997672, 36.006869 23.040629, 35.977578 23.083202, 35.946118 23.123328, 35.912053 23.160047, 35.876159 23.193988, 35.840494 23.228283, 35.806664 23.265281, 35.7708 23.2992)",GRCF02D,#08,GRCS586,129,135,141,45,60,75,-120,-100,-80,0.5,11,55.3,55.1,10.9,12.1,14.8,601,671,821,0.1,1,0.55,0.3162,0.0018,557,31,33,N,INT,Leonard2014_Interplate,DS,W,6.07,6.12,6.34,6.65,6.75,15.2975,16.433,16.0853,15.8449
efsm20_cf_top.929,"LINESTRING (35.6217 23.5942, 35.572054 23.587784, 35.522331 23.593203, 35.47279 23.585678, 35.425543 23.565901, 35.3854 23.5292)",GRCF02E,#08,GRCS700,173,191,215,60,70,80,-100,-90,-80,0,11,27.8,26.9,11.2,11.7,12.7,310,325,353,0.5,1,0.75,0.7071,0.0104,212,30.5,33,N,INT,Leonard2014_Interplate,DS,W,6.03,6.08,6.3,6.61,6.71,15.7091,16.0659,15.9056,15.88
efsm20_cf_top.930,"LINESTRING (35.7022 23.7314, 35.655174 23.731498, 35.609301 23.744225, 35.562662 23.751619, 35.516211 23.742605, 35.4695 23.736)",GRCF02F,#08,GRCS705,166,177,187,60,70,80,-100,-90,-80,0,11,26.1,25.9,11.2,11.7,12.7,292,306,332,0.2,0.5,0.35,0.3162,0.0035,-40,30.5,33,N,INT,Leonard2014_Interplate,DS,W,6.03,6.08,6.3,6.61,6.71,15.285,15.7387,15.5484,15.5043
efsm20_cf_top.931,"LINESTRING (35.5986 24.2905, 35.61197 24.233458, 35.626872 24.176983, 35.642227 24.120683, 35.654792 24.063334, 35.667148 24.005908, 35.678682 23.948215, 35.6902 23.8905)",GRCF02G,#08,GRCS708,286,287,290,45,57,70,-100,-90,-80,0.5,10,37.6,37.6,10.1,11.3,13.4,380,426,505,0.1,1,0.55,0.3162,0.0002,308,29,33,N,INT,Leonard2014_Interplate,DS,W,6,6.05,6.27,6.58,6.68,15.0981,16.2216,15.8878,15.6474
efsm20_cf_top.932,"LINESTRING (35.4815 25.3563, 35.484559 25.299829, 35.486432 25.243279, 35.485865 25.186686, 35.480922 25.130417, 35.474163 25.074438, 35.471466 25.017947, 35.469225 24.961428, 35.467316 24.904892, 35.467054 24.848309, 35.471098 24.79194, 35.475143 24.735569, 35.474882 24.678981, 35.473933 24.622404, 35.470092 24.566013, 35.465269 24.509738, 35.462 24.453298, 35.462 24.396716, 35.462 24.3402)",GRCF02H,#08,GRCS710,263,270,276,45,57,70,-100,-90,-80,0,10.5,92.2,92,11.2,12.5,14.8,1031,1155,1370,0.1,1,0.55,0.3162,0.0011,229,29.5,33,N,INT,Leonard2014_Interplate,DS,W,6.11,6.16,6.38,6.69,6.79,15.5316,16.6551,16.3214,16.081
efsm20_cf_top.933,"LINESTRING (35.2239 23.5481, 35.218996 23.602377, 35.21545 23.656809, 35.213968 23.711383, 35.215785 23.765941, 35.21862 23.820436, 35.215855 23.874936, 35.207211 23.928503, 35.199262 23.982225, 35.192803 24.03624, 35.192079 24.090823, 35.204412 24.143289, 35.207457 24.19776, 35.207 24.252355, 35.210019 24.30683, 35.216186 24.36091, 35.206475 24.414201, 35.189756 24.464816, 35.163548 24.508984, 35.1418 24.5571)",GRCF02I,#08,GRCS715,76,97,127,55,67,80,-110,-95,-80,0,10.5,94.3,92.2,10.7,11.4,12.8,1005,1076,1209,0.6,4.5,2.55,1.6432,0.0089,168,31.5,33,N,INT,Leonard2014_Interplate,DS,W,6.01,6.06,6.28,6.59,6.69,16.299,17.254,16.9567,16.7658
efsm20_cf_top.934,"LINESTRING (35.2146 24.5269, 35.184316 24.574509, 35.161351 24.627879, 35.1465 24.6854)",GRCF02J,#08,GRCS720,109,119,129,55,67,80,-100,-85,-70,0,11,16.4,16.3,11.2,11.9,13.4,184,197,221,0.1,1,0.55,0.3162,0.0041,-526,33.5,33,N,INT,Leonard2014_Interplate,DS,L,6.02,6.07,6.29,6.6,6.7,14.7827,15.8627,15.5524,15.312
efsm20_cf_top.935,"LINESTRING (35.087 24.5723, 35.08864 24.628799, 35.09092 24.685265, 35.100898 24.740472, 35.1171 24.793438, 35.1189 24.8496)",GRCF02K,#08,GRCS722,71,83,89,55,67,80,-110,-95,-80,0,11,25.7,25.5,11.2,11.9,13.4,287,307,345,0.1,1,0.55,0.3162,0.0032,-135,33.5,33,N,INT,Leonard2014_Interplate,DS,W,6.06,6.11,6.33,6.64,6.74,14.9763,16.0563,15.746,15.5056
efsm20_cf_top.936,"LINESTRING (35.0724 24.1395, 35.075963 24.192587, 35.076405 24.24585, 35.072612 24.298915, 35.061382 24.350379, 35.037254 24.394727, 35.013812 24.439607, 34.990554 24.484618, 34.96521 24.527905, 34.943862 24.574278, 34.927311 24.623471, 34.9089 24.6718)",GRCF02L,#08,GRCS725,87,112,127,50,65,80,-100,-80,-60,1.5,9.5,53.3,51.8,8.1,8.8,10.4,433,471,557,1,5.8,3.4,2.4083,0.0122,1403,33.5,33,N,INT,Leonard2014_Interplate,DS,W,5.73,5.78,6,6.31,6.41,16.1552,17.0278,16.7228,16.573
efsm20_cf_top.937,"LINESTRING (34.8833 24.6846, 34.878965 24.740958, 34.874538 24.797302, 34.87694 24.85383, 34.880248 24.91029, 34.885695 24.966506, 34.891834 25.02262, 34.898761 25.078601, 34.905947 25.13454, 34.912269 25.190638, 34.918086 25.246821, 34.931347 25.301097, 34.943381 25.355808, 34.951275 25.411635, 34.952312 25.468275, 34.956254 25.524727, 34.9619 25.5807)",GRCF02M,#08,GRCS730,74,85,97,50,62,75,-100,-90,-80,1,9.5,82.6,82.2,8.8,9.6,11.1,727,795,916,0.5,2,1.25,1,0.0024,1202,32.5,33,N,INT,Leonard2014_Interplate,DS,W,5.82,5.87,6.09,6.4,6.5,16.0789,16.7816,16.5158,16.4189
efsm20_cf_top.938,"LINESTRING (35.1229 24.9923, 35.167479 25.003481, 35.212729 24.999084, 35.257588 25.007589, 35.300048 25.027256, 35.3419 25.0488)",GRCF02N,#08,GRCS740,357,13,24,55,67,80,-110,-97.5,-85,0,11,25.3,24.9,11.2,11.9,13.4,282,302,339,0.1,1,0.55,0.3162,0.0056,-437,31.5,33,N,INT,Leonard2014_Interplate,DS,W,6.06,6.11,6.33,6.64,6.74,14.9688,16.0488,15.7385,15.4981
efsm20_cf_top.939,"LINESTRING (35.2367 25.5128, 35.230113 25.453856, 35.204413 25.403372, 35.167251 25.365058, 35.1248 25.336)",GRCF02O,#08,GRCS743,210,233,263,60,70,80,-90,-82.5,-75,0,11,21.6,20.3,11.2,11.7,12.7,241,253,275,0.1,1,0.55,0.3162,0.0205,-623,32.5,33,N,INT,Leonard2014_Interplate,DS,W,6.03,6.08,6.3,6.61,6.71,14.9014,15.9572,15.6621,15.4217
efsm20_cf_top.940,"LINESTRING (35.1955 25.8943, 35.154722 25.877977, 35.114387 25.860089, 35.077081 25.834189, 35.038412 25.81148, 35.0034 25.7811)",GRCF02P,#08,GRCS745,199,206,216,60,70,80,-95,-90,-85,0,11,23.9,23.7,11.2,11.7,12.7,267,279,303,0.5,2,1.25,1,0.0021,-165,32.5,33,N,INT,Leonard2014_Interplate,DS,W,6.03,6.08,6.3,6.61,6.71,15.6432,16.3011,16.0615,15.9646
efsm20_cf_top.941,"LINESTRING (35.4425 26.1712, 35.40724 26.133474, 35.372006 26.09573, 35.337726 26.056701, 35.304307 26.016585, 35.271161 25.976146, 35.238023 25.935713, 35.2048 25.8954)",GRCF02Q,#08,GRCS748,222,224,225,65,75,85,-100,-85,-70,0.5,11,36.4,36.4,10.5,10.9,11.6,384,396,422,0.1,1,0.55,0.3162,0.0001,289,31.5,33,N,INT,Leonard2014_Interplate,DS,W,5.95,6,6.22,6.53,6.63,15.1026,16.1437,15.8564,15.616
efsm20_cf_top.942,"LINESTRING (35.5641 26.4534, 35.557849 26.398527, 35.552257 26.343552, 35.54645 26.288616, 35.542249 26.233462, 35.542389 26.178068, 35.5426 26.122675, 35.546806 26.067522, 35.5492 26.0122)",GRCF02R,#08,GRCS750,262,268,276,50,60,70,-90,-70,-50,2,10,40.1,39.9,8.5,9.2,10.4,341,370,419,0.1,1,0.55,0.3162,0.0019,1794,28.5,33,N,INT,Leonard2014_Interplate,DS,W,5.78,5.83,6.05,6.36,6.46,15.0517,16.1404,15.8275,15.5871
efsm20_cf_top.943,"LINESTRING (35.1222 26.1178, 35.078874 26.104537, 35.060082 26.055031, 35.0305 26.0143)",GRCF02S,#08,GRCS752,195,223,246,55,67,80,-100,-90,-80,0,11,14.9,13.9,11.2,11.9,13.4,166,178,200,0.1,1,0.55,0.3162,0.0265,-331,31,33,N,INT,Leonard2014_Interplate,DS,L,5.95,6,6.22,6.53,6.63,14.7394,15.8194,15.5091,15.2687
efsm20_cf_top.944,"LINESTRING (35.2025 26.1158, 35.167828 26.101517, 35.1342 26.0837)",GRCF02T,#08,GRCS755,199,202,204,55,67,80,-100,-90,-80,0,11,8.1,8.1,11.2,11.9,13.4,91,97,109,0.1,1,0.55,0.3162,0.0003,-246,31.5,33,N,INT,Leonard2014_Interplate,DS,L,5.72,5.77,5.99,6.3,6.4,14.4773,15.5573,15.247,15.0066
efsm20_cf_top.945,"LINESTRING (34.9784 26.2458, 35.022279 26.25823, 35.065385 26.274196, 35.108014 26.291978, 35.150481 26.310339, 35.19284 26.329081, 35.234968 26.348593, 35.275973 26.371422, 35.313399 26.40213, 35.349477 26.435188, 35.385272 26.468718, 35.421302 26.501885, 35.457538 26.534724, 35.498756 26.557032, 35.54163 26.574004, 35.585892 26.584271, 35.6307 26.5895)",GRCF02U,#08,GRCS760,6,24,38,70,79,89,-130,-110,-90,0.5,10.5,80.1,79,10,10.2,10.6,801,816,853,0.5,2,1.25,1,0.0028,619,27.5,33,N,INT,Leonard2014_Interplate,DS,W,5.88,5.93,6.15,6.46,6.56,16.1214,16.7504,16.5273,16.4304
efsm20_cf_top.946,"LINESTRING (35.5283 26.9687, 35.50961 26.91673, 35.490756 26.864861, 35.471507 26.813225, 35.45031 26.762765, 35.425 26.7153)",GRCF02V,#08,GRCS770,237,243,246,50,62,75,-100,-80,-60,1,10.5,25.7,25.7,9.8,10.8,12.4,253,277,319,0.1,1,0.55,0.3162,0.0009,884,24,33,N,INT,Leonard2014_Interplate,DS,W,5.94,5.99,6.21,6.52,6.62,14.9214,16.022,15.7007,15.4603
efsm20_cf_top.947,"LINESTRING (35.7117 26.7079, 35.729037 26.763071, 35.748322 26.817259, 35.76886 26.870757, 35.7936 26.9215)",GRCF02W,#08,GRCS772,59,65,69,50,62,75,-100,-80,-60,1.5,10,21.4,21.3,8.8,9.6,11.1,188,206,237,0.1,1,0.55,0.3162,0.001,1573,22.5,33,N,INT,Leonard2014_Interplate,DS,W,5.82,5.87,6.09,6.4,6.5,14.7926,15.8933,15.572,15.3316
efsm20_cf_top.948,"LINESTRING (35.2813 26.6078, 35.326777 26.616581, 35.372263 26.625295, 35.417651 26.634744, 35.463215 26.642833, 35.508872 26.650091, 35.554597 26.656668, 35.60032 26.663271, 35.646022 26.670106, 35.692 26.6733)",GRCF02X,#08,GRCS774,3,8,10,70,79,89,-130,-110,-90,1.5,10,46.1,46.1,8.5,8.7,9,392,399,417,0.5,2,1.25,1,0.0001,1373,25.5,33,N,INT,Leonard2014_Interplate,DS,W,5.71,5.76,5.98,6.29,6.39,15.8104,16.4394,16.2164,16.1194
efsm20_cf_top.949,"LINESTRING (35.7532 26.9549, 35.705983 26.964815, 35.658718 26.974271, 35.611244 26.981973, 35.563548 26.987219, 35.515671 26.988385, 35.4679 26.9843)",GRCF02Y,#08,GRCS776,170,175,184,70,79,89,-130,-110,-90,1.5,10.5,31.9,31.8,9,9.2,9.6,288,293,306,0.5,3,1.75,1.2247,0.0007,1564,23,33,N,INT,Leonard2014_Interplate,DS,W,5.77,5.82,6.04,6.35,6.45,15.6763,16.4814,16.2283,16.0733
efsm20_cf_top.950,"LINESTRING (35.8574 26.9308, 35.900866 26.938984, 35.944687 26.941583, 35.988305 26.935752, 36.031911 26.92979, 36.075774 26.930864, 36.119641 26.931707, 36.1634 26.9278)",GRCF02Z,#08,GRCS778,354,360,9,70,79,89,-130,-110,-90,1.5,10.5,34.2,34,9,9.2,9.6,307,313,327,0.5,3,1.75,1.2247,0.0007,1363,20.5,33,N,INT,Leonard2014_Interplate,DS,W,5.77,5.82,6.04,6.35,6.45,15.7053,16.5104,16.2574,16.1023
efsm20_cf_top.951,"LINESTRING (36.2109 26.8446, 36.22167 26.900858, 36.23185 26.957292, 36.238528 27.014531, 36.242737 27.072134, 36.245276 27.12989, 36.2469 27.1877)",GRCF030,#08,GRCS779,77,83,88,50,60,70,-110,-90,-70,1,11,31.1,31,10.6,11.5,13.1,331,359,406,0.1,1,0.55,0.3162,0.0014,983,20.5,33,N,INT,Leonard2014_Interplate,DS,W,6.02,6.07,6.29,6.6,6.7,15.0386,16.1273,15.8144,15.574
efsm20_cf_top.952,"LINESTRING (36.1786 27.1975, 36.135026 27.188196, 36.09124 27.18057, 36.04842 27.166934, 36.005609 27.153262, 35.961847 27.145447, 35.917746 27.141503, 35.873993 27.133628, 35.830482 27.12392, 35.786862 27.114997, 35.742821 27.110146, 35.700533 27.094233, 35.658807 27.076223, 35.6188 27.0526)",GRCF031,#08,GRCS780,184,192,206,70,79,89,-130,-110,-90,1,10.5,63.9,63.6,9.5,9.7,10.1,607,619,646,0.5,3,1.75,1.2247,0.001,1088,22,33,N,INT,Leonard2014_Interplate,DS,W,5.83,5.88,6.1,6.41,6.51,16.001,16.8061,16.5531,16.3981
efsm20_cf_top.953,"LINESTRING (40.142 24.9129, 40.113267 24.868921, 40.084492 24.824877, 40.055221 24.781413, 40.024658 24.739514, 39.99335 24.698579, 39.961785 24.658003, 39.930004 24.617733, 39.89868 24.576877, 39.868064 24.535139, 39.837335 24.493559, 39.806103 24.452639, 39.771586 24.416487, 39.732809 24.388603, 39.698264 24.352535, 39.666696 24.312138, 39.638739 24.267493, 39.608663 24.225254, 39.576952 24.185099, 39.549774 24.139708, 39.51396 24.105886, 39.473917 24.081312, 39.435237 24.053324, 39.398535 24.021193, 39.362639 23.987589, 39.329093 23.95016, 39.29586 23.912286, 39.263485 23.873207, 39.232618 23.832162, 39.201 23.7921)",GRCF032,#08,GRCS810,207,224,234,60,72,85,-170,180,170,0.5,17,142.9,141.9,16.6,17.3,19.1,2366,2479,2722,1,2.5,1.75,1.5811,0.002,632,31,33,RL,INT,Leonard2014_Interplate,SS,W,6.55,6.6,6.82,7.13,7.23,16.8926,17.3513,17.1558,17.1117
efsm20_cf_top.954,"LINESTRING (39.5069 23.5676, 39.513525 23.509745, 39.526028 23.453537, 39.538053 23.397145, 39.558152 23.344749, 39.582781 23.295694, 39.60524 23.244901, 39.6266 23.1933)",GRCF033,#08,GRCS815,277,291,302,50,65,80,-90,-70,-50,0.5,14,35.1,34.7,13.7,14.9,17.6,481,523,619,0.7,1.6,1.15,1.0583,0.0047,618,33.5,33,N,INT,Leonard2014_Interplate,DS,W,6.3,6.35,6.57,6.88,6.98,16.0462,16.5143,16.2979,16.2618
efsm20_cf_top.955,"LINESTRING (39.1895 23.747, 39.205531 23.691262, 39.222355 23.635902, 39.238842 23.580358, 39.258465 23.526527, 39.287866 23.480702, 39.310574 23.428897, 39.3321 23.3762)",GRCF034,#08,GRCS820,289,295,308,60,70,80,-90,-75,-60,0.5,12.5,35.9,35.6,12.2,12.8,13.9,437,458,497,0.7,1.4,1.05,0.9899,0.0021,497,30.5,33,N,INT,Leonard2014_Interplate,DS,W,6.13,6.18,6.4,6.71,6.81,16.0041,16.361,16.2006,16.175
efsm20_cf_top.956,"LINESTRING (40.0421 25.4514, 40.016256 25.404751, 39.991293 25.35731, 39.961627 25.314749, 39.930906 25.2735, 39.899769 25.232804, 39.86626 25.195467, 39.832623 25.158343, 39.7978 25.1231)",GRCF035,#08,GRCS825,219,227,237,75,82,89,-145,-162.5,180,0,17,39.2,39,17,17.2,17.6,667,673,690,0.8,2.7,1.75,1.4697,0.0008,4,32.5,33,RL,INT,Leonard2014_Interplate,SS,W,6.54,6.59,6.81,7.12,7.22,16.2456,16.7889,16.5898,16.514
efsm20_cf_top.957,"LINESTRING (39.7427 25.3828, 39.712706 25.336964, 39.682695 25.291165, 39.652655 25.245417, 39.622671 25.199627, 39.592702 25.153841, 39.562721 25.108088, 39.53274 25.062354, 39.502762 25.016636, 39.472839 24.970877, 39.442847 24.925214, 39.412891 24.879531, 39.383 24.833795, 39.353049 24.788145, 39.323116 24.742496, 39.293219 24.696826, 39.2633 24.6512)",GRCF036,#08,GRCS831,231,231,231,70,79,89,-177,178,173,0,17,82.4,82.3,17,17.3,18.1,1400,1426,1490,0.8,1.6,1.2,1.1314,0,193,31,33,RL,INT,Leonard2014_Interplate,SS,W,6.55,6.6,6.82,7.13,7.23,16.5678,16.8958,16.7519,16.7263
efsm20_cf_top.958,"LINESTRING (39.2563 24.1423, 39.222879 24.183191, 39.189054 24.223506, 39.154655 24.262983, 39.120373 24.302612, 39.087493 24.344147, 39.054857 24.385982, 39.021957 24.427452, 38.990564 24.470798, 38.963701 24.5189, 38.937469 24.567556, 38.9119 24.6166)",GRCF037,#08,GRCS835,125,135,140,75,82,89,-10,5,20,0,17,56.3,56.1,17,17.2,17.6,957,967,991,1,1.5,1.25,1.2247,0.0006,210,31,33,LL,INT,Leonard2014_Interplate,SS,W,6.54,6.59,6.81,7.12,7.22,16.4996,16.6907,16.6007,16.5918
efsm20_cf_top.959,"LINESTRING (38.9273 24.7574, 38.956432 24.716833, 38.986186 24.67699, 39.016716 24.638115, 39.046231 24.597946, 39.076062 24.558147, 39.109841 24.523965, 39.1455 24.4931)",GRCF038,#08,GRCS837,314,318,328,45,57,70,-90,-65,-40,0.5,14,33.4,33.3,14.4,16.1,19.1,480,538,638,0.5,1.3,0.9,0.8062,0.0019,581,30.5,33,N,INT,Leonard2014_Interplate,DS,W,6.38,6.43,6.65,6.96,7.06,15.899,16.4375,16.2036,16.1558
efsm20_cf_top.960,"LINESTRING (39.2981 24.7242, 39.292489 24.784621, 39.289235 24.845326, 39.287929 24.90615, 39.289065 24.96698, 39.293437 25.027567, 39.300966 25.08764, 39.3109 25.1471)",GRCF039,#08,GRCS838,79,89,98,50,62,75,-130,-110,-90,0.5,14,36.7,36.4,14,15.3,17.6,512,560,646,0.1,1.5,0.8,0.3873,0.0031,588,30.5,33,N,INT,Leonard2014_Interplate,DS,W,6.32,6.37,6.59,6.9,7,15.228,16.5048,16.1701,15.8551
efsm20_cf_top.961,"LINESTRING (39.336 25.3446, 39.303236 25.307102, 39.272309 25.267295, 39.242389 25.226242, 39.210832 25.187304, 39.178866 25.148942, 39.14817 25.10891, 39.11882 25.06725, 39.088695 25.026538, 39.055346 24.990253, 39.015991 24.965934, 38.979363 24.935374, 38.944689 24.901267, 38.910944 24.865669, 38.8786 24.828)",GRCF03A,#08,GRCS840,207,222,229,70,79,89,-140,-160,180,0.5,17,68,67.6,16.5,16.8,17.6,1122,1142,1193,0.7,2.5,1.6,1.3229,0.001,422,30.5,33,RL,INT,Leonard2014_Interplate,SS,W,6.52,6.57,6.79,7.1,7.2,16.4135,16.9933,16.7805,16.6979
efsm20_cf_top.962,"LINESTRING (39.0546 25.1559, 39.089515 25.190433, 39.124311 25.225215, 39.158684 25.260707, 39.191163 25.299065, 39.223629 25.33746, 39.257431 25.373904, 39.292945 25.407539, 39.3263 25.4447)",GRCF03B,#08,GRCS845,37,41,44,55,70,85,-150,-165,180,0,17,39.2,39.1,17.1,18.1,20.8,668,709,813,0.6,0.9,0.75,0.7348,0.0002,245,31,33,RL,INT,Leonard2014_Interplate,SS,L,6.57,6.62,6.84,7.15,7.25,16.1217,16.3828,16.244,16.2351
efsm20_cf_top.963,"LINESTRING (39.3793 26.3545, 39.341549 26.322702, 39.300744 26.298069, 39.258298 26.27863, 39.215214 26.2617, 39.176489 26.232037, 39.141153 26.196031, 39.107198 26.157896, 39.073328 26.119656, 39.039382 26.081545, 39.006381 26.0421, 38.9741 26.0017)",GRCF03C,#08,GRCS850,197,215,225,70,79,89,-150,-165,180,0,15,55.1,54.4,15,15.3,16,826,842,879,0.5,2,1.25,1,0.0025,23,35,33,RL,INT,Leonard2014_Interplate,SS,W,6.41,6.46,6.68,6.99,7.09,16.1347,16.7637,16.5406,16.4437
efsm20_cf_top.964,"LINESTRING (38.8751 25.8586, 38.849009 25.814433, 38.822571 25.770623, 38.795488 25.727482, 38.767416 25.685413, 38.738108 25.64477, 38.710198 25.602558, 38.682305 25.560344, 38.654491 25.51806, 38.627437 25.474991, 38.6004 25.4319)",GRCF03D,#08,GRCS853,228,231,234,80,84,89,-160,-170,180,0.5,16,48,48,15.5,15.6,15.7,744,748,756,0.5,2,1.25,1,0,272,32,33,RL,INT,Leonard2014_Interplate,SS,W,6.44,6.49,6.71,7.02,7.12,16.0891,16.6978,16.4894,16.3925
efsm20_cf_top.965,"LINESTRING (38.9257 26.3259, 38.947598 26.37464, 38.962831 26.427386, 38.970284 26.482839, 38.9836 26.536453, 38.999067 26.589114, 39.0173 26.6403)",GRCF03E,#08,GRCS855,60,70,81,55,67,80,-110,-95,-80,0,14.5,29.2,29,14.7,15.8,17.7,430,460,517,0.5,1.5,1,0.866,0.0023,117,38.5,33,N,INT,Leonard2014_Interplate,DS,W,6.36,6.41,6.63,6.94,7.04,15.8508,16.4079,16.1812,16.1187
efsm20_cf_top.966,"LINESTRING (39.1574 26.4146, 39.135539 26.465375, 39.104412 26.507323, 39.0643 26.5337)",GRCF03F,#08,GRCS857,119,136,153,55,67,80,-90,-75,-60,0,13,15,14.6,13.2,14.1,15.9,198,212,238,0.2,1,0.6,0.4472,0.0114,-113,38,33,N,INT,Leonard2014_Interplate,DS,L,6.04,6.09,6.31,6.62,6.72,15.1169,15.8959,15.6233,15.4957
efsm20_cf_top.967,"LINESTRING (38.8322 25.1858, 38.79071 25.212235, 38.745437 25.228971, 38.70435 25.258525, 38.669408 25.299015, 38.632504 25.336518, 38.592518 25.368411, 38.550165 25.394815, 38.508086 25.421907, 38.4665 25.4502)",GRCF03G,#08,GRCS865,139,152,165,55,67,80,-30,-15,0,0.5,14,47.1,46.7,13.7,14.7,16.5,645,690,776,0.5,1,0.75,0.7071,0.003,502,30.5,33,LL,INT,Leonard2014_Interplate,SS,W,6.37,6.42,6.64,6.95,7.05,16.0271,16.4082,16.2326,16.207
efsm20_cf_top.968,"LINESTRING (38.4579 25.4665, 38.471081 25.527433, 38.483673 25.588577, 38.494366 25.650318, 38.506865 25.711513, 38.5221 25.7717)",GRCF03H,#08,GRCS868,73,76,78,45,60,75,-100,-90,-80,0.5,14,27.5,27.5,14,15.6,19.1,385,429,525,0.5,2,1.25,1,0.0002,511,31.5,33,N,INT,Leonard2014_Interplate,DS,W,6.35,6.4,6.62,6.93,7.03,15.8025,16.54,16.2479,16.1509
efsm20_cf_top.969,"LINESTRING (38.6098 24.9215, 38.580716 24.880133, 38.55108 24.839429, 38.518189 24.803061, 38.482425 24.77145, 38.445428 24.742263, 38.408742 24.712458, 38.372568 24.681665, 38.33822 24.647653, 38.3039 24.6136)",GRCF03I,#08,GRCS870,213,220,229,45,57,70,-140,-160,180,0.5,13.5,43.5,43.3,13.8,15.5,18.4,602,675,800,0.4,0.6,0.5,0.4899,0.0026,426,31.5,33,RL,INT,Leonard2014_Interplate,SS,W,6.43,6.48,6.7,7.01,7.11,15.9002,16.1998,16.0465,16.0377
efsm20_cf_top.970,"LINESTRING (38.2483 24.7581, 38.276787 24.799608, 38.310371 24.834238, 38.34407 24.8687, 38.378003 24.902804, 38.413487 24.93425, 38.4493 24.9651)",GRCF03J,#08,GRCS873,35,40,50,45,57,70,-140,-160,180,0.5,13,28.8,28.7,13.3,14.9,17.7,384,430,510,0.3,0.5,0.4,0.3873,0.002,513,31.5,33,RL,INT,Leonard2014_Interplate,SS,L,6.35,6.4,6.62,6.93,7.03,15.5795,15.9248,15.7538,15.7398
efsm20_cf_top.971,"LINESTRING (38.7067 26.4615, 38.690116 26.406899, 38.674848 26.351711, 38.661349 26.295782, 38.651479 26.238633, 38.642599 26.181225, 38.634427 26.123653, 38.628696 26.065605, 38.625104 26.007281, 38.6196 25.949203, 38.613688 25.891198, 38.6091 25.833)",GRCF03K,#08,GRCS880,249,259,266,50,60,70,-120,-107.5,-95,0,14.5,55.9,55.6,15.4,16.7,18.9,863,936,1058,2.2,3.6,2.9,2.8142,0.0024,97,36,33,N,INT,Leonard2014_Interplate,DS,W,6.42,6.47,6.69,7,7.1,16.7968,17.0994,16.9522,16.9392
efsm20_cf_top.972,"LINESTRING (38.2903 25.9278, 38.258248 25.980141, 38.22508 26.031314, 38.2036 26.0924)",GRCF03L,#08,GRCS885,115,124,130,55,70,85,-30,-15,0,0,13,17.4,17.3,13,13.8,15.9,228,241,277,0.1,1,0.55,0.3162,0.0025,-68,33,33,LL,INT,Leonard2014_Interplate,SS,L,6.1,6.15,6.37,6.68,6.78,14.8756,15.9605,15.6413,15.4009
efsm20_cf_top.973,"LINESTRING (38.0854 25.9665, 38.098036 26.021807, 38.108816 26.077754, 38.115927 26.134649, 38.120101 26.192015, 38.120055 26.249628, 38.113484 26.306629, 38.105468 26.363326, 38.097453 26.420017, 38.089346 26.47668, 38.081228 26.533334, 38.073035 26.589964, 38.0614 26.6456)",GRCF03M,#08,GRCS900,74,93,105,45,57,70,-100,-90,-80,0.5,14.5,60.5,59.5,14.9,16.7,19.8,901,1010,1197,1,3,2,1.7321,0.0088,261,34.5,33,N,INT,Leonard2014_Interplate,DS,W,6.42,6.47,6.69,7,7.1,16.4733,17.0739,16.8237,16.7612
efsm20_cf_top.974,"LINESTRING (37.9702 25.7117, 37.937647 25.751318, 37.902081 25.786499, 37.866099 25.820976, 37.836023 25.863559, 37.803359 25.902949, 37.767372 25.937372, 37.7307 25.9706)",GRCF03N,#08,GRCS905,133,140,145,50,62,75,-40,-25,-10,0.5,14,35.1,35,14,15.3,17.6,491,537,619,0.1,1,0.55,0.3162,0.0014,638,32,33,LL,INT,Leonard2014_Interplate,SS,W,6.41,6.46,6.68,6.99,7.09,15.2094,16.3101,15.9888,15.7484
efsm20_cf_top.975,"LINESTRING (37.7184 26.3504, 37.702729 26.299715, 37.686747 26.249107, 37.670098 26.198854, 37.657029 26.146949, 37.651395 26.092956, 37.639138 26.040749, 37.616629 25.994316, 37.589861 25.951652, 37.561632 25.910528, 37.5337 25.8691)",GRCF03O,#08,GRCS907,230,245,263,60,72,85,-150,-125,-100,0,14,47.9,47.1,14.1,14.7,16.2,674,706,775,0.5,2,1.25,1,0.0054,234,34.5,33,N,INT,Leonard2014_Interplate,DS,W,6.28,6.33,6.55,6.86,6.96,16.0459,16.7088,16.464,16.3671
efsm20_cf_top.976,"LINESTRING (37.7982 26.6195, 37.758123 26.587323, 37.72303 26.547268, 37.687333 26.508095, 37.651151 26.469659, 37.616308 26.429318, 37.58187 26.388444, 37.54486 26.351341, 37.507566 26.314709, 37.471446 26.276274, 37.4355 26.2376)",GRCF03P,#08,GRCS910,213,220,224,60,72,85,-160,-135,-110,0,14.5,52.6,52.5,14.6,15.2,16.7,765,802,880,0.1,1,0.55,0.3162,0.0004,213,36,33,N,INT,Leonard2014_Interplate,DS,W,6.32,6.37,6.59,6.9,7,15.4024,16.4632,16.1629,15.9225
efsm20_cf_top.977,"LINESTRING (37.7914 27.0991, 37.803477 27.04524, 37.812085 26.990316, 37.818678 26.934941, 37.822642 26.879161, 37.825263 26.823253, 37.826485 26.767267, 37.825796 26.711264, 37.823732 26.655318, 37.8212 26.5994)",GRCF03Q,#08,GRCS912,267,274,286,45,57,70,-100,-90,-80,0,14.5,44.3,44,15.4,17.3,20.5,683,765,908,0.1,2,1.05,0.4472,0.0031,167,38,33,N,INT,Leonard2014_Interplate,DS,W,6.46,6.51,6.73,7.04,7.14,15.353,16.7776,16.4236,16.0529
efsm20_cf_top.978,"LINESTRING (37.7082 26.5865, 37.708279 26.640662, 37.717735 26.693196, 37.723009 26.746665, 37.71747 26.800089, 37.708803 26.85284, 37.698165 26.905004, 37.6862 26.9567)",GRCF03R,#08,GRCS915,77,94,106,50,62,75,-100,-95,-90,0,14.5,33.2,32.7,15,16.4,18.9,498,545,628,1.4785,4.5215,3,2.5856,0.0076,-207,37.5,33,N,INT,Leonard2014_Interplate,DS,W,6.4,6.45,6.67,6.98,7.08,16.3859,16.972,16.7322,16.6676
efsm20_cf_top.979,"LINESTRING (37.0115 24.2914, 37.022545 24.346732, 37.0327 24.402338, 37.049083 24.45557, 37.067732 24.50763, 37.095607 24.552768, 37.1231 24.598292, 37.1501 24.6444)",GRCF03S,#08,GRCS938,54,65,79,50,60,70,-110,-90,-70,0.5,12.5,35.5,34.9,12.8,13.9,15.7,453,491,555,0.05,0.5,0.275,0.1581,0.0078,400,31.5,33,N,INT,Leonard2014_Interplate,DS,W,6.22,6.27,6.49,6.8,6.9,14.8733,15.9621,15.6492,15.4088
efsm20_cf_top.980,"LINESTRING (36.8639 23.561, 36.90478 23.538117, 36.945598 23.515052, 36.985319 23.489151, 37.022052 23.457058, 37.054434 23.418293, 37.087749 23.380771, 37.121302 23.343571, 37.160295 23.315926, 37.1995 23.2888)",GRCF03T,#08,GRCS940,315,326,334,45,60,75,-100,-85,-70,0.5,13,44.8,44.5,12.9,14.4,17.7,580,647,792,0.05,0.5,0.275,0.1581,0.0041,504,37,33,N,INT,Leonard2014_Interplate,DS,W,6.26,6.31,6.53,6.84,6.94,14.9809,16.1164,15.7687,15.5283
efsm20_cf_top.981,"LINESTRING (36.8462 24.3028, 36.844381 24.245722, 36.843 24.188626, 36.843 24.131503, 36.844444 24.074409, 36.846157 24.017325, 36.853758 23.960994, 36.863706 23.90523, 36.878818 23.851301, 36.893904 23.797349, 36.909 23.7434)",GRCF03U,#08,GRCS943,269,280,291,45,57,70,-135,-112.5,-90,0.5,13,50.8,50.2,13.3,14.9,17.7,676,758,899,0.05,0.5,0.275,0.1581,0.0063,658,33.5,33,N,INT,Leonard2014_Interplate,DS,W,6.3,6.35,6.57,6.88,6.98,15.0475,16.171,15.8373,15.5969
efsm20_cf_top.982,"LINESTRING (36.576 23.9298, 36.60473 23.879076, 36.637982 23.832816, 36.680028 23.799456, 36.719446 23.761414, 36.7545 23.7167)",GRCF03V,#08,GRCS947,303,315,326,45,60,75,-100,-85,-70,0.5,12.5,27.7,27.5,12.4,13.9,17,345,384,471,0.05,0.5,0.275,0.1581,0.0047,604,31.5,33,N,INT,Leonard2014_Interplate,DS,W,6.22,6.27,6.49,6.8,6.9,14.7549,15.8903,15.5426,15.3022
efsm20_cf_top.983,"LINESTRING (36.6166 24.2557, 36.619843 24.195524, 36.6205 24.135217, 36.61919 24.074927, 36.6166 24.0147)",GRCF03W,#08,GRCS950,269,272,276,50,62,75,-100,-90,-80,0.5,12.5,21.5,21.5,12.4,13.6,15.7,267,293,337,0.05,0.5,0.275,0.1581,0.0005,351,29.5,33,N,INT,Leonard2014_Interplate,DS,L,6.2,6.25,6.47,6.78,6.88,14.6448,15.7455,15.4242,15.1838
efsm20_cf_top.984,"LINESTRING (36.7825 25.2142, 36.756223 25.165661, 36.728211 25.118677, 36.696136 25.075946, 36.666883 25.030192, 36.653993 24.973942, 36.665583 24.917255, 36.683772 24.863318, 36.698452 24.807732, 36.7103 24.7512)",GRCF03X,#08,GRCS952,228,260,294,50,62,75,-90,-80,-70,0,12.5,47,42,12.9,14.2,16.3,608,665,766,0.05,0.5,0.275,0.1581,0.0493,95,27,33,N,INT,Leonard2014_Interplate,DS,W,6.24,6.29,6.51,6.82,6.92,15.0011,16.1018,15.7805,15.5401
efsm20_cf_top.985,"LINESTRING (36.5651 24.7343, 36.560706 24.789723, 36.556005 24.845117, 36.549969 24.900305, 36.5469 24.955869, 36.550823 25.01135, 36.563193 25.06488, 36.5776 25.117623, 36.5933 25.1698)",GRCF03Y,#08,GRCS954,71,87,99,50,60,70,-110,-90,-70,0.5,11.5,39.8,39,11.7,12.7,14.4,466,506,572,0.05,0.5,0.275,0.1581,0.0099,369,25.5,33,N,INT,Leonard2014_Interplate,DS,W,6.12,6.17,6.39,6.7,6.8,14.8858,15.9745,15.6616,15.4212
efsm20_cf_top.986,"LINESTRING (36.5722 25.3647, 36.601758 25.403798, 36.631323 25.442903, 36.664194 25.477683, 36.69804 25.510994, 36.728468 25.549108, 36.755563 25.590968, 36.7826 25.6328)",GRCF03Z,#08,GRCS956,39,47,52,45,60,75,-100,-90,-80,0.5,13,33.6,33.5,12.9,14.4,17.7,434,484,593,0.1,1,0.55,0.3162,0.0016,307,28.5,33,N,INT,Leonard2014_Interplate,DS,W,6.26,6.31,6.53,6.84,6.94,15.1562,16.2917,15.944,15.7036
efsm20_cf_top.987,"LINESTRING (36.4439 25.3824, 36.471652 25.428074, 36.500732 25.472468, 36.532899 25.51345, 36.564752 25.554828, 36.596392 25.596474, 36.629156 25.636767, 36.66014 25.679208, 36.690039 25.722857, 36.719932 25.766529, 36.742532 25.816576, 36.767862 25.864558, 36.794363 25.911562, 36.8228 25.956785, 36.846304 26.006245, 36.867731 26.057172, 36.8884 26.1085)",GRCF040,#08,GRCS958,45,53,64,45,62,80,-120,-105,-90,0.5,15,81.9,81.5,14.7,16.4,20.5,1206,1345,1679,0.1,1,0.55,0.3162,0.0025,326,30,33,N,INT,Leonard2014_Interplate,DS,W,6.4,6.45,6.67,6.98,7.08,15.5998,16.7437,16.3876,16.1472
efsm20_cf_top.988,"LINESTRING (36.8591 26.1644, 36.882218 26.213765, 36.905354 26.262929, 36.926496 26.313491, 36.942061 26.367141, 36.949373 26.423485, 36.968039 26.47558, 36.986683 26.527701, 37.010586 26.576354, 37.035138 26.624513, 37.0598 26.6726)",GRCF041,#08,GRCS960,57,64,81,50,60,70,-100,-90,-80,0.5,14.5,50.7,50.4,14.9,16.2,18.3,756,820,927,1.1828,3.6172,2.4,2.0685,0.0037,455,34,33,N,INT,Leonard2014_Interplate,DS,W,6.38,6.43,6.65,6.96,7.06,16.4699,17.0441,16.8127,16.7481
efsm20_cf_top.989,"LINESTRING (36.7097 26.4195, 36.691643 26.367208, 36.673791 26.314818, 36.656183 26.262314, 36.637128 26.210613, 36.617812 26.159073, 36.59559 26.1094, 36.573575 26.059598, 36.553615 26.008484, 36.533719 25.957345, 36.509097 25.909514, 36.484078 25.862017, 36.459185 25.814432, 36.431659 25.769161, 36.399774 25.728568, 36.375683 25.680401, 36.3525 25.6314)",GRCF042,#08,GRCS962,226,241,248,45,60,75,-100,-90,-80,0.5,13,81.2,80.8,12.9,14.4,17.7,1051,1172,1436,0.1,1,0.55,0.3162,0.0024,298,28.5,33,N,INT,Leonard2014_Interplate,DS,W,6.26,6.31,6.53,6.84,6.94,15.5402,16.6756,16.328,16.0876
efsm20_cf_top.990,"LINESTRING (36.6405 26.9623, 36.675964 26.99699, 36.708974 27.035275, 36.736923 27.079401, 36.760344 27.127471, 36.789916 27.169949, 36.813808 27.217692, 36.827869 27.271194, 36.842469 27.324481, 36.857 27.3778)",GRCF043,#08,GRCS965,38,57,72,50,65,80,-100,-90,-80,0,14,45.1,44.2,14.2,15.4,18.3,641,697,824,1.4785,4.5215,3,2.5856,0.0089,238,28.5,33,N,INT,Leonard2014_Interplate,DS,W,6.34,6.39,6.61,6.92,7.02,16.4954,17.09,16.8388,16.7742
efsm20_cf_top.991,"LINESTRING (36.5018 23.9069, 36.492663 23.960401, 36.483728 24.013935, 36.481178 24.068514, 36.480554 24.123178, 36.484399 24.177641, 36.4883 24.2321)",GRCF044,#08,GRCS970,87,95,104,40,55,70,-100,-90,-80,1,10.5,29.3,29.1,10.1,11.6,14.8,297,340,433,0.1,1,0.55,0.3162,0.0043,809,28.5,33,N,INT,Leonard2014_Interplate,DS,W,6.02,6.07,6.29,6.6,6.7,14.9905,16.1555,15.7905,15.5501
efsm20_cf_top.992,"LINESTRING (36.5779 24.389, 36.531205 24.387404, 36.484496 24.38593, 36.437782 24.384675, 36.391068 24.383423, 36.344398 24.386234, 36.297726 24.389, 36.251 24.389)",GRCF045,#08,GRCS972,179,182,183,60,72,85,-110,-90,-70,0.5,11,36.4,36.3,10.5,11,12.1,383,402,441,0.1,1,0.55,0.3162,0.0002,725,26,33,N,INT,Leonard2014_Interplate,DS,W,5.97,6.02,6.24,6.55,6.65,15.1021,16.1629,15.8626,15.6222
efsm20_cf_top.993,"LINESTRING (36.3092 24.4318, 36.3092 24.487891, 36.305378 24.543778, 36.297027 24.598896, 36.279272 24.650464, 36.260902 24.701688, 36.242013 24.752606, 36.226995 24.805458, 36.215596 24.859673, 36.204556 24.913995, 36.194131 24.968495, 36.186276 25.023649, 36.181836 25.079378, 36.177402 25.135104, 36.1748 25.191005, 36.178647 25.246797, 36.189592 25.301132, 36.200978 25.355333, 36.213364 25.409206, 36.226237 25.462911, 36.242212 25.515329, 36.257374 25.568128, 36.2686 25.6223)",GRCF046,#08,GRCS974,70,94,116,45,55,65,-100,-90,-80,1,10.5,110.6,106.8,10.5,11.6,13.4,1159,1282,1485,0.1,1,0.55,0.3162,0.0195,865,24,33,N,INT,Leonard2014_Interplate,DS,W,6.02,6.07,6.29,6.6,6.7,15.5826,16.6903,16.3668,16.1264
efsm20_cf_top.994,"LINESTRING (36.3814 26.5133, 36.370585 26.461122, 36.357639 26.409706, 36.338224 26.361541, 36.322497 26.311356, 36.310907 26.259475, 36.299823 26.207431, 36.292931 26.15429, 36.288003 26.100818, 36.283681 26.047269, 36.2823 25.9934)",GRCF047,#08,GRCS976,244,257,269,50,62,75,-110,-90,-70,0.5,11.5,48.2,47.9,11.4,12.5,14.4,549,601,693,0.1,1,0.55,0.3162,0.0038,384,24,33,N,INT,Leonard2014_Interplate,DS,W,6.1,6.15,6.37,6.68,6.78,15.2584,16.3591,16.0378,15.7974
efsm20_cf_top.995,"LINESTRING (36.1932 26.5088, 36.184894 26.452548, 36.174829 26.396834, 36.160205 26.342701, 36.142048 26.290246, 36.120037 26.240119, 36.103452 26.186897, 36.088143 26.133105, 36.072806 26.079336, 36.060927 26.024251, 36.053727 25.967946, 36.049291 25.911212, 36.0447 25.8545)",GRCF048,#08,GRCS978,242,255,265,45,57,70,-100,-90,-80,0.5,11,61.5,61,11.2,12.5,14.8,687,770,913,0.1,1,0.55,0.3162,0.004,681,24,33,N,INT,Leonard2014_Interplate,DS,W,6.11,6.16,6.38,6.69,6.79,15.3556,16.4791,16.1453,15.9049
efsm20_cf_top.996,"LINESTRING (35.9108 26.3445, 35.910734 26.288593, 35.909713 26.232702, 35.906147 26.176972, 35.895434 26.12266, 35.88131 26.069558, 35.868016 26.016139, 35.856939 25.961964, 35.85066 25.906636, 35.8467 25.851)",GRCF049,#08,GRCS979,252,261,270,50,60,70,-110,-90,-70,1,10.5,45.3,45,10.1,11,12.4,458,497,562,0.1,1,0.55,0.3162,0.0031,934,25.5,33,N,INT,Leonard2014_Interplate,DS,W,5.96,6.01,6.23,6.54,6.64,15.1795,16.2682,15.9553,15.7149
efsm20_cf_top.997,"LINESTRING (35.9649 26.8928, 35.962348 26.838319, 35.949279 26.786195, 35.937079 26.733758, 35.929765 26.67996, 35.938232 26.626419, 35.9521 26.5749)",GRCF04A,#08,GRCS980,253,267,289,50,65,80,-110,-90,-70,0.5,11,29.4,28.6,10.7,11.6,13.7,314,341,404,0.1,1,0.55,0.3162,0.0114,709,21,33,N,INT,Leonard2014_Interplate,DS,W,6.02,6.07,6.29,6.6,6.7,15.0154,16.1245,15.7918,15.5514
efsm20_cf_top.998,"LINESTRING (36.1603 26.5422, 36.150006 26.600488, 36.140293 26.658938, 36.136248 26.718398, 36.133257 26.77795, 36.131351 26.837569, 36.1297 26.8972)",GRCF04B,#08,GRCS981,92,96,103,50,62,75,-90,-72.5,-55,1,11,32.1,32.1,10.4,11.3,13.1,333,364,420,0.1,1,0.55,0.3162,0.0013,1000,20.5,33,N,INT,Leonard2014_Interplate,DS,W,6,6.05,6.27,6.58,6.68,15.0407,16.1414,15.8201,15.5797
efsm20_cf_top.999,"LINESTRING (36.4031 23.3676, 36.360988 23.393832, 36.318929 23.420068, 36.278247 23.449446, 36.237692 23.479076, 36.199051 23.512393, 36.160323 23.545538, 36.120675 23.576953, 36.081 23.6083)",GRCF04C,#08,GRCS983,144,147,152,45,60,75,-90,-75,-60,1,11,41.9,41.8,10.4,11.5,14.1,434,484,592,0.1,1,0.55,0.3162,0.0007,843,29.5,33,N,INT,Leonard2014_Interplate,DS,W,6.02,6.07,6.29,6.6,6.7,15.1555,16.291,15.9433,15.7029
efsm20_cf_top.1000,"LINESTRING (35.7226 24.682, 35.710018 24.623064, 35.704523 24.562509, 35.699566 24.501887, 35.69537 24.441181, 35.6914 24.3804)",GRCF04D,#08,GRCS990,257,264,267,50,60,70,-110,-90,-70,1,10,27.5,27.5,9.6,10.4,11.7,264,286,323,0.1,1,0.55,0.3162,0.0011,971,26.5,33,N,INT,Leonard2014_Interplate,DS,W,5.91,5.96,6.18,6.49,6.59,14.9393,16.028,15.7151,15.4747
efsm20_cf_top.1001,"LINESTRING (35.6646 25.9496, 35.684905 25.900557, 35.704153 25.850862, 35.719949 25.799343, 35.729386 25.745504, 35.734107 25.690727, 35.736502 25.635719, 35.738381 25.58068, 35.740261 25.52564, 35.742139 25.470599, 35.742049 25.415507, 35.740635 25.360444, 35.739276 25.30538, 35.742786 25.250461, 35.747571 25.195684, 35.753415 25.141061, 35.761158 25.086791, 35.767825 25.032301, 35.772351 24.977473, 35.7741 24.922403, 35.7741 24.867288, 35.7741 24.8122)",GRCF04E,#08,GRCS991,269,278,298,40,52,65,-100,-90,-80,1,10,104.4,103.4,9.9,11.4,14,1037,1192,1462,0.1,1,0.55,0.3162,0.006,1105,27,33,N,INT,Leonard2014_Interplate,DS,W,6.01,6.06,6.28,6.59,6.69,15.5342,16.6834,16.3353,16.0949
efsm20_cf_top.1002,"LINESTRING (35.7877 25.9476, 35.78569 26.002684, 35.78359 26.057762, 35.782259 26.112875, 35.784576 26.16794, 35.783625 26.223067, 35.778868 26.277892, 35.771136 26.332195, 35.758698 26.385146, 35.74364 26.437044, 35.7292 26.4892)",GRCF04F,#08,GRCS996,88,98,110,45,57,70,-100,-90,-80,1.5,10,49.7,49.3,9,10.1,12,450,504,598,0.1,1,0.55,0.3162,0.0048,1632,26,33,N,INT,Leonard2014_Interplate,DS,W,5.88,5.93,6.15,6.46,6.56,15.1716,16.2951,15.9614,15.721
efsm20_cf_top.1003,"LINESTRING (38.3789 26.9216, 38.344132 26.877998, 38.300418 26.851046, 38.258912 26.818939, 38.225418 26.774175, 38.189401 26.732725, 38.154307 26.690033, 38.1237 26.6421)",TRCF04T,#08,TRCS313,206,221,231,70,77,85,-160,-170,180,0,14,37.8,37.4,14.1,14.4,14.9,531,543,563,1,3,2,1.7321,0.0023,-49,40,33,RL,INT,Leonard2014_Interplate,SS,W,6.35,6.4,6.62,6.93,7.03,16.244,16.7465,16.5547,16.4922
efsm20_cf_top.1004,"LINESTRING (63.034574 -24.948036, 63.068312 -24.880013, 63.102069 -24.811955, 63.135843 -24.74386, 63.169635 -24.675729, 63.203403 -24.60746, 63.236737 -24.538069, 63.270089 -24.46864, 63.303459 -24.399174, 63.336848 -24.329672, 63.370255 -24.26013, 63.403474 -24.190065, 63.435261 -24.116678, 63.466162 -24.041347, 63.497082 -23.965973, 63.52802 -23.890555, 63.558976 -23.815092, 63.58995 -23.739585, 63.621154 -23.664471, 63.653069 -23.590806, 63.68426 -23.515499, 63.71547 -23.440148, 63.741905 -23.355923, 63.763227 -23.264521, 63.782595 -23.170851, 63.801087 -23.076216, 63.814547 -22.977266, 63.824894 -22.876999)",ISCF001,#09,MAR030,46,52,79,50,60,70,-100,-90,-80,1,10,137.2,135.4,9.6,10.4,11.7,1314,1426,1612,0.143,1.258,0.7005,0.4241,0.0065,213,15.5,33,N,MAR,Leonard2014_Interplate,DS,W,5.91,5.96,6.18,6.49,6.59,15.7924,16.8255,16.5179,16.3
efsm20_cf_top.1005,"LINESTRING (63.738571 -22.841859, 63.704584 -22.91111, 63.670592 -22.980372, 63.637078 -23.050729, 63.60367 -23.121255, 63.57028 -23.191741, 63.538788 -23.266423, 63.508039 -23.34257, 63.477308 -23.418672, 63.446797 -23.495134, 63.416313 -23.571568, 63.385847 -23.647957, 63.353336 -23.71994, 63.320512 -23.791131, 63.288621 -23.864316, 63.255414 -23.93446, 63.221988 -24.00401, 63.188579 -24.07352, 63.155189 -24.142994, 63.121817 -24.21243, 63.088463 -24.281828, 63.052959 -24.345726, 63.017286 -24.409088, 62.981631 -24.472421, 62.945992 -24.535722, 62.910371 -24.598994)",ISCF002,#09,MAR031,222,226,231,50,60,70,-100,-90,-80,1,10,127.3,127.2,9.6,10.4,11.7,1219,1323,1496,0.151,1.325,0.738,0.4473,0.0006,263,15.5,33,N,MAR,Leonard2014_Interplate,DS,W,5.91,5.96,6.18,6.49,6.59,15.7837,16.8156,16.5082,16.2907
efsm20_cf_top.1006,"LINESTRING (63.927113 -19.813636, 63.963529 -19.751998, 63.999961 -19.69033, 64.033647 -19.620929, 64.066501 -19.5494, 64.099623 -19.478431, 64.133069 -19.408183, 64.166534 -19.337897, 64.200017 -19.267572, 64.233519 -19.197209, 64.267039 -19.126806, 64.298672 -19.051828, 64.328679 -18.973297, 64.358704 -18.894717, 64.388747 -18.816088, 64.418809 -18.737411, 64.448889 -18.658685, 64.478987 -18.57991, 64.509105 -18.501088, 64.539241 -18.422217, 64.569395 -18.343297, 64.601586 -18.268773, 64.637246 -18.203302, 64.672927 -18.137807, 64.708626 -18.072279, 64.744343 -18.006718, 64.780078 -17.941124, 64.815832 -17.875497, 64.851258 -17.808815, 64.886665 -17.741989, 64.922147 -17.675019)",ISCF003,#09,MAR032,35,41,47,40,50,60,-100,-90,-80,0,10,151.4,150.9,11.5,13.1,15.6,1748,1976,2355,0.061,0.534,0.2975,0.1805,0.002,-660,32,33,N,MAR,Leonard2014_Interplate,DS,W,6.15,6.2,6.42,6.73,6.83,15.5464,16.6181,16.2878,16.0708
efsm20_cf_top.1007,"LINESTRING (64.925445 -17.05267, 64.890008 -17.119022, 64.854639 -17.185246, 64.819288 -17.251436, 64.783956 -17.317592, 64.748641 -17.383714, 64.713344 -17.449803, 64.678065 -17.515858, 64.642805 -17.581881, 64.607975 -17.649051, 64.573325 -17.716644, 64.538693 -17.784202, 64.504079 -17.851726, 64.469483 -17.919213, 64.434905 -17.986665, 64.40035 -18.054091, 64.371015 -18.133589, 64.341905 -18.213448, 64.312813 -18.293258, 64.283738 -18.373017, 64.254682 -18.452729, 64.225644 -18.532392, 64.196623 -18.612005, 64.16762 -18.691568, 64.138413 -18.77065, 64.107671 -18.846528, 64.076947 -18.92236, 64.046241 -18.998148, 64.015554 -19.07389, 63.984885 -19.149587, 63.954234 -19.225239, 63.9165 -19.281813, 63.876895 -19.33125)",ISCF004,#09,MAR033,207,221,228,40,50,60,-100,-90,-80,0,10,160.8,159.9,11.5,13.1,15.6,1857,2099,2501,0.061,0.534,0.2975,0.1805,0.0035,-954,32,33,N,MAR,Leonard2014_Interplate,DS,W,6.15,6.2,6.42,6.73,6.83,15.5726,16.6442,16.314,16.097
efsm20_cf_top.1008,"LINESTRING (66.351482 -17.747518, 66.394494 -17.774879, 66.437148 -17.805597, 66.479188 -17.841272, 66.520881 -17.879478, 66.5615 -17.924445, 66.599441 -17.982413, 66.63454 -18.050882, 66.665375 -18.131449, 66.703037 -18.19081, 66.743132 -18.239003, 66.784368 -18.280653, 66.82602 -18.319614, 66.868556 -18.351887, 66.911268 -18.382674, 66.954807 -18.404734, 66.998496 -18.42481, 67.042022 -18.44481)",ISCF005,#09,MAR036,311,336,347,50,60,70,-100,-90,-80,0,10,83.9,82.7,10.6,11.5,13.1,893,969,1095,0.046,0.402,0.224,0.136,0.0072,207,21,33,N,MAR,Leonard2014_Interplate,DS,W,6.02,6.07,6.29,6.6,6.7,15.132,16.1622,15.8549,15.6382
efsm20_cf_top.1009,"LINESTRING (67.014233 -18.191919, 66.970939 -18.168342, 66.927429 -18.144647, 66.883923 -18.120954, 66.84171 -18.085223, 66.803117 -18.028999, 66.768098 -17.95939, 66.738042 -17.876292, 66.710527 -17.787827, 66.683342 -17.698811, 66.644922 -17.642194, 66.604121 -17.59751, 66.561374 -17.566502, 66.518685 -17.535053, 66.476075 -17.502996, 66.433471 -17.470944, 66.390873 -17.438896, 66.348281 -17.406852)",ISCF006,#09,MAR037,130,158,171,50,60,70,-100,-90,-80,0.5,10,84.1,81.7,10.1,11,12.4,850,922,1043,0.046,0.402,0.224,0.136,0.014,307,22.5,33,N,MAR,Leonard2014_Interplate,DS,W,5.96,6.01,6.23,6.54,6.64,15.1106,16.1408,15.8336,15.6169
efsm20_cf_top.1010,"LINESTRING (63.9719 -21.569482, 64.009099 -21.512073, 64.046313 -21.45464, 64.084176 -21.399395, 64.12285 -21.347094, 64.161538 -21.294773, 64.201209 -21.246405, 64.241569 -21.20108, 64.281941 -21.155742, 64.323444 -21.116138, 64.365062 -21.077115, 64.405638 -21.032563, 64.445321 -20.983814, 64.485016 -20.935051, 64.523621 -20.881713, 64.561293 -20.824805, 64.597677 -20.763446, 64.632984 -20.698681, 64.668309 -20.633884, 64.703651 -20.569053, 64.739011 -20.504191, 64.77327 -20.436077, 64.805314 -20.362187, 64.834971 -20.282902, 64.863505 -20.201286, 64.892505 -20.120496, 64.920766 -20.038175, 64.948568 -19.954906, 64.976388 -19.871583)",ISCF007,#09,MAR136,22,36,51,40,50,60,-100,-90,-80,0,10,139.8,138.2,11.5,13.1,15.6,1615,1826,2176,0.022,0.197,0.1095,0.0658,0.0077,-540,24.5,33,N,MAR,Leonard2014_Interplate,DS,W,6.15,6.2,6.42,6.73,6.83,15.0691,16.1506,15.8193,15.5981
efsm20_cf_top.1011,"LINESTRING (64.987199 -19.310918, 64.951014 -19.373669, 64.914844 -19.436392, 64.879913 -19.502824, 64.84555 -19.570797, 64.813797 -19.645384, 64.782748 -19.721499, 64.750451 -19.794612, 64.717476 -19.865949, 64.681367 -19.928322, 64.645275 -19.990665, 64.6092 -20.05298, 64.574226 -20.118541, 64.539337 -20.184265, 64.504466 -20.249957, 64.469612 -20.315613, 64.434776 -20.381237, 64.399951 -20.446808, 64.363204 -20.506415, 64.324387 -20.558459, 64.285584 -20.610485, 64.246795 -20.662492, 64.20802 -20.71448, 64.169259 -20.76645, 64.130472 -20.818245, 64.091135 -20.867742, 64.051067 -20.913993, 64.01101 -20.96023, 63.970965 -21.006454)",ISCF008,#09,MAR142,207,215,225,40,50,60,-100,-90,-80,0,10,139.7,139.2,11.5,13.1,15.6,1614,1824,2174,0.022,0.197,0.1095,0.0658,0.0027,-559,26.5,33,N,MAR,Leonard2014_Interplate,DS,W,6.15,6.2,6.42,6.73,6.83,15.0687,16.1502,15.819,15.5978
efsm20_cf_top.1012,"LINESTRING (64.922147 -17.675019, 64.962262 -17.624854, 65.00239 -17.574672, 65.04201 -17.522205, 65.081326 -17.468389, 65.120657 -17.414555, 65.161287 -17.366407, 65.202078 -17.318953, 65.242881 -17.271484, 65.283695 -17.224, 65.327078 -17.192018, 65.371077 -17.165255, 65.415081 -17.138491, 65.459521 -17.116237, 65.504377 -17.099442, 65.549234 -17.082647, 65.594093 -17.065852, 65.638962 -17.049186, 65.683922 -17.033985, 65.728883 -17.018782, 65.773846 -17.00358, 65.818629 -16.985493, 65.863337 -16.966272, 65.908047 -16.94705, 65.953434 -16.945009, 65.998828 -16.944896, 66.044222 -16.944783, 66.089616 -16.94467, 66.134905 -16.952285, 66.180148 -16.961418, 66.225391 -16.970552, 66.270635 -16.979686, 66.316002 -16.988845)",ISCF009,#09,MAR138,357,14,32,40,50,60,-100,-90,-80,0,10,161.5,158.2,11.5,13.1,15.6,1865,2109,2513,0.092,0.813,0.4525,0.2735,0.0135,-369,32,33,N,MAR,Leonard2014_Interplate,DS,W,6.15,6.2,6.42,6.73,6.83,15.753,16.8288,16.4981,16.2795
efsm20_cf_top.1013,"LINESTRING (66.215203 -16.11232, 66.170318 -16.107039, 66.125435 -16.101758, 66.080524 -16.09818, 66.035593 -16.096848, 65.990662 -16.095516, 65.945731 -16.094184, 65.900902 -16.101752, 65.856084 -16.109658, 65.811266 -16.117564, 65.766448 -16.12547, 65.721917 -16.140081, 65.677443 -16.155661, 65.63297 -16.171239, 65.588499 -16.186818, 65.545086 -16.21485, 65.502244 -16.247555, 65.459408 -16.280255, 65.416579 -16.31295, 65.373756 -16.345639, 65.33188 -16.384709, 65.294708 -16.445155, 65.257553 -16.505574, 65.220414 -16.565965, 65.183292 -16.626329, 65.146147 -16.68653, 65.108113 -16.743418, 65.070128 -16.800408, 65.033429 -16.86188, 64.997417 -16.925508, 64.961422 -16.989104, 64.925445 -17.05267)",ISCF00A,#09,MAR137,178,198,219,40,50,60,-100,-90,-80,0,10,154.9,149.8,11.5,13.1,15.6,1789,2022,2410,0.092,0.813,0.4525,0.2735,0.0212,-577,32.5,33,N,MAR,Leonard2014_Interplate,DS,W,6.15,6.2,6.42,6.73,6.83,15.7348,16.8106,16.4799,16.2612
efsm20_cf_top.1014,"LINESTRING (67.139271 -18.968393, 67.184072 -18.955847, 67.228874 -18.943301, 67.273677 -18.930755, 67.318429 -18.917018, 67.36312 -18.901979, 67.407812 -18.886939, 67.452505 -18.871899, 67.4972 -18.856858, 67.541834 -18.840572, 67.586248 -18.820587, 67.630665 -18.800602, 67.675084 -18.780615, 67.719505 -18.760627, 67.763929 -18.740639, 67.808355 -18.720649, 67.852146 -18.692464, 67.895613 -18.660884, 67.939086 -18.6293, 67.982564 -18.597712, 68.026048 -18.56612, 68.069538 -18.534524, 68.113034 -18.502923, 68.155943 -18.465948, 68.198051 -18.422758, 68.240169 -18.379558, 68.282297 -18.336348, 68.324434 -18.293127, 68.366581 -18.249897, 68.408738 -18.206657, 68.450904 -18.163406, 68.492679 -18.117333, 68.532683 -18.060688, 68.572702 -18.004023, 68.612736 -17.947336, 68.652785 -17.890627, 68.692849 -17.833898, 68.732928 -17.777147, 68.773023 -17.720375, 68.81422 -17.669873, 68.856477 -17.626503, 68.898722 -17.583145)",ISCF00B,#09,MAR038,4,14,25,40,50,60,-100,-90,-80,1,10,205.4,203.9,10.4,11.7,14,2135,2414,2877,0.9,2.7,1.8,1.5588,0.0047,807,22,33,N,MAR,Leonard2014_Interplate,DS,W,6.04,6.09,6.31,6.62,6.72,16.8022,17.4088,17.1565,17.094
efsm20_cf_top.1015,"LINESTRING (68.826604 -16.673778, 68.788572 -16.742135, 68.750508 -16.810551, 68.712463 -16.878931, 68.674936 -16.949332, 68.637563 -17.020232, 68.599741 -17.089194, 68.561238 -17.155154, 68.522754 -17.221082, 68.484289 -17.286978, 68.445842 -17.352842, 68.407414 -17.418674, 68.367514 -17.47757, 68.326749 -17.531831, 68.285998 -17.586072, 68.245261 -17.640294, 68.204539 -17.694497, 68.163831 -17.748681, 68.123137 -17.802846, 68.082458 -17.856992, 68.041793 -17.911119, 67.999684 -17.956582, 67.956939 -17.997503, 67.914203 -18.038416, 67.871475 -18.079321, 67.828756 -18.120217, 67.786046 -18.161104, 67.743345 -18.201983, 67.700125 -18.238793, 67.655888 -18.265862, 67.611655 -18.29293, 67.567426 -18.319994, 67.523202 -18.347056, 67.478982 -18.374115, 67.434693 -18.400346, 67.390128 -18.423139, 67.345566 -18.445931, 67.301008 -18.468722, 67.256453 -18.491511, 67.211901 -18.514298, 67.167306 -18.536492, 67.122689 -18.558336, 67.078075 -18.580178)",ISCF00C,#09,MAR039,194,205,216,40,50,60,-100,-90,-80,1,10,212.1,210.1,10.4,11.7,14,2204,2492,2970,0.851,2.554,1.7025,1.4743,0.0062,898,22.5,33,N,MAR,Leonard2014_Interplate,DS,W,6.04,6.09,6.31,6.62,6.72,16.7917,17.3984,17.1461,17.0836
efsm20_cf_top.1016,"LINESTRING (66.315016 -18.820464, 66.296748 -18.720566, 66.278491 -18.620728, 66.260245 -18.52095, 66.24201 -18.421232, 66.223939 -18.321399, 66.206294 -18.221171, 66.188659 -18.121003, 66.171553 -18.02034, 66.154644 -17.919543, 66.137568 -17.818984, 66.120105 -17.718902, 66.102651 -17.618879, 66.084399 -17.519798, 66.065683 -17.421315, 66.045357 -17.324869, 66.019018 -17.23778, 65.990675 -17.154675, 65.959927 -17.077006, 65.929158 -16.99928)",ISCF00D,#09,MAR011,115,120,136,79,90,90,-170,180,170,0,10,93.2,92.5,10,10,10.2,932,932,949,13.94,16.51,15.225,15.1707,0,3,22,33,RL,MAR,Leonard2014_Interplate,SS,L,6.69,6.74,6.96,7.27,7.37,17.6321,17.7134,17.6704,17.6689
efsm20_cf_top.1017,"LINESTRING (67.11947 -18.957958, 67.107223 -18.846859, 67.092822 -18.737541, 67.078066 -18.628602, 67.063317 -18.519722, 67.048577 -18.410901, 67.033844 -18.302139, 67.020943 -18.191919)",ISCF00E,#09,MAR012,104,106,107,79,90,90,-170,180,170,0.5,10,35,34.9,9.5,9.5,9.7,332,332,338,14.482,22.706,18.594,18.1336,0,309,22.5,33,RL,MAR,Leonard2014_Interplate,SS,L,6.24,6.29,6.51,6.82,6.92,17.2006,17.4037,17.3091,17.2982
efsm20_cf_top.1018,"LINESTRING (66.332763 -18.813098, 66.372917 -18.858864, 66.413133 -18.904367, 66.455908 -18.931733, 66.498687 -18.959102, 66.542707 -18.967651, 66.586757 -18.975248, 66.629793 -18.950386, 66.671244 -18.912014, 66.712703 -18.873634, 66.756808 -18.868506, 66.800931 -18.872575, 66.844928 -18.881977, 66.888512 -18.899957, 66.931987 -18.919601, 66.975349 -18.94084, 67.019151 -18.955043, 67.063282 -18.958504, 67.106821 -18.961919)",ISCF00F,#09,MAR034,333,354,18,50,60,70,-100,-90,-80,0.5,10,88.3,86.3,10.1,11,12.4,893,969,1095,0.046,0.402,0.224,0.136,0.0112,431,19,33,N,MAR,Leonard2014_Interplate,DS,W,5.96,6.01,6.23,6.54,6.64,15.132,16.1622,15.8549,15.6382
efsm20_cf_top.1019,"LINESTRING (67.064995 -18.638775, 67.01996 -18.615759, 66.975005 -18.592783, 66.930053 -18.569809, 66.884746 -18.551998, 66.839191 -18.538967, 66.793354 -18.536975, 66.74771 -18.547772, 66.702067 -18.558569, 66.657048 -18.580434, 66.612049 -18.602528, 66.56667 -18.618906, 66.521312 -18.602202, 66.475956 -18.585499, 66.43272 -18.547357, 66.390886 -18.500505, 66.349064 -18.453666, 66.311135 -18.389531, 66.27331 -18.325117)",ISCF00G,#09,MAR035,143,169,189,50,60,70,-100,-90,-80,0.5,10,91.8,89.1,10.1,11,12.4,928,1007,1138,0.046,0.402,0.224,0.136,0.0145,274,19.5,33,N,MAR,Leonard2014_Interplate,DS,W,5.96,6.01,6.23,6.54,6.64,15.1487,16.1789,15.8716,15.6549
efsm20_cf_top.1020,"LINESTRING (63.827567 -22.849912, 63.840759 -22.752703, 63.854496 -22.655837, 63.868445 -22.559079, 63.882192 -22.462126, 63.895569 -22.364861, 63.908074 -22.266952, 63.919286 -22.168197, 63.928904 -22.068539, 63.937072 -21.968182, 63.944244 -21.867403, 63.950866 -21.766406, 63.956833 -21.665174, 63.961367 -21.563537, 63.964455 -21.461603, 63.966649 -21.359541, 63.967287 -21.257362, 63.966993 -21.155175, 63.965686 -21.053032, 63.96362 -20.950961, 63.960818 -20.84899, 63.957369 -20.747133, 63.953288 -20.64541, 63.948845 -20.543782, 63.944129 -20.442232, 63.939189 -20.340758, 63.93429 -20.239291, 63.929456 -20.137824, 63.924663 -20.036364, 63.919447 -19.935032, 63.91323 -19.834011, 63.905713 -19.733475, 63.897453 -19.633269, 63.888403 -19.533447, 63.87879 -19.43393, 63.868988 -19.334543)",ISCF00H,#09,MAR009,73,89,101,79,90,90,-10,0,10,0,10,174.5,172.3,10,10,10.2,1745,1745,1777,5.7,9.1,7.4,7.2021,0,-213,21,33,LL,MAR,Leonard2014_Interplate,SS,L,6.96,7.01,7.23,7.54,7.64,17.5163,17.7272,17.6297,17.6179
efsm20_cf_top.1021,"LINESTRING (50.946746 5.8897, 50.974525 5.828832, 51.008359 5.776221, 51.042765 5.724516, 51.080057 5.678107, 51.117595 5.632168, 51.138214 5.564261, 51.150606 5.491427)",BECF000,#10,BECS001,283,307,320,50,57,65,-108,-97,-86,0,21.2,36.9,35.9,23.4,25.3,27.7,862,932,1020,0.04,0.07,0.055,0.0529,0.014,-57,30,33,N,INT,Leonard2014_Interplate,DS,L,6.69,6.74,6.96,7.27,7.37,15.0561,15.3721,15.2281,15.2112
efsm20_cf_top.1022,"LINESTRING (51.134759 5.596064, 51.165477 5.545905, 51.201058 5.504536, 51.239155 5.469299, 51.278412 5.437445, 51.315415 5.399289, 51.352427 5.361124, 51.389448 5.322951, 51.426477 5.284768)",NLCF000,#10,BECS002,312,324,331,50,57,65,-95,-85.5,-76,0,23.5,39.2,39,25.9,28,30.7,1015,1097,1201,0.04,0.06,0.05,0.049,0.0022,-36,29.5,33,N,INT,Leonard2014_Interplate,DS,L,6.77,6.82,7.04,7.35,7.45,15.1272,15.3763,15.2578,15.249
efsm20_cf_top.1023,"LINESTRING (50.929523 6.352551, 50.915235 6.421212, 50.885353 6.475567, 50.846735 6.513617, 50.808011 6.55136, 50.771793 6.594862)",DECF003,#10,DECS001,110,138,150,50,57,65,-98,-73,-48,0,25,25.3,24.4,27.6,29.8,32.6,698,754,825,0.0223,0.0417,0.032,0.0305,0.0186,-112,31,33,N,INT,Leonard2014_Interplate,DS,L,6.59,6.64,6.86,7.17,7.27,14.7105,15.0554,14.901,14.8802
efsm20_cf_top.1024,"LINESTRING (51.03661 6.278724, 51.032931 6.353135, 51.020839 6.426003, 51.014108 6.500586, 51.003653 6.574063)",DECF004,#10,DECS002,97,102,107,50,57,65,-142,-123.5,-105,0,23.2,21,21,25.6,27.7,30.3,538,582,637,0.0184,0.0246,0.0215,0.0213,0.0013,-83,30.5,33,N,INT,Leonard2014_Interplate,DS,L,6.49,6.54,6.76,7.07,7.17,14.5144,14.7135,14.6157,14.6116
efsm20_cf_top.1025,"LINESTRING (51.002884 6.584899, 50.97053 6.6331, 50.94495 6.691069, 50.904925 6.72222, 50.865697 6.755795, 50.834155 6.805699, 50.793931 6.836122, 50.754909 6.870217, 50.720766 6.915518, 50.690309 6.966925, 50.650133 6.997414, 50.613315 7.037046)",DECF005,#10,DECS003,127,145,156,50,57,65,-89,-71.5,-54,0,25,54.5,53.7,27.6,29.8,32.6,1503,1625,1779,0.0429,0.1065,0.0747,0.0676,0.0078,-121,31.5,33,N,INT,Leonard2014_Interplate,DS,L,6.93,6.98,7.2,7.51,7.61,15.3281,15.796,15.6026,15.5592
efsm20_cf_top.1026,"LINESTRING (51.638651 6.065837, 51.602999 6.109463, 51.569491 6.157257, 51.528367 6.18573, 51.486075 6.209345, 51.443981 6.233841, 51.400495 6.250938, 51.356775 6.266399, 51.317802 6.301678, 51.28064 6.34162, 51.250133 6.393719)",DECF006,#10,DECS004,135,154,170,50,57,65,-76,-62,-48,0,25,49.8,48.8,27.6,29.8,32.6,1373,1484,1624,0.03,0.06,0.045,0.0424,0.0105,-33,29.5,33,N,INT,Leonard2014_Interplate,DS,L,6.89,6.94,7.16,7.47,7.57,15.1333,15.5073,15.3431,15.3172
efsm20_cf_top.1027,"LINESTRING (50.761097 6.326857, 50.795825 6.272289, 50.837565 6.231492, 50.879265 6.190557, 50.911506 6.131935)",DECF007,#10,DECS005,313,323,330,50,57,65,-106,-93.5,-81,0,10.2,21.8,21.6,11.3,12.2,13.3,245,265,290,0.0076,0.0432,0.0254,0.0181,0.0049,-183,31,33,N,INT,Leonard2014_Interplate,DS,W,6.08,6.13,6.35,6.66,6.76,13.7893,14.617,14.347,14.1998
efsm20_cf_top.1028,"LINESTRING (50.71346 6.468563, 50.745997 6.417814, 50.785678 6.382152, 50.827092 6.351784)",DECF008,#10,DECS006,317,329,337,50,57,65,-102,-88,-74,0,8.6,15.2,15.1,9.5,10.3,11.2,145,156,171,0.01,0.03,0.02,0.0173,0.0059,-203,31.5,33,N,INT,Leonard2014_Interplate,DS,W,5.89,5.94,6.16,6.47,6.57,13.6786,14.2287,14.0133,13.9503
efsm20_cf_top.1029,"LINESTRING (50.700897 6.57861, 50.741804 6.54292, 50.783731 6.51032)",DECF009,#10,DECS007,333,334,336,50,57,65,-94,-81.5,-69,0,11.6,10.4,10.4,12.8,13.8,15.1,133,144,157,0.0087,0.0523,0.0305,0.0213,0.0002,-178,31.5,33,N,INT,Leonard2014_Interplate,DS,L,5.89,5.94,6.16,6.47,6.57,13.5819,14.4339,14.1604,14.0045
efsm20_cf_top.1030,"LINESTRING (50.700999 6.603686, 50.672689 6.659708, 50.638317 6.706668, 50.610789 6.763717, 50.586953 6.824723)",DECF00A,#10,DECS008,123,131,141,50,57,65,-113,-88,-63,0,22.1,20.2,20.1,24.4,26.4,28.8,493,533,583,0.0049,0.0151,0.01,0.0086,0.0033,-234,31.5,33,N,INT,Leonard2014_Interplate,DS,L,6.45,6.5,6.72,7.03,7.13,13.9015,14.4633,14.245,14.1795
efsm20_cf_top.1031,"LINESTRING (51.908636 5.312008, 51.875864 5.36513, 51.842228 5.410481, 51.806896 5.452284, 51.772855 5.49677, 51.743944 5.549863, 51.704903 5.581815, 51.67477 5.633025, 51.638482 5.672479, 51.597903 5.698907, 51.555276 5.714906, 51.513848 5.737621, 51.484707 5.790084, 51.444457 5.81769, 51.403654 5.843097, 51.364196 5.873452, 51.322141 5.892881, 51.291658 5.943126, 51.25847 5.988743, 51.22253 6.028649, 51.187841 6.071254, 51.162065 6.127681, 51.120731 6.150632, 51.077372 6.160172, 51.05531 6.220329, 51.033838 6.280995)",NLCF001,#10,NLCS001,117,143,170,50,57,65,-89,-69,-49,0,25,122,118.2,27.6,29.8,32.6,3364,3636,3980,0.07,0.1,0.085,0.0837,0.0169,-28,29.5,33,N,INT,Leonard2014_Interplate,DS,W,7.05,7.1,7.32,7.63,7.73,15.8905,16.1184,16.0085,16.0018
efsm20_cf_top.1032,"LINESTRING (50.746171 6.236377, 50.776061 6.189822, 50.810774 6.150232, 50.846122 6.112049, 50.880204 6.071049, 50.913212 6.027871, 50.942636 5.978575, 50.971286 5.928108, 50.996104 5.872733)",DECF00B,#10,NLCS002,308,320,328,50,57,65,-103,-93.5,-84,0,14.9,38,37.7,16.4,17.8,19.5,624,675,739,0.03,0.07,0.05,0.0458,0.0035,-141,30.5,33,N,INT,Leonard2014_Interplate,DS,W,6.49,6.54,6.76,7.07,7.17,14.791,15.232,15.0466,15.0085
efsm20_cf_top.1033,"LINESTRING (50.805072 6.070277, 50.839132 6.033146, 50.871962 5.993616, 50.909052 5.965041, 50.941834 5.925352)",NLCF002,#10,NLCS003,320,324,332,50,57,65,-95,-87,-79,0,18.8,18.4,18.3,20.7,22.4,24.5,381,411,450,0.01,0.02,0.015,0.0141,0.0018,-134,30.5,33,N,INT,Leonard2014_Interplate,DS,L,6.34,6.39,6.61,6.92,7.02,14.0991,14.4732,14.3089,14.282
efsm20_cf_top.1034,"LINESTRING (51.409404 5.328996, 51.430611 5.270095, 51.442832 5.205171, 51.460077 5.143229, 51.480473 5.08378, 51.507085 5.031015, 51.521645 4.967236)",NLCF003,#10,NLCS004,285,295,307,50,57,65,-115,-107.5,-100,0,25,28.2,28,27.6,29.8,32.6,778,841,921,0.04,0.05,0.045,0.0447,0.0044,-21,29.5,33,N,INT,Leonard2014_Interplate,DS,L,6.65,6.7,6.92,7.23,7.33,15.0118,15.1817,15.0967,15.0937
efsm20_cf_top.1035,"LINESTRING (51.521645 4.967236, 51.565591 4.935331, 51.611418 4.911762, 51.654045 4.875827, 51.695495 4.836444, 51.73831 4.801025, 51.782068 4.768722, 51.82782 4.744654)",NLCF004,#10,NLCS005,328,334,341,50,57,65,-90,-78,-66,0,25,37.5,37.3,27.6,29.8,32.6,1033,1117,1222,0.01,0.05,0.03,0.0224,0.0017,-4,30,33,N,INT,Leonard2014_Interplate,DS,L,6.78,6.83,7.05,7.36,7.46,14.5327,15.3047,15.0435,14.9167
efsm20_cf_top.1036,"LINESTRING (35.525409 -3.758969, 35.486573 -3.787493, 35.44774 -3.816013, 35.408991 -3.844692, 35.370279 -3.873431, 35.331573 -3.902167, 35.293914 -3.932908, 35.256342 -3.963796, 35.21769 -3.992599, 35.179043 -4.021399, 35.1404 -4.050194, 35.102004 -4.079468, 35.063832 -4.109161)",MACF004,#11,MACS901,211,212,214,60,70,80,-20,-5,10,3,14,60.4,60.4,11.2,11.7,12.7,674,707,767,0.5,1,0.75,0.7071,0.0001,-17,23,33,LL,INT,Leonard2014_Interplate,SS,W,6.12,6.17,6.39,6.7,6.8,16.0464,16.4033,16.2429,16.2173
efsm20_cf_top.1037,"LINESTRING (33.860723 -3.518955, 33.821672 -3.5476, 33.78345 -3.575637, 33.739894 -3.588055, 33.696127 -3.599348, 33.655047 -3.620713, 33.615226 -3.64527, 33.577583 -3.674352, 33.541935 -3.706841, 33.506292 -3.739324, 33.472483 -3.774503, 33.439379 -3.810617, 33.406281 -3.846725, 33.375225 -3.885337, 33.349479 -3.929181, 33.323738 -3.973016, 33.298002 -4.016843, 33.276079 -4.063529, 33.255632 -4.111154, 33.235189 -4.15877, 33.214749 -4.206377, 33.176761 -4.234674, 33.13718 -4.259647, 33.097602 -4.284617, 33.058028 -4.309585, 33.018868 -4.335455, 32.982575 -4.366699, 32.946287 -4.397939, 32.910004 -4.429174, 32.873726 -4.460404, 32.837454 -4.49163, 32.801186 -4.522852, 32.771585 -4.562793, 32.744595 -4.605259, 32.71761 -4.647716, 32.69063 -4.690166, 32.664014 -4.732923, 32.645181 -4.781156, 32.626351 -4.829381, 32.607525 -4.877597, 32.588702 -4.925805, 32.569882 -4.974004, 32.551066 -5.022195)",MACF005,#11,MACS906,192,225,246,30,42,55,40,75,110,1,15,209.2,201.9,17.1,20.9,28,3575,4376,5857,0.4,0.8,0.6,0.5657,0.0258,-1299,36.5,33,R,INT,Leonard2014_Interplate,DS,W,6.66,6.71,6.93,7.24,7.34,16.6738,17.1892,16.9378,16.9122
efsm20_cf_top.1038,"LINESTRING (33.465805 -4.372913, 33.424572 -4.396136, 33.383521 -4.419256, 33.342473 -4.442374, 33.307494 -4.476939, 33.272896 -4.512035, 33.249763 -4.558699, 33.224236 -4.60353, 33.19072 -4.640063, 33.157199 -4.676574, 33.123592 -4.71296, 33.090217 -4.749634, 33.058284 -4.788081, 33.028368 -4.828759, 33.004313 -4.874625, 32.980063 -4.920331, 32.954334 -4.964859, 32.92861 -5.009378, 32.900733 -5.052006, 32.870598 -5.092381, 32.848562 -5.139584, 32.833322 -5.190436, 32.818084 -5.24128, 32.793875 -5.28692, 32.76488 -5.328412, 32.735891 -5.369896)",MACF006,#11,MACS999,206,230,252,30,42,55,70,90,110,1,15,126.1,123.3,17.1,20.9,28,2156,2639,3531,0.04,0.07,0.055,0.0529,0.0164,-1659,35,33,R,INT,Leonard2014_Interplate,DS,W,6.66,6.71,6.93,7.24,7.34,15.4541,15.9116,15.6803,15.6634
efsm20_cf_top.1039,"LINESTRING (37.562516 21.694034, 37.545657 21.637679, 37.537725 21.577959, 37.538666 21.517419, 37.536086 21.456956, 37.528328 21.397207)",GRCF04G,#12,GR1003,249,261,271,47,60,73,-90,-90,-90,0,12,26.7,26.4,12.6,13.9,16.3,335,369,435,0.4928,1.5072,1,0.8619,0.0041,77,38,33,N,INT,Leonard2014_Interplate,DS,W,6.22,6.27,6.49,6.8,6.9,15.7367,16.3349,16.0861,16.0216
efsm20_cf_top.1040,"LINESTRING (37.394305 21.840809, 37.394221 21.775057, 37.392202 21.709373, 37.387406 21.643921)",GRCF04H,#12,GR1007,264,267,269,47,60,73,-90,-90,-90,0,12,17.4,17.4,12.6,13.9,16.3,219,241,284,0.3943,1.2057,0.8,0.6895,0.0003,-252,38,33,N,INT,Leonard2014_Interplate,DS,L,6.11,6.16,6.38,6.69,6.79,15.455,16.0531,15.8044,15.7398
efsm20_cf_top.1041,"LINESTRING (37.319844 21.575841, 37.314225 21.630223, 37.308181 21.684492, 37.305499 21.739181, 37.293505 21.791855)",GRCF04I,#12,GR1009,93,98,106,47,60,73,-90,-90,-90,0,12,19.4,19.3,12.6,13.9,16.3,244,269,316,0.1971,0.6029,0.4,0.3447,0.0015,21,37.5,33,N,INT,Leonard2014_Interplate,DS,L,6.16,6.21,6.43,6.74,6.84,15.2003,15.7985,15.5498,15.4851
efsm20_cf_top.1042,"LINESTRING (38.17319 -7.39703, 38.173888 -7.452803, 38.172242 -7.508414, 38.178343 -7.563524, 38.184444 -7.618639, 38.190547 -7.673757, 38.19697 -7.728819, 38.203905 -7.783787, 38.21084 -7.83876)",PTCF00Y,#13,PTCS001,267,275,278,30,45,60,120,135,150,1,17.5,38.9,38.8,19.1,23.3,33,742,908,1285,0.07,0.21,0.14,0.1212,0.0018,-182,29.5,33,R,SCR,Leonard2014_SCR,DS,L,6.88,6.93,7.15,7.46,7.56,15.2338,15.9495,15.6229,15.5603
efsm20_cf_top.1043,"LINESTRING (42.012 -6.712, 41.967089 -6.712057, 41.922934 -6.72308, 41.88125 -6.745537, 41.838965 -6.765848, 41.795362 -6.780279, 41.754077 -6.803983, 41.711161 -6.821719, 41.668009 -6.838382, 41.627499 -6.864324, 41.592877 -6.902582, 41.552691 -6.92938, 41.513303 -6.9582, 41.474369 -6.988085, 41.435441 -7.017966, 41.393124 -7.03802, 41.349672 -7.053144, 41.306221 -7.06826, 41.262771 -7.083376, 41.219324 -7.098492, 41.175878 -7.113607, 41.132434 -7.128721, 41.088992 -7.143833, 41.045552 -7.158947, 41.002113 -7.174059, 40.958676 -7.189171, 40.917856 -7.213958, 40.877304 -7.239487, 40.83732 -7.266526, 40.798624 -7.296641, 40.759936 -7.326758, 40.721254 -7.356871, 40.682578 -7.38698, 40.643465 -7.416073, 40.600964 -7.435191, 40.558178 -7.45316, 40.515394 -7.471125, 40.472612 -7.489089, 40.430569 -7.509836, 40.389646 -7.53413, 40.348731 -7.558432, 40.30782 -7.582731, 40.270121 -7.614729, 40.23259 -7.64738)",PTCF00Z,#13,PTCS007,179,200,218,75,82,90,-10,5,20,1,19.5,214.7,212.8,18.5,18.7,19.2,3973,4012,4113,0.05,0.4,0.225,0.1414,0.0013,-701,31.5,33,LL,SCR,Leonard2014_SCR,SS,W,6.98,7.03,7.25,7.56,7.66,15.8166,16.7347,16.474,16.2723
efsm20_cf_top.1044,"LINESTRING (40.16264 -8.3327, 40.204725 -8.310614, 40.246682 -8.288597, 40.288643 -8.26658, 40.331012 -8.245936, 40.373755 -8.226647, 40.416501 -8.207357, 40.45925 -8.188064, 40.502002 -8.168771, 40.544756 -8.149477, 40.587513 -8.130181, 40.630273 -8.110884, 40.673036 -8.091586, 40.715802 -8.072286, 40.758571 -8.052986, 40.801342 -8.033684, 40.844116 -8.01438, 40.886893 -7.995076, 40.929673 -7.97577, 40.972456 -7.956462, 41.015242 -7.937154, 41.058031 -7.917845, 41.100822 -7.898534, 41.143614 -7.879215, 41.185011 -7.855113, 41.224982 -7.827065, 41.264959 -7.799013, 41.304941 -7.770957, 41.344928 -7.742898, 41.38492 -7.714835, 41.424918 -7.686769, 41.464921 -7.658699, 41.504929 -7.630624, 41.544943 -7.602547, 41.584962 -7.574464, 41.624986 -7.546379, 41.665016 -7.518291, 41.705051 -7.490197, 41.745092 -7.462101, 41.785139 -7.434004, 41.829128 -7.420066, 41.873902 -7.428382, 41.919039 -7.431593, 41.963519 -7.420796, 42.008 -7.41)",PTCF010,#13,PTCS011,351,20,27,75,82,90,-10,5,20,1,19.5,221.2,219.3,18.5,18.7,19.2,4091,4132,4236,0.05,0.5,0.275,0.1581,0.0012,-520,31,33,LL,SCR,Leonard2014_SCR,SS,W,6.98,7.03,7.25,7.56,7.66,15.8294,16.8444,16.574,16.3336
efsm20_cf_top.1045,"LINESTRING (40.13454 -6.70976, 40.108673 -6.759117, 40.078796 -6.80236, 40.048378 -6.844935, 40.021993 -6.891857, 40.004 -6.945104, 39.985878 -6.998264, 39.960792 -7.046343, 39.952094 -7.103376, 39.94894 -7.161377, 39.935067 -7.216628, 39.906247 -7.260966, 39.877435 -7.305294, 39.848629 -7.349611, 39.81983 -7.393917, 39.791039 -7.438213, 39.76228 -7.482526, 39.737246 -7.530495, 39.717797 -7.582645, 39.698318 -7.634761, 39.669962 -7.67945, 39.629259 -7.703051, 39.58856 -7.72665)",PTCF011,#13,PTCS012,203,234,265,35,55,75,90,100,110,1,17.5,109.2,105.9,17.1,20.1,28.8,1865,2199,3141,0.01,0.04,0.025,0.02,0.0171,-302,31.5,33,R,SCR,Leonard2014_SCR,DS,W,6.98,7.03,7.25,7.56,7.66,14.7892,15.6176,15.2587,15.1618
efsm20_cf_top.1046,"LINESTRING (40.00567 -8.38154, 40.036133 -8.337212, 40.066604 -8.292873, 40.097083 -8.248524, 40.127569 -8.204163, 40.147999 -8.150823, 40.167685 -8.096991, 40.192093 -8.046561, 40.22066 -8.000006, 40.249241 -7.953445, 40.277831 -7.906873, 40.306427 -7.860288, 40.33503 -7.813691, 40.363642 -7.767083, 40.39226 -7.720462, 40.426257 -7.680529, 40.46244 -7.644042, 40.494294 -7.601126, 40.524255 -7.555893, 40.55529 -7.511911, 40.58769 -7.46965, 40.62036 -7.42705)",PTCF012,#13,PTCS018,37,49,64,45,60,75,75,90,105,1,19.5,106.5,105.9,19.2,21.4,26.2,2041,2276,2788,0.07,0.21,0.14,0.1212,0.0029,-498,31,33,R,SCR,Leonard2014_SCR,DS,W,7.05,7.1,7.32,7.63,7.73,15.6734,16.286,16.0218,15.9592
efsm20_cf_top.1047,"LINESTRING (40.03692 -8.33868, 40.081163 -8.350031, 40.125407 -8.361382, 40.169652 -8.372733, 40.213898 -8.384085, 40.258145 -8.395437, 40.302965 -8.401858, 40.347812 -8.395753, 40.392656 -8.389609, 40.4375 -8.383465, 40.482345 -8.377322, 40.52719 -8.371178, 40.572035 -8.365034, 40.616881 -8.35889, 40.661058 -8.370765, 40.704292 -8.387635, 40.747525 -8.404519, 40.79076 -8.421403, 40.833998 -8.438289, 40.877238 -8.455175, 40.92048 -8.472063, 40.963725 -8.48895, 41.003862 -8.516161, 41.037994 -8.555208, 41.072107 -8.594305, 41.106228 -8.63341, 41.14051 -8.6727)",PTCF013,#13,PTCS019,319,347,6,60,70,80,75,90,105,1,17.5,130.4,125.9,16.8,17.6,19.1,2184,2289,2484,0.02,0.4,0.21,0.0894,0.0117,-194,30.5,33,R,SCR,Leonard2014_SCR,DS,W,6.83,6.88,7.1,7.41,7.51,15.1589,16.5157,16.2004,15.8295
efsm20_cf_top.1048,"LINESTRING (39.13427 -9.36563, 39.172865 -9.334567, 39.211299 -9.303633, 39.24974 -9.272695, 39.288186 -9.241751, 39.326638 -9.210804, 39.365096 -9.179852, 39.403559 -9.148894, 39.442029 -9.117933, 39.480504 -9.086965, 39.518985 -9.055994, 39.557472 -9.025018, 39.595965 -8.994037, 39.634454 -8.963031, 39.669855 -8.926327, 39.702905 -8.886072, 39.735963 -8.845808, 39.769028 -8.805536, 39.8021 -8.765254, 39.835179 -8.724963, 39.868267 -8.684663, 39.901362 -8.644354, 39.934468 -8.60404, 39.969672 -8.566852, 40.00911 -8.537769, 40.048552 -8.50868, 40.088007 -8.479604, 40.131946 -8.465204, 40.176903 -8.457943, 40.221861 -8.450681, 40.266819 -8.443417, 40.311008 -8.430358, 40.34783 -8.39575)",PTCF014,#13,PTCS020,7,31,43,60,70,80,15,47.5,80,1,17.5,161.2,158.4,16.8,17.6,19.1,2701,2831,3071,0.01,0.3,0.155,0.0548,0.006,-108,28.5,33,R,SCR,Leonard2014_SCR,DS,W,6.83,6.88,7.1,7.41,7.51,14.95,16.483,16.1607,15.7092
efsm20_cf_top.1049,"LINESTRING (38.71319 -9.10977, 38.757181 -9.091709, 38.803021 -9.084403, 38.845714 -9.06177, 38.88653 -9.033991, 38.927349 -9.006204, 38.97086 -8.986265, 39.01229 -8.959985, 39.05391 -8.93357)",PTCF015,#13,PTCS022,7,22,28,60,70,80,10,45,80,1,18.5,41.1,40.8,17.8,18.6,20.2,731,766,831,0.08,0.33,0.205,0.1625,0.0023,-34,28,33,R,SCR,Leonard2014_SCR,DS,L,6.8,6.85,7.07,7.38,7.48,15.2853,15.9565,15.7143,15.6134
efsm20_cf_top.1050,"LINESTRING (38.51857 -8.87871, 38.562741 -8.891581, 38.606914 -8.904453, 38.651236 -8.916465, 38.695772 -8.927098, 38.739744 -8.941077, 38.779128 -8.969789, 38.812868 -9.008581, 38.84668 -9.04749)",PTCF016,#13,PTCS031,318,338,349,60,70,80,-15,0,15,1,18.5,40.3,39.3,17.8,18.6,20.2,716,751,815,0.01,0.1,0.055,0.0316,0.0085,-25,28,33,LL,SCR,Leonard2014_SCR,SS,L,6.77,6.82,7.04,7.35,7.45,14.3736,15.4295,15.1344,14.8937
efsm20_cf_top.1051,"LINESTRING (37.03416 -8.89922, 37.076173 -8.881441, 37.11987 -8.873055, 37.162805 -8.859854, 37.205134 -8.84386, 37.24637 -8.823851, 37.289021 -8.809248, 37.331673 -8.794644, 37.374092 -8.778997, 37.416385 -8.762804, 37.45868 -8.74661)",PTCF017,#13,PTCS035,9,16,21,60,70,80,30,45,60,1,20.5,49.2,49.1,19.8,20.8,22.5,974,1020,1107,0.01,0.1,0.055,0.0316,0.0005,-83,29.5,33,R,INT,Leonard2014_Interplate,DS,W,6.66,6.71,6.93,7.24,7.34,14.5069,15.5627,15.2676,15.027
efsm20_cf_top.1052,"LINESTRING (38.92 -8.55, 38.879995 -8.499994, 38.84 -8.45)",PTCF018,#13,PTCS044,135,135,135,60,70,80,-100,-55,-10,1,13,12.4,12.4,12.2,12.8,13.9,151,159,172,0.15,0.33,0.24,0.2225,0,-72,29.5,33,N,SCR,Leonard2014_SCR,DS,L,6.12,6.17,6.39,6.7,6.8,14.8743,15.2725,15.0988,15.0659
efsm20_cf_top.1053,"LINESTRING (39.32 -8.996, 39.274287 -8.997143, 39.228574 -8.998286, 39.182861 -8.999428, 39.137139 -8.999428, 39.091426 -8.998286, 39.045713 -8.997143, 39 -8.996)",PTCF019,#13,PTCS045,179,180,181,60,70,80,30,45,60,1,18.5,35.6,35.6,17.8,18.6,20.2,632,663,719,0.3,0.33,0.315,0.3146,0.0001,-114,28.5,33,R,SCR,Leonard2014_SCR,DS,L,6.74,6.79,7.01,7.32,7.42,15.7966,15.8938,15.8382,15.8376
efsm20_cf_top.1054,"LINESTRING (37.15312 -8.76495, 37.119923 -8.794822, 37.090516 -8.83026, 37.0613 -8.86593)",PTCF01A,#13,PTCS048,216,221,224,60,70,80,-60,-45,-30,1,8,13.6,13.6,7.1,7.4,8.1,97,101,110,0.02,0.1,0.06,0.0447,0.0008,-60,29,33,N,INT,Leonard2014_Interplate,DS,W,5.7,5.7,5.81,6.12,6.22,13.8053,14.56,14.3027,14.1749
efsm20_cf_top.1055,"LINESTRING (37.17053 -8.59228, 37.147676 -8.641332, 37.124837 -8.690377, 37.103307 -8.740329, 37.081781 -8.79027, 37.06026 -8.8402)",PTCF01B,#13,PTCS049,239,241,242,60,70,80,-150,-135,-120,1,20.5,25.2,25.2,19.8,20.8,22.5,498,522,567,0.01,0.1,0.055,0.0316,0.0001,-28,29.5,33,N,INT,Leonard2014_Interplate,DS,L,6.45,6.5,6.72,7.03,7.13,14.2162,15.272,14.9769,14.7362
efsm20_cf_top.1057,"LINESTRING (36.626 -8.558, 36.672127 -8.556575, 36.718254 -8.55515, 36.764381 -8.553725, 36.810508 -8.552301, 36.856635 -8.550876, 36.902762 -8.549451, 36.948889 -8.548026, 36.995016 -8.546601, 37.041143 -8.545176, 37.08727 -8.543752, 37.133408 -8.544468, 37.179402 -8.549075, 37.22543 -8.55369)",PTCF01D,#13,PTCS051,355,0,1,75,82,90,-15,0,15,1,12,66.7,66.7,11,11.1,11.4,734,741,760,0.01,0.1,0.055,0.0316,0.0001,411,27.5,33,LL,INT,Leonard2014_Interplate,SS,W,6.07,6.12,6.34,6.65,6.75,14.384,15.3991,15.1287,14.888
efsm20_cf_top.1058,"LINESTRING (37.08077 -8.26313, 37.100883 -8.308421, 37.121 -8.353721, 37.14112 -8.39903)",PTCF01E,#13,PTCS052,299,299,299,60,70,80,75,90,105,1,15,13.8,13.8,14.2,14.9,16.2,196,205,223,0.02,0.1,0.06,0.0447,0,-33,30.5,33,R,INT,Leonard2014_Interplate,DS,L,6.04,6.09,6.31,6.62,6.72,14.112,14.8668,14.6095,14.4816
efsm20_cf_top.1059,"LINESTRING (37.0833 -8.26155, 37.139649 -8.256775, 37.196 -8.252)",PTCF01F,#13,PTCS053,3,3,3,75,82,90,-5,10,25,1,10,12.6,12.6,9,9.1,9.3,113,114,117,0.01,0.2,0.105,0.0447,0,-63,30.5,33,LL,INT,Leonard2014_Interplate,SS,L,5.78,5.83,6.05,6.36,6.46,13.5718,14.8878,14.5972,14.2263
efsm20_cf_top.1060,"LINESTRING (37.46249 -8.48752, 37.425739 -8.454886, 37.388998 -8.422261, 37.352263 -8.389641, 37.315534 -8.357027, 37.278811 -8.324417, 37.242094 -8.291813, 37.205382 -8.259215, 37.168677 -8.226621, 37.132843 -8.19255, 37.101053 -8.152676, 37.06927 -8.11281)",PTCF01G,#13,PTCS054,134,142,144,60,70,80,120,135,150,1,20.5,55,54.9,19.8,20.8,22.5,1089,1141,1238,0.01,0.1,0.055,0.0316,0.0007,-111,31,33,R,INT,Leonard2014_Interplate,DS,W,6.66,6.71,6.93,7.24,7.34,14.5555,15.6113,15.3162,15.0756
efsm20_cf_top.1061,"LINESTRING (37.05833 -8.08648, 37.098564 -8.051491, 37.127979 -8.002395, 37.151987 -7.948855, 37.17611 -7.89503)",PTCF01H,#13,PTCS055,34,52,60,60,70,80,30,45,60,1,20.5,21.8,21.4,19.8,20.8,22.5,432,453,491,0.01,0.1,0.055,0.0316,0.0058,-168,30.5,33,R,INT,Leonard2014_Interplate,DS,L,6.38,6.43,6.65,6.96,7.06,14.1538,15.2096,14.9145,14.6739
efsm20_cf_top.1062,"LINESTRING (37.13159 -8.16665, 37.13505 -8.108139, 37.13851 -8.049626, 37.14197 -7.99111)",PTCF01I,#13,PTCS056,85,85,85,60,70,80,-60,-45,-30,1,20.5,15.6,15.6,19.8,20.8,22.5,309,324,351,0.01,0.1,0.055,0.0316,0,-142,30.5,33,N,INT,Leonard2014_Interplate,DS,L,6.24,6.29,6.51,6.82,6.92,14.0084,15.0642,14.7691,14.5285
efsm20_cf_top.1063,"LINESTRING (37.04374 -7.83856, 37.071157 -7.793257, 37.098581 -7.747943, 37.126011 -7.702619, 37.148796 -7.653398, 37.164107 -7.599806, 37.179414 -7.546201, 37.194725 -7.492587, 37.21005 -7.43892)",PTCF01J,#13,PTCS057,52,62,69,75,82,90,-165,180,165,1,20.5,40.4,40,19.5,19.7,20.2,787,795,815,0.02,0.1,0.06,0.0447,0.0014,-41,30,33,RL,INT,Leonard2014_Interplate,SS,L,6.62,6.67,6.89,7.2,7.3,14.7156,15.4296,15.197,15.0691
efsm20_cf_top.1064,"LINESTRING (35.962 -9.456, 35.956811 -9.401106, 35.951623 -9.346215, 35.946435 -9.291328, 35.941247 -9.236445, 35.936059 -9.181565, 35.930872 -9.126688, 35.925685 -9.071815, 35.920499 -9.016946, 35.915313 -8.96208, 35.910127 -8.907218, 35.904942 -8.852359, 35.899757 -8.797504, 35.894572 -8.742653, 35.889388 -8.687805, 35.884203 -8.63296, 35.87902 -8.578119, 35.873836 -8.523281, 35.868653 -8.468447, 35.86347 -8.413616, 35.858288 -8.358789, 35.853106 -8.303966, 35.847924 -8.249146, 35.842742 -8.19433, 35.837561 -8.139517, 35.832381 -8.084708, 35.8272 -8.0299)",PTCF01K,#13,PTCS907,96,97,97,80,85,90,-170,180,170,3,19.5,129.3,129.3,16.5,16.6,16.8,2134,2142,2167,0.2,1.5,0.85,0.5477,0,3003,19.5,33,RL,INT,Leonard2014_Interplate,SS,W,6.5,6.55,6.77,7.08,7.18,16.1487,17.0304,16.7788,16.5879
efsm20_cf_top.1065,"LINESTRING (39.443376 -8.398757, 39.40173 -8.418951, 39.362607 -8.446308, 39.322567 -8.471335, 39.284105 -8.500189, 39.244959 -8.527447, 39.213234 -8.56768, 39.177703 -8.602192, 39.134862 -8.617581, 39.093706 -8.6393, 39.050744 -8.654105, 39.009354 -8.675047, 38.974047 -8.709836, 38.942122 -8.749653, 38.914748 -8.795805)",PTCF01L,#13,PTCS999,195,210,233,70,80,90,-5,0,5,0,18.5,69.3,68,18.5,18.8,19.7,1282,1302,1364,0.14,0.85,0.495,0.345,0.0032,-55,29.5,33,LL,SCR,Leonard2014_SCR,SS,W,6.99,7.04,7.26,7.57,7.67,15.7726,16.5829,16.3277,16.1709
efsm20_cf_top.1066,"LINESTRING (38.843831 -9.038284, 38.885935 -9.014649, 38.925835 -8.986809, 38.962851 -8.953006, 38.99986 -8.919173, 39.035251 -8.882566, 39.067164 -8.840981, 39.09685 -8.796725, 39.133044 -8.761395, 39.173859 -8.735745, 39.212984 -8.706023, 39.252543 -8.677259, 39.282179 -8.632831, 39.319408 -8.599244, 39.358007 -8.568333, 39.397974 -8.540467, 39.436297 -8.508954, 39.471434 -8.471715, 39.498579 -8.424559)",PTCF01M,#13,PTCS998,24,36,53,70,80,90,-5,0,5,0,18.5,90.9,90,18.5,18.8,19.7,1682,1708,1790,0.14,0.85,0.495,0.345,0.0018,-29,29.5,33,LL,SCR,Leonard2014_SCR,SS,W,6.99,7.04,7.26,7.57,7.67,15.8905,16.7008,16.4457,16.2889
efsm20_cf_top.1067,"LINESTRING (36.965 -14.11, 36.933939 -14.067742, 36.902849 -14.025446, 36.872042 -13.982844, 36.842166 -13.939237, 36.812297 -13.895639, 36.782435 -13.852051, 36.752579 -13.808473, 36.72273 -13.764905, 36.691753 -13.722597, 36.660572 -13.680538, 36.629397 -13.63849, 36.59823 -13.59645, 36.57152 -13.549909, 36.546805 -13.501705, 36.522095 -13.453512, 36.497391 -13.405331, 36.472693 -13.35716, 36.448 -13.309)",UNCF01X,#13,PT51,122,128,132,80,85,90,180,180,180,4,17.5,91.9,91.7,13.5,13.6,13.7,1241,1246,1260,2,3.2,2.6,2.5298,0.0002,3163,17.5,33,RL,INT,Leonard2014_Interplate,SS,W,6.28,6.33,6.55,6.86,6.96,16.9134,17.1241,17.029,17.0171
efsm20_cf_top.1068,"LINESTRING (36.264 -12.437, 36.247071 -12.384067, 36.230115 -12.33105, 36.213162 -12.278043, 36.196213 -12.225045, 36.178724 -12.172328, 36.161113 -12.119686, 36.143505 -12.067054, 36.125901 -12.014432, 36.1083 -11.96182, 36.095541 -11.907119, 36.086283 -11.851358, 36.077027 -11.795603, 36.067771 -11.739854, 36.058517 -11.684112, 36.053074 -11.627611, 36.047859 -11.571081, 36.042643 -11.514555, 36.037429 -11.458033, 36.032214 -11.401515, 36.027 -11.345)",PTCF01N,#13,PT52,98,107,114,80,85,90,180,180,180,4,18,102.3,101.5,14,14.1,14.2,1432,1438,1454,2,3.2,2.6,2.5298,0.0006,4191,18,33,RL,INT,Leonard2014_Interplate,SS,W,6.32,6.37,6.59,6.9,7,16.9755,17.1863,17.0911,17.0792
efsm20_cf_top.1069,"LINESTRING (36.758112 -9.702941, 36.789613 -9.666252, 36.819725 -9.627606, 36.839121 -9.579413, 36.858521 -9.531211, 36.885614 -9.489185, 36.918019 -9.453505, 36.948038 -9.414679, 36.969045 -9.367472, 36.990057 -9.320255)",PTCF01O,#13,PT07,42,53,64,24,30,36,90,90,90,5,13.5,43.2,42.7,14.4,17,21.1,620,734,914,0.46,0.89,0.675,0.6398,0.0099,2240,22.5,33,R,INT,Leonard2014_Interplate,DS,W,6.44,6.49,6.71,7.02,7.12,15.9738,16.4286,16.2137,16.1905
efsm20_cf_top.1070,"LINESTRING (35.288 -9.658, 35.272434 -9.606455, 35.256869 -9.554915, 35.241307 -9.503384, 35.225747 -9.451862, 35.210191 -9.400348, 35.194636 -9.348843, 35.179543 -9.297143, 35.166456 -9.244637, 35.153371 -9.19214, 35.140288 -9.13965, 35.127207 -9.087168, 35.114128 -9.034693, 35.101051 -8.982227, 35.087429 -8.929978, 35.073708 -8.877776, 35.05999 -8.825581, 35.046273 -8.773395, 35.032559 -8.721217, 35.018846 -8.669047, 35.004484 -8.617148, 34.989477 -8.56553, 34.974472 -8.513922, 34.95947 -8.462321, 34.944471 -8.410729, 34.929473 -8.359145, 34.914846 -8.307411, 34.900699 -8.25549, 34.886555 -8.203576, 34.872413 -8.15167, 34.858273 -8.099772, 34.844136 -8.047882, 34.83 -7.996)",MACF007,#13,PT14,107,109,111,80,85,90,135,157.5,180,3.5,21,159.7,159.6,17.5,17.6,17.8,2794,2805,2837,0.26,0.31,0.285,0.2839,0,3331,21,33,RL,INT,Leonard2014_Interplate,SS,L,7.17,7.22,7.44,7.75,7.85,16.3797,16.4627,16.4212,16.4195
efsm20_cf_top.1071,"LINESTRING (38.470694 -0.15537, 38.453464 -0.207132, 38.436188 -0.258934, 38.418889 -0.31071, 38.401568 -0.362461, 38.38319 -0.413602, 38.362444 -0.463235, 38.340506 -0.512011, 38.323505 -0.563878, 38.315718 -0.619198, 38.315056 -0.675392, 38.31591 -0.731582, 38.302372 -0.785065, 38.277495 -0.83145, 38.255544 -0.88016, 38.238987 -0.932201, 38.22348 -0.98475, 38.208473 -1.037524)",ESCF00K,#14,ES600ES604ES599,234,248,270,51,65,79,80,80,80,0.5,15,83.3,82.3,14.8,16,18.6,1233,1333,1547,0.0276,0.0844,0.056,0.0483,0.0054,-114,23,33,R,INT,Leonard2014_Interplate,DS,W,6.37,6.42,6.64,6.95,7.05,15.0503,15.6345,15.3917,15.3275
efsm20_cf_top.1072,"LINESTRING (38.163222 -1.27188, 38.143083 -1.32167, 38.133964 -1.376437, 38.122997 -1.430644, 38.107284 -1.482921, 38.088719 -1.533654, 38.068734 -1.583495, 38.048752 -1.633324, 38.027871 -1.68254, 38.006605 -1.731476, 37.985846 -1.780748, 37.966018 -1.830619, 37.947051 -1.881012, 37.929284 -1.932091, 37.914839 -1.984816, 37.901761 -2.038101, 37.888634 -2.091356, 37.876032 -2.144806, 37.862575 -2.197911, 37.849749 -2.251282)",ESCF00L,#14,ES602ES603ES601,240,247,257,79,90,90,30,30,30,0,15,93,92.6,15,15,15.3,1395,1395,1420,0.0567,0.1733,0.115,0.0991,0,-738,26.5,33,LL,INT,Leonard2014_Interplate,SS,W,6.39,6.44,6.66,6.97,7.07,15.4168,15.9098,15.7239,15.6593
efsm20_cf_top.1073,"LINESTRING (38.266755 -1.712842, 38.285089 -1.660382, 38.301039 -1.606662, 38.318908 -1.55392, 38.346102 -1.508087, 38.382703 -1.474527, 38.422356 -1.447168, 38.458925 -1.413515, 38.492382 -1.374923, 38.517425 -1.327027, 38.53343 -1.27316, 38.554716 -1.222354, 38.579382 -1.174096, 38.606018 -1.127567, 38.634493 -1.082837, 38.661231 -1.036368, 38.692029 -0.994194)",ESCF00M,#14,ES605ES606ES607,27,52,68,79,90,90,30,32.5,35,0,11,80.2,78.4,11,11,11.2,882,882,898,0.017,0.1,0.0585,0.0412,0,-553,25.5,33,LL,INT,Leonard2014_Interplate,SS,W,6.06,6.11,6.33,6.64,6.74,14.6945,15.4718,15.2312,15.079
efsm20_cf_top.1074,"LINESTRING (38.730805 -0.948442, 38.76227 -0.905879, 38.788063 -0.857429, 38.812147 -0.807535, 38.839752 -0.760722, 38.866814 -0.713373, 38.890181 -0.662865, 38.914429 -0.613028, 38.941997 -0.566111, 38.967918 -0.517651, 38.985878 -0.46354, 39.006882 -0.41126, 39.035722 -0.365565, 39.051019 -0.310066, 39.06628 -0.254538, 39.090903 -0.205642)",ESCF00N,#14,ES608ES634,45,57,69,79,90,90,0,15,30,0,15,76.2,75.7,15,15,15.3,1144,1144,1164,0.05,0.1,0.075,0.0707,0,-354,23.5,33,LL,INT,Leonard2014_Interplate,SS,W,6.39,6.44,6.66,6.97,7.07,15.2757,15.5845,15.4518,15.4262
efsm20_cf_top.1075,"LINESTRING (37.600682 -1.412731, 37.585343 -1.359663, 37.571035 -1.30615, 37.558755 -1.25185, 37.547274 -1.197281, 37.538103 -1.142029, 37.528567 -1.086883, 37.518679 -1.031842, 37.515285 -0.975575, 37.513996 -0.919171, 37.511121 -0.862861, 37.514815 -0.806626, 37.51641 -0.750232, 37.522245 -0.694283, 37.538879 -0.641885, 37.559907 -0.592047, 37.577853 -0.540316, 37.593116 -0.487219, 37.603324 -0.432216, 37.613287 -0.377133, 37.627504 -0.323552, 37.640576 -0.269576)",ESCF00O,#14,ME029ME030ME031,61,86,109,79,90,90,0,0,180,0,8,104.5,100.8,8,8,8.1,836,836,851,0.0246,0.0754,0.05,0.0431,0,242,25,33,LL,INT,Leonard2014_Interplate,SS,W,5.71,5.76,5.98,6.29,6.39,14.8317,15.3259,15.1397,15.0752
efsm20_cf_top.1076,"LINESTRING (42.66453 0.675921, 42.660369 0.741217, 42.665111 0.806353, 42.663441 0.871771, 42.658907 0.936932, 42.645668 0.999852)",ESCF00P,#14,ES001ES002,86,96,107,63,80,90,-90,-90,-90,0,11,26.8,26.6,11,11.2,12.3,294,299,330,0.0345,0.1055,0.07,0.0603,0.0013,-2091,47.5,33,N,INT,Leonard2014_Interplate,DS,W,5.98,6.03,6.25,6.56,6.66,14.5253,15.0601,14.8393,14.7745
efsm20_cf_top.1077,"LINESTRING (37.030042 -2.326611, 37.029365 -2.266672, 37.034134 -2.207025, 37.029813 -2.147323, 37.022393 -2.088106, 37.021379 -2.028233)",ESCF00Q,#14,ES636ES635,84,92,98,40,60,80,80,107.5,135,0,10,26.6,26.5,10.2,11.5,15.6,270,307,414,0.24,0.25,0.245,0.2449,0.0018,-568,27,33,R,INT,Leonard2014_Interplate,DS,W,6.02,6.07,6.29,6.6,6.7,15.3303,15.5333,15.3951,15.3949
efsm20_cf_top.1078,"LINESTRING (41.396133 -1.445378, 41.425585 -1.465172, 41.457024 -1.477317)",ESCF00R,#14,ES417ES416ES415,332,338,343,55,70,85,-90,-90,-90,0,15,7.3,7.3,15.1,16,18.2,110,117,133,0.0552,0.1688,0.112,0.0965,0.0015,-651,30.5,33,N,SCR,Leonard2014_SCR,DS,L,5.98,6.03,6.25,6.56,6.66,14.3021,14.8708,14.6346,14.5699
efsm20_cf_top.1079,"LINESTRING (38.2251 -1.4008, 38.220868 -1.459434, 38.218647 -1.518245, 38.220289 -1.577087, 38.224471 -1.635727, 38.229795 -1.69422, 38.238044 -1.752166, 38.255228 -1.806852, 38.280227 -1.856425, 38.304446 -1.906639, 38.325267 -1.959285, 38.347074 -2.011295, 38.371148 -2.061668, 38.396775 -2.110797, 38.424436 -2.158113, 38.452536 -2.205024, 38.48053 -2.252197)",ESCF00S,#14,ES729ES728,264,290,307,75,80,85,90,135,180,0,15,82.3,79.5,15.1,15.2,15.5,1239,1254,1278,0.0493,0.1507,0.1,0.0862,0.0059,-587,27,33,R,INT,Leonard2014_Interplate,DS,W,6.32,6.37,6.59,6.9,7,15.3045,15.8032,15.6167,15.5522
efsm20_cf_top.1080,"LINESTRING (36.922013 -3.959368, 36.928347 -4.012261, 36.942268 -4.062975, 36.956183 -4.1137, 36.964825 -4.166236)",ESCF00T,#14,ES681ES673,279,285,290,60,67,75,-102,-96,-90,0,10,19.1,19,10.4,10.9,11.5,197,207,220,0.129,0.413,0.271,0.2308,0.0012,-1106,26,33,N,INT,Leonard2014_Interplate,DS,W,5.95,6,6.22,6.53,6.63,14.9241,15.4769,15.2674,15.1977
efsm20_cf_top.1081,"LINESTRING (41.164021 -1.489551, 41.133105 -1.447372, 41.099037 -1.409692, 41.063534 -1.374442, 41.027128 -1.340871, 40.987495 -1.314512, 40.946503 -1.292113, 40.906567 -1.2666, 40.866298 -1.242036, 40.822063 -1.237899, 40.777723 -1.237084, 40.733605 -1.231168)",ESCF00U,#14,ES401ES402ES403ES408,133,155,178,60,67,75,-90,-90,-90,0,15,54.2,52.5,15.5,16.3,17.3,842,884,939,0.02,0.06,0.04,0.0346,0.0122,-989,29.5,33,N,SCR,Leonard2014_SCR,DS,W,6.75,6.8,7.02,7.33,7.43,14.745,15.2695,15.0669,15.004
efsm20_cf_top.1082,"LINESTRING (41.247683 -1.320767, 41.281638 -1.354405, 41.314375 -1.390134, 41.346021 -1.427582, 41.376492 -1.46674, 41.405457 -1.507869)",ESCF00V,#14,ES414ES413,312,317,322,55,70,85,-90,-90,-90,0,15,23.5,23.5,15.1,16,18.2,355,376,429,0.0552,0.1688,0.112,0.0965,0.0006,-873,30.5,33,N,SCR,Leonard2014_SCR,DS,L,6.49,6.54,6.76,7.07,7.17,14.8101,15.3788,15.1426,15.0779
efsm20_cf_top.1083,"LINESTRING (40.439663 -1.207335, 40.413964 -1.16138, 40.384481 -1.119545, 40.342942 -1.103005, 40.300691 -1.090824)",ESCF00W,#14,ES412ES808,125,146,166,60,64,68,-90,-82.5,-75,0,13.5,19.3,18.3,14.6,15,15.6,281,290,301,0.061,0.225,0.143,0.1172,0.0217,-1013,28,33,N,SCR,Leonard2014_SCR,DS,L,6.36,6.41,6.63,6.94,7.04,14.7524,15.3488,15.1359,15.0495
efsm20_cf_top.1084,"LINESTRING (40.632955 -0.95338, 40.591966 -0.94703, 40.551646 -0.935436, 40.510996 -0.926032)",ESCF00X,#14,ES404,166,169,172,47,60,73,-90,-90,-90,0,15,13.8,13.8,15.7,17.3,20.4,216,238,281,0.069,0.211,0.14,0.1207,0.0004,-1297,28.5,33,N,SCR,Leonard2014_SCR,DS,L,6.3,6.35,6.57,6.88,6.98,14.6927,15.2908,15.0421,14.9776
efsm20_cf_top.1085,"LINESTRING (41.242998 -1.66536, 41.27379 -1.701399, 41.307788 -1.732296)",ESCF00Y,#14,ES405,318,321,325,47,60,73,-90,-90,-90,0,15,9.1,9.1,15.7,17.3,20.4,144,158,186,0.0246,0.0754,0.05,0.0431,0.0009,-734,30.5,33,N,SCR,Leonard2014_SCR,DS,L,6.12,6.17,6.39,6.7,6.8,14.0667,14.6659,14.4169,14.3524
efsm20_cf_top.1086,"LINESTRING (41.311583 -1.762054, 41.281315 -1.725461, 41.247346 -1.695179, 41.212934 -1.665811, 41.180212 -1.633311)",ESCF00Z,#14,ES406,137,143,146,47,60,73,-90,-90,-90,0,15,18.2,18.1,15.7,17.3,20.4,286,315,371,0.0591,0.1809,0.12,0.1034,0.001,-806,30.5,33,N,SCR,Leonard2014_SCR,DS,L,6.42,6.47,6.69,7,7.1,14.7462,15.3448,15.0959,15.0313
efsm20_cf_top.1087,"LINESTRING (40.711631 -1.292802, 40.671706 -1.259611, 40.629623 -1.231421, 40.58893 -1.199908)",ESCF010,#14,ES407,147,149,152,47,60,73,-90,-90,-90,0,15,15.7,15.7,15.7,17.3,20.4,248,273,321,0.0197,0.0603,0.04,0.0345,0.0004,-1151,29,33,N,SCR,Leonard2014_SCR,DS,L,6.36,6.41,6.63,6.94,7.04,14.2066,14.8052,14.5563,14.4921
efsm20_cf_top.1088,"LINESTRING (40.376323 -1.043733, 40.371075 -0.996092)",ESCF011,#14,ES409,97,97,97,47,60,73,-90,-90,-90,0,15,4.1,4.1,15.7,17.3,20.4,64,71,83,0.0246,0.0754,0.05,0.0431,0,-1146,27.5,33,N,SCR,Leonard2014_SCR,DS,L,5.77,5.82,6.04,6.35,6.45,13.7163,14.3155,14.0665,14.002
efsm20_cf_top.1089,"LINESTRING (40.673689 -1.381288, 40.678874 -1.449497)",ESCF012,#14,ES410,275,275,275,47,60,73,-90,-90,-90,0,15,5.8,5.8,15.7,17.3,20.4,91,100,118,0.0148,0.0452,0.03,0.0259,0,-1090,29,33,N,SCR,Leonard2014_SCR,DS,L,5.92,5.97,6.19,6.5,6.6,13.6472,14.2448,13.9962,13.9324
efsm20_cf_top.1090,"LINESTRING (40.254637 -1.039865, 40.222513 -1.051053)",ESCF013,#14,ES411,194,194,194,47,60,73,-90,-90,-90,0,15,3.7,3.7,15.7,17.3,20.4,58,64,75,0.0049,0.0151,0.01,0.0086,0,-1180,27,33,N,SCR,Leonard2014_SCR,DS,L,5.73,5.78,6,6.31,6.41,12.9729,13.5744,13.3248,13.2593
efsm20_cf_top.1091,"LINESTRING (36.668888 -4.645913, 36.626621 -4.708054)",ESCF014,#14,ES718,231,231,231,71,90,90,-90,-90,-90,0,8,7.3,7.3,8,8,8.5,58,58,61,0.0246,0.0754,0.05,0.0431,0,-255,24,33,N,INT,Leonard2014_Interplate,DS,L,5.7,5.7,5.76,6.07,6.17,13.674,14.1845,13.982,13.9175
efsm20_cf_top.1092,"LINESTRING (36.591183 -4.66207, 36.634881 -4.632961, 36.673623 -4.594409)",ESCF015,#14,ES717,29,34,40,71,90,90,-90,-90,-90,0,8,11,11,8,8,8.5,88,88,93,0.0246,0.0754,0.05,0.0431,0,-276,23.5,33,N,INT,Leonard2014_Interplate,DS,W,5.7,5.7,5.89,6.2,6.3,13.8548,14.3653,14.1628,14.0984
efsm20_cf_top.1093,"LINESTRING (37.123893 -3.775708, 37.103149 -3.718768, 37.087965 -3.659151)",ESCF016,#14,ES712,108,112,115,47,60,73,-70,-70,-70,0,11,11.1,11.1,11.5,12.7,14.9,128,141,166,0.2425,0.7415,0.492,0.424,0.0009,-760,30,33,N,INT,Leonard2014_Interplate,DS,L,5.88,5.93,6.15,6.46,6.56,15.0103,15.6085,15.3597,15.2951
efsm20_cf_top.1094,"LINESTRING (36.9137 -3.5976, 36.9282 -3.6649)",ESCF017,#14,ES675,285,285,285,40,50,61,-90,-90,-90,0,5,6.2,6.2,5.7,6.5,7.9,36,40,49,0.0902,0.2758,0.183,0.1577,0,-983,27.5,33,N,INT,Leonard2014_Interplate,DS,L,5.7,5.7,5.7,5.92,6.02,14.0251,14.6467,14.3878,14.3232
efsm20_cf_top.1095,"LINESTRING (37.047496 -3.641084, 37.015654 -3.58173, 36.975196 -3.531187)",ESCF018,#14,ES666,124,130,135,40,50,61,-90,-90,-90,0,6,12.7,12.6,6.7,7.7,9.2,85,98,116,0.2267,0.6933,0.46,0.3965,0.003,-1011,29.5,33,N,INT,Leonard2014_Interplate,DS,W,5.7,5.7,5.85,6.16,6.26,14.8059,15.4251,15.1707,15.1062
efsm20_cf_top.1096,"LINESTRING (37.104942 -3.595234, 37.075287 -3.568279, 37.048943 -3.536431)",ESCF019,#14,ES664,136,140,144,47,60,73,-90,-90,-90,0,10,8.1,8.1,10.5,11.5,13.6,85,94,111,0.1878,0.5742,0.381,0.3284,0.0012,-1073,31,33,N,INT,Leonard2014_Interplate,DS,L,5.7,5.75,5.97,6.28,6.38,14.7234,15.3214,15.0727,15.0082
efsm20_cf_top.1097,"LINESTRING (37.104696 -3.647084, 37.137511 -3.673633, 37.170261 -3.70032, 37.202496 -3.727982)",ESCF01A,#14,ES656,326,327,328,47,60,73,-90,-90,-90,0,8,13,13,8.4,9.2,10.9,109,120,142,0.1138,0.3482,0.231,0.1991,0,-674,31,33,N,INT,Leonard2014_Interplate,DS,W,5.78,5.83,6.05,6.36,6.46,14.6129,15.2113,14.9625,14.898
efsm20_cf_top.1098,"LINESTRING (37.260896 -3.78348, 37.214096 -3.751281)",ESCF01B,#14,ES648,152,152,152,40,50,61,-90,-90,-90,0,5,5.9,5.9,5.7,6.5,7.9,34,39,47,0.0646,0.1974,0.131,0.1129,0,-608,31.5,33,N,INT,Leonard2014_Interplate,DS,L,5.7,5.7,5.7,5.9,6,13.8613,14.4826,14.2238,14.1592
efsm20_cf_top.1099,"LINESTRING (37.263096 -3.774081, 37.216896 -3.731982)",ESCF01C,#14,ES644,144,144,144,40,50,61,-90,-90,-90,0,5,6.3,6.3,5.7,6.5,7.9,36,41,50,0.0646,0.1974,0.131,0.1129,0,-619,31.5,33,N,INT,Leonard2014_Interplate,DS,L,5.7,5.7,5.7,5.93,6.03,13.8906,14.5119,14.253,14.1885
efsm20_cf_top.1100,"LINESTRING (37.263296 -3.757281, 37.230489 -3.724421, 37.199496 -3.688883)",ESCF01D,#14,ES646,138,140,142,47,60,73,-90,-90,-90,0,10,9.3,9.3,10.5,11.5,13.6,98,108,127,0.2277,0.6963,0.462,0.3982,0.0003,-633,32,33,N,INT,Leonard2014_Interplate,DS,L,5.76,5.81,6.03,6.34,6.44,14.8662,15.4644,15.2156,15.1511
efsm20_cf_top.1101,"LINESTRING (37.254797 -3.844679, 37.267696 -3.757281)",ESCF01E,#14,ES641,80,80,80,66,75,84,0,0,0,0,10,7.9,7.9,10.1,10.4,10.9,79,81,86,0.2947,0.9013,0.598,0.5154,0,-650,31.5,33,LL,INT,Leonard2014_Interplate,SS,L,5.7,5.7,5.9,6.21,6.31,14.8861,15.4084,15.206,15.1415
efsm20_cf_top.1102,"LINESTRING (37.14145 -3.489294, 37.101349 -3.532293)",ESCF01F,#14,ES662,221,221,221,57,65,73,-35,-35,-35,0,10,5.9,5.9,10.5,11,11.9,61,65,70,0.2371,0.7249,0.481,0.4146,0,-1190,32,33,LL,INT,Leonard2014_Interplate,SS,L,5.7,5.7,5.8,6.11,6.21,14.6817,15.2226,15.0118,14.9473
efsm20_cf_top.1103,"LINESTRING (37.250268 -3.631908, 37.21455 -3.585987, 37.174168 -3.546609)",ESCF01G,#14,ES653,135,139,143,47,60,73,-90,-90,-90,0,8,11.4,11.3,8.4,9.2,10.9,95,105,124,0.1991,0.6089,0.404,0.3482,0.0012,-795,32.5,33,N,INT,Leonard2014_Interplate,DS,L,5.75,5.8,6.02,6.33,6.43,14.7968,15.3949,15.1462,15.0816
efsm20_cf_top.1104,"LINESTRING (37.213747 -3.591799, 37.166684 -3.582937, 37.125572 -3.553136, 37.083949 -3.524492)",ESCF01H,#14,ES658,150,158,172,47,60,73,-90,-90,-90,0,8,15.9,15.6,8.4,9.2,10.9,133,146,172,0.0685,0.2095,0.139,0.1198,0.0074,-977,31.5,33,N,INT,Leonard2014_Interplate,DS,W,5.78,5.83,6.05,6.36,6.46,14.4777,15.0759,14.8271,14.7626
efsm20_cf_top.1105,"LINESTRING (36.912 -3.894, 36.944482 -3.936063)",ESCF01I,#14,ES672,315,315,315,47,60,73,-90,-90,-90,0,5,5.2,5.2,5.2,5.8,6.8,27,30,35,0.0453,0.1387,0.092,0.0793,0,-1116,26,33,N,INT,Leonard2014_Interplate,DS,L,5.7,5.7,5.7,5.79,5.89,13.6098,14.2085,13.9596,13.8951
efsm20_cf_top.1106,"LINESTRING (37.247897 -3.962576, 37.25197 -3.913564, 37.263397 -3.866478)",ESCF01J,#14,ES643,74,79,85,36,45,54,-90,-90,-90,0,5.5,8.7,8.7,6.7,7.7,9.3,59,67,81,0.0695,0.2125,0.141,0.1215,0.0033,-661,30.5,33,N,INT,Leonard2014_Interplate,DS,W,5.7,5.7,5.85,6.16,6.26,14.1289,14.753,14.4946,14.43
efsm20_cf_top.1107,"LINESTRING (37.164696 -3.78828, 37.20271 -3.815201, 37.240797 -3.841979)",ESCF01K,#14,ES655,331,331,331,47,60,73,-90,-90,-90,0,6.5,9.7,9.7,6.7,7.4,8.8,65,72,85,0.0567,0.1733,0.115,0.0991,0,-625,31,33,N,INT,Leonard2014_Interplate,DS,W,5.7,5.7,5.81,6.12,6.22,14.0872,14.6889,14.4374,14.3727
efsm20_cf_top.1108,"LINESTRING (37.302996 -3.748381, 37.31448 -3.7024, 37.327296 -3.656983)",ESCF01L,#14,ES638,71,72,73,40,50,61,-90,-90,-90,0,6,8.5,8.5,6.7,7.7,9.2,57,65,78,0.0384,0.1176,0.078,0.0672,0.0001,-747,33,33,N,INT,Leonard2014_Interplate,DS,W,5.7,5.7,5.85,6.16,6.26,13.8615,14.4813,14.2268,14.1621
efsm20_cf_top.1109,"LINESTRING (37.258496 -3.693383, 37.298096 -3.720082)",ESCF01M,#14,ES640,332,332,332,47,60,73,-90,-90,-90,0,6.5,5,5,6.7,7.4,8.8,34,37,44,0.0853,0.2607,0.173,0.1491,0,-681,32.5,33,N,INT,Leonard2014_Interplate,DS,W,5.7,5.7,5.81,6.12,6.22,13.9762,14.5778,14.3263,14.2618
efsm20_cf_top.1110,"LINESTRING (37.322596 -3.669283, 37.281596 -3.644284)",ESCF01N,#14,ES639,155,155,155,40,50,61,-90,-90,-90,0,6,5.1,5.1,6.7,7.7,9.2,34,39,46,0.0513,0.1567,0.104,0.0896,0,-750,33,33,N,INT,Leonard2014_Interplate,DS,W,5.7,5.7,5.85,6.16,6.26,13.7614,14.3801,14.1259,14.0611
efsm20_cf_top.1111,"LINESTRING (37.361798 -3.157145, 37.323447 -3.119535, 37.285098 -3.081943)",ESCF01O,#14,ES736,142,142,142,71,90,90,-90,-90,-90,0,10,10.8,10.8,10,10,10.6,108,108,114,0.0099,0.0301,0.02,0.0172,0,-1000,35.5,33,N,INT,Leonard2014_Interplate,DS,L,5.76,5.81,6.03,6.34,6.44,13.5482,14.0552,13.8536,13.7881
efsm20_cf_top.1112,"LINESTRING (37.593592 -3.004405, 37.52282 -3.007139)",ESCF01P,#14,ES739,182,182,182,55,70,85,-90,-90,-90,5,11.5,7.9,7.9,6.7,7.1,8.2,53,56,64,0.105,0.321,0.213,0.1836,0,-704,36,33,N,INT,Leonard2014_Interplate,DS,W,5.7,5.7,5.77,6.08,6.18,14.2639,14.8341,14.5964,14.5319
efsm20_cf_top.1113,"LINESTRING (37.209524 -3.168216, 37.251358 -3.200221, 37.290522 -3.237192)",ESCF01Q,#14,ES699,323,326,329,55,70,85,-90,-90,-90,0,11,10.9,10.9,11,11.7,13.4,120,128,146,0.068,0.208,0.138,0.1189,0.0004,-1141,35,33,N,INT,Leonard2014_Interplate,DS,L,5.84,5.89,6.11,6.42,6.52,14.4314,15.0002,14.764,14.6993
efsm20_cf_top.1114,"LINESTRING (37.469918 -3.186477, 37.430683 -3.151442, 37.389413 -3.120269, 37.346996 -3.091658, 37.303958 -3.064571, 37.262284 -3.034314)",ESCF01R,#14,ES695,145,150,153,51,65,79,-90,-90,-90,0,11,26.8,26.7,11.2,12.1,14.1,300,325,377,0.0872,0.2668,0.177,0.1525,0.0006,-1018,35.5,33,N,INT,Leonard2014_Interplate,DS,W,6.07,6.12,6.34,6.65,6.75,14.9364,15.5208,15.278,15.2133
efsm20_cf_top.1115,"LINESTRING (37.004103 -2.941418, 37.0007 -2.887331, 36.997061 -2.833202)",ESCF01S,#14,ES705,94,95,95,47,60,73,-90,-90,-90,0,8,9.6,9.6,8.4,9.2,10.9,81,89,105,0.2449,0.7491,0.497,0.4283,0,-1186,31.5,33,N,INT,Leonard2014_Interplate,DS,L,5.7,5.73,5.95,6.26,6.36,14.8151,15.4134,15.1646,15.1
efsm20_cf_top.1116,"LINESTRING (37.351633 -2.683271, 37.385973 -2.715301, 37.419961 -2.747835, 37.45834 -2.771407, 37.4995 -2.785716, 37.541948 -2.791536, 37.584597 -2.794114, 37.626813 -2.802188, 37.668241 -2.81525)",ESCF01T,#14,ES686,323,342,357,51,65,79,-90,-90,-90,0,11,38,37.1,11.2,12.1,14.1,426,461,535,0.1794,0.5486,0.364,0.3137,0.0101,-937,34.5,33,N,INT,Leonard2014_Interplate,DS,W,6.07,6.12,6.34,6.65,6.75,15.402,15.9862,15.7434,15.6788
efsm20_cf_top.1117,"LINESTRING (37.794311 -2.497491, 37.765336 -2.538278, 37.736519 -2.579227, 37.707265 -2.61966, 37.678205 -2.660303, 37.648216 -2.699836)",ESCF01U,#14,ES682,226,227,228,44,50,56,40,40,40,0,4.5,24.1,24.1,5.3,5.8,6.4,129,139,154,0.1602,0.4898,0.325,0.2801,0.0001,-858,33,33,LL,INT,Leonard2014_Interplate,SS,W,5.7,5.7,5.7,5.94,6.04,14.8332,15.3953,15.1747,15.1101
efsm20_cf_top.1118,"LINESTRING (39.601207 2.803568, 39.63071 2.855695, 39.657914 2.909901, 39.685271 2.963998, 39.71469 3.016258)",ESCF01V,#14,ES741,54,55,57,59,75,90,45,45,45,0,10,22.2,22.2,10,10.4,11.6,222,229,258,0.1301,0.3979,0.264,0.2275,0.0001,-94,24.5,33,R,INT,Leonard2014_Interplate,DS,W,5.9,5.95,6.17,6.48,6.58,14.9784,15.5297,15.3008,15.2361
efsm20_cf_top.1119,"LINESTRING (39.112689 -6.985914, 39.154332 -6.96292, 39.195218 -6.937753, 39.235193 -6.910238, 39.274077 -6.880215, 39.312445 -6.849088, 39.350776 -6.81787, 39.389096 -6.786612, 39.427405 -6.755314, 39.465705 -6.723979, 39.503999 -6.692616, 39.541904 -6.660449, 39.57922 -6.627129, 39.615934 -6.592683, 39.651871 -6.556866, 39.686802 -6.51939, 39.721016 -6.48079, 39.754488 -6.441089, 39.787173 -6.400274, 39.819343 -6.358754, 39.851106 -6.316687, 39.882461 -6.274083, 39.91367 -6.23128, 39.945151 -6.188795, 39.977087 -6.146874, 40.009194 -6.105155)",ESCF01W,#14,ES208,22,36,45,79,90,90,0,0,0,0,20,125.9,125.1,20,20,20.4,2519,2519,2564,0.0246,0.0754,0.05,0.0431,0,-356,31.5,33,LL,SCR,Leonard2014_SCR,SS,L,7.31,7.36,7.58,7.89,7.99,15.3106,15.8048,15.6187,15.5542
efsm20_cf_top.1120,"LINESTRING (36.14241 -8.00626, 36.128784 -8.060215, 36.115161 -8.114161, 36.101706 -8.168163, 36.089345 -8.222555, 36.078114 -8.277312, 36.068158 -8.332439, 36.060859 -8.388192, 36.056896 -8.444457, 36.055853 -8.500916, 36.057739 -8.557342, 36.060603 -8.613706, 36.063509 -8.670069, 36.066477 -8.726429, 36.069521 -8.782786, 36.07265 -8.839139, 36.075842 -8.895489, 36.079051 -8.95184, 36.082261 -9.008194, 36.085458 -9.064551, 36.08866 -9.12092)",PTCF01P,#14,AT002,252,266,274,43,55,67,90,90,90,3,20.5,101.5,100.3,19.1,21.4,25.4,1937,2169,2584,0.0601,0.1839,0.122,0.1051,0.007,2773,20.5,33,R,INT,Leonard2014_Interplate,DS,W,6.69,6.74,6.96,7.27,7.37,15.5845,16.1953,15.9412,15.8764
efsm20_cf_top.1121,"LINESTRING (35.535761 -3.719746, 35.513325 -3.770749, 35.49089 -3.821739, 35.468459 -3.872717, 35.446034 -3.923685, 35.423613 -3.974641, 35.401196 -4.025587, 35.378785 -4.076522, 35.356378 -4.127446, 35.333977 -4.178359, 35.31158 -4.229261, 35.289184 -4.280149)",MACF008,#14,ME013,242,242,242,47,60,73,70,70,70,0.5,11,57.7,57.7,11,12.1,14.3,635,700,823,1.3208,4.0392,2.68,2.3098,0,319,22,33,R,INT,Leonard2014_Interplate,DS,W,6.07,6.12,6.34,6.65,6.75,16.4422,17.0403,16.7916,16.727
efsm20_cf_top.1122,"LINESTRING (35.549771 -4.266139, 35.559017 -4.212929, 35.56826 -4.159711, 35.577504 -4.106487, 35.58675 -4.053257, 35.595996 -4.000022, 35.605243 -3.946781, 35.614491 -3.893534, 35.62374 -3.840281, 35.63299 -3.787022, 35.642237 -3.733756)",MACF009,#14,ME014,78,79,79,36,45,54,75,75,75,1,11,49.2,49.2,12.3,14.1,17.2,605,696,847,0.4327,1.3233,0.878,0.7567,0,872,20.5,33,R,INT,Leonard2014_Interplate,DS,W,6.24,6.29,6.51,6.82,6.92,15.9364,16.5678,16.3047,16.2401
efsm20_cf_top.1123,"LINESTRING (40.9735 0.87637, 41.014938 0.904863, 41.057751 0.929544, 41.100583 0.954185, 41.142083 0.982574, 41.172067 1.030104, 41.190778 1.086935, 41.219505 1.135853, 41.260125 1.166457, 41.302254 1.190075)",ESCF01X,#14,ES008,24,37,68,47,60,73,-90,-90,-90,1.5,15,46.6,45,14.1,15.6,18.3,659,727,855,0.0113,0.0347,0.023,0.0198,0.0171,-250,26,33,N,SCR,Leonard2014_SCR,DS,W,6.7,6.75,6.97,7.28,7.38,14.3908,14.9908,14.7416,14.6765
efsm20_cf_top.1124,"LINESTRING (42.647515 2.587942, 42.624025 2.533651, 42.598349 2.481241, 42.569815 2.431655, 42.54485 2.378661, 42.532401 2.318087, 42.524747 2.256074, 42.511759 2.195728, 42.492006 2.138875, 42.465644 2.087208, 42.437362 2.037464, 42.414553 1.982823, 42.393475 1.926938, 42.366625 1.875816, 42.349271 1.817672, 42.349634 1.754977, 42.357719 1.693433)",FRCF00Y,#14,ES004,232,247,281,47,60,73,-90,-90,-90,1.5,15,82.4,80.1,14.1,15.6,18.3,1166,1285,1512,0.0399,0.1221,0.081,0.0698,0.0141,-1211,37,33,N,INT,Leonard2014_Interplate,DS,W,6.35,6.4,6.62,6.93,7.03,15.1862,15.7847,15.5358,15.4712
efsm20_cf_top.1125,"LINESTRING (42.346 2.974, 42.316487 3.02159, 42.286446 3.068592, 42.254597 3.113344, 42.220246 3.154555, 42.184729 3.1939, 42.148001 3.231144, 42.110435 3.266814, 42.074444 3.305298, 42.039139 3.344899, 41.999605 3.37641, 41.959351 3.406205, 41.923774 3.44529, 41.890481 3.487832, 41.857238 3.530424, 41.824 3.573)",ESCF01Y,#14,ME001,130,139,151,47,60,73,-90,-90,-90,1.5,15,76.6,76.2,14.1,15.6,18.3,1084,1195,1405,0.0172,0.0528,0.035,0.0302,0.0025,283,23,33,N,INT,Leonard2014_Interplate,DS,W,6.35,6.4,6.62,6.93,7.03,14.7891,15.3889,15.1398,15.0757
efsm20_cf_top.1126,"LINESTRING (41.991111 2.608355, 42.031564 2.571124, 42.062982 2.520474, 42.092129 2.467395, 42.134417 2.434008, 42.182944 2.427092)",ESCF01Z,#14,ES005,307,325,354,47,60,73,-90,-90,-90,1.5,15,27.2,26.1,14.1,15.6,18.3,385,424,499,0.0315,0.0965,0.064,0.0552,0.0215,-617,32.5,33,N,INT,Leonard2014_Interplate,DS,L,6.34,6.39,6.61,6.92,7.02,14.6024,15.2014,14.9524,14.8882
efsm20_cf_top.1127,"LINESTRING (41.690082 2.295287, 41.701078 2.350611, 41.716968 2.40377, 41.730921 2.45791, 41.751278 2.508287, 41.781718 2.548343)",ESCF020,#14,ES012,45,64,76,47,60,73,-90,-90,-90,1.5,15,23.8,23.3,14.1,15.6,18.3,336,370,436,0.0256,0.0784,0.052,0.0448,0.0088,-442,30.5,33,N,INT,Leonard2014_Interplate,DS,L,6.29,6.34,6.56,6.87,6.97,14.4532,15.052,14.8031,14.7384
efsm20_cf_top.1128,"LINESTRING (41.265399 1.957364, 41.299562 1.99993, 41.334837 2.04088, 41.369857 2.082237, 41.406698 2.120708, 41.440363 2.164066, 41.467615 2.214826)",ESCF021,#14,ES013,39,44,55,47,60,73,-90,-90,-90,1.5,15,31.2,31.1,14.1,15.6,18.3,442,487,573,0.0113,0.0347,0.023,0.0198,0.002,-101,26.5,33,N,SCR,Leonard2014_SCR,DS,L,6.61,6.66,6.88,7.19,7.29,14.2167,14.8167,14.5675,14.5025
efsm20_cf_top.1129,"LINESTRING (40.934202 0.638203, 40.980445 0.617222, 41.028329 0.603161, 41.076669 0.614158)",ESCF022,#14,ES014,343,354,11,47,60,73,-90,-90,-90,1.5,15,16.3,16,14.1,15.6,18.3,231,255,300,0.0143,0.0437,0.029,0.025,0.0114,-192,27,33,N,SCR,Leonard2014_SCR,DS,L,6.32,6.37,6.59,6.9,7,14.0379,14.6357,14.387,14.3226
efsm20_cf_top.1130,"LINESTRING (40.386814 0.016462, 40.422693 0.052988, 40.455868 0.093708, 40.484376 0.140152, 40.519119 0.178585, 40.562333 0.196892, 40.605311 0.21615, 40.648046 0.236335, 40.668013 0.29008, 40.69681 0.336359, 40.732306 0.373698, 40.773771 0.3981, 40.817912 0.412113, 40.861442 0.430677)",ESCF023,#14,ES015,15,35,66,47,60,73,-90,-90,-90,1.5,15,65.7,63.3,14.1,15.6,18.3,929,1024,1204,0.0256,0.0784,0.052,0.0448,0.018,-459,25.5,33,N,SCR,Leonard2014_SCR,DS,W,6.7,6.75,6.97,7.28,7.38,14.8947,15.4935,15.2446,15.1799
efsm20_cf_top.1131,"LINESTRING (40.56414 0.529839, 40.609167 0.558108, 40.653988 0.586965)",ESCF024,#14,ES021,27,27,28,47,60,73,-90,-90,-90,1.5,15,11.1,11.1,14.1,15.6,18.3,157,173,203,0.0197,0.0603,0.04,0.0345,0,-103,23.5,33,N,SCR,Leonard2014_SCR,DS,L,6.16,6.21,6.43,6.74,6.84,14.0087,14.6073,14.3585,14.2942
efsm20_cf_top.1132,"LINESTRING (40.284 0.397, 40.331603 0.428731, 40.381071 0.455127, 40.431 0.48)",ESCF025,#14,ME002,22,25,29,47,60,73,-90,-90,-90,1.5,15,17.8,17.8,14.1,15.6,18.3,252,278,327,0.0113,0.0347,0.023,0.0198,0.0005,9,22,33,N,SCR,Leonard2014_SCR,DS,L,6.36,6.41,6.63,6.94,7.04,13.973,14.573,14.3238,14.2587
efsm20_cf_top.1133,"LINESTRING (40.217 0.431, 40.260399 0.444003, 40.302092 0.464487, 40.34038 0.494299, 40.376385 0.52868, 40.413614 0.560752, 40.45423 0.584726, 40.496 0.605)",ESCF026,#14,ME003,15,27,38,47,60,73,-90,-90,-90,1.5,15,34.7,34.3,14.1,15.6,18.3,490,540,636,0.0113,0.0347,0.023,0.0198,0.0045,29,21.5,33,N,SCR,Leonard2014_SCR,DS,L,6.65,6.7,6.92,7.23,7.33,14.2621,14.862,14.6128,14.5478
efsm20_cf_top.1134,"LINESTRING (40.391483 0.354473, 40.360109 0.315339, 40.329653 0.274993, 40.295081 0.240912)",ESCF027,#14,ES026,219,224,227,47,60,73,-90,-90,-90,1.5,15,14.4,14.4,14.1,15.6,18.3,204,225,265,0.0172,0.0528,0.035,0.0302,0.001,-184,22.5,33,N,SCR,Leonard2014_SCR,DS,L,6.27,6.32,6.54,6.85,6.95,14.0641,14.6639,14.4148,14.3507
efsm20_cf_top.1135,"LINESTRING (40.335161 0.199273, 40.29495 0.161682)",ESCF028,#14,ES030,217,217,217,47,60,73,-90,-90,-90,1.5,7,5.5,5.5,5.8,6.4,7.5,32,35,41,0.0143,0.0437,0.029,0.025,0,-252,23,33,N,SCR,Leonard2014_SCR,DS,L,5.7,5.7,5.73,6.04,6.14,13.1742,13.7721,13.5234,13.4589
efsm20_cf_top.1136,"LINESTRING (40.467184 0.205817, 40.425978 0.187736, 40.386307 0.164479, 40.347012 0.140159, 40.306287 0.120318, 40.267019 0.095954)",ESCF029,#14,ES022,200,205,207,47,60,73,-90,-90,-90,1.5,6.5,24.2,24.1,5.1,5.6,6.6,122,135,160,0.0113,0.0347,0.023,0.0198,0.0006,-334,23.5,33,N,SCR,Leonard2014_SCR,DS,W,5.7,5.7,5.86,6.17,6.27,13.6586,14.2623,14.0103,13.9452
efsm20_cf_top.1137,"LINESTRING (40.359281 -0.074936, 40.399604 -0.05182, 40.438238 -0.02416, 40.477107 0.002942, 40.517768 0.024959)",ESCF02A,#14,ES031,20,24,27,47,60,73,-90,-90,-90,1.5,15,19.6,19.5,14.1,15.6,18.3,277,305,359,0.0256,0.0784,0.052,0.0448,0.0006,-786,25.5,33,N,SCR,Leonard2014_SCR,DS,L,6.4,6.45,6.67,6.98,7.08,14.369,14.9678,14.7189,14.6541
efsm20_cf_top.1138,"LINESTRING (40.268564 -0.099783, 40.308067 -0.059349, 40.351995 -0.027704, 40.398037 -0.001724, 40.446777 0.01385)",ESCF02B,#14,ES034,12,24,36,47,60,73,-90,-90,-90,1.5,15,22.3,22,14.1,15.6,18.3,315,348,409,0.0286,0.0874,0.058,0.05,0.0059,-633,24.5,33,N,SCR,Leonard2014_SCR,DS,L,6.46,6.51,6.73,7.04,7.14,14.4738,15.0716,14.823,14.7585
efsm20_cf_top.1139,"LINESTRING (40.336781 -0.056497, 40.293112 -0.096954, 40.247178 -0.132816, 40.202983 -0.17231)",ESCF02C,#14,ES038,209,212,213,47,60,73,-90,-90,-90,1.5,15,17.8,17.8,14.1,15.6,18.3,252,278,327,0.0197,0.0603,0.04,0.0345,0.0003,-536,24.5,33,N,SCR,Leonard2014_SCR,DS,L,6.36,6.41,6.63,6.94,7.04,14.215,14.8136,14.5648,14.5005
efsm20_cf_top.1140,"LINESTRING (39.785292 -0.316066, 39.82057 -0.245336)",ESCF02D,#14,ES045,55,55,55,47,60,73,-90,-90,-90,1.5,15,7.2,7.2,14.1,15.6,18.3,102,112,132,0.0113,0.0347,0.023,0.0198,0,-239,22.5,33,N,SCR,Leonard2014_SCR,DS,L,5.97,6.02,6.24,6.55,6.65,13.5798,14.1798,13.9306,13.8655
efsm20_cf_top.1141,"LINESTRING (39.158 -0.175, 39.200954 -0.20594, 39.244336 -0.235977, 39.284502 -0.272741, 39.32462 -0.309612, 39.367 -0.342)",ESCF02E,#14,ME005,323,327,330,47,60,73,-90,-90,-90,1.5,15,27.4,27.3,14.1,15.6,18.3,387,427,502,0.0172,0.0528,0.035,0.0302,0.0007,11,22.5,33,N,INT,Leonard2014_Interplate,DS,W,6.35,6.4,6.62,6.93,7.03,14.3419,14.9418,14.6926,14.6285
efsm20_cf_top.1142,"LINESTRING (39.186 -0.134, 39.224773 -0.163706, 39.266126 -0.186905, 39.305524 -0.215233, 39.34347 -0.246713, 39.382 -0.277)",ESCF02F,#14,ME006,326,329,335,47,60,73,-90,-90,-90,1.5,15,25.1,25,14.1,15.6,18.3,355,391,460,0.0172,0.0528,0.035,0.0302,0.0008,33,22,33,N,INT,Leonard2014_Interplate,DS,L,6.32,6.37,6.59,6.9,7,14.3038,14.9037,14.6545,14.5904
efsm20_cf_top.1143,"LINESTRING (39.463 0.007, 39.418516 -0.014396, 39.372676 -0.030515, 39.326305 -0.043835, 39.279991 -0.057481, 39.232964 -0.066142, 39.186455 -0.078607, 39.141255 -0.097449, 39.098325 -0.123658, 39.058 -0.156)",ESCF02G,#14,ME007,186,195,210,47,60,73,-90,-90,-90,1.5,15,47.5,47.2,14.1,15.6,18.3,672,741,872,0.0113,0.0347,0.023,0.0198,0.0038,84,21.5,33,N,INT,Leonard2014_Interplate,DS,W,6.35,6.4,6.62,6.93,7.03,14.3993,14.9992,14.75,14.685
efsm20_cf_top.1144,"LINESTRING (39.392 0.062, 39.345124 0.052085, 39.29846 0.040598, 39.251 0.038)",ESCF02H,#14,ME008,184,189,193,47,60,73,-90,-90,-90,1.5,15,15.8,15.8,14.1,15.6,18.3,224,247,291,0.0113,0.0347,0.023,0.0198,0.001,289,21,33,N,INT,Leonard2014_Interplate,DS,L,6.12,6.17,6.39,6.7,6.8,13.9222,14.5222,14.273,14.2079
efsm20_cf_top.1145,"LINESTRING (39.291 0.242, 39.332947 0.225346, 39.37 0.195)",ESCF02I,#14,ME009,329,337,345,47,60,73,-90,-90,-90,1.5,15,9.8,9.7,14.1,15.6,18.3,138,152,179,0.0113,0.0347,0.023,0.0198,0.0044,783,20,33,N,INT,Leonard2014_Interplate,DS,L,5.91,5.96,6.18,6.49,6.59,13.7116,14.3115,14.0623,13.9973
efsm20_cf_top.1146,"LINESTRING (42.542983 3.089265, 42.533331 3.028705, 42.525243 2.967733, 42.520051 2.90619, 42.512741 2.84505, 42.493827 2.788689, 42.478409 2.730417, 42.472808 2.668985, 42.469609 2.607414)",FRCF00Z,#14,FR001,246,258,266,47,60,73,-90,-90,-90,0,10,40.6,40.3,10.5,11.5,13.6,425,469,552,0.0567,0.1733,0.115,0.0991,0.0033,-333,27,33,N,INT,Leonard2014_Interplate,DS,W,6.02,6.07,6.29,6.6,6.7,14.9009,15.4989,15.2502,15.1856
efsm20_cf_top.1147,"LINESTRING (40.313029 -0.026308, 40.273209 -0.049955, 40.230642 -0.062997, 40.187281 -0.070263, 40.146627 -0.091292, 40.109249 -0.120901)",ESCF02J,#14,ES042,185,198,209,47,60,73,-90,-90,-90,1.5,15,24.3,24,14.1,15.6,18.3,344,379,446,0.0315,0.0965,0.064,0.0552,0.0054,-433,23.5,33,N,SCR,Leonard2014_SCR,DS,L,6.49,6.54,6.76,7.07,7.17,14.5532,15.1521,14.9031,14.8389
efsm20_cf_top.1148,"LINESTRING (40.374239 0.085498, 40.418575 0.12974)",ESCF02K,#14,ES784,39,39,39,47,60,73,-90,-90,-90,0,5,6.2,6.2,5.2,5.8,6.8,32,36,42,0.0172,0.0528,0.035,0.0302,0,-419,24.5,33,N,SCR,Leonard2014_SCR,DS,L,5.7,5.7,5.74,6.05,6.15,13.2652,13.865,13.6159,13.5518
efsm20_cf_top.1149,"LINESTRING (40.162519 -0.068128, 40.196091 -0.023394, 40.231644 0.0188, 40.270464 0.055752, 40.312477 0.086139, 40.358598 0.103501)",ESCF02L,#14,ES783,18,36,47,47,60,73,-90,-90,-90,0,14,26.7,26.2,14.7,16.2,19,391,431,507,0.0113,0.0347,0.023,0.0198,0.0084,-380,23.5,33,N,SCR,Leonard2014_SCR,DS,L,6.55,6.6,6.82,7.13,7.23,14.1641,14.764,14.5148,14.4498
efsm20_cf_top.1150,"LINESTRING (39.951446 -0.357716, 39.973084 -0.303106, 39.991067 -0.246368, 40.006664 -0.188426, 40.018044 -0.12882, 40.032428 -0.070322, 40.050687 -0.013684, 40.06841 0.043259, 40.096449 0.092636)",ESCF02M,#14,ES790,51,65,74,47,60,73,-90,-90,-90,0,14,41.9,41.6,14.7,16.2,19,614,677,796,0.3376,1.0324,0.685,0.5904,0.0031,-257,22.5,33,N,SCR,Leonard2014_SCR,DS,W,6.74,6.79,7.01,7.32,7.42,15.8352,16.4334,16.1846,16.1201
efsm20_cf_top.1151,"LINESTRING (39.912039 -0.197146, 39.939954 -0.241192, 39.9628 -0.289937)",ESCF02N,#14,ES791,300,304,308,47,60,73,-90,-90,-90,0,6,9.7,9.7,6.3,6.9,8.2,61,67,79,0.2277,0.6963,0.462,0.3982,0.0012,-224,22.5,33,N,SCR,Leonard2014_SCR,DS,L,5.75,5.8,6.02,6.33,6.43,14.663,15.2612,15.0125,14.9479
efsm20_cf_top.1152,"LINESTRING (38.160815 0.16872, 38.137844 0.217329, 38.113805 0.265074, 38.08872 0.311926, 38.062556 0.3578, 38.035075 0.402398, 38.008139 0.447512, 37.98226 0.493593, 37.956401 0.539676, 37.932275 0.587233, 37.913077 0.638256, 37.895448 0.690168, 37.875753 0.740861)",ESCF02O,#14,ME028,115,124,130,79,90,90,180,180,180,1.5,8,59.5,59.3,6.5,6.5,6.6,387,387,394,0.0246,0.0754,0.05,0.0431,0,1510,26,33,RL,INT,Leonard2014_Interplate,SS,W,5.7,5.7,5.76,6.07,6.17,14.4969,14.9911,14.8049,14.7404
efsm20_cf_top.1153,"LINESTRING (37.488878 -0.46829, 37.528008 -0.439591, 37.563096 -0.403532, 37.588543 -0.356306, 37.6093 -0.305543, 37.642003 -0.266037, 37.684553 -0.246548, 37.728076 -0.230847, 37.771075 -0.21298)",ESCF02P,#14,ME027,14,34,61,79,90,90,0,0,0,0.5,8,40.3,38.6,7.5,7.5,7.6,302,302,307,0.0246,0.0754,0.05,0.0431,0,722,26,33,LL,INT,Leonard2014_Interplate,SS,W,5.7,5.7,5.91,6.22,6.32,14.3894,14.8836,14.6975,14.633
efsm20_cf_top.1154,"LINESTRING (37.06361 -2.500984, 37.021553 -2.477661, 36.975222 -2.462355, 36.935877 -2.42813, 36.911664 -2.376407, 36.88642 -2.325477, 36.861094 -2.274627, 36.836137 -2.223511)",ESCF02Q,#14,ES797,120,135,165,47,60,73,-90,-90,-90,0,8,37.1,35.3,8.4,9.2,10.9,311,343,403,0.2844,0.8696,0.577,0.4973,0.0237,-261,27.5,33,N,INT,Leonard2014_Interplate,DS,W,5.78,5.83,6.05,6.36,6.46,15.465,16.0632,15.8144,15.7499
efsm20_cf_top.1155,"LINESTRING (36.933699 -2.726454, 36.910657 -2.676942, 36.877674 -2.637207, 36.844925 -2.597188, 36.818003 -2.55091)",ESCF02R,#14,ES798,120,129,136,47,60,73,-90,-90,-90,0,8,20.4,20.2,8.4,9.2,10.9,171,188,221,0.2844,0.8696,0.577,0.4973,0.0034,-798,28.5,33,N,INT,Leonard2014_Interplate,DS,W,5.78,5.83,6.05,6.36,6.46,15.2049,15.803,15.5542,15.4897
efsm20_cf_top.1156,"LINESTRING (36.76633 -2.904202, 36.731445 -2.879639, 36.699927 -2.848498)",ESCF02S,#14,ES799,142,146,151,47,60,73,-135,-135,-135,0,8,8.9,8.9,8.4,9.2,10.9,75,82,97,0.0522,0.1598,0.106,0.0914,0.0015,-90,27.5,33,N,INT,Leonard2014_Interplate,DS,L,5.7,5.7,5.91,6.22,6.32,14.1102,14.7088,14.46,14.3956
efsm20_cf_top.1157,"LINESTRING (36.717726 -2.638137, 36.750926 -2.70845)",ESCF02T,#14,ES800,300,300,300,63,80,90,-135,-135,-135,0,8,7.3,7.3,8,8.1,9,58,59,65,0.0345,0.1055,0.07,0.0603,0,-20,27,33,N,INT,Leonard2014_Interplate,DS,L,5.7,5.7,5.77,6.08,6.18,13.8211,14.3559,14.135,14.0703
efsm20_cf_top.1158,"LINESTRING (37.407712 -2.438031, 37.397361 -2.383516, 37.390101 -2.328339, 37.395296 -2.272795, 37.400483 -2.217246, 37.402848 -2.161389, 37.39457 -2.106435)",ESCF02U,#14,ES801,83,92,103,62,70,78,180,180,180,0,11,29.7,29.3,11.2,11.7,12.5,333,347,371,0.0074,0.0226,0.015,0.0129,0.0038,-701,30,33,RL,INT,Leonard2014_Interplate,SS,W,6.12,6.17,6.39,6.7,6.8,13.9102,14.4418,14.2351,14.1696
efsm20_cf_top.1159,"LINESTRING (40.112991 0.080704, 40.152055 0.118565, 40.191083 0.156511, 40.228242 0.197569, 40.26575 0.2381, 40.306401 0.2732)",ESCF02V,#14,ES787,35,39,42,47,60,73,-90,-90,-90,0,14,27,27,14.7,16.2,19,397,437,514,0.1592,0.4868,0.323,0.2784,0.0005,-160,22,33,N,SCR,Leonard2014_SCR,DS,L,6.56,6.61,6.83,7.14,7.24,15.3189,15.917,15.6683,15.6038
efsm20_cf_top.1160,"LINESTRING (43.115113 -0.664515, 43.094679 -0.602979, 43.078757 -0.539083, 43.068098 -0.473182, 43.067154 -0.405702, 43.071622 -0.338486)",FRCF010,#14,FR008,83,99,113,24,30,36,90,90,90,5,20,27.4,26.9,25.3,30,37.3,695,823,1023,0.2464,0.7536,0.5,0.4309,0.016,-736,39,33,R,INT,Leonard2014_Interplate,DS,L,6.64,6.69,6.91,7.22,7.32,15.752,16.4056,16.1326,16.0681
efsm20_cf_top.1161,"LINESTRING (42.667332 0.603945, 42.628342 0.636641, 42.599411 0.68489)",ESCF02W,#14,ES003,131,140,150,63,80,90,-80,-80,-80,0,12,10.2,10,12,12.2,13.4,122,124,137,0.0458,0.1402,0.093,0.0802,0.0024,-2358,47.5,33,N,INT,Leonard2014_Interplate,DS,L,5.82,5.87,6.09,6.4,6.5,14.2666,14.8018,14.5809,14.5166
efsm20_cf_top.1162,"LINESTRING (37.437388 -1.476922, 37.421258 -1.530558, 37.402001 -1.582528, 37.377853 -1.631139)",ESCF02X,#14,ES761,237,243,248,71,90,90,-45,-45,-45,0,6.5,15.2,15.1,6.7,6.7,7.1,102,102,108,0.0281,0.0859,0.057,0.0491,0,9,25,33,N,INT,Leonard2014_Interplate,DS,W,5.7,5.7,5.7,6.01,6.11,13.9769,14.4865,14.2841,14.2193
efsm20_cf_top.1163,"LINESTRING (37.457386 -1.606921, 37.47439 -1.562055, 37.492559 -1.517927)",ESCF02Y,#14,ES745,62,63,64,63,80,90,-45,-45,-45,0,8,8.8,8.8,8,8.1,9,70,71,79,0.0355,0.1085,0.072,0.0621,0,-273,25,33,N,INT,Leonard2014_Interplate,DS,L,5.7,5.7,5.85,6.16,6.26,13.9151,14.4496,14.2288,14.1646
efsm20_cf_top.1164,"LINESTRING (37.50371 -1.566338, 37.492882 -1.516977, 37.482907 -1.467338)",ESCF02Z,#14,ES756,103,104,105,63,80,90,-135,-135,-135,0,8,9,9,8,8.1,9,72,73,81,0.0355,0.1085,0.072,0.0621,0,-303,25,33,N,INT,Leonard2014_Interplate,DS,L,5.7,5.7,5.87,6.18,6.28,13.9278,14.4624,14.2416,14.1773
efsm20_cf_top.1165,"LINESTRING (37.453523 -1.50052, 37.487181 -1.487263)",ESCF030,#14,ES746,16,16,16,71,90,90,-90,-90,-90,0,5,3.9,3.9,5,5,5.3,20,20,21,0.0246,0.0754,0.05,0.0431,0,-153,24.5,33,N,INT,Leonard2014_Interplate,DS,L,5.7,5.7,5.7,5.7,5.7,13.2018,13.7123,13.5099,13.4454
efsm20_cf_top.1166,"LINESTRING (37.89778 -2.14368, 37.937425 -2.178478, 37.976644 -2.214063, 38.013923 -2.252885)",ESCF031,#14,ES769,320,323,325,67,85,90,-135,-135,-135,0,6.5,16.1,16.1,6.7,6.8,7.3,108,109,118,0.138,0.422,0.28,0.2413,0.0001,-1181,29.5,33,N,INT,Leonard2014_Interplate,DS,W,5.7,5.7,5.71,6.02,6.12,14.6929,15.2143,15.0018,14.9372
efsm20_cf_top.1167,"LINESTRING (37.712157 -0.72265, 37.713984 -0.779666, 37.715807 -0.836683, 37.717629 -0.893703, 37.719452 -0.950723, 37.721275 -1.007745, 37.723093 -1.064771)",ESCF032,#14,ES750,271,271,271,47,60,73,-90,-90,-90,0,8,30.1,30.1,8.4,9.2,10.9,252,278,327,0.0399,0.1221,0.081,0.0698,0,-22,24,33,N,INT,Leonard2014_Interplate,DS,W,5.78,5.83,6.05,6.36,6.46,14.5217,15.1202,14.8714,14.8067
efsm20_cf_top.1168,"LINESTRING (37.703717 -1.087369, 37.741708 -1.128482, 37.782266 -1.16549, 37.825516 -1.197242)",ESCF033,#14,ES753,318,323,329,47,60,73,-135,-135,-135,0,8,16.7,16.6,8.4,9.2,10.9,140,154,181,0.0483,0.1477,0.098,0.0845,0.0014,-199,24,33,N,INT,Leonard2014_Interplate,DS,W,5.78,5.83,6.05,6.36,6.46,14.3481,14.9463,14.6975,14.6332
efsm20_cf_top.1169,"LINESTRING (37.869944 -1.013735, 37.833359 -0.978032, 37.796782 -0.942344, 37.760212 -0.906662, 37.723648 -0.870987, 37.687091 -0.835319, 37.650538 -0.799661)",ESCF034,#14,ES743,141,141,141,47,60,73,-90,-90,-90,0,8,30.8,30.8,8.4,9.2,10.9,258,285,335,0.0429,0.1311,0.087,0.075,0,-75,24,33,N,INT,Leonard2014_Interplate,DS,W,5.78,5.83,6.05,6.36,6.46,14.5631,15.161,14.9123,14.8478
efsm20_cf_top.1170,"LINESTRING (38.207794 -0.468503, 38.207256 -0.410015, 38.206923 -0.351508, 38.209378 -0.293081, 38.210872 -0.2346, 38.209205 -0.176126, 38.207383 -0.117662, 38.206312 -0.05917)",ESCF035,#14,ME023,85,89,90,47,60,73,90,90,90,0,8,35.8,35.8,8.4,9.2,10.9,300,331,389,0.0227,0.0693,0.046,0.0396,0.0003,95,24,33,R,INT,Leonard2014_Interplate,DS,W,5.78,5.83,6.05,6.36,6.46,14.3517,14.9491,14.7005,14.6355
efsm20_cf_top.1171,"LINESTRING (37.812151 -2.561121, 37.798069 -2.507803, 37.783348 -2.454772, 37.766851 -2.402595, 37.748447 -2.351463, 37.729466 -2.300678)",ESCF036,#14,ES684,108,112,115,67,85,90,135,135,135,0,11,24.7,24.7,11,11,11.9,272,273,295,0.0212,0.0648,0.043,0.0371,0.0001,-1010,31.5,33,R,INT,Leonard2014_Interplate,DS,W,5.97,6.02,6.24,6.55,6.65,14.2789,14.7996,14.5877,14.5236
efsm20_cf_top.1172,"LINESTRING (37.425687 -1.951616, 37.415416 -2.006988, 37.405319 -2.062404)",ESCF037,#14,ES716,256,256,256,36,45,54,90,90,90,0,10,10,10,12.3,14.1,17.2,123,142,173,0.0172,0.0528,0.035,0.0302,0,-410,27.5,33,R,INT,Leonard2014_Interplate,DS,L,5.88,5.93,6.15,6.46,6.56,13.8455,14.4785,14.215,14.1509
efsm20_cf_top.1173,"LINESTRING (38.690768 -0.319985, 38.709286 -0.367517)",ESCF038,#14,ES624,295,295,295,47,60,73,-90,-90,-90,0,15,4.6,4.6,15.7,17.3,20.4,72,80,94,0.1138,0.3482,0.231,0.1991,0,-738,23,33,N,INT,Leonard2014_Interplate,DS,L,5.7,5.7,5.9,6.21,6.31,14.4348,15.0332,14.7844,14.7199
efsm20_cf_top.1174,"LINESTRING (38.745542 -0.44514, 38.788119 -0.462898)",ESCF039,#14,ES622,340,340,340,47,60,73,-90,-90,-90,0,15,5,5,15.7,17.3,20.4,78,86,101,0.1138,0.3482,0.231,0.1991,0,-620,23.5,33,N,INT,Leonard2014_Interplate,DS,L,5.7,5.72,5.94,6.25,6.35,14.4682,15.0666,14.8178,14.7532
efsm20_cf_top.1175,"LINESTRING (38.0559 -0.85843, 38.018759 -0.826733, 37.988237 -0.785199, 37.96648 -0.735588, 37.945883 -0.685203, 37.923821 -0.635839, 37.901829 -0.586441)",ESCF03A,#14,ES617,116,124,145,63,80,90,135,135,135,0,12,29.9,29.4,12,12.2,13.4,358,364,401,0.2119,0.6481,0.43,0.3706,0.0029,-12,23.5,33,R,INT,Leonard2014_Interplate,DS,W,6.08,6.13,6.35,6.66,6.76,15.3989,15.9337,15.7128,15.6483
efsm20_cf_top.1176,"LINESTRING (38.077423 -0.752654, 38.041236 -0.713959, 38.014536 -0.664388, 37.999212 -0.607589, 37.995955 -0.547719)",ESCF03B,#14,ES616,92,115,139,63,80,90,135,135,135,0,12,21,20.1,12,12.2,13.4,252,256,283,0.0542,0.1658,0.11,0.0948,0.0077,14,23.5,33,R,INT,Leonard2014_Interplate,DS,W,6.08,6.13,6.35,6.66,6.76,14.6547,15.1896,14.9688,14.9042
efsm20_cf_top.1177,"LINESTRING (38.605103 -1.757996, 38.59202 -1.705624, 38.580008 -1.652842, 38.564286 -1.60169, 38.544345 -1.553016, 38.522095 -1.505981)",ESCF03C,#14,ES730,105,112,120,59,75,90,-120,-120,-120,0,11,23.9,23.8,11,11.4,12.8,263,272,306,0.0493,0.1507,0.1,0.0862,0.0013,-639,26.5,33,N,INT,Leonard2014_Interplate,DS,W,6,6.05,6.27,6.58,6.68,14.631,15.1821,14.9532,14.8888
efsm20_cf_top.1178,"LINESTRING (42.893615 -4.743877, 42.873009 -4.691335, 42.849679 -4.640936, 42.825194 -4.591585, 42.800938 -4.542045, 42.774836 -4.4943, 42.746626 -4.448855, 42.72022 -4.401462, 42.695656 -4.352288)",ESCF03D,#14,ES201,119,126,131,75,85,90,180,180,180,0,16,38.9,38.8,16,16.1,16.6,622,624,644,0.0246,0.0754,0.05,0.0431,0.0001,-1191,34,33,RL,INT,Leonard2014_Interplate,SS,W,6.47,6.52,6.74,7.05,7.15,14.7031,15.205,15.0128,14.9483
efsm20_cf_top.1179,"LINESTRING (36.284942 -3.36331, 36.254925 -3.323014, 36.225309 -3.282279, 36.198592 -3.238587, 36.17505 -3.19219, 36.152994 -3.144698, 36.133351 -3.095623, 36.116128 -3.045183, 36.100724 -2.993861, 36.085277 -2.942575)",ESCF03E,#14,ME032,110,121,133,18,23,28,135,135,135,1,10,44.3,43.8,19.3,23,28.9,853,1020,1278,0.8329,2.5471,1.69,1.4565,0.0096,1114,21.5,33,R,INT,Leonard2014_Interplate,DS,L,6.73,6.78,7,7.31,7.41,16.3702,17.0309,16.7548,16.6903
efsm20_cf_top.1180,"LINESTRING (40.442763 0.691196, 40.398375 0.7069, 40.352611 0.712496, 40.307662 0.725097)",ESCF03F,#14,ME004,166,171,176,24,30,36,-90,-90,-90,0,3,15.3,15.3,5.1,5.9,7.3,78,91,112,0.1035,0.3165,0.21,0.181,0.0022,59,20,33,N,SCR,Leonard2014_SCR,DS,W,5.7,5.71,5.93,6.24,6.34,14.4231,15.0684,14.8006,14.7361
efsm20_cf_top.1181,"LINESTRING (43.120841 -0.594269, 43.115911 -0.531019, 43.109884 -0.467954, 43.104262 -0.404823, 43.103097 -0.34125, 43.106009 -0.277781, 43.106517 -0.214189, 43.104587 -0.150649, 43.102511 -0.08712, 43.101276 -0.023551, 43.099085 0.039967)",FRCF011,#14,FR007,85,91,96,47,60,73,90,90,90,10,35,51.6,51.5,26.2,28.9,34,1353,1490,1753,0.1138,0.3482,0.231,0.1991,0.0008,-517,40,33,R,INT,Leonard2014_Interplate,DS,L,6.9,6.95,7.17,7.48,7.58,15.7058,16.3042,16.0554,15.9909
efsm20_cf_top.1182,"LINESTRING (45.293202 14.227425, 45.316566 14.175266, 45.343813 14.127041, 45.375073 14.084001, 45.403845 14.037556, 45.425262 13.983629, 45.445375 13.92893)",HRCF00L,#15,SS.SI-003,298,307,317,40,50,60,120,130,140,0,7,29,28.8,8.1,9.1,10.9,234,265,316,0.0757,0.2271,0.1514,0.1311,0.0042,-492,39.5,33,R,INT,Leonard2014_Interplate,DS,W,5.77,5.82,6.04,6.35,6.45,14.7676,15.3742,15.1219,15.0594
efsm20_cf_top.1183,"LINESTRING (45.662845 14.032765, 45.683306 13.976629, 45.708117 13.924186, 45.729626 13.868811, 45.751502 13.813712, 45.773984 13.759094, 45.799671 13.707441, 45.823646 13.654097, 45.843813 13.597579, 45.868831 13.545189, 45.90086 13.501235)",SICF002,#15,SS.SI-011,298,304,317,65,75,85,150,160,170,0,5.5,49.2,49,5.3,5.5,5.9,263,271,289,0.0413,0.4125,0.2269,0.1304,0.0011,-300,42,33,RL,INT,Leonard2014_Interplate,SS,W,5.7,5.7,5.7,5.89,5.99,14.5544,15.595,15.3077,15.0672
efsm20_cf_top.1184,"LINESTRING (45.509473 14.349844, 45.537342 14.297446, 45.569377 14.250118, 45.603556 14.205931, 45.637155 14.160818, 45.66483 14.108089, 45.691147 14.05393, 45.717322 13.999606, 45.747128 13.949238, 45.779301 13.901927, 45.811855 13.855127, 45.845513 13.809935, 45.882621 13.770677, 45.921854 13.735915, 45.960379 13.699528, 45.998901 13.663109, 46.033378 13.619061, 46.069793 13.578072)",SICF003,#15,SS.SI-014,305,317,329,75,82,90,160,170,180,0,15,87.1,86.4,15,15.1,15.5,1307,1320,1353,0.1191,0.6729,0.396,0.2831,0.0012,-450,42,33,RL,INT,Leonard2014_Interplate,SS,W,6.4,6.45,6.67,6.98,7.08,15.7107,16.4778,16.2368,16.091
efsm20_cf_top.1185,"LINESTRING (45.762554 14.24317, 45.789739 14.191882, 45.815642 14.139222, 45.839452 14.08454, 45.862805 14.029433, 45.885928 13.974102, 45.908954 13.918665, 45.942172 13.875175, 45.977553 13.835337, 46.013191 13.795955, 46.046561 13.752621, 46.077261 13.705343, 46.113697 13.667432, 46.144478 13.620207, 46.170987 13.567836, 46.19585 13.513763)",SICF004,#15,SS.SI-019,302,311,325,70,80,90,140,160,180,0,15,74.9,74.1,15,15.2,16,1124,1141,1196,0.0259,0.7506,0.3882,0.1394,0.0018,-715,43,33,RL,INT,Leonard2014_Interplate,SS,W,6.41,6.46,6.68,6.99,7.09,14.9826,16.4717,16.165,15.7202
efsm20_cf_top.1186,"LINESTRING (45.640398 14.584108, 45.657025 14.525204, 45.687321 14.478738, 45.71968 14.435193, 45.753293 14.393616, 45.786152 14.350795, 45.816164 14.303849, 45.8465 14.257306, 45.877312 14.211385, 45.909171 14.166939, 45.94104 14.122481, 45.971668 14.076232, 45.998466 14.025272, 46.023335 13.972301, 46.049176 13.920281, 46.076006 13.869285, 46.105804 13.821811, 46.137395 13.776787, 46.168937 13.731665, 46.198029 13.683206, 46.225882 13.633226, 46.25429 13.583878, 46.280803 13.532348, 46.303508 13.477118, 46.32842 13.423895, 46.354978 13.372414)",SICF005,#15,SS.SI-022,292,311,320,70,80,90,150,165,180,0,15,123.4,122.8,15,15.2,16,1852,1880,1970,0.0317,1.0563,0.544,0.1829,0.0009,-737,43,33,RL,INT,Leonard2014_Interplate,SS,W,6.41,6.46,6.68,6.99,7.09,15.2871,16.8369,16.5283,16.0549
efsm20_cf_top.1187,"LINESTRING (46.137457 13.949266, 46.160678 13.892398, 46.188741 13.840252, 46.219389 13.791208, 46.250006 13.742096, 46.272607 13.684593, 46.300246 13.631869, 46.32882 13.580003)",SICF006,#15,SS.SI-025,301,308,313,60,72,85,160,170,180,0,15,35.6,35.5,15.1,15.8,17.3,536,562,617,0.0054,0.108,0.0567,0.0241,0.001,-959,43,33,RL,INT,Leonard2014_Interplate,SS,W,6.45,6.5,6.72,7.03,7.13,13.9802,15.342,15.0215,14.6499
efsm20_cf_top.1188,"LINESTRING (46.015452 14.200831, 46.04523 14.143761, 46.077186 14.08916, 46.11073 14.036545, 46.141932 13.981148)",SICF007,#15,SS.SI-026,308,310,313,70,77,85,160,170,180,0,15,22,22,15.1,15.4,16,332,339,352,0.0052,0.0518,0.0285,0.0164,0.0001,-678,42.5,33,RL,INT,Leonard2014_Interplate,SS,L,6.25,6.3,6.52,6.83,6.93,13.7554,14.7791,14.5038,14.2638
efsm20_cf_top.1189,"LINESTRING (45.913513 14.364701, 45.946811 14.308356, 45.975442 14.246902, 46.00741 14.188673)",SICF008,#15,SS.SI-027,304,308,311,75,80,85,130,145,160,0,15,17.2,17.2,15.1,15.2,15.5,259,262,267,0.0051,0.0508,0.028,0.0161,0.0002,-533,42,33,RL,INT,Leonard2014_Interplate,SS,L,6.14,6.19,6.41,6.72,6.82,13.6386,14.6503,14.3832,14.1429
efsm20_cf_top.1190,"LINESTRING (45.739622 14.70235, 45.759308 14.642214, 45.780708 14.583273, 45.803977 14.52578, 45.839861 14.483683, 45.877504 14.444853, 45.912116 14.400558, 45.947938 14.35827, 45.983894 14.31619, 46.017714 14.270233)",SICF009,#15,SS.SI-029,295,313,325,50,70,90,130,150,170,0,15,46.4,45.6,15,16,19.6,696,741,909,0.0053,0.1056,0.0555,0.0236,0.0063,-622,41.5,33,RL,INT,Leonard2014_Interplate,SS,W,6.46,6.51,6.73,7.04,7.14,14.0854,15.5006,15.1325,14.7611
efsm20_cf_top.1191,"LINESTRING (46.17238 14.133495, 46.19437 14.084361, 46.21712 14.035935, 46.249202 14.00022)",SICF00A,#15,SS.SI-035,304,310,323,75,80,85,160,170,180,0,10,13.5,13.3,10,10.2,10.4,136,137,140,0.0064,0.0635,0.0349,0.0201,0.0021,-973,42,33,RL,INT,Leonard2014_Interplate,SS,L,5.85,5.9,6.12,6.43,6.53,13.457,14.467,14.1987,13.959
efsm20_cf_top.1192,"LINESTRING (45.774805 14.64268, 45.816105 14.605792, 45.8569 14.567735, 45.900832 14.537704, 45.948114 14.521219, 45.991352 14.489124, 46.032171 14.451, 46.070165 14.406879)",SICF00B,#15,SS.SI-037,322,331,347,80,85,90,160,170,180,0,15,37.9,37.6,15,15.1,15.2,568,570,577,0.0264,0.4489,0.2377,0.1089,0.0007,-505,41,33,RL,INT,Leonard2014_Interplate,SS,W,6.4,6.45,6.67,6.98,7.08,14.6947,15.9319,15.6508,15.3118
efsm20_cf_top.1193,"LINESTRING (46.177082 14.301038, 46.198967 14.24572, 46.227596 14.197229, 46.257434 14.15026, 46.282341 14.097599, 46.304581 14.042472, 46.333017 13.993822)",SICF00C,#15,SS.SI-040,300,307,313,75,80,85,160,170,180,0,10,29.4,29.3,10,10.2,10.4,295,299,305,0.0318,0.1905,0.1111,0.0778,0.0007,-866,41.5,33,RL,INT,Leonard2014_Interplate,SS,W,5.97,6.02,6.24,6.55,6.65,14.4912,15.2821,15.0395,14.8847
efsm20_cf_top.1194,"LINESTRING (45.611525 14.888167, 45.643535 14.846097, 45.679475 14.811091, 45.706609 14.762459, 45.738869 14.720709, 45.776969 14.69069, 45.815422 14.661589, 45.850681 14.625082, 45.890105 14.598756, 45.931166 14.578219, 45.973987 14.567395, 46.014229 14.543707, 46.048612 14.505669)",SICF00D,#15,SS.SI-041,309,329,350,70,80,90,160,170,180,0,15,58,56.9,15,15.2,16,870,883,926,0.027,0.459,0.243,0.1113,0.0032,-520,41,33,RL,INT,Leonard2014_Interplate,SS,W,6.41,6.46,6.68,6.99,7.09,14.8894,16.1469,15.8503,15.5112
efsm20_cf_top.1195,"LINESTRING (45.492543 15.101017, 45.532567 15.07083, 45.568769 15.032015, 45.603237 14.990079, 45.639836 14.951982, 45.67271 14.907456, 45.707028 14.865191, 45.741374 14.822946, 45.77265 14.776037, 45.80382 14.728957, 45.839397 14.688788, 45.877318 14.653283, 45.918393 14.625933, 45.958833 14.59681)",SICF00E,#15,SS.SI-043,314,323,335,70,77,85,160,170,180,0,15,65.4,65,15.1,15.4,16,985,1007,1045,0.027,0.459,0.243,0.1113,0.0016,-537,40.5,33,RL,INT,Leonard2014_Interplate,SS,W,6.42,6.47,6.69,7,7.1,14.9434,16.1992,15.9073,15.5682
efsm20_cf_top.1196,"LINESTRING (46.386754 14.106377, 46.403849 14.043737, 46.42035 13.980744)",SICF00F,#15,SS.SI-044,292,292,292,75,80,85,150,160,170,0,10,10.3,10.3,10,10.2,10.4,104,105,107,0.0318,0.1905,0.1111,0.0778,0,-842,42,33,RL,INT,Leonard2014_Interplate,SS,L,5.74,5.79,6.01,6.32,6.42,14.0368,14.8277,14.5851,14.4303
efsm20_cf_top.1197,"LINESTRING (46.243291 14.348629, 46.274256 14.304686, 46.299607 14.253744, 46.322845 14.20071, 46.348025 14.149546, 46.374946 14.100279)",SICF00G,#15,SS.SI-045,303,308,316,75,80,85,160,170,180,1,10,24.1,24,9,9.1,9.3,218,220,225,0.0294,0.1763,0.1028,0.072,0.0005,-556,40.5,33,RL,INT,Leonard2014_Interplate,SS,W,5.86,5.91,6.13,6.44,6.54,14.3251,15.1164,14.8737,14.7191
efsm20_cf_top.1198,"LINESTRING (45.692992 15.145263, 45.723861 15.098282, 45.756203 15.053351, 45.786805 15.005959, 45.81806 14.959425, 45.846126 14.908855, 45.865106 14.850196, 45.885701 14.792651, 45.913985 14.742269, 45.947945 14.699714, 45.983551 14.660014, 46.017871 14.618011, 46.051182 14.574329, 46.085766 14.532723, 46.123168 14.496495)",SICF00H,#15,SS.SI-046,295,314,326,65,77,90,130,150,170,0,15,70.1,69.3,15,15.4,16.6,1052,1080,1161,0.054,0.54,0.297,0.1708,0.0025,-390,39,33,RL,INT,Leonard2014_Interplate,SS,W,6.42,6.47,6.69,7,7.1,15.2729,16.3156,16.0245,15.7843
efsm20_cf_top.1199,"LINESTRING (46.281413 14.568688, 46.287622 14.505374, 46.306477 14.447526, 46.323214 14.388309, 46.341706 14.330178, 46.359292 14.271441, 46.381812 14.216333, 46.403406 14.160428, 46.422851 14.102867, 46.441107 14.044474, 46.455627 13.983895, 46.468016 13.922312, 46.479662 13.860411, 46.489574 13.797862, 46.494711 13.734106, 46.498363 13.670048)",SICF00I,#15,SS.SI-047a,276,290,301,60,75,90,130,145,160,0,15,73.7,73,15,15.5,17.3,1106,1145,1277,0.027,0.81,0.4185,0.1479,0.0024,-974,41,33,RL,INT,Leonard2014_Interplate,SS,W,6.43,6.48,6.7,7.01,7.11,14.9935,16.5331,16.1989,15.7472
efsm20_cf_top.1200,"LINESTRING (46.230585 15.539947, 46.226948 15.475056, 46.211856 15.413727, 46.204363 15.349555, 46.206527 15.284554, 46.209127 15.219584, 46.21152 15.154592, 46.213578 15.089576, 46.215198 15.02453, 46.215264 14.959441, 46.215726 14.894357, 46.214814 14.829282, 46.224038 14.765569, 46.232796 14.701708, 46.248109 14.640469, 46.269928 14.583532)",SICF00J,#15,SS.SI-047b,250,273,299,70,80,90,130,145,160,0,15,75.1,73.7,15,15.2,16,1127,1144,1199,0.027,0.81,0.4185,0.1479,0.0033,-556,34.5,33,RL,INT,Leonard2014_Interplate,SS,W,6.41,6.46,6.68,6.99,7.09,15.0017,16.5058,16.1987,15.747
efsm20_cf_top.1201,"LINESTRING (46.202516 14.560985, 46.190888 14.492433, 46.175547 14.425439, 46.176646 14.354225)",SICF00K,#15,SS.SI-049,252,260,272,45,52,60,80,90,100,0,10,16.3,16.2,11.5,12.7,14.1,189,207,231,0.057,0.285,0.171,0.1275,0.0066,-364,39.5,33,R,INT,Leonard2014_Interplate,DS,L,6.04,6.09,6.31,6.62,6.72,14.5504,15.3374,15.0685,14.941
efsm20_cf_top.1202,"LINESTRING (46.142293 14.601371, 46.101655 14.636716, 46.062076 14.674448, 46.02165 14.710238, 45.990924 14.762295, 45.960696 14.814667)",SICF00L,#15,SS.SI-050,130,141,149,80,85,90,160,170,180,0,12,26.4,26.1,12,12,12.2,316,318,321,0.0059,0.0588,0.0323,0.0186,0.001,-419,39,33,RL,INT,Leonard2014_Interplate,SS,W,6.16,6.21,6.43,6.74,6.84,13.7896,14.7948,14.5296,14.2899
efsm20_cf_top.1203,"LINESTRING (45.844403 14.979755, 45.886368 14.953461, 45.926166 14.920928, 45.966132 14.888797, 45.997888 14.841329, 46.029603 14.793777, 46.065369 14.752593, 46.106779 14.724134)",SICF00M,#15,SS.SI-051,314,326,336,75,82,90,160,170,180,0,12,35.6,35.2,12,12.1,12.4,428,432,443,0.0059,0.0588,0.0323,0.0186,0.0016,-403,38.5,33,RL,INT,Leonard2014_Interplate,SS,W,6.16,6.21,6.43,6.74,6.84,13.9206,14.9342,14.6632,14.4235
efsm20_cf_top.1204,"LINESTRING (46.447388 14.439822, 46.434622 14.382116, 46.426438 14.322695, 46.415273 14.264316, 46.411038 14.203865)",SICF00N,#15,SS.SI-052,253,258,265,70,75,80,70,100,130,0,12,18.6,18.5,12.2,12.4,12.8,227,231,237,0.0533,0.2667,0.16,0.1193,0.0008,-1195,39.5,33,R,INT,Leonard2014_Interplate,DS,L,6.09,6.14,6.36,6.67,6.77,14.6004,15.32,15.0862,14.9587
efsm20_cf_top.1205,"LINESTRING (46.423301 14.186019, 46.461554 14.14753, 46.498987 14.107353, 46.533912 14.062636, 46.568604 14.017507, 46.597623 13.964555, 46.627094 13.912106, 46.659717 13.863744, 46.695929 13.821116, 46.733924 13.781896, 46.77194 13.742692, 46.807909 13.699541, 46.843437 13.655587, 46.880406 13.614223, 46.920058 13.578933)",ATCF00B,#15,SS.SI-053,309,321,330,85,87,90,170,175,180,0,15,72.4,72.1,15,15,15.1,1087,1088,1091,0.162,0.27,0.216,0.2091,0.0003,-1090,43,33,RL,INT,Leonard2014_Interplate,SS,W,6.4,6.45,6.67,6.98,7.08,15.7641,15.9876,15.8897,15.8756
efsm20_cf_top.1206,"LINESTRING (46.259115 14.593638, 46.247898 14.530148, 46.253819 14.465184, 46.27505 14.407289)",SICF00O,#15,SS.SI-054,256,277,298,60,70,80,90,120,150,0,10,15.1,14.4,10.2,10.6,11.5,153,161,175,0.0635,0.635,0.3493,0.2008,0.0154,-572,38.5,33,R,INT,Leonard2014_Interplate,DS,L,5.92,5.97,6.19,6.5,6.6,14.5073,15.5632,15.2681,15.0277
efsm20_cf_top.1207,"LINESTRING (46.427292 14.891907, 46.439345 14.830328, 46.448668 14.767747, 46.45591 14.704579, 46.462806 14.64132, 46.467885 14.577695, 46.469384 14.513674, 46.470998 14.449659, 46.471136 14.385601, 46.472044 14.321555, 46.474464 14.25759, 46.4782 14.193755, 46.488941 14.131688)",ATCF00C,#15,SS.SI-056b,271,277,286,70,80,90,130,150,170,0,20,58.9,58.6,20,20.3,21.3,1177,1195,1253,0.0985,0.4925,0.2955,0.2203,0.0007,-1128,37,33,RL,INT,Leonard2014_Interplate,SS,L,6.8,6.85,7.07,7.38,7.48,15.5828,16.3088,16.0666,15.9391
efsm20_cf_top.1208,"LINESTRING (46.016348 14.886539, 46.050117 14.843809, 46.085183 14.803279, 46.123592 14.769596)",SICF00P,#15,SS.SI-057,319,323,329,85,87,90,170,175,180,0,12,15,15,12,12,12,180,180,181,0.0059,0.0588,0.0323,0.0186,0.0001,-435,37.5,33,RL,INT,Leonard2014_Interplate,SS,L,5.97,6.02,6.24,6.55,6.65,13.5445,14.5447,14.2834,14.0437
efsm20_cf_top.1209,"LINESTRING (45.963393 14.981497, 45.930478 15.018994, 45.900417 15.061134, 45.874475 15.108571, 45.845545 15.152084)",SICF00Q,#15,SS.SI-058,128,135,142,75,80,85,160,170,180,0,12,18.7,18.6,12,12.2,12.4,225,227,232,0.0057,0.0569,0.0313,0.018,0.0006,-345,37.5,33,RL,INT,Leonard2014_Interplate,SS,L,6.08,6.13,6.35,6.66,6.76,13.6263,14.6389,14.3709,14.1307
efsm20_cf_top.1210,"LINESTRING (46.304189 15.024912, 46.263635 15.006694, 46.246241 14.95067, 46.234099 14.891838, 46.225002 14.83188, 46.228369 14.770996)",SICF00R,#15,SS.SI-062,197,247,275,50,65,80,80,90,100,0,12,23.6,21.3,12.2,13.2,15.7,287,312,369,0.0053,0.2667,0.136,0.0377,0.0416,-640,35,33,R,INT,Leonard2014_Interplate,DS,W,6.17,6.22,6.44,6.75,6.85,13.7013,15.5121,15.1466,14.5894
efsm20_cf_top.1211,"LINESTRING (46.043387 15.183782, 46.064184 15.124041, 46.086732 15.065609, 46.118153 15.016402, 46.147893 14.965038, 46.176251 14.912166)",SICF00S,#15,SS.SI-066,297,305,313,75,82,90,150,165,180,0,12,25.8,25.6,12,12.1,12.4,309,312,320,0.0235,0.0588,0.0411,0.0372,0.0008,-536,35.5,33,RL,INT,Leonard2014_Interplate,SS,W,6.16,6.21,6.43,6.74,6.84,14.3801,14.7934,14.6271,14.5838
efsm20_cf_top.1212,"LINESTRING (45.818382 15.446997, 45.849627 15.502643, 45.882095 15.556884)",SICF00T,#15,SS.SI-068,49,50,51,50,60,70,20,45,70,0,9,11.1,11.1,9.6,10.4,11.7,106,115,130,0.0333,0.0667,0.05,0.0471,0.0001,-377,34.5,33,R,INT,Leonard2014_Interplate,DS,L,5.79,5.84,6.06,6.37,6.47,14.0666,14.457,14.2785,14.2526
efsm20_cf_top.1213,"LINESTRING (45.933758 15.364403, 45.969936 15.327239, 46.00301 15.284479, 46.031734 15.235615, 46.064046 15.191619, 46.096702 15.148126, 46.128015 15.102601, 46.15861 15.056047, 46.191063 15.012215)",SICF00U,#15,SS.SI-071,310,316,324,80,85,90,160,170,180,0,12,39.5,39.5,12,12,12.2,475,476,482,0.0235,0.0588,0.0411,0.0372,0.0002,-432,34.5,33,RL,INT,Leonard2014_Interplate,SS,W,6.16,6.21,6.43,6.74,6.84,14.5659,14.9708,14.8103,14.767
efsm20_cf_top.1214,"LINESTRING (45.928917 15.46494, 45.902233 15.387691)",SICF00V,#15,SS.SI-074a,243,243,243,40,50,60,80,90,100,0,9,6.7,6.7,10.4,11.7,14,69,78,93,0.0297,0.0594,0.0446,0.042,0,-197,34.5,33,R,INT,Leonard2014_Interplate,DS,L,5.7,5.7,5.89,6.2,6.3,13.8322,14.2627,14.0621,14.036
efsm20_cf_top.1215,"LINESTRING (45.93021 15.467283, 45.964371 15.521708, 46.000524 15.573416)",SICF00W,#15,SS.SI-074b,44,46,48,80,85,90,0,10,20,0,9,11.3,11.3,9,9,9.1,102,102,104,0.0333,0.0667,0.05,0.0471,0,-260,33,33,LL,INT,Leonard2014_Interplate,SS,L,5.73,5.78,6,6.31,6.41,14.0497,14.358,14.2279,14.2019
efsm20_cf_top.1216,"LINESTRING (45.984007 15.56764, 46.017459 15.61968, 46.04614 15.677353, 46.059382 15.745875)",SICF00X,#15,SS.SI-074c,47,58,74,60,70,80,40,60,80,1,9,16.4,16.1,8.1,8.5,9.2,134,140,152,0.0353,0.0706,0.053,0.0499,0.0068,-278,32,33,R,INT,Leonard2014_Interplate,DS,W,5.7,5.74,5.96,6.27,6.37,14.192,14.5488,14.3889,14.3627
efsm20_cf_top.1217,"LINESTRING (45.964302 15.702145, 45.954724 15.634919, 45.940792 15.569214)",SICF00Y,#15,SS.SI-075,253,255,258,30,45,60,80,90,100,1,9,10.6,10.6,9.2,11.3,16,98,120,170,0.0375,0.075,0.0563,0.053,0.0008,-193,32.5,33,R,INT,Leonard2014_Interplate,DS,L,5.81,5.86,6.08,6.39,6.49,14.084,14.6236,14.3486,14.3223
efsm20_cf_top.1218,"LINESTRING (46.204792 15.948821, 46.204798 15.884761, 46.208013 15.820869, 46.213233 15.757249, 46.221201 15.69422, 46.231897 15.632028, 46.244447 15.570553, 46.257015 15.509072, 46.269135 15.447388, 46.281093 15.385625, 46.295978 15.325194, 46.314585 15.266943, 46.330734 15.207158, 46.347245 15.147562, 46.364122 15.088164, 46.382026 15.029381, 46.401637 14.971734, 46.423153 14.915511, 46.450457 14.864587)",SICF00Z,#15,SS.SI-076a,269,288,308,80,85,90,-160,-170,180,0,15,88.7,87.6,15,15.1,15.2,1331,1336,1352,0.054,0.486,0.27,0.162,0.0011,-464,31.5,33,RL,INT,Leonard2014_Interplate,SS,W,6.4,6.45,6.67,6.98,7.08,15.3752,16.3361,16.0758,15.8539
efsm20_cf_top.1219,"LINESTRING (46.220506 16.024645, 46.233405 16.091191, 46.242975 16.158915, 46.25112 16.227039, 46.256384 16.295761, 46.2598 16.364734, 46.261817 16.433824, 46.260516 16.50295, 46.257437 16.571984)",HRCF00M,#15,SS.SI-076b,74,83,93,60,65,70,50,65,80,0,15,42.5,42.3,16,16.6,17.3,679,704,737,0.027,0.108,0.0675,0.054,0.0024,-225,28.5,33,R,INT,Leonard2014_Interplate,DS,W,6.41,6.46,6.68,6.99,7.09,14.7817,15.4192,15.1953,15.0984
efsm20_cf_top.1220,"LINESTRING (46.534955 14.661065, 46.539493 14.727766, 46.530447 14.793487, 46.521366 14.859187, 46.513182 14.925125, 46.500443 14.989508, 46.480994 15.050311)",SICF010,#15,SS.SI-078,85,101,115,20,35,50,80,90,100,0,5,30.8,30.4,6.7,9,15.1,207,277,464,0.1501,0.2844,0.2173,0.2066,0.0101,-801,34.5,33,R,INT,Leonard2014_Interplate,DS,W,5.75,5.8,6.02,6.33,6.43,15.011,15.6387,15.2973,15.2754
efsm20_cf_top.1221,"LINESTRING (46.734693 14.907421, 46.776066 14.885568, 46.816964 14.861871, 46.857404 14.836531, 46.899046 14.815743, 46.939284 14.789683, 46.979103 14.76226, 47.018928 14.734834, 47.05842 14.706371, 47.095742 14.672152, 47.132985 14.637727, 47.170125 14.603039, 47.207272 14.568344, 47.242584 14.529694, 47.277351 14.489962, 47.310224 14.446844, 47.341958 14.401881, 47.367776 14.349012)",ATCF00D,#15,SS.SI-080a,306,329,341,80,85,90,160,170,180,0,15,83.2,82.1,15,15.1,15.2,1248,1253,1267,0.27,0.54,0.405,0.3818,0.0011,-1044,38,33,RL,INT,Leonard2014_Interplate,SS,W,6.4,6.45,6.67,6.98,7.08,16.046,16.3537,16.2238,16.1982
efsm20_cf_top.1222,"LINESTRING (46.264989 15.636367, 46.27697 15.572492, 46.296838 15.512857, 46.319481 15.455309, 46.345207 15.400518, 46.370751 15.345522, 46.395751 15.289978, 46.422322 15.235965, 46.450745 15.183946, 46.482099 15.135577, 46.516776 15.092225, 46.551553 15.049015, 46.58772 15.00826, 46.625044 14.96975, 46.665341 14.938198, 46.705862 14.907238, 46.744826 14.872264, 46.781232 14.831817, 46.817318 14.790734, 46.853345 14.749468)",SICF011,#15,SS.SI-080b,285,314,332,80,85,90,160,170,180,1,15,96.7,94.2,14,14.1,14.2,1353,1358,1374,0.2768,0.5536,0.4152,0.3914,0.0022,-613,32.5,33,RL,INT,Leonard2014_Interplate,SS,W,6.32,6.37,6.59,6.9,7,16.092,16.3997,16.2698,16.2442
efsm20_cf_top.1223,"LINESTRING (46.320971 15.492093, 46.325107 15.555636, 46.33059 15.618972, 46.348308 15.67743, 46.363132 15.737573, 46.364402 15.801419, 46.363532 15.86528, 46.369244 15.928616, 46.37095 15.992449, 46.393094 16.048742)",SICF012,#15,SS.SI-081,60,79,91,40,60,80,70,90,110,0,8,44.2,43.5,8.1,9.2,12.4,359,408,550,0.0063,0.0625,0.0344,0.0198,0.0081,-286,30.5,33,R,INT,Leonard2014_Interplate,DS,W,5.78,5.83,6.05,6.36,6.46,13.8728,15.0546,14.6659,14.426
efsm20_cf_top.1224,"LINESTRING (46.534209 15.244672, 46.531103 15.317446, 46.531377 15.390358, 46.530924 15.463267, 46.530645 15.536177, 46.531069 15.609085)",SICF013,#15,SS.SI-085,89,90,93,80,85,90,70,90,110,0,10,27.9,27.9,10,10,10.2,279,280,283,0.0057,0.057,0.0314,0.018,0,-734,31.5,33,R,INT,Leonard2014_Interplate,DS,W,5.87,5.92,6.14,6.45,6.55,13.7198,14.7265,14.4625,14.2209
efsm20_cf_top.1225,"LINESTRING (46.423167 16.2691, 46.39843 16.211013, 46.374628 16.152138, 46.351782 16.092494, 46.331238 16.031142, 46.31232 15.968726, 46.296279 15.904662, 46.283161 15.839237, 46.267323 15.775103, 46.258965 15.708095, 46.265391 15.642166)",SICF014,#15,SS.SI-086,237,249,278,75,82,90,160,170,180,0,10,52.2,51.2,10,10.1,10.4,522,527,541,0.1905,0.635,0.4128,0.3478,0.0027,-300,30,33,RL,INT,Leonard2014_Interplate,SS,W,5.96,6.01,6.23,6.54,6.64,15.5163,16.0542,15.8564,15.782
efsm20_cf_top.1226,"LINESTRING (46.612036 15.499368, 46.623626 15.55912, 46.634066 15.619335)",SICF015,#15,SS.SI-088,74,75,75,75,82,90,15,45,75,0,10,9.5,9.5,10,10.1,10.4,95,96,98,0.0064,0.0635,0.0349,0.0201,0,-471,31.5,33,R,INT,Leonard2014_Interplate,DS,L,5.71,5.76,5.98,6.29,6.39,13.3017,14.3134,14.0426,13.803
efsm20_cf_top.1227,"LINESTRING (46.473297 16.046539, 46.48891 16.106862, 46.499537 16.169446, 46.516382 16.229095, 46.529194 16.290842, 46.544026 16.351641, 46.557959 16.412904, 46.568559 16.475588)",SICF016,#15,SS.SI-089,67,71,75,60,70,80,80,90,100,0,10,34.5,34.5,10.2,10.6,11.5,351,368,399,0.0086,0.0143,0.0114,0.011,0.0005,-211,30.5,33,R,INT,Leonard2014_Interplate,DS,W,5.93,5.98,6.2,6.51,6.61,13.998,14.2747,14.1408,14.1253
efsm20_cf_top.1228,"LINESTRING (45.643503 15.159109, 45.681782 15.204804, 45.720027 15.250588, 45.747423 15.310255, 45.783043 15.360248, 45.815399 15.415243)",SICF017,#15,SS.SI-093,40,46,56,80,85,90,-10,0,10,0,12,27.8,27.6,12,12,12.2,333,334,338,0.0588,0.2938,0.1763,0.1314,0.0005,-544,37.5,33,LL,INT,Leonard2014_Interplate,SS,W,6.16,6.21,6.43,6.74,6.84,14.8104,15.5157,15.2889,15.1612
efsm20_cf_top.1229,"LINESTRING (45.804956 15.783784, 45.772119 15.736466, 45.746564 15.680699, 45.729001 15.618932, 45.703347 15.563244)",HRCF00N,#15,SS.SI-094,225,236,247,80,85,90,0,10,20,0,15,20.7,20.5,15,15.1,15.2,311,312,315,0.054,0.27,0.162,0.1207,0.0009,-279,34,33,LL,INT,Leonard2014_Interplate,SS,L,6.21,6.26,6.48,6.79,6.89,14.7431,15.4488,15.2219,15.0941
efsm20_cf_top.1230,"LINESTRING (45.822079 15.819708, 45.861584 15.841628, 45.89682 15.875381, 45.926366 15.918994, 45.948769 15.970678, 45.954299 16.030837)",HRCF00O,#15,SS.SI-095,21,47,82,50,65,80,20,35,50,0,16,23.5,22,16.2,17.7,20.9,382,415,491,0.0528,0.1584,0.1056,0.0915,0.0278,-295,31,33,LL,INT,Leonard2014_Interplate,SS,L,6.31,6.36,6.58,6.89,6.99,14.8235,15.4097,15.1606,15.0984
efsm20_cf_top.1231,"LINESTRING (45.91745 16.129153, 45.938488 16.066793, 45.968709 16.012577)",HRCF00P,#15,SS.SI-096,295,302,308,50,60,70,-160,-135,-110,0,10,10.7,10.7,10.6,11.5,13.1,114,124,140,0.0635,0.1905,0.127,0.11,0.0032,-321,29.5,33,N,INT,Leonard2014_Interplate,DS,L,5.82,5.87,6.09,6.4,6.5,14.379,14.9449,14.7155,14.6531
efsm20_cf_top.1232,"LINESTRING (45.332065 14.301646, 45.354297 14.250927, 45.379163 14.202728, 45.406391 14.157169, 45.431642 14.109328)",HRCF00Q,#15,SS.SI-104,302,307,311,50,55,60,130,145,160,0,12,18.7,18.7,13.9,14.6,15.7,259,274,293,0.0588,0.1763,0.1175,0.1018,0.0008,-637,40,33,RL,INT,Leonard2014_Interplate,SS,L,6.16,6.21,6.43,6.74,6.84,14.7011,15.2312,15.0259,14.9636
efsm20_cf_top.1233,"LINESTRING (44.166428 16.036774, 44.160712 15.973772, 44.166537 15.910791, 44.1785 15.849507, 44.191925 15.788802, 44.210062 15.730513, 44.228398 15.672327, 44.246474 15.613964, 44.264838 15.555759, 44.283517 15.49773, 44.304569 15.44129, 44.330294 15.388745, 44.356027 15.336185, 44.383686 15.28555, 44.414181 15.238183, 44.444684 15.190802, 44.479814 15.150169, 44.515185 15.109921, 44.549441 15.067797, 44.583317 15.025046, 44.619691 14.986526, 44.656873 14.949539, 44.699072 14.925406, 44.741961 14.903802, 44.786203 14.888512, 44.830692 14.87471, 44.876034 14.868517, 44.921298 14.861274, 44.966462 14.852872, 45.01048 14.836285, 45.054527 14.819844, 45.099037 14.803798)",HRCF00R,#15,SS.SI-105,262,316,355,45,57,70,80,110,140,0,15,157.1,142.4,16,17.9,21.2,2507,2809,3332,0.0497,0.2483,0.149,0.1111,0.0509,-334,37.5,33,R,INT,Leonard2014_Interplate,DS,W,6.49,6.54,6.76,7.07,7.17,15.6141,16.4362,16.1403,16.0128
efsm20_cf_top.1234,"LINESTRING (45.102068 14.803613, 45.135174 14.761807, 45.167208 14.718332, 45.19789 14.672912, 45.228009 14.626716, 45.257841 14.580121, 45.287649 14.533471, 45.317513 14.486869, 45.350673 14.444992, 45.382132 14.400512, 45.41711 14.361696, 45.451982 14.3225)",HRCF00S,#15,SS.SI-106,313,316,323,45,52,60,100,120,140,0,15,54.2,54.1,17.3,19,21.2,940,1033,1151,0.108,0.216,0.162,0.1527,0.0012,-235,40.5,33,R,INT,Leonard2014_Interplate,DS,W,6.56,6.61,6.83,7.14,7.24,15.5249,15.9139,15.7419,15.7163
efsm20_cf_top.1235,"LINESTRING (44.813107 14.844784, 44.840539 14.792023, 44.871404 14.743154, 44.904344 14.697033, 44.939426 14.654149, 44.972147 14.607664, 45.002984 14.558648, 45.032665 14.508198, 45.065809 14.462241, 45.101772 14.42072, 45.140431 14.38436, 45.179464 14.348788, 45.217994 14.312101, 45.253756 14.270123, 45.287847 14.225834)",HRCF00T,#15,SS.SI-107,306,318,328,40,45,50,110,120,130,0,12,72.2,71.8,15.7,17,18.7,1131,1225,1348,0.0588,0.1763,0.1175,0.1018,0.0043,-106,38,33,R,INT,Leonard2014_Interplate,DS,W,6.44,6.49,6.71,7.02,7.12,15.3414,15.8945,15.6768,15.6145
efsm20_cf_top.1236,"LINESTRING (44.661653 15.676836, 44.686154 15.624269, 44.710657 15.57168, 44.736643 15.520498, 44.765734 15.472718, 44.792171 15.421947, 44.820479 15.373195, 44.854133 15.331716, 44.887159 15.289221, 44.916362 15.24145, 44.940252 15.188094, 44.964691 15.135213, 44.986611 15.08015, 45.012766 15.028893, 45.048419 14.990749, 45.089775 14.966744, 45.132337 14.947406, 45.175031 14.92865, 45.216502 14.904991, 45.255292 14.873456, 45.29057 14.834457, 45.326535 14.796724, 45.361309 14.756771, 45.391029 14.709247, 45.412761 14.653619, 45.432161 14.59625, 45.458001 14.54427, 45.485684 14.494231, 45.517179 14.448317)",HRCF00U,#15,SS.SI-108,296,315,343,55,62,70,80,110,140,0,15,139.2,135.5,16,17,18.3,2222,2365,2549,0.0497,0.149,0.0993,0.086,0.0126,-865,40,33,R,INT,Leonard2014_Interplate,DS,W,6.44,6.49,6.71,7.02,7.12,15.5616,16.0981,15.8892,15.8268
efsm20_cf_top.1237,"LINESTRING (45.481274 14.915551, 45.453401 14.966903, 45.42555 15.018253, 45.395265 15.066699, 45.362102 15.111132, 45.327407 15.153101, 45.293164 15.19579, 45.255232 15.2316, 45.216415 15.265416, 45.176778 15.297236, 45.138354 15.331897, 45.099368 15.365252, 45.059931 15.397507, 45.023795 15.436728, 44.989836 15.479645, 44.956433 15.523401, 44.921972 15.565459, 44.887489 15.607455, 44.851873 15.647497, 44.814446 15.68408, 44.776592 15.719756, 44.74057 15.758994, 44.706533 15.801575, 44.670976 15.841597, 44.634772 15.880431, 44.597684 15.917555, 44.55796 15.948819, 44.515536 15.971497)",HRCF00V,#15,SS.SI-109,128,142,158,45,57,70,70,90,110,0,15,136.7,135.7,16,17.9,21.2,2182,2445,2900,0.0497,0.149,0.0993,0.086,0.0039,-672,40,33,R,INT,Leonard2014_Interplate,DS,W,6.49,6.54,6.76,7.07,7.17,15.5538,16.1541,15.9038,15.8413
efsm20_cf_top.1238,"LINESTRING (44.92851 15.473805, 44.956933 15.426467, 44.981749 15.375217, 45.003861 15.321528, 45.026964 15.26866, 45.051843 15.217408, 45.079732 15.169337, 45.112423 15.127749, 45.145594 15.086906, 45.17717 15.043573, 45.212175 15.00589, 45.247656 14.969091, 45.28395 14.933906, 45.318807 14.895932)",HRCF00W,#15,SS.SI-111,300,314,326,55,62,70,120,150,180,0,12,63.5,62.8,12.8,13.6,14.6,811,863,930,0.0588,0.1763,0.1175,0.1018,0.0055,-821,40,33,RL,INT,Leonard2014_Interplate,SS,W,6.29,6.34,6.56,6.87,6.97,15.1969,15.7334,15.5246,15.4624
efsm20_cf_top.1239,"LINESTRING (44.967328 15.748312, 44.998287 15.702988, 45.032161 15.662024, 45.063509 15.61719, 45.093196 15.570119, 45.122717 15.522815, 45.154826 15.479001, 45.186466 15.434483, 45.216703 15.388019, 45.24842 15.343563, 45.284607 15.306607, 45.321411 15.270878, 45.357518 15.233714, 45.390123 15.190462, 45.42126 15.14505, 45.454181 15.102204)",HRCF00X,#15,SS.SI-112,311,317,325,55,62,70,120,150,180,0,15,74.3,74.1,16,17,18.3,1187,1263,1361,0.054,0.135,0.0945,0.0854,0.0014,-345,40,33,RL,INT,Leonard2014_Interplate,SS,W,6.53,6.58,6.8,7.11,7.21,15.3252,15.7828,15.5953,15.5513
efsm20_cf_top.1240,"LINESTRING (45.091512 15.66303, 45.132753 15.631588, 45.172109 15.595596, 45.207542 15.552146, 45.238317 15.502028, 45.269429 15.452306, 45.304329 15.40792, 45.340078 15.364895, 45.377097 15.324072, 45.413748 15.282557, 45.451823 15.243652)",HRCF00Y,#15,SS.SI-113,311,320,331,55,62,70,120,150,180,0,12,52.1,51.8,12.8,13.6,14.6,665,708,763,0.0588,0.1469,0.1028,0.0929,0.0026,-253,39.5,33,RL,INT,Leonard2014_Interplate,SS,W,6.29,6.34,6.56,6.87,6.97,15.1107,15.568,15.3804,15.3364
efsm20_cf_top.1241,"LINESTRING (44.893205 15.751778, 44.921131 15.699417, 44.948876 15.646842, 44.974432 15.592072, 45.002808 15.540125, 45.034348 15.491937, 45.061129 15.438267, 45.089099 15.385753)",HRCF00Z,#15,SS.SI-114,303,307,312,50,60,70,120,145,170,0,10,36.1,36.1,10.6,11.5,13.1,385,417,472,0.0635,0.254,0.1588,0.127,0.0006,-488,39.5,33,RL,INT,Leonard2014_Interplate,SS,W,6.11,6.16,6.38,6.69,6.79,14.9062,15.597,15.3398,15.2427
efsm20_cf_top.1242,"LINESTRING (46.563 13.976117, 46.587663 13.922534, 46.612334 13.868934, 46.637012 13.815317, 46.661698 13.761684, 46.687904 13.709578, 46.714965 13.658386, 46.742035 13.607178, 46.766895 13.55361, 46.791156 13.499437, 46.815425 13.445247, 46.840883 13.392208, 46.866793 13.339615, 46.891814 13.286085, 46.915723 13.231453, 46.939632 13.176824)",ATCF00E,#15,SS.SI-115,304,306,309,80,85,90,160,170,180,0,15,73.9,73.9,15,15.1,15.2,1109,1113,1126,0.162,0.27,0.216,0.2091,0,-978,45.5,33,RL,INT,Leonard2014_Interplate,SS,W,6.4,6.45,6.67,6.98,7.08,15.773,16.0015,15.8996,15.8855
efsm20_cf_top.1243,"LINESTRING (38.278507 22.133258, 38.281503 22.195578, 38.279026 22.257937, 38.274215 22.320069, 38.266815 22.381782, 38.254715 22.442271, 38.238708 22.501134)",GRCF04J,#04,GRCSxxx,86,97,108,40,50,60,-100,-90,-80,0.5,6.5,32.7,32.4,6.7,7.6,9.1,220,249,296,0.5,1.2,0.85,0.7746,0.0052,519,38,33,N,INT,Leonard2014_Interplate,DS,W,5.7,5.7,5.84,6.15,6.25,15.5599,16.0696,15.8436,15.8033
efsm20_cf_top.1244,"LINESTRING (38.17 22.3593, 38.171416 22.300274, 38.174075 22.241344, 38.17918 22.182672, 38.186642 22.124405, 38.202613 22.068966, 38.224408 22.016825, 38.245728 21.964352, 38.2704 21.9143)",GRCF04K,#04,GRCS500,271,285,302,20,40,60,-100,-90,-80,0,11.5,41.3,40.4,13.3,17.9,33.6,548,739,1388,1.9,5.5,3.7,3.2326,0.0155,-194,40,33,N,INT,Leonard2014_Interplate,DS,W,6.49,6.54,6.76,7.07,7.17,16.5362,17.4013,16.9551,16.8965
efsm20_cf_top.1245,"LINESTRING (38.329 21.9959, 38.327271 21.936753, 38.3235 21.877788, 38.321948 21.818661, 38.3193 21.7596)",GRCF04L,#04,GRCS505,265,266,268,35,55,75,-105,-95,-85,0,12,20.6,20.6,12.4,14.6,20.9,256,302,432,2,3.5,2.75,2.6458,0.0001,39,42,33,N,INT,Leonard2014_Interplate,DS,L,6.21,6.26,6.48,6.79,6.89,16.2286,16.698,16.4385,16.4217
efsm20_cf_top.1246,"LINESTRING (38.0431 22.7869, 38.051281 22.733071, 38.065188 22.681164, 38.082877 22.631137, 38.101674 22.581754, 38.121336 22.532904, 38.135907 22.481242, 38.142036 22.426907, 38.1465 22.3722)",GRCF04M,#04,GRCS510,275,287,296,30,47,65,-100,-87.5,-75,0.5,12,38.4,38.1,12.7,15.7,23,487,604,884,3.5,9,6.25,5.6125,0.0061,277,35.5,33,N,INT,Leonard2014_Interplate,DS,W,6.35,6.4,6.62,6.93,7.03,16.7505,17.419,17.0954,17.0487
efsm20_cf_top.1247,"LINESTRING (38.1034 23.2794, 38.095888 23.222846, 38.074168 23.17258, 38.051575 23.122951, 38.035204 23.069544, 38.021108 23.015111, 38.015668 22.958237, 38.022736 22.901651, 38.0229 22.8444)",GRCF04N,#04,GRCS518,239,255,278,40,57,75,-105,-97.5,-90,0,13,40.1,39.1,13.5,15.5,20.2,540,622,812,0.7,3,1.85,1.4491,0.0139,-199,32,33,N,INT,Leonard2014_Interplate,DS,W,6.34,6.39,6.61,6.92,7.02,16.0963,16.9052,16.5797,16.4736
efsm20_cf_top.1248,"LINESTRING (38.209 22.7638, 38.20239 22.82285, 38.182677 22.876954, 38.173183 22.93534, 38.172317 22.994949, 38.175626 23.054421, 38.204058 23.101828, 38.235907 23.145596, 38.229029 23.204617, 38.2352 23.2659)",GRCF04O,#04,GRCS520,46,85,114,45,60,75,-100,-90,-80,0,13.5,47.1,44,14,15.6,19.1,658,734,899,0.3,1.1,0.7,0.5745,0.0332,27,31.5,33,N,INT,Leonard2014_Interplate,DS,W,6.35,6.4,6.62,6.93,7.03,15.814,16.5137,16.2293,16.1435
