{
    "nodes": {
        "Edges connected: 0": [
            0.7981198342086873,
            0.2640473300702759,
            0.7246945822547135
        ],
        "Edges connected: 1": [
            0.208046092137381,
            0.5298797090589485,
            0.025979393822032848
        ],
        "Edges connected: 2": [
            0.41919196048461005,
            0.9439863664853672,
            0.3967182753656029
        ],
        "Edges connected: 3": [
            0.9153544721712111,
            0.03230904056299766,
            0.5818958943551569
        ],
        "Edges connected: 4": [
            0.31281105737350323,
            0.4128243062722662,
            0.888434968347614
        ],
        "Edges connected: 5": [
            0.5286289855692727,
            0.7818769275116486,
            0.5519156572266388
        ],
        "Edges connected: 6": [
            0.06798436403496089,
            0.36246782921025844,
            0.5614945232851045
        ],
        "Edges connected: 7": [
            0.7688281479145791,
            0.07617408048122298,
            0.8622804172743491
        ],
        "Edges connected: 8": [
            0.28121487766482356,
            0.7250312747333305,
            0.9894179016837016
        ],
        "Edges connected: 9": [
            0.5753303211513199,
            0.47554703758356653,
            0.7285602781542315
        ],
        "Edges connected: 10": [
            0.3974606396604823,
            0.27000445545906226,
            0.7497404203289207
        ],
        "Edges connected: 11": [
            0.9469279052301719,
            0.8879922150368493,
            0.9409290307462328
        ],
        "Edges connected: 12": [
            0.8552190821621617,
            0.11762309792593928,
            0.07395642540079506
        ],
        "Edges connected: 13": [
            0.8122445109446047,
            0.9067250834598662,
            0.8933034237077206
        ],
        "Edges connected: 14": [
            0.5300201167087168,
            0.3582737100116151,
            0.017900164760821236
        ],
        "Edges connected: 15": [
            0.8622990553364638,
            0.35500421128147586,
            0.791180924742674
        ],
        "Edges connected: 16": [
            0.4257544721445671,
            0.7533042677756459,
            0.34089730852551914
        ],
        "Edges connected: 17": [
            0.9720590701729787,
            0.18916320088372995,
            0.7401166943973919
        ],
        "Edges connected: 18": [
            0.5999283745337068,
            0.31544727892829716,
            0.6408131425597693
        ],
        "Edges connected: 19": [
            0.9931622114671588,
            0.7786102941848864,
            0.8417198696118116
        ],
        "Edges connected: 20": [
            0.7441584777243958,
            0.26537193386418856,
            0.9902805427635133
        ],
        "Edges connected: 21": [
            0.22396460755881975,
            0.8105009930793938,
            0.2544849004653805
        ],
        "Edges connected: 22": [
            0.5564842764907733,
            0.36269914237623524,
            0.57940347042708
        ],
        "Edges connected: 23": [
            0.4611994835320624,
            0.349500017015429,
            0.6636573319053747
        ],
        "Edges connected: 24": [
            0.08295264092251109,
            0.5141261464874765,
            0.10645452734175631
        ],
        "Edges connected: 25": [
            0.7766116065810414,
            0.37559312396201794,
            0.5639877908799883
        ],
        "Edges connected: 26": [
            0.04647527406258123,
            0.960584923672232,
            0.7613654531236154
        ],
        "Edges connected: 27": [
            0.3133120693717335,
            0.10462276034018059,
            0.5493796542365987
        ],
        "Edges connected: 28": [
            0.8831878203208524,
            0.026393901591890034,
            0.4021963021675058
        ],
        "Edges connected: 29": [
            0.06682429452742289,
            0.1602224441636998,
            0.828818948807325
        ],
        "Edges connected: 30": [
            0.5898597024504492,
            0.029944521813390912,
            0.3949360549192923
        ],
        "Edges connected: 31": [
            0.6927755850654582,
            0.9986163476149155,
            0.8214224996515692
        ],
        "Edges connected: 32": [
            0.8322591907148187,
            0.8312747640186983,
            0.8702467037206729
        ],
        "Edges connected: 33": [
            0.3428444444590497,
            0.6863785892174601,
            0.7449733891275145
        ],
        "Edges connected: 34": [
            0.6596346553968172,
            0.21716827391190252,
            0.17368855295408492
        ],
        "Edges connected: 35": [
            0.6839895336347421,
            0.8591780095086157,
            0.25438338249177805
        ],
        "Edges connected: 36": [
            0.24090844076368934,
            0.2516790907301526,
            0.7926770106994526
        ],
        "Edges connected: 37": [
            0.7056984461015955,
            0.1590745839448009,
            0.11753374338706535
        ],
        "Edges connected: 38": [
            0.788362810070769,
            0.756231533681046,
            0.665670194333237
        ],
        "Edges connected: 39": [
            0.8135474077175476,
            0.5527319248284269,
            0.03088861922604358
        ],
        "Edges connected: 40": [
            0.7463595138268785,
            0.3500847542782414,
            0.045185415619386715
        ],
        "Edges connected: 41": [
            0.5277694708609917,
            0.5274290409666518,
            0.22975201538425227
        ],
        "Edges connected: 42": [
            0.8982225461424993,
            0.17903849336283206,
            0.8571026340015934
        ],
        "Edges connected: 43": [
            0.9891215607735173,
            0.7340186782275226,
            0.14406487796715517
        ],
        "Edges connected: 44": [
            0.8269970092469842,
            0.22538863899310435,
            0.1929566632013462
        ],
        "Edges connected: 45": [
            0.028704974753365642,
            0.5738026073598357,
            0.674185226811783
        ],
        "Edges connected: 46": [
            0.22065765804017845,
            0.5832096781771747,
            0.11939137581129011
        ],
        "Edges connected: 47": [
            0.45950091283543826,
            0.059413852871371464,
            0.8668486976812595
        ],
        "Edges connected: 48": [
            0.7442138109303935,
            0.8342879102242046,
            0.034184536946193056
        ],
        "Edges connected: 49": [
            0.9546484345155183,
            0.48423697457369985,
            0.2958582040280695
        ]
    },